trading_date,usd_idr_rate,previous_rate,rate_change,daily_return,geopolitical_news_count,article_ids,has_geopolitical_news,target_up,next_return,return_lag1,return_lag2,return_lag3,return_lag5,sma5_ratio,sma20_ratio,volatility_5d,volatility_20d,momentum_5d,momentum_20d,day_of_week
2021-09-29,14307,14269.0,38.0,0.0026631158455392,11,"cnbc_af8a048e,cnbc_4d35303b,cnbc_3e1a16f7,cnbc_14683601,cnbc_ad36edb1,cnbc_313759b1,cnbc_fa991ecf,cnbc_730ef984,cnbc_afa7e946,cnbc_60f476ed,cnbc_2c679b9d",True,1,0.000978541972461033,0.0026631158455392,0.0007714967036049,0.0005614035087719,0.0004912625447399,0.0027333894028596095,0.0037781122067752637,0.001130698358371834,0.0018852998725449946,0.00407046108498843,0.0016101932231866734,2
2021-09-30,14321,14307.0,14.0,0.000978541972461,10,"cnbc_caa55c89,cnbc_7e32a51b,cnbc_4648e2a0,cnbc_854e061a,cnbc_5d582dc6,cnbc_31360ea8,cnbc_17fbf44f,cnbc_36faa9b8,cnbc_955bbd52,cnbc_b35e3177",True,0,-0.0004189651560645206,0.000978541972461,0.0026631158455392,0.0007714967036049,-0.0004208754208754,0.002800924305020658,0.004619383170292757,0.0011169201538433755,0.0018943171181677507,0.004559483726150448,0.002800924305020658,3
2021-10-01,14315,14321.0,-6.0,-0.0004189651560645,17,"cnbc_58f70585,cnbc_1c6378f0,cnbc_92b1e97e,cnbc_5602ee25,cnbc_de5f54fb,cnbc_cc8183d8,cnbc_34c0e0e3,cnbc_3954880f,cnbc_2a4e5f2c,cnbc_f0e33ff4,cnbc_3a7f2c9a,cnbc_d812ec1b,cnbc_dd6decee,cnbc_488abaa1,cnbc_45399b92,cnbc_87b5f2c2,cnbc_4a22d311",True,0,-0.002724414949353825,-0.0004189651560645,0.000978541972461,0.0026631158455392,0.0005614035087719,0.0014691478942212566,0.0040083182246972715,0.0011163509726630823,0.0018647490588460023,0.004561403508771988,0.0037865507327676795,4
2021-10-04,14276,14315.0,-39.0,-0.0027244149493538,19,"cnbc_949b2aca,cnbc_314d99be,cnbc_238e28cb,cnbc_d10978a6,cnbc_5368eff0,cnbc_e37ad8ba,cnbc_1dc2304e,cnbc_183c0541,cnbc_0425af07,cnbc_1cd15f65,cnbc_3f3876fa,cnbc_7d264fa2,cnbc_45373648,cnbc_b8c0a94c,cnbc_ad9c343f,cnbc_5644387b,cnbc_cdd887d8,cnbc_7c3d1f02,cnbc_3f272e6c",True,0,-0.0011207621182404036,-0.0027244149493538,-0.0004189651560645,0.000978541972461,0.0007714967036049,-0.0015107430617726791,0.0011430815515052206,0.0019950213511991024,0.001939775458878332,0.0012624491513535396,0.0025984970854695533,0
2021-10-05,14260,14276.0,-16.0,-0.0011207621182404,9,"cnbc_e7dbd996,cnbc_a76c32a2,cnbc_6baede27,cnbc_2834632f,cnbc_74c78fa6,cnbc_98659e67,cnbc_888df2a3,cnbc_34c9a244,cnbc_8a82392a",True,0,-0.0010518934081346423,-0.0011207621182404,-0.0027244149493538,-0.0004189651560645,0.0026631158455392,-0.0025042320121992923,-0.00020682958294049314,0.002050994233019291,0.0018135042439623127,-0.0006307379634171717,0.0045790771398379615,1
2021-10-06,14245,14260.0,-15.0,-0.0010518934081346,11,"cnbc_f24ab055,cnbc_f5862365,cnbc_a9a5a5a9,cnbc_1ac7ff59,cnbc_043edbb9,cnbc_f91c9bad,cnbc_8139d76e,cnbc_e974f124,cnbc_837ee474,cnbc_380458b0,cnbc_ed596aac",True,0,-0.0004914004914004914,-0.0010518934081346,-0.0011207621182404,-0.0027244149493538,0.000978541972461,-0.0026884355265552884,-0.00118497535391493,0.0013374724510187706,0.001442377137583126,-0.0043335430208988335,-0.0014720314033366266,2
2021-10-07,14238,14245.0,-7.0,-0.0004914004914004,12,"cnbc_9e9e9456,cnbc_2d8eaba2,cnbc_90405e54,cnbc_d179a801,cnbc_b551c00e,cnbc_b44e5d01,cnbc_bae0c00c,cnbc_43479f7f,cnbc_292bd556,cnbc_c6b06891,cnbc_6ec8eaf9,cnbc_fda4327c",True,0,-0.0009130495856159573,-0.0004914004914004,-0.0010518934081346,-0.0011207621182404,-0.0004189651560645,-0.0020186727226847445,-0.0015567804098119975,0.000929619231724996,0.0014403772906977565,-0.005795684658892575,-0.002382286995515681,3
2021-10-08,14225,14238.0,-13.0,-0.0009130495856159,8,"cnbc_199b44e6,cnbc_f08a6f24,cnbc_9abceb11,cnbc_c0a52491,cnbc_33666dc8,cnbc_b180ad96,cnbc_b41b7f8b,cnbc_dce9348b",True,0,-0.001054481546572935,-0.0009130495856159,-0.0004914004914004,-0.0010518934081346,-0.0027244149493538,-0.0016703160967940223,-0.002468408577719905,0.0008541554333712241,0.001250000210264379,-0.006287111421585778,0.0,4
2021-10-11,14210,14225.0,-15.0,-0.0010544815465729,22,"cnbc_77d06615,cnbc_af7c2c85,cnbc_fb7676b8,cnbc_cbd5ea39,cnbc_8675fef7,cnbc_99d456ef,cnbc_af990b0c,cnbc_48d00128,cnbc_8f35edf5,cnbc_fb69ac12,cnbc_ce57e741,cnbc_48cac497,cnbc_c34823c1,cnbc_0fd0e096,cnbc_d35c4673,cnbc_35a9e07c,cnbc_8ee0264a,cnbc_0f310961,cnbc_58e096b8,cnbc_c7a26da1,cnbc_107f214d,cnbc_8ede58bc",True,1,0.0004926108374384236,-0.0010544815465729,-0.0009130495856159,-0.0004914004914004,-0.0011207621182404,-0.0017983084660990745,-0.0033455606444238173,0.00025462368459244056,0.0011270144387950892,-0.004623143737741642,-0.003506311360448766,0
2021-10-12,14217,14210.0,7.0,0.0004926108374384,8,"cnbc_f88ed42f,cnbc_6085d462,cnbc_a7881543,cnbc_6f884c93,cnbc_3e5cf21d,cnbc_94a4f703,cnbc_818132be,cnbc_589c77c1",True,1,0.00028135330941830204,0.0004926108374384,-0.0010544815465729,-0.0009130495856159,-0.0010518934081346,-0.0007028888732690808,-0.0027147035922473473,0.0006546539382617166,0.0011367733463075846,-0.003015427769985979,-0.0028056393350635034,1
2021-10-13,14221,14217.0,4.0,0.0002813533094183,10,"cnbc_7ba72ea9,cnbc_139a6f2c,cnbc_b5900f15,cnbc_2fc63941,cnbc_082555e5,cnbc_4900aa69,cnbc_93d4d1f2,cnbc_d53b793a,cnbc_cd28b95d,cnbc_b892b9d7",True,0,-0.0046410238379860766,0.0002813533094183,0.0004926108374384,-0.0010544815465729,-0.0004914004914004,-8.437513183623402e-05,-0.0023256384982618394,0.0006966109680370067,0.0011393858835365134,-0.0016848016848016734,-0.0021751333146224905,2
2021-10-14,14155,14221.0,-66.0,-0.004641023837986,20,"cnbc_3a6209b4,cnbc_f629984a,cnbc_1c28132f,cnbc_369d06a6,cnbc_d5cf3098,cnbc_255344f0,cnbc_4e9b0ee0,cnbc_600e6402,cnbc_d8460acd,cnbc_1adf5d90,cnbc_11f35c51,cnbc_43460038,cnbc_500b7c78,cnbc_9708b82f,cnbc_f1901674,cnbc_0c86df09,cnbc_46d4bbbe,cnbc_adc1584d,cnbc_ebbff6da,cnbc_99045815",True,0,-0.005015895443306252,-0.004641023837986,0.0002813533094183,0.0004926108374384,-0.0009130495856159,-0.0035619755589345603,-0.00666666666666671,0.0020614332543999136,0.0015179369991740112,-0.00582947043124038,-0.00582947043124038,3
2021-10-15,14084,14155.0,-71.0,-0.0050158954433062,13,"cnbc_015c30f8,cnbc_da96addf,cnbc_b51f7092,cnbc_310e0d3b,cnbc_16fb5ff8,cnbc_cacf9dd5,cnbc_5fbf2bad,cnbc_da258dba,cnbc_40258e2c,cnbc_c217220a,cnbc_d9cfdd87,cnbc_9fb19fab,cnbc_1027c042",True,1,0.0008520306731042318,-0.0050158954433062,-0.004641023837986,0.0002813533094183,-0.0010544815465729,-0.006587949835653917,-0.011132135748163074,0.0026637162132568254,0.0018497482602362549,-0.009912126537785615,-0.010468629241902616,4
2021-10-18,14096,14084.0,12.0,0.0008520306731042,14,"cnbc_7b32cf77,cnbc_fbdf2ff5,cnbc_b0379c94,cnbc_9aa47c79,cnbc_c308d1ef,cnbc_909520b6,cnbc_fa675bb1,cnbc_3f7dffcb,cnbc_3754ad47,cnbc_9295ee10,cnbc_beff009d,cnbc_d5b431f4,cnbc_662c204c,cnbc_73f51576",True,0,-0.0011350737797956867,0.0008520306731042,-0.0050158954433062,-0.004641023837986,0.0004926108374384,-0.0041399968914699325,-0.009750751678983871,0.002951564890528629,0.0018309484561240448,-0.008022519352568591,-0.010876429724229864,0
2021-10-19,14080,14096.0,-16.0,-0.0011350737797956,9,"cnbc_2701c342,cnbc_0e47da4e,cnbc_37c90418,cnbc_27710f14,cnbc_d1f4071a,cnbc_9be55472,cnbc_b72fd813,cnbc_927114e9,cnbc_9b3e9279",True,1,0.0037642045454545454,-0.0011350737797956,0.0008520306731042,-0.0050158954433062,0.0002813533094183,-0.0033410725409139808,-0.010304640602814441,0.00274472548420766,0.0018356063644617486,-0.009636350847576858,-0.011513619769727645,1
2021-10-21,14133,14080.0,53.0,0.0037642045454545,23,"cnbc_de858374,cnbc_1fefeb50,cnbc_a87be585,cnbc_113bdc02,cnbc_0dcf3713,cnbc_123e56da,cnbc_b1309bc1,cnbc_0a21f0c1,cnbc_4d7cb680,cnbc_7c490980,cnbc_f5f86498,cnbc_4852f3a0,cnbc_a86df70d,cnbc_b36ac704,cnbc_e8e84cbd,cnbc_5a65ee4e,cnbc_6f7a7327,cnbc_6e32dc2b,cnbc_24ad274b,cnbc_248ee209,cnbc_754a4217,cnbc_c0b0724e,cnbc_f9da9dca",True,1,0.0020519351871506404,0.0037642045454545,-0.0011350737797956,0.0008520306731042,-0.004641023837986,0.0016584453138288602,-0.0061740549054905,0.0037166482544939753,0.0020701335523559887,-0.006188031783981418,-0.00814092216997686,3
2021-10-22,14162,14133.0,29.0,0.0020519351871506,13,"cnbc_2032c824,cnbc_5b8cee4b,cnbc_0abd749d,cnbc_578108e8,cnbc_736ac16d,cnbc_f2a85768,cnbc_9d48fc44,cnbc_10eeae12,cnbc_06aae36e,cnbc_8b86ee05,cnbc_a921b6c0,cnbc_b835af04,cnbc_d6575676",True,1,0.0014828414065809915,0.0020519351871506,0.0037642045454545,-0.0011350737797956,-0.0050158954433062,0.003614201686627405,-0.0038055444179486697,0.003372674395464923,0.002134183314544163,0.0004945249028611709,-0.0065937149270483,4
2021-10-25,14183,14162.0,21.0,0.0014828414065809,11,"cnbc_e34d3567,cnbc_77383de0,cnbc_0ee4fe2a,cnbc_e2e3686f,cnbc_eb11601a,cnbc_37edb02f,cnbc_cfaa9b4e,cnbc_b0c249b1,cnbc_01295257,cnbc_2d84a915,cnbc_3c97d9ea",True,0,-0.001269125008813368,0.0014828414065809,0.0020519351871506,0.0037642045454545,0.0008520306731042,0.0036940583689528683,-0.0020931909728940656,0.0017852285545334895,0.002171968125076016,0.007029253053109974,-0.004701754385964874,0
2021-10-26,14165,14183.0,-18.0,-0.0012691250088133,11,"cnbc_2eaf73c8,cnbc_f8bb763d,cnbc_1135c7ae,cnbc_e4ed400d,cnbc_f8ce63b3,cnbc_27cae0dc,cnbc_43b7c0e8,cnbc_49a3414c,cnbc_1d8b0ca1,cnbc_281c9239,cnbc_8d925fd4",True,1,0.0013413342746205436,-0.0012691250088133,0.0014828414065809,0.0020519351871506,-0.0011350737797956,0.0014422465110359717,-0.0030334809017391606,0.0021613528420313813,0.0021752802861955307,0.004895005675368935,-0.006522653948660362,1
2021-10-27,14184,14165.0,19.0,0.0013413342746205,12,"cnbc_2bf49f72,cnbc_489d8a27,cnbc_44305693,cnbc_278cecfa,cnbc_2e19f4b6,cnbc_ba690ec3,cnbc_2481c0db,cnbc_b4798434,cnbc_5c119c6c,cnbc_3bb538b9,cnbc_a739c889,cnbc_85717d13",True,1,0.0010575296108291032,0.0013413342746205,-0.0012691250088133,0.0014828414065809,0.0037642045454545,0.001313058579355264,-0.0013975084220123613,0.0018111777132774826,0.002194047626467628,0.00738636363636358,-0.0059569696544957695,2
2021-10-28,14199,14184.0,15.0,0.0010575296108291,7,"cnbc_192fc409,cnbc_659dbca7,cnbc_3d5ee2fb,cnbc_403b93eb,cnbc_26667336,cnbc_eb37d277,cnbc_db946fb8",True,0,-0.0019719698570321853,0.0010575296108291,0.0013413342746205,-0.0012691250088133,0.0020519351871506,0.0014387880326689473,3.8736622659518716e-05,0.0012831543688041677,0.0021077367747484106,0.004669921460411786,-0.007548752358985111,3
2021-10-29,14171,14199.0,-28.0,-0.0019719698570321,6,"cnbc_43207703,cnbc_bc733ea8,cnbc_afe2630f,cnbc_36003324,cnbc_3fa21777,cnbc_b8fb2b6e",True,1,0.004516265612871357,-0.0019719698570321,0.0010575296108291,0.0013413342746205,0.0014828414065809,-0.0006628868015006173,-0.0014058255437444656,0.001622777881637997,0.0021111427251259813,0.0006355034599632159,-0.010474128901613033,4
2021-11-01,14235,14171.0,64.0,0.0045162656128713,19,"cnbc_5a2bb190,cnbc_06854759,cnbc_dd421ca3,cnbc_d1e0ddbe,cnbc_be1570cf,cnbc_e6ad4b7b,cnbc_04e5f300,cnbc_e710964b,cnbc_f7ff5bac,cnbc_dcff6dcf,cnbc_4d86fc78,cnbc_138b37ef,cnbc_5f8a3576,cnbc_e4513d09,cnbc_06d84ff9,cnbc_0e64a099,cnbc_12db6dab,cnbc_ce770043,cnbc_6d67d031",True,1,0.0018264840182648401,0.0045162656128713,-0.0019719698570321,0.0010575296108291,-0.0012691250088133,0.0031146940271162826,0.0033869154398935564,0.0025550850724079866,0.0023936214455831505,0.0036663611365719273,-0.005588543485854025,0
2021-11-02,14261,14235.0,26.0,0.0018264840182648,9,"cnbc_e1613e66,cnbc_653aa139,cnbc_3112ec89,cnbc_812d02de,cnbc_e2fe49a8,cnbc_8eabc291,cnbc_b39b58e7,cnbc_56f1e609,cnbc_f7e507b2",True,1,0.0028048523946427317,0.0018264840182648,0.0045162656128713,-0.0019719698570321,0.0013413342746205,0.003589021815622706,0.005272729836037771,0.002311563082126946,0.0023649013406253205,0.006777267913872231,-0.001050714485850368,1
2021-11-03,14301,14261.0,40.0,0.0028048523946427,7,"cnbc_f1924078,cnbc_3710875e,cnbc_52832c25,cnbc_ae231a4c,cnbc_436e4487,cnbc_051d13f7,cnbc_77ad791b",True,1,0.001818054681490805,0.0028048523946427,0.0018264840182648,0.0045162656128713,0.0010575296108291,0.004749392274509212,0.007946716473137938,0.0024005176175047843,0.002433264921262688,0.008248730964466988,0.0028751753155680237,2
2021-11-04,14327,14301.0,26.0,0.0018180546814908,5,"cnbc_95bf4a32,cnbc_589db17a,cnbc_7b5d2dc2,cnbc_71a826c3,cnbc_7e251e83",True,1,0.003280519299225239,0.0018180546814908,0.0028048523946427,0.0018264840182648,-0.0019719698570321,0.004768917876428969,0.009487505592801648,0.0023778458329242152,0.0024434834145249133,0.009014719346432942,0.00575640575640568,3
2021-11-05,14374,14327.0,47.0,0.0032805192992252,15,"cnbc_f4302e15,cnbc_fb3842a6,cnbc_15d53741,cnbc_aba6e0d1,cnbc_cea4f232,cnbc_4e32e33e,cnbc_cabe85c3,cnbc_b0eabdd4,cnbc_53475121,cnbc_f7e80fe7,cnbc_bb7a46cd,cnbc_66d9aedf,cnbc_14ae152d,cnbc_26d483a4,cnbc_2a138dd4",True,0,-0.007374426047029359,0.0032805192992252,0.0018180546814908,0.0028048523946427,0.0045162656128713,0.005202942739656935,0.012314117394351065,0.001126534447607726,0.00252423844070055,0.01432502999082641,0.00955190335721312,4
2021-11-08,14268,14374.0,-106.0,-0.0073744260470293,20,"cnbc_42f507ff,cnbc_5cb53f27,cnbc_423d0195,cnbc_eb2e9840,cnbc_a6635065,cnbc_cbe076b3,cnbc_ef287dfa,cnbc_50317806,cnbc_7088c28f,cnbc_e48a301f,cnbc_a03738c7,cnbc_856dfdff,cnbc_47cba813,cnbc_83421c65,cnbc_61eb3792,cnbc_344f4867,cnbc_33d00791,cnbc_2e58beec,cnbc_c964bd2b,cnbc_80d42c7d",True,0,-0.002453041771797028,-0.0073744260470293,0.0032805192992252,0.0018180546814908,0.0018264840182648,-0.002670170974822139,0.0046967531141515195,0.004431220733158171,0.0030668687323800467,0.0023182297154900056,0.0030228471001756407,0
2021-11-09,14233,14268.0,-35.0,-0.002453041771797,8,"cnbc_75c2debe,cnbc_2eec1ae8,cnbc_d88673f5,cnbc_040d7ebb,cnbc_68c4eb6a,cnbc_9a1a740f,cnbc_18fd36a6,cnbc_18f7a891",True,1,0.0014051851331412914,-0.002453041771797,-0.0073744260470293,0.0032805192992252,0.0028048523946427,-0.004727074388487185,0.0021510373210256173,0.004516456382366087,0.0031115265507096193,-0.0019633966762498956,0.0016185784658691027,1
2021-11-10,14253,14233.0,20.0,0.0014051851331412,8,"cnbc_b8b726ff,cnbc_e590e04c,cnbc_ea6348d7,cnbc_f59dfef4,cnbc_5e3aa0b6,cnbc_f3f8375c,cnbc_3a3b8687,cnbc_2a3a5379",True,1,0.002455623377534554,0.0014051851331412,-0.002453041771797,-0.0073744260470293,0.0018180546814908,-0.002659016164019312,0.0034320713870847896,0.004307895092213491,0.0031244754619435683,-0.0033564086427522177,0.00253217978476461,2
2021-11-11,14288,14253.0,35.0,0.0024556233775345,12,"cnbc_15f5bde3,cnbc_03e63a91,cnbc_09f912b8,cnbc_f31ad49c,cnbc_75c541cc,cnbc_cd463b09,cnbc_86f7825e,cnbc_13e35e0e,cnbc_a7877ce2,cnbc_1480f4e3,cnbc_59118b52,cnbc_29437664",True,0,-0.0031494960806270995,0.0024556233775345,0.0014051851331412,-0.002453041771797,0.0032805192992252,0.00033605914640966184,0.0056589431008755575,0.004408030799888403,0.0031675081041977163,-0.0027221330355273743,0.004711342380985917,3
2021-11-12,14243,14288.0,-45.0,-0.003149496080627,13,"cnbc_fc6dfcf7,cnbc_75ac63ce,cnbc_71a0933e,cnbc_b37d2483,cnbc_3552dfd8,cnbc_b4e4d70c,cnbc_92d0213b,cnbc_58bd193f,cnbc_9786484d,cnbc_1d67d353,cnbc_027aafe1,cnbc_7aae3032,cnbc_fe0b523e",True,0,-0.002597767324299656,-0.003149496080627,0.0024556233775345,0.0014051851331412,-0.0073744260470293,-0.0009819737672722706,0.002181255277230454,0.003927552438714128,0.003062357645522736,-0.009113677473215565,0.006216884493112085,4
2021-11-15,14206,14243.0,-37.0,-0.0025977673242996,25,"cnbc_c53e1523,cnbc_2d6821e3,cnbc_2a9cc51a,cnbc_9347d39f,cnbc_f80c2a3a,cnbc_cdc82868,cnbc_e3228837,cnbc_c8dc83e9,cnbc_3ef47f6b,cnbc_4c9c6cd5,cnbc_8b192a4c,cnbc_d4cbbd11,cnbc_875a505c,cnbc_3bd3360d,cnbc_a37f732d,cnbc_766b67e7,cnbc_294ade47,cnbc_08c0ba96,cnbc_f3cc38d5,cnbc_566ef9ef,cnbc_7266b5b5,cnbc_fefffed6,cnbc_db5e9c77,cnbc_1304b0dd,cnbc_3b0497a3",True,1,0.0003519639588906096,-0.0025977673242996,-0.003149496080627,0.0024556233775345,-0.002453041771797,-0.002709798800949126,-0.00085102791512226,0.0025943939434399377,0.0028833368373457962,-0.00434538828146902,0.0086623118432263,0
2021-11-16,14211,14206.0,5.0,0.0003519639588906,10,"cnbc_48afffff,cnbc_d42a55f0,cnbc_3ac1bdaa,cnbc_48f914a9,cnbc_3145273f,cnbc_5aa2d1dd,cnbc_859706d5,cnbc_c5c194f1,cnbc_56f6b600,cnbc_78737770",True,1,0.0033776651889381466,0.0003519639588906,-0.0025977673242996,-0.003149496080627,0.0014051851331412,-0.002050532998132071,-0.0009034122266474709,0.00246603417484409,0.0028817006141040897,-0.001545703646455454,0.008158342792281559,1
2021-11-17,14259,14211.0,48.0,0.0033776651889381,8,"cnbc_b0af309e,cnbc_9af0df7f,cnbc_925117a1,cnbc_fa7c5219,cnbc_80661751,cnbc_3211c22b,cnbc_4740aa9b,cnbc_fb686e7c",True,0,-0.0019636720667648502,0.0033776651889381,0.0003519639588906,-0.0025977673242996,0.0024556233775345,0.0012358335556896805,0.0018408183913214415,0.002923693753985509,0.0029305887099773894,0.0004209640075774068,0.012713068181818166,2
2021-11-18,14231,14259.0,-28.0,-0.0019636720667648,16,"cnbc_4823a7dc,cnbc_77c8ea18,cnbc_56a4dbab,cnbc_2c4699b6,cnbc_27cc9921,cnbc_a1198729,cnbc_c1ee070b,cnbc_95a8af75,cnbc_9eec431a,cnbc_b646a45b,cnbc_7c501561,cnbc_3a4d43a8,cnbc_d656cb82,cnbc_6b2c6408,cnbc_22e64c20,cnbc_0972fc14",True,1,0.0004216147846251142,-0.0019636720667648,0.0033776651889381,0.0003519639588906,-0.003149496080627,7.027406886850329e-05,-0.00047058162484114874,0.0026872881017352902,0.002888362065220933,-0.003989361702127714,0.006934125804853863,3
2021-11-19,14237,14231.0,6.0,0.0004216147846251,10,"cnbc_00d342e2,cnbc_341207d0,cnbc_5364c422,cnbc_89e1f56c,cnbc_b5f3549a,cnbc_9d51382a,cnbc_3c41f190,cnbc_27973c2e,cnbc_366be643,cnbc_069f8e44",True,1,0.0012643113015382455,0.0004216147846251,-0.0019636720667648,0.0033776651889381,-0.0025977673242996,0.000576295963117035,-0.00031246818266406073,0.002360138278664767,0.002860660707373883,-0.0004212595661026164,0.0052958621663605765,4
2021-11-22,14255,14237.0,18.0,0.0012643113015382,27,"cnbc_a8fd96f1,cnbc_8d37519a,cnbc_9d0c3431,cnbc_8582171a,cnbc_765a1f3c,cnbc_b58d907d,cnbc_64417c89,cnbc_12c4fa4d,cnbc_9a7351a2,cnbc_2c25dc52,cnbc_4f52cd45,cnbc_c7e58436,cnbc_1561f4fc,cnbc_99eb0f1f,cnbc_d6456a5a,cnbc_91ef86ed,cnbc_d954607c,cnbc_047ba25f,cnbc_42802a4c,cnbc_5690a576,cnbc_a780910c,cnbc_d9e8401f,cnbc_98fa5fbe,cnbc_4e968c65,cnbc_d3f123dc,cnbc_d2330692,cnbc_6b71a6fe",True,1,0.0011925640126271484,0.0012643113015382,0.0004216147846251,-0.0019636720667648,0.0003519639588906,0.001151798631887857,0.0006984882467946374,0.0019223456606766202,0.0028561902513523406,0.0034492467971278806,0.005076500035253506,0
2021-11-23,14272,14255.0,17.0,0.0011925640126271,10,"cnbc_711165d9,cnbc_11fc40d8,cnbc_1a7bdc1e,cnbc_4f735957,cnbc_36c99480,cnbc_d8b7b935,cnbc_6f74e899,cnbc_850b9bce,cnbc_86632329,cnbc_5ac03e64",True,0,0.0,0.0011925640126271,0.0012643113015382,0.0004216147846251,0.0033776651889381,0.00148763578185096,0.0015157469264019952,0.0019221081324895947,0.0028399535768424597,0.004292449510942209,0.0075538298623367695,1
2021-11-24,14272,14272.0,0.0,0.0,10,"cnbc_ce711f8f,cnbc_72ee86d7,cnbc_181d75d4,cnbc_87be33c1,cnbc_bda49569,cnbc_61a619a7,cnbc_c58e305a,cnbc_36f60b22,cnbc_dc3a43a5,cnbc_9e421037",True,1,0.0005605381165919282,0.0,0.0011925640126271,0.0012643113015382,-0.0019636720667648,0.001304951800973786,0.0012066111064343854,0.0013121623944346065,0.0028318875026649005,0.0009117048881408518,0.006204173716864103,2
2021-11-25,14280,14272.0,8.0,0.0005605381165919,13,"cnbc_fc280739,cnbc_e9128aba,cnbc_d5da1f74,cnbc_61e8af47,cnbc_619ea332,cnbc_822eefa7,cnbc_ba034d49,cnbc_882efd79,cnbc_ee712807,cnbc_5c36b124,cnbc_d2b50ed8,cnbc_520569ac,cnbc_a05f36fa",True,0,0.0,0.0005605381165919,0.0,0.0011925640126271,0.0004216147846251,0.0011778563015312216,0.001483289325576731,0.0005355536819353915,0.0028271881400830927,0.0034431874077718305,0.005704627086414504,3
2021-11-26,14280,14280.0,0.0,0.0,13,"cnbc_a42ad40f,cnbc_7cb3eeb9,cnbc_f171039e,cnbc_7418cb71,cnbc_86f9fcbf,cnbc_54106b23,cnbc_0ef6b60e,cnbc_dbd8f3b5,cnbc_484ceece,cnbc_4a3f9749,cnbc_369cabad,cnbc_bf787758,cnbc_eb77adcc",True,1,0.004201680672268907,0.0,0.0005605381165919,0.0,0.0012643113015382,0.0005745596210708914,0.0011006498741614745,0.0006152109819281664,0.0027781750051003727,0.003020299220341416,0.007691764871921469,4
2021-11-29,14340,14280.0,60.0,0.0042016806722689,14,"cnbc_a1f00ccf,cnbc_909dfaf1,cnbc_93c345d9,cnbc_2f5ed23d,cnbc_24b658ce,cnbc_f439eeff,cnbc_9f76bbf9,cnbc_93f8edfa,cnbc_ad8da75c,cnbc_3807c3dc,cnbc_fc4ca71b,cnbc_678dfb87,cnbc_0baa4172,cnbc_dfeddbe4",True,0,-0.001394700139470014,0.0042016806722689,0.0,0.0005605381165919,0.0011925640126271,0.0035832260231789537,0.004937086313163475,0.0017534711812220113,0.00275435339528286,0.005962820063135643,0.007376185458377149,0
2021-11-30,14320,14340.0,-20.0,-0.00139470013947,10,"cnbc_e982561f,cnbc_401c8452,cnbc_2632df17,cnbc_85f108d5,cnbc_366e0228,cnbc_472effc5,cnbc_9c10aa84,cnbc_537a2600,cnbc_be081fbf,cnbc_26458a36",True,1,0.002304469273743017,-0.00139470013947,0.0042016806722689,0.0,0.0,0.0015106585352206992,0.0033280784725870927,0.002100325900908541,0.002758948184129447,0.0033632286995515237,0.0041371572820980695,1
2021-12-01,14353,14320.0,33.0,0.002304469273743,11,"cnbc_bab64058,cnbc_3891a24f,cnbc_b1760117,cnbc_d868a4ca,cnbc_10229310,cnbc_646981e4,cnbc_e1c9bbd4,cnbc_cc68f04f,cnbc_2620ca77,cnbc_ea792f71,cnbc_0917fc5a",True,1,0.0017417961401797533,0.002304469273743,-0.00139470013947,0.0042016806722689,0.0005605381165919,0.002682575831668421,0.005457054591561539,0.0021673602125914905,0.0027363556587056137,0.0056754484304932795,0.003636109362981532,2
2021-12-02,14378,14353.0,25.0,0.0017417961401797,9,"cnbc_2326469f,cnbc_65a6c98a,cnbc_fcfb8ac3,cnbc_671b4744,cnbc_ebb90c70,cnbc_0fa8d77d,cnbc_284eca44,cnbc_53b2377d,cnbc_46e6508e",True,1,0.002086521073862846,0.0017417961401797,0.002304469273743,-0.00139470013947,0.0,0.0030556291945138536,0.007028467569943242,0.0021535055942041893,0.0027340125483220064,0.006862745098039191,0.0035597124310742245,3
2021-12-03,14408,14378.0,30.0,0.0020865210738628,15,"cnbc_a99f19e2,cnbc_91895295,cnbc_9cb7d2fc,cnbc_af2c309a,cnbc_bac5a6a3,cnbc_5fd47f9e,cnbc_b4583676,cnbc_44a31ef2,cnbc_af06e5cb,cnbc_ebd8900d,cnbc_4bef5f3d,cnbc_43de31e0,cnbc_cf15b34a,cnbc_95522a38,cnbc_4433b7e3",True,1,0.0022903942254303166,0.0020865210738628,0.0017417961401797,0.002304469273743,0.0042016806722689,0.003356592710204831,0.009009513738370334,0.002019494038957162,0.002675177841641487,0.008963585434173638,0.0023653819396132203,4
2021-12-06,14441,14408.0,33.0,0.0022903942254303,21,"cnbc_577eecee,cnbc_05a74197,cnbc_5fe82563,cnbc_7f956f0b,cnbc_75fd8766,cnbc_8bb2e5c5,cnbc_a317f9a5,cnbc_72916077,cnbc_d3b9587b,cnbc_d986a9b4,cnbc_c47625d8,cnbc_593188a1,cnbc_140ddb2a,cnbc_1403c01b,cnbc_a1aa37e4,cnbc_2899f200,cnbc_4711bf74,cnbc_9007982f,cnbc_d56f1e1b,cnbc_bb145046,cnbc_a6d72487",True,0,-0.0022851603074579324,0.0022903942254303,0.0020865210738628,0.0017417961401797,-0.00139470013947,0.004242002781641219,0.01070828667413215,0.001581865115224885,0.0020496329417226352,0.007043235704323525,0.012125035043453858,0
2021-12-07,14408,14441.0,-33.0,-0.0022851603074579,4,"cnbc_0cc4635f,cnbc_ccd90720,cnbc_72de47c1,cnbc_6783d973",True,0,-0.00416435313714603,-0.0022851603074579,0.0022903942254303,0.0020865210738628,0.002304469273743,0.0007223426126576893,0.007781488799902148,0.001976790774058394,0.002036754121352161,0.0061452513966480105,0.012295369914986365,1
2021-12-08,14348,14408.0,-60.0,-0.004164353137146,8,"cnbc_0e1a8a92,cnbc_761201ff,cnbc_7c80ae24,cnbc_db23b091,cnbc_8b471b16,cnbc_9bd4b82c,cnbc_4da5486d,cnbc_4b8a0ad0",True,1,0.00020908837468636745,-0.004164353137146,-0.0022851603074579,0.0022903942254303,0.0017417961401797,-0.0033757970631954626,0.0032514071950495715,0.002965435818805644,0.002288018038487284,-0.0003483592280359993,0.006665263453307979,2
2021-12-09,14351,14348.0,3.0,0.0002090883746863,15,"cnbc_138d2fe0,cnbc_0bbb2d30,cnbc_49be04f2,cnbc_dae76129,cnbc_3d4dd006,cnbc_148b01e6,cnbc_6a8d7332,cnbc_1b0cee56,cnbc_09c0f8c9,cnbc_719d5406,cnbc_bd444280,cnbc_99a46366,cnbc_fb632cc8,cnbc_790a36bb,cnbc_8d7e8ef9",True,1,0.0018814019928924813,0.0002090883746863,-0.004164353137146,-0.0022851603074579,0.0020865210738628,-0.0027933737283896143,0.0032402051081292793,0.002806797765986321,0.002232895442890793,-0.0018778689664765702,0.00440929451287797,3
2021-12-10,14378,14351.0,27.0,0.0018814019928924,11,"cnbc_950b1def,cnbc_c83fad20,cnbc_84412170,cnbc_940a405f,cnbc_2bfe0994,cnbc_8f62dbc4,cnbc_46d99d46,cnbc_af8f2a47,cnbc_62c1d5d4,cnbc_fa9ab54a,cnbc_567417c5",True,0,-0.0022256224787870356,0.0018814019928924,0.0002090883746863,-0.004164353137146,0.0022903942254303,-0.0005005144175959098,0.004653632768282678,0.0027630258201689667,0.002113216548322678,-0.002082176568573013,0.009478340237309535,4
2021-12-13,14346,14378.0,-32.0,-0.002225622478787,14,"cnbc_14b17523,cnbc_8357248c,cnbc_9846b2db,cnbc_4c4b2e9b,cnbc_698633db,cnbc_77954dab,cnbc_312d633f,cnbc_3624221e,cnbc_125323e1,cnbc_4125b3c8,cnbc_878329e2,cnbc_3843f547,cnbc_14da17be,cnbc_af10049a",True,1,0.00013941168269901018,-0.002225622478787,0.0018814019928924,0.0002090883746863,-0.0022851603074579,-0.0014060781556709534,0.0019275896748240928,0.0023679669596445903,0.0020862121686694712,-0.006578491794197117,0.00985499084893715,0
2021-12-14,14348,14346.0,2.0,0.000139411682699,7,"cnbc_fea485cc,cnbc_58139626,cnbc_2a66dd8c,cnbc_d7838e32,cnbc_4efe0da6,cnbc_9bca1314,cnbc_0881ba92",True,0,-0.0007666573738500139,0.000139411682699,-0.002225622478787,0.0018814019928924,-0.004164353137146,-0.0004319293307882832,0.0015881049196349029,0.002368375871729841,0.0020875068956385354,-0.004164353137146026,0.009640419393427635,1
2021-12-15,14337,14348.0,-11.0,-0.00076665737385,10,"cnbc_9cb54537,cnbc_ac1527c5,cnbc_d6fff2ec,cnbc_72eee8b9,cnbc_4ed45060,cnbc_62db03da,cnbc_8a9898d3,cnbc_e01156aa,cnbc_d7a851a1,cnbc_b70dbf5f",True,1,0.0004184975936388366,-0.00076665737385,0.000139411682699,-0.002225622478787,0.0002090883746863,-0.0010451505016721985,0.0005478343097811145,0.0015023100536187552,0.001988263769201888,-0.0007666573738500659,0.005470229328844889,2
2021-12-16,14343,14337.0,6.0,0.0004184975936388,10,"cnbc_a4b585e4,cnbc_bdf442da,cnbc_b90ab2bb,cnbc_00f71720,cnbc_ab886b21,cnbc_3dcac8f3,cnbc_6403b32c,cnbc_b74d9b84,cnbc_3f65e109,cnbc_3075fed8",True,0,0.0,0.0004184975936388,-0.00076665737385,0.000139411682699,0.0018814019928924,-0.0005156650685694819,0.0005755245121121799,0.001517749436511797,0.001917198946168206,-0.000557452442338513,0.007870142646335454,3
2021-12-17,14343,14343.0,0.0,0.0,17,"cnbc_7d608086,cnbc_845e7adf,cnbc_b55afef5,cnbc_42aaeb16,cnbc_f79e473f,cnbc_fafac8fc,cnbc_d439c3df,cnbc_1f07612c,cnbc_97dc69b7,cnbc_8274e520,cnbc_4b5f19ff,cnbc_f0632ba6,cnbc_8fbb2145,cnbc_410ce583,cnbc_643edcfc,cnbc_ed56f538,cnbc_09c803aa",True,1,0.002858537265565084,0.0,0.0004184975936388,-0.00076665737385,-0.002225622478787,-2.7887390716241356e-05,0.00020571755328613328,0.0010665953754311823,0.0019191938055500657,-0.0024342745861732906,0.0074453887757253145,4
2021-12-20,14384,14343.0,41.0,0.002858537265565,19,"cnbc_959ab531,cnbc_97718550,cnbc_5302820a,cnbc_fe6efadb,cnbc_b26a164e,cnbc_fbc14c99,cnbc_a29a4382,cnbc_255b1fe5,cnbc_7fe02e0c,cnbc_b24d435c,cnbc_f2c67833,cnbc_92de4a38,cnbc_d6ab44ee,cnbc_c127123e,cnbc_5d2caaa3,cnbc_36195649,cnbc_5e920481,cnbc_4fb1770f,cnbc_ee961fc5",True,0,-0.0024332591768631813,0.002858537265565,0.0,0.0004184975936388,0.000139411682699,0.002299491324646352,0.0026138779493256603,0.0013737993079077134,0.0019899762220130235,0.0026488219712812455,0.009049456331111871,0
2021-12-21,14349,14384.0,-35.0,-0.0024332591768631,9,"cnbc_d0a91472,cnbc_0b88ec18,cnbc_6489c1dc,cnbc_1962391d,cnbc_3c0a36ab,cnbc_a2c6add3,cnbc_cd21fc53,cnbc_373409c5,cnbc_17d2180e",True,0,-0.00592375775315353,-0.0024332591768631,0.002858537265565,0.0,-0.00076665737385,-0.00015329728524449138,-9.407436055564045e-05,0.001927024898546427,0.0020820297019366668,6.96961248953798e-05,0.005395179372197356,1
2021-12-22,14264,14349.0,-85.0,-0.0059237577531535,7,"cnbc_e4287f0d,cnbc_a0611a00,cnbc_82d1042f,cnbc_25a3f87a,cnbc_f5451151,cnbc_d5ac3f56,cnbc_90c2007f",True,0,-0.0009113853056646102,-0.0059237577531535,-0.0024332591768631,0.002858537265565,0.0004184975936388,-0.0050639621667619705,-0.005989567907902171,0.0033240332469149612,0.002501690731641834,-0.005091720722605886,-0.0005605381165919576,2
2021-12-23,14251,14264.0,-13.0,-0.0009113853056646,12,"cnbc_29a9f88a,cnbc_cfcef56d,cnbc_a687956e,cnbc_fbc843c7,cnbc_11ded6e0,cnbc_b483d6c7,cnbc_5dbf5ee9,cnbc_2bb0bd62,cnbc_028eb13a,cnbc_78419fef,cnbc_055ba873,cnbc_2c072f4f",True,0,-0.002245456459195846,-0.0009113853056646,-0.0059237577531535,-0.0024332591768631,0.0,-0.004693327373552547,-0.006795135380004869,0.0032325006120190957,0.002505205077409896,-0.006414278742243651,-0.0020308123249299648,3
2021-12-24,14219,14251.0,-32.0,-0.0022454564591958,8,"cnbc_693d9e44,cnbc_708a2efe,cnbc_7a7403e5,cnbc_7a28f1dd,cnbc_54ef5256,cnbc_eb0f1cf2,cnbc_732ec983,cnbc_d5534aee",True,1,0.00042197060271467756,-0.0022454564591958,-0.0009113853056646,-0.0059237577531535,0.002858537265565,-0.005205199602613786,-0.008814641576249005,0.0031651489504856837,0.0025504583454670376,-0.008645332217806612,-0.004271708683473374,4
2021-12-27,14225,14219.0,6.0,0.0004219706027146,11,"cnbc_5dc602ea,cnbc_3a00e142,cnbc_89f4781a,cnbc_88c6b595,cnbc_b3387ed6,cnbc_5a369226,cnbc_7ccea978,cnbc_41469792,cnbc_9981d053,cnbc_f7f5640d,cnbc_8bea351e",True,1,0.0008435852372583479,0.0004219706027146,-0.0022454564591958,-0.0009113853056646,-0.0024332591768631,-0.002566331968362645,-0.007998772638200258,0.0023694101019612816,0.002337419347700702,-0.011053948832035587,-0.008019525801952532,0
2021-12-28,14237,14225.0,12.0,0.0008435852372583,7,"cnbc_56645797,cnbc_3411cd43,cnbc_e8271a87,cnbc_a9f8ad12,cnbc_345eb972,cnbc_bd34ec3a,cnbc_9fe97b23",True,1,0.001966706469059493,0.0008435852372583,0.0004219706027146,-0.0022454564591958,-0.0059237577531535,-0.0001545030619698462,-0.006874518243108918,0.0027220542567934526,0.002340864057174361,-0.007805421980625837,-0.005796089385474823,1
2021-12-29,14265,14237.0,28.0,0.0019667064690594,4,"cnbc_a161e0ba,cnbc_adb68e4f,cnbc_4e1e8fcb,cnbc_bf5b2b26",True,1,0.00028040658955485456,0.0019667064690594,0.0008435852372583,0.0004219706027146,-0.0009113853056646,0.0017978285601920607,-0.0046158193864414,0.0016301219134887128,0.002322321286706881,7.010656197414811e-05,-0.006131122413432721,2
2021-12-30,14269,14265.0,4.0,0.0002804065895548,7,"cnbc_43c040ea,cnbc_56b01c73,cnbc_8f9922d9,cnbc_4c324f9f,cnbc_0fa85edb,cnbc_98eb5f7e,cnbc_38f486ac",True,1,0.0006307379634171982,0.0002804065895548,0.0019667064690594,0.0008435852372583,-0.0022454564591958,0.0018254581197780784,-0.003957921776946427,0.0015457333752798244,0.002277085170019384,0.0012630692582975556,-0.007581026568368343,3
2021-12-31,14278,14269.0,9.0,0.0006307379634171,8,"cnbc_dae2b9f9,cnbc_5c9136f4,cnbc_134e359d,cnbc_2b179c56,cnbc_37219c71,cnbc_37ad1edd,cnbc_3fee6379,cnbc_90f95f6f",True,0,-0.0005603025633842274,0.0006307379634171,0.0002804065895548,0.0019667064690594,0.0004219706027146,0.0016275219575161426,-0.002877255712609661,0.0006709179768526402,0.002216624627141377,0.004149377593360981,-0.009022765130483057,4
2022-01-03,14270,14278.0,-8.0,-0.0005603025633842,13,"cnbc_99565ebd,cnbc_197c1d50,cnbc_a483895b,cnbc_5e822ef0,cnbc_30bf7a78,cnbc_c4196c04,cnbc_8a13de39,cnbc_59f35062,cnbc_1d916ad1,cnbc_49ca196e,cnbc_4b9d9b70,cnbc_515ee656,cnbc_264beb0b",True,1,0.002803083391730904,-0.0005603025633842,0.0006307379634171,0.0002804065895548,0.0008435852372583,0.00043466677883885474,-0.0028405418342283273,0.0009180705767775608,0.002120661528157637,0.0031634446397188487,-0.011841285229554743,0
2022-01-04,14310,14270.0,40.0,0.0028030833917309,5,"cnbc_e668bad3,cnbc_535d6963,cnbc_8e4f6fcb,cnbc_74ad2270,cnbc_65a2c8dd",True,1,0.003843466107617051,0.0028030833917309,-0.0005603025633842,0.0006307379634171,0.0019667064690594,0.0022131331241594943,0.0002970833406148454,0.0013482798229144406,0.002210325299077865,0.005127484722905029,-0.006801776790671843,1
2022-01-05,14365,14310.0,55.0,0.003843466107617,6,"cnbc_9cce67d0,cnbc_32e92097,cnbc_957ac855,cnbc_d8455701,cnbc_dc27b3d6,cnbc_b08150d4",True,1,0.0021580229725026105,0.003843466107617,0.0028030833917309,-0.0005603025633842,0.0002804065895548,0.004657863816930563,0.004082032069114838,0.0018457524135165524,0.0022061701740549457,0.007010164738871394,0.0011848341232227888,2
2022-01-06,14396,14365.0,31.0,0.0021580229725026,12,"cnbc_a88d6f30,cnbc_d4e26791,cnbc_1b73ef95,cnbc_742fd877,cnbc_60b3434a,cnbc_7e3bf7da,cnbc_fe6a2b44,cnbc_b7b6b378,cnbc_cf9308b3,cnbc_29ea074b,cnbc_793f07b3,cnbc_3e0ac3b9",True,0,-0.0025006946373992774,0.0021580229725026,0.003843466107617,0.0028030833917309,0.0006307379634171,0.005040561862075688,0.006090636214650447,0.0017496562353130347,0.0022555215375472315,0.008900413483776015,0.003135669988154177,3
2022-01-07,14360,14396.0,-36.0,-0.0025006946373992,10,"cnbc_6ceee09a,cnbc_9a0c2b2f,cnbc_cf2da61a,cnbc_a962f391,cnbc_f3bf41bc,cnbc_a3488d19,cnbc_7ecb4ea5,cnbc_1802f9cd,cnbc_66379045,cnbc_378c5482",True,0,-0.0025766016713091922,-0.0025006946373992,0.0021580229725026,0.003843466107617,-0.0005603025633842,0.0013807338809779246,0.0036378377056112132,0.002610376056453191,0.0022919432158277696,0.005743101274688245,-0.0012519126443176765,4
2022-01-10,14323,14360.0,-37.0,-0.0025766016713091,16,"cnbc_38fbbdf4,cnbc_d2965870,cnbc_175731a3,cnbc_1de9bb45,cnbc_606e66ee,cnbc_a0dfa821,cnbc_c4711f79,cnbc_8a8d985c,cnbc_7d578ffd,cnbc_b7e47b60,cnbc_b4417a46,cnbc_56c0d2ce,cnbc_046a73c0,cnbc_f1f484de,cnbc_75e140ca,cnbc_ec3ca8f6",True,0,-0.0016756266145360609,-0.0025766016713091,-0.0025006946373992,0.0021580229725026,0.0028030833917309,-0.001937174234188932,0.0011323286828641699,0.00305779347300024,0.0023106638281516607,0.0037140854940433954,-0.001603234351038596,0
2022-01-11,14299,14323.0,-24.0,-0.001675626614536,6,"cnbc_ae74353d,cnbc_a76faad3,cnbc_6890c7ae,cnbc_9ee5dfc0,cnbc_b53337fb,cnbc_7c7fe7de",True,1,0.00020980488146024197,-0.001675626614536,-0.0025766016713091,-0.0025006946373992,0.003843466107617,-0.0034567832401767307,-0.0003740121012140163,0.002958734471846968,0.002337179467754601,-0.0007686932215233977,-0.0034151101198773848,1
2022-01-12,14302,14299.0,3.0,0.0002098048814602,11,"cnbc_fd4e6b86,cnbc_fd70604d,cnbc_cc126db9,cnbc_33a2d067,cnbc_86ca0385,cnbc_6041c22d,cnbc_21e97439,cnbc_3872dfde,cnbc_8e3da902,cnbc_81108a63,cnbc_d4453eef",True,1,0.0006292826178156901,0.0002098048814602,-0.001675626614536,-0.0025766016713091,0.0021580229725026,-0.0023716517857143016,-4.195041460997029e-05,0.0020344129299540827,0.0023342222143096355,-0.0043856595892795,-0.002441235962893251,2
2022-01-13,14311,14302.0,9.0,0.0006292826178156,12,"cnbc_f679e827,cnbc_f034d637,cnbc_99444636,cnbc_9b3fbf8a,cnbc_073512b3,cnbc_d405985a,cnbc_bb8ff352,cnbc_e3922b5c,cnbc_d272ab04,cnbc_767e768a,cnbc_7be7cade,cnbc_655f311b",True,0,-6.987631891551953e-05,0.0006292826178156,0.0002098048814602,-0.001675626614536,-0.0025006946373992,-0.0005586982331168278,0.0006992518005732862,0.0015120680548890454,0.0023372536041989522,-0.005904417893859426,-0.0022310534755629607,3
2022-01-14,14310,14311.0,-1.0,-6.987631891551953e-05,13,"cnbc_fa0d8cd6,cnbc_5e036acf,cnbc_c9672f1b,cnbc_48990cef,cnbc_1dfb07a4,cnbc_be1caf42,cnbc_86e600c2,cnbc_0d353736,cnbc_49502342,cnbc_1ce6c383,cnbc_57195149,cnbc_4d189b50,cnbc_d3c1c266",True,1,0.0009084556254367575,-6.987631891551953e-05,0.0006292826178156,0.0002098048814602,-0.0025766016713091,6.988608568025967e-05,0.0007447890988052652,0.0013661274184559801,0.0023371341985840306,-0.0034818941504177747,-0.0023007738966743796,4
2022-01-17,14323,14310.0,13.0,0.0009084556254367,13,"cnbc_79243e27,cnbc_53a07cc4,cnbc_83315b0b,cnbc_1d9f742b,cnbc_b49b75aa,cnbc_a9baa329,cnbc_a0ac9fd8,cnbc_cd1504c0,cnbc_e7057914,cnbc_fe0d0a93,cnbc_716c9dee,cnbc_3f1a2686,cnbc_eb914aee",True,1,0.00013963555121133841,0.0009084556254367,-6.987631891551953e-05,0.0006292826178156,-0.001675626614536,0.0009784051995247456,0.0018676160964725685,0.001009692124309118,0.002245540744954856,0.0,-0.004240823136818728,0
2022-01-18,14325,14323.0,2.0,0.0001396355512113,12,"cnbc_1fff9dcb,cnbc_5038189a,cnbc_1f8ea813,cnbc_664be83a,cnbc_ad28c241,cnbc_c13ab107,cnbc_07018a59,cnbc_9d2c7b12,cnbc_6117a784,cnbc_bf9c7cb8,cnbc_2020e627,cnbc_d5e44fab",True,1,0.0031413612565445027,0.0001396355512113,0.0009084556254367,-6.987631891551953e-05,0.0002098048814602,0.000754495535901345,0.002091625801848185,0.00039660104024909394,0.0021843384616750242,0.0018183089726553359,-0.0016725904244198064,1
2022-01-19,14370,14325.0,45.0,0.0031413612565445,18,"cnbc_acbbd745,cnbc_b4dc5bbe,cnbc_d5b2d0a0,cnbc_4d26edd0,cnbc_6e4b3201,cnbc_de541fca,cnbc_ca36ac1a,cnbc_2ff92eb1,cnbc_b434aa7e,cnbc_e50c2658,cnbc_9a8e4dbf,cnbc_2f355c6a,cnbc_f2d6b29a,cnbc_7d0d1ac6,cnbc_d1cd8918,cnbc_b60fce4b,cnbc_c8f8c548,cnbc_23daa221",True,0,-0.0011134307585247043,0.0031413612565445,0.0001396355512113,0.0009084556254367,0.0006292826178156,0.0029453230782117146,0.004866996727364237,0.0012848626109650935,0.0018180393600070567,0.004754579779051804,0.0074312955692652505,2
2022-01-20,14354,14370.0,-16.0,-0.0011134307585247,10,"cnbc_e7b5b603,cnbc_ca23e4f8,cnbc_00e810df,cnbc_922e90ee,cnbc_927c33e6,cnbc_91537153,cnbc_96095fac,cnbc_0bf80bef,cnbc_48170fc2,cnbc_318831d6",True,0,-0.0004876689424550648,-0.0011134307585247,0.0031413612565445,0.0001396355512113,-6.987631891551953e-05,0.0012276443179599639,0.0033867974317660643,0.00159296649593301,0.0018260885948268885,0.0030046817133673187,0.007227562978036728,3
2022-01-21,14347,14354.0,-7.0,-0.000487668942455,11,"cnbc_77453070,cnbc_95e4e4f3,cnbc_5512ec3a,cnbc_574d79ab,cnbc_5388a7ab,cnbc_8a16ddfc,cnbc_2fec4278,cnbc_808725cf,cnbc_2be8424c,cnbc_e82b727b,cnbc_d80e52f9",True,0,-0.001394019655677145,-0.000487668942455,-0.0011134307585247,0.0031413612565445,0.0009084556254367,0.00022309290425126527,0.002449002407079348,0.001647010574712703,0.001733978848767638,0.002585604472396863,0.009002039524579786,4
2022-01-24,14327,14347.0,-20.0,-0.0013940196556771,20,"cnbc_df6ccc54,cnbc_a1204f3d,cnbc_c8abace1,cnbc_a7d1df89,cnbc_cb56d6ac,cnbc_848ad6d2,cnbc_3bab2725,cnbc_7f81f1f1,cnbc_a03e2521,cnbc_a0f84afe,cnbc_043ea3dc,cnbc_ed0203a3,cnbc_61a309d7,cnbc_64720c52,cnbc_6d4c519a,cnbc_a32a496e,cnbc_bb9524f1,cnbc_ad1bf5e2,cnbc_49bb5fde,cnbc_fb8e797f",True,1,0.002163746771829413,-0.0013940196556771,-0.000487668942455,-0.0011134307585247,0.0001396355512113,-0.001226942542838394,0.0006949755710847771,0.0018229195881709723,0.0017823743336029291,0.0002792711024226513,0.007170474516696057,0
2022-01-25,14358,14327.0,31.0,0.0021637467718294,13,"cnbc_e4882cd9,cnbc_c0c04350,cnbc_ac29f546,cnbc_ccd54ebe,cnbc_b3c10e86,cnbc_4115d6a8,cnbc_77d7cc98,cnbc_1b0e8110,cnbc_d7782276,cnbc_f37a518a,cnbc_c469f6e7,cnbc_56136ac0,cnbc_aef59d38",True,0,-0.0008357709987463436,0.0021637467718294,-0.0013940196556771,-0.000487668942455,0.0031413612565445,0.0004738279725737815,0.0024366233566754936,0.0020556982363607555,0.0018252027803733982,0.002303664921466053,0.008498981527007121,1
2022-01-26,14346,14358.0,-12.0,-0.0008357709987463,11,"cnbc_1bc8d9e8,cnbc_980ba0d0,cnbc_0b907f93,cnbc_91d311fb,cnbc_1aa07ba0,cnbc_b379550f,cnbc_08deed2f,cnbc_2f521d3b,cnbc_3cd210b5,cnbc_169f66c2,cnbc_f03e1938",True,1,0.0027185278126306985,-0.0008357709987463,0.0021637467718294,-0.0013940196556771,-0.0011134307585247,-2.7881559136799794e-05,0.001315683858967187,0.0014357297413837588,0.001808095033265661,-0.001670146137787043,0.005678233438485725,2
2022-01-27,14385,14346.0,39.0,0.0027185278126306,15,"cnbc_2984e5ff,cnbc_066da1d3,cnbc_a14bea2f,cnbc_4897df8e,cnbc_5ed84db5,cnbc_f5b216ce,cnbc_7b38ac16,cnbc_6ed67e50,cnbc_ee205e49,cnbc_5fd8c517,cnbc_794148b7,cnbc_4042b88c,cnbc_4ffcb7fe,cnbc_b8573503,cnbc_c1238fef",True,0,-0.00027806743135210286,0.0027185278126306,-0.0008357709987463,0.0021637467718294,-0.000487668942455,0.0022574307094185286,0.0036314924701474904,0.0018717995174932155,0.001888207450548893,0.0021596767451581567,0.008129511528488287,3
2022-01-28,14381,14385.0,-4.0,-0.0002780674313521,12,"cnbc_d92e373d,cnbc_77fd4107,cnbc_efff1d70,cnbc_1ce1e89c,cnbc_84454eee,cnbc_2b1ba214,cnbc_f57b76c9,cnbc_6f9d8bb2,cnbc_5b1e3c5c,cnbc_c6498817,cnbc_4a1e4557,cnbc_d022be10",True,1,0.0007648981294763925,-0.0002780674313521,0.0027185278126306,-0.0008357709987463,-0.0013940196556771,0.0015042411242809361,0.0029920282324715775,0.0018482253838440175,0.0018934578160301884,0.0023698334146511346,0.007213895503571877,4
2022-01-31,14392,14381.0,11.0,0.0007648981294763,15,"cnbc_6e6e35cb,cnbc_3eb43a05,cnbc_55900097,cnbc_502ed068,cnbc_768d08d5,cnbc_52fc489f,cnbc_dcd91792,cnbc_48d8a221,cnbc_349aa841,cnbc_d65cafb6,cnbc_fda5b22a,cnbc_d03b8169,cnbc_ea3c4fac,cnbc_232ba85c,cnbc_2fa34119",True,0,-0.0031267370761534187,0.0007648981294763,-0.0002780674313521,0.0027185278126306,0.0021637467718294,0.0013637249172024912,0.0033323573290946484,0.001526669039284933,0.0018826710311024746,0.004536888392545624,0.008549404344779354,0
2022-02-02,14347,14392.0,-45.0,-0.0031267370761534,16,"cnbc_c01cd928,cnbc_ddb7e26b,cnbc_73981169,cnbc_effbfaca,cnbc_404b0a3f,cnbc_0e1c1e9c,cnbc_aab0eec9,cnbc_37548d23,cnbc_fd0d7ddd,cnbc_53d3c588,cnbc_885916d1,cnbc_c8224429,cnbc_b3947ff3,cnbc_7f6a7193,cnbc_d4427a16,cnbc_c8d012d8",True,1,0.0023698334146511468,-0.0031267370761534,0.0007648981294763,-0.0002780674313521,-0.0008357709987463,-0.0016144521301025838,6.622031848491083e-05,0.0021455259801585916,0.001954411304587241,-0.0007661234155175167,0.002585604472396863,2
2022-02-03,14381,14347.0,34.0,0.0023698334146511,13,"cnbc_c162ae6e,cnbc_c993bf47,cnbc_2a484b4c,cnbc_873d163e,cnbc_550e9501,cnbc_9d1c952a,cnbc_c95577bc,cnbc_5de1ce6f,cnbc_6dbcdcc5,cnbc_ffbcc78f,cnbc_661fbbbf,cnbc_e4f4fb89,cnbc_d2dac3a5",True,0,-0.00034768096794381473,0.0023698334146511,-0.0031267370761534,0.0007648981294763,0.0027185278126306,0.00026430737556681905,0.0023803134485966826,0.002358304106753664,0.0018309610324693981,0.002439704447232627,0.0011138183083885256,3
2022-02-04,14376,14381.0,-5.0,-0.0003476809679438,10,"cnbc_606475cd,cnbc_724dc8a8,cnbc_85bcce41,cnbc_536e96d0,cnbc_fccd9e35,cnbc_c964b89f,cnbc_a307f7e5,cnbc_d83cf191,cnbc_a6f8f206,cnbc_c1c8fc69",True,1,0.0019476905954368391,-0.0003476809679438,0.0023698334146511,-0.0031267370761534,-0.0002780674313521,4.173796903050864e-05,0.00210165309131205,0.002006211845305842,0.0017641571853200667,-0.0006256517205421863,-0.0013892747985551068,4
2022-02-07,14404,14376.0,28.0,0.0019476905954368,13,"cnbc_2beb616a,cnbc_d9c96e36,cnbc_e7510e30,cnbc_ec0a87ab,cnbc_d518a02d,cnbc_a66a9238,cnbc_40d60743,cnbc_1d2ae04e,cnbc_f4f946ce,cnbc_284e0972,cnbc_c6cba105,cnbc_2bc4db80,cnbc_a0925810",True,0,-0.001319078033879478,0.0019476905954368,-0.0003476809679438,0.0023698334146511,0.0007648981294763,0.0016689847009736525,0.0038994845989526183,0.0022008469722973184,0.0017212088705215254,0.0015993324525416241,0.0030640668523675973,0
2022-02-08,14385,14404.0,-19.0,-0.0013190780338794,10,"cnbc_5926a92b,cnbc_8e53d79b,cnbc_48e84676,cnbc_4cd1f5e0,cnbc_c381b747,cnbc_6e4e0c41,cnbc_a6cc40ec,cnbc_423a019a,cnbc_0ecc8e9c,cnbc_1403e66a",True,0,-0.0013208202989224887,-0.0013190780338794,0.0019476905954368,-0.0003476809679438,-0.0031267370761534,0.0004451059212997599,0.0023586959930039786,0.002291376924754719,0.0016371086402842832,-0.0004863813229571967,0.004328702087551539,1
2022-02-09,14366,14385.0,-19.0,-0.0013208202989224,12,"cnbc_60d876ce,cnbc_da5eaddb,cnbc_bcdff2a9,cnbc_650d035b,cnbc_16baf2e8,cnbc_7f86c8cd,cnbc_35331d49,cnbc_ab8b84f3,cnbc_4e571cd3,cnbc_6d12de01,cnbc_575dc607,cnbc_8ab04a44",True,0,-0.0015313935681470138,-0.0013208202989224,-0.0013190780338794,0.0019476905954368,0.0023698334146511,-0.0011402825675825845,0.0008011424988678684,0.0017791341756418523,0.0016173197998169053,0.0013243186728932876,0.0046856423526120405,2
2022-02-10,14344,14366.0,-22.0,-0.001531393568147,9,"cnbc_5ff6e280,cnbc_160ae0e2,cnbc_f9061bff,cnbc_7fb4eaec,cnbc_0ad9857d,cnbc_161ed38f,cnbc_67c3540b,cnbc_427501cc,cnbc_50c9d348",True,1,0.001045733407696598,-0.001531393568147,-0.0013208202989224,-0.0013190780338794,-0.0003476809679438,-0.0021565217391303904,-0.0008776451248903028,0.0014510152986044178,0.0016649115862230185,-0.0025728391627842795,0.0029366522164733233,3
2022-02-11,14359,14344.0,15.0,0.0010457334076965,9,"cnbc_7efa0744,cnbc_03e2da5a,cnbc_3f4d8dd5,cnbc_648f18cb,cnbc_96c2f274,cnbc_f8b96e1b,cnbc_589612c0,cnbc_b6a0cc17,cnbc_e2697b18",True,0,-0.0014624973883975206,0.0010457334076965,-0.001531393568147,-0.0013208202989224,0.0019476905954368,-0.0008767291046229975,0.0,0.0016154938750003985,0.001673828707197417,-0.001182526432943809,0.0033540633079449655,4
2022-02-14,14338,14359.0,-21.0,-0.0014624973883975,27,"cnbc_b04c8084,cnbc_17530b64,cnbc_81817bbb,cnbc_80cdaebe,cnbc_48cffa5b,cnbc_450eef22,cnbc_17a2915c,cnbc_8e8b2ee0,cnbc_4c8a608f,cnbc_04d962f2,cnbc_324852f6,cnbc_5b37b881,cnbc_514781d3,cnbc_91349395,cnbc_60868f82,cnbc_aec23837,cnbc_55b79744,cnbc_2a6821f0,cnbc_6f9f4491,cnbc_ff240bee,cnbc_90d68bff,cnbc_962f7468,cnbc_6ed108b8,cnbc_ae6c6395,cnbc_6dfcb3f0,cnbc_6b421dc7,cnbc_b2e0e924",True,0,-0.0032082577765378713,-0.0014624973883975,0.0010457334076965,-0.001531393568147,-0.0013190780338794,-0.0014207711165589165,-0.0015598451296621185,0.0011013747089983002,0.0017127916773784658,-0.004582060538739219,0.0019566736547869112,0
2022-02-15,14292,14338.0,-46.0,-0.0032082577765378,11,"cnbc_128ef567,cnbc_1115d860,cnbc_8a8be451,cnbc_1f0d36bc,cnbc_b0d962a7,cnbc_988c126a,cnbc_3727c6ef,cnbc_98262faf,cnbc_8ad28df6,cnbc_31eaabf9,cnbc_039e0f16",True,0,-0.0009795689896445563,-0.0032082577765378,-0.0014624973883975,0.0010457334076965,-0.0013208202989224,-0.0033333798239862933,-0.00465566532138717,0.001518567679410709,0.001852110305558559,-0.006465067778936406,-0.0021643510437757696,1
2022-02-16,14278,14292.0,-14.0,-0.0009795689896445,8,"cnbc_1f0137ae,cnbc_178ba019,cnbc_96004134,cnbc_c62b2888,cnbc_32841c81,cnbc_951247f8,cnbc_5781e29e,cnbc_ab6d69a3",True,1,0.001610869869729654,-0.0009795689896445,-0.0032082577765378,-0.0014624973883975,-0.001531393568147,-0.0030861180544888844,-0.005467906523177635,0.0015247980107978946,0.0018611616021454575,-0.006125574272588086,-0.0032809773123909647,2
2022-02-17,14301,14278.0,23.0,0.0016108698697296,13,"cnbc_c1f41f07,cnbc_30e605d5,cnbc_20ad654c,cnbc_09e849be,cnbc_c0ba78c6,cnbc_91b40d90,cnbc_a1e2386a,cnbc_2d6dea6d,cnbc_6b663777,cnbc_ea3b7de7,cnbc_da918d36,cnbc_0a2d9b1c,cnbc_7348c038",True,1,0.0026571568421788687,0.0016108698697296,-0.0009795689896445,-0.0032082577765378,0.0010457334076965,-0.0008802816901408717,-0.00362640693093097,0.001954952629628907,0.0017460671467968952,-0.002997769102063619,-0.004801670146137749,3
2022-02-18,14339,14301.0,38.0,0.0026571568421788,9,"cnbc_0293a23d,cnbc_300e937c,cnbc_07d7ab2d,cnbc_9b25f739,cnbc_feb4cda6,cnbc_3b90df45,cnbc_2f6a08ec,cnbc_d17da341,cnbc_302ea4ed",True,0,-0.0006973987028384127,0.0026571568421788,0.0016108698697296,-0.0009795689896445,-0.0014624973883975,0.002054564767708378,-0.0009266807410658329,0.0023803679838627365,0.0018473292237745178,-0.001392854655616671,-0.0010450048766894593,4
2022-02-21,14329,14339.0,-10.0,-0.0006973987028384,25,"cnbc_be3715f6,cnbc_c6821f24,cnbc_afb7eb19,cnbc_baf35b19,cnbc_5c48f947,cnbc_38590ee6,cnbc_319fa12e,cnbc_d90d8bfb,cnbc_dea2dcbc,cnbc_312acb24,cnbc_df6335c9,cnbc_d67e724b,cnbc_7254936a,cnbc_670243a8,cnbc_b8622efb,cnbc_e936c81a,cnbc_738f1cc3,cnbc_621ceeba,cnbc_3eec0b95,cnbc_98a19655,cnbc_f7150178,cnbc_b4679184,cnbc_b888860a,cnbc_6e058c9f,cnbc_856db87e",True,1,0.002303021843813246,-0.0006973987028384,0.0026571568421788,0.0016108698697296,-0.0032082577765378,0.001481709277457055,-0.0015608233343088473,0.0023085729183249313,0.0018505330209657009,-0.000627702608453018,-0.001254617690109483,0
2022-02-22,14362,14329.0,33.0,0.0023030218438132,11,"cnbc_a8ce442c,cnbc_18e13360,cnbc_4d32da72,cnbc_c8961b5b,cnbc_3c253f56,cnbc_ade27c33,cnbc_b62615c4,cnbc_5bdb8493,cnbc_eec553cb,cnbc_78f03aed,cnbc_d8dfeda5",True,0,-0.000487397298426403,0.0023030218438132,-0.0006973987028384,0.0026571568421788,-0.0009795689896445,0.002806909745981745,0.0006165893897855934,0.0017040252852606808,0.0018945111383486507,0.004897844948222874,0.002442939903678276,1
2022-02-23,14355,14362.0,-7.0,-0.0004873972984264,18,"cnbc_da14e4d3,cnbc_f0469fd2,cnbc_5e035d5b,cnbc_604f5c7f,cnbc_2df53e73,cnbc_f9d6e200,cnbc_6334e7f0,cnbc_366024ad,cnbc_32781296,cnbc_23fd98c8,cnbc_3c2d4c86,cnbc_de869ece,cnbc_338852f6,cnbc_f27e3050,cnbc_c16e2d50,cnbc_0b4070b0,cnbc_010096a6,cnbc_0f3dd59a",True,1,0.001114594218042494,-0.0004873972984264,0.0023030218438132,-0.0006973987028384,0.0016108698697296,0.0012415255419466753,0.00013934369121448853,0.0015716926858785527,0.0018361079036822224,0.005392912172573094,-0.00020894274968663584,2
2022-02-24,14371,14355.0,16.0,0.0011145942180424,9,"cnbc_516b45e6,cnbc_470f2bb5,cnbc_63db53ff,cnbc_5d356b95,cnbc_fb6ed5f0,cnbc_dfc00427,cnbc_58b969ac,cnbc_6e7bc96f,cnbc_0ef833d9",True,0,-0.0001391691601141187,0.0011145942180424,-0.0004873972984264,0.0023030218438132,0.0026571568421788,0.0013796755671999783,0.0011669017886688504,0.0015450128335407034,0.00184166218446312,0.004894762604013669,0.0017426460337375271,3
2022-02-25,14369,14371.0,-2.0,-0.0001391691601141,22,"cnbc_f1f22309,cnbc_0358a062,cnbc_af3fe680,cnbc_38f530ac,cnbc_daaccde4,cnbc_86acf956,cnbc_6919ad7e,cnbc_bbbb88f7,cnbc_8dd804bf,cnbc_d0ce3a43,cnbc_a5b4591f,cnbc_e933f5fd,cnbc_7ec88606,cnbc_c6a8d7a7,cnbc_bb9003ad,cnbc_755f4f85,cnbc_ef7ed341,cnbc_b76bd7c0,cnbc_f3220499,cnbc_e3757907,cnbc_907abedc,cnbc_7946ae08",True,0,-0.001322291043218039,-0.0001391691601141,0.0011145942180424,-0.0004873972984264,-0.0006973987028384,0.0008218872760705764,0.0010833632332296617,0.0012661797066097886,0.001734633551081134,0.0020921961085151874,-0.0011122697254084546,4
2022-03-01,14350,14369.0,-19.0,-0.001322291043218,77,"cnbc_39afddee,cnbc_bd809c3e,cnbc_2c34a467,cnbc_da83d675,cnbc_06d27501,cnbc_6bec935b,cnbc_5c4536a4,cnbc_1196fae4,cnbc_2674da5c,cnbc_349a92c3,cnbc_a9c0bad8,cnbc_9b6f862f,cnbc_c027ab3e,cnbc_1a5548b6,cnbc_46abb93b,cnbc_382d8bd5,cnbc_02c40e15,cnbc_49f98198,cnbc_12fc1126,cnbc_ce999ffc,cnbc_e4b637eb,cnbc_aa926b2f,cnbc_5bc9e315,cnbc_24112344,cnbc_fb8558d5,cnbc_eb9b5b5e,cnbc_e886fe60,cnbc_798d6d18,cnbc_a05f6921,cnbc_550bd8c6,cnbc_883d43c9,cnbc_ff316d7b,cnbc_f166d784,cnbc_853317d7,cnbc_af8d39d6,cnbc_5e61dd23,cnbc_9bf7efbd,cnbc_c80e923b,cnbc_00ba320f,cnbc_1cb50075,cnbc_1b44710c,cnbc_c0bc6e55,cnbc_9f4e0c86,cnbc_9df54c66,cnbc_44e2c9e2,cnbc_8552995d,cnbc_b6eb7350,cnbc_0f6a8674,cnbc_04ba35da,cnbc_0fb5bdd1,cnbc_79943487,cnbc_d0a6302c,cnbc_8fe11c74,cnbc_971dc798,cnbc_48e86f74,cnbc_8725fa00,cnbc_c4fea118,cnbc_cd97101d,cnbc_b6b1b432,cnbc_134514b6,cnbc_14335b59,cnbc_d242e889,cnbc_7ce1b4c8,cnbc_c28ac36f,cnbc_fe3b1bbf,cnbc_e2dae857,cnbc_cd8a589d,cnbc_af62b772,cnbc_acd59994,cnbc_f8fe3a2d,cnbc_28f66402,cnbc_ce86939b,cnbc_4aeafc01,cnbc_4ac2a209,cnbc_c04d8f35,cnbc_90bcfb41,cnbc_b8237888",True,1,0.001602787456445993,-0.001322291043218,-0.0001391691601141,0.0011145942180424,0.0023030218438132,-0.0007937944768615646,-0.0001323866526382611,0.0014247944875505154,0.0017572931886960484,0.0014655593551538004,-0.0021556220012516336,1
2022-03-02,14373,14350.0,23.0,0.0016027874564459,25,"cnbc_42b17acc,cnbc_eafd966a,cnbc_a0802987,cnbc_f0075063,cnbc_833d9c6f,cnbc_0357e01d,cnbc_26a59d90,cnbc_0173ed32,cnbc_e5880cfb,cnbc_b1aae20a,cnbc_2d33d70b,cnbc_cd47bcec,cnbc_823ec4da,cnbc_bb8728e2,cnbc_b9ebf0d8,cnbc_2a38baf6,cnbc_ed6d8969,cnbc_15c17d7d,cnbc_716f27ee,cnbc_d9f56f14,cnbc_51346ac7,cnbc_da422366,cnbc_7c7e37ea,cnbc_1fac1f26,cnbc_15b6f8e9",True,1,0.0006957489737702637,0.0016027874564459,-0.001322291043218,-0.0001391691601141,-0.0004873972984264,0.0006544320365367007,0.0015364836474240917,0.0011935765376835503,0.0017888633159089526,0.0007659100403842878,-0.0013201778765981054,2
2022-03-04,14383,14373.0,10.0,0.0006957489737702,56,"cnbc_4e154a59,cnbc_f2151381,cnbc_715c77b8,cnbc_01016503,cnbc_e16f8726,cnbc_bff85e5f,cnbc_01fc0802,cnbc_ddf47287,cnbc_d990331d,cnbc_74fffa7d,cnbc_a5c8dc68,cnbc_791d5a45,cnbc_1d3d4a2a,cnbc_d811bab4,cnbc_81a5585f,cnbc_4923f6b9,cnbc_191adcc8,cnbc_a9e3d5ca,cnbc_0c336b3b,cnbc_da754af9,cnbc_16ee352a,cnbc_e85d4729,cnbc_4ab5c205,cnbc_98ac04b4,cnbc_0e4b2ecc,cnbc_7773ab4b,cnbc_fedea1c7,cnbc_0c7c1890,cnbc_f88a2995,cnbc_9147e45a,cnbc_ab1eb02d,cnbc_41654fab,cnbc_8d4ca199,cnbc_d0e3abde,cnbc_c83f1bf0,cnbc_36baf4f5,cnbc_e7013bb5,cnbc_566e12e6,cnbc_a62afa44,cnbc_dbe839fe,cnbc_7aa550dd,cnbc_3b654581,cnbc_1a858c47,cnbc_c426eed9,cnbc_1a0d1a39,cnbc_69a4b813,cnbc_7490baba,cnbc_cadd749f,cnbc_9b645b27,cnbc_de153a84,cnbc_39e55441,cnbc_f0631f41,cnbc_779e441f,cnbc_d5b0e192,cnbc_2dbae3ed,cnbc_aa783bcf",True,1,0.00194674268233331,0.0006957489737702,0.0016027874564459,-0.001322291043218,0.0011145942180424,0.0009603874954764446,0.0021076100398877973,0.0011512311549942633,0.001642702367138567,0.0019505398815744535,0.002509235380218966,4
2022-03-07,14411,14383.0,28.0,0.0019467426823333,45,"cnbc_43e72596,cnbc_7a00a4c5,cnbc_7d5f80aa,cnbc_4b2e72bf,cnbc_890e3f48,cnbc_551b18be,cnbc_5b86bac8,cnbc_77386872,cnbc_f3e07116,cnbc_e10f59ec,cnbc_e7a53d3c,cnbc_3d4e77e2,cnbc_3092b7a3,cnbc_825b9816,cnbc_358d374e,cnbc_b05c79c3,cnbc_7cd21b5c,cnbc_39156e96,cnbc_14d6747d,cnbc_e68de9f6,cnbc_b6f26c57,cnbc_81810e32,cnbc_622448b4,cnbc_ba6dbd2c,cnbc_f456c1d1,cnbc_d142e04d,cnbc_4079147b,cnbc_c352648f,cnbc_3c159bef,cnbc_ef2d2f80,cnbc_7c367f30,cnbc_f5070723,cnbc_0889413c,cnbc_0acbc831,cnbc_47f8abce,cnbc_537fff39,cnbc_d5c1ae9c,cnbc_08275c09,cnbc_5f9e5f0d,cnbc_5abfdcd0,cnbc_db09428c,cnbc_8c90bd91,cnbc_938489e3,cnbc_6c466f30,cnbc_811b3f6f",True,0,-0.0011796544306432587,0.0019467426823333,0.0006957489737702,0.0016027874564459,-0.0001391691601141,0.002350944551094747,0.003953532925788483,0.0013285982698411029,0.0016147807131978804,0.00278338320228233,0.0020860858076627853,0
2022-03-08,14394,14411.0,-17.0,-0.0011796544306432,16,"cnbc_efd36aa1,cnbc_3932f59f,cnbc_a57927d1,cnbc_80e0e6fd,cnbc_0b625e0e,cnbc_c2b37b64,cnbc_259c2f9d,cnbc_ae7ef67b,cnbc_c49a3759,cnbc_52bd9542,cnbc_b7a09617,cnbc_5d861148,cnbc_d7f387f5,cnbc_d8f36653,cnbc_3eff0501,cnbc_7ba5e139",True,0,-0.0015978880088925941,-0.0011796544306432,0.0019467426823333,0.0006957489737702,-0.001322291043218,0.0008204586224638266,0.0027063458062088763,0.001530930850807373,0.0016376227597857135,0.0017398566358131085,0.0012520868113523598,1
2022-03-09,14371,14394.0,-23.0,-0.0015978880088925,21,"cnbc_4d250ec7,cnbc_36859abb,cnbc_e8e56a1e,cnbc_0c39a1f4,cnbc_daf0f7c3,cnbc_1b258cc9,cnbc_b3d41454,cnbc_686778db,cnbc_c9331258,cnbc_c3be4aac,cnbc_786d90c8,cnbc_5a39da5d,cnbc_4e5a1372,cnbc_27d84b20,cnbc_58c3dc5f,cnbc_0b2741b0,cnbc_d56df08b,cnbc_bf7e65e0,cnbc_029f9733,cnbc_91de26a7,cnbc_6575c9b9",True,0,-0.005079674344165333,-0.0015978880088925,-0.0011796544306432,0.0019467426823333,0.0016027874564459,-0.001070455430128403,0.0012192148256522373,0.0016090977139920325,0.0016147063461015854,0.0014634146341463428,-0.0022910302693696094,2
2022-03-10,14298,14371.0,-73.0,-0.0050796743441653,19,"cnbc_7c4c830a,cnbc_acf9b739,cnbc_29c42a07,cnbc_8a2c8e25,cnbc_1e0fd63e,cnbc_e4233c75,cnbc_35c97f84,cnbc_b9b6e865,cnbc_99b24c62,cnbc_8bc88464,cnbc_21925aab,cnbc_dd432554,cnbc_6ceae03b,cnbc_aa4d3630,cnbc_4d4b2662,cnbc_97215d09,cnbc_eb5759b5,cnbc_a41b73bf,cnbc_b1236469",True,1,0.0005595188138201147,-0.0050796743441653,-0.0015978880088925,-0.0011796544306432,0.0006957489737702,-0.005107366018620274,-0.0035646710780777857,0.002673159375248271,0.0019472124019324771,-0.005218117303276926,-0.006047966631908208,3
2022-03-11,14306,14298.0,8.0,0.0005595188138201,20,"cnbc_da715634,cnbc_f98a5ea1,cnbc_f9d9cc13,cnbc_92f17fae,cnbc_f992de01,cnbc_a1b8eaa0,cnbc_819d21f1,cnbc_b1c6b870,cnbc_6574dfbf,cnbc_09c03fd5,cnbc_2380a426,cnbc_1279073e,cnbc_ce5eb612,cnbc_803c870d,cnbc_53c2ac27,cnbc_20eee8fd,cnbc_a070f6c6,cnbc_aa84fb6c,cnbc_0ed341d6,cnbc_a225451a",True,1,0.001537816300852789,0.0005595188138201,-0.0050796743441653,-0.0015978880088925,0.0019467426823333,-0.0034828643076065813,-0.0027986602677373407,0.0026516148845486544,0.001940788245266292,-0.005353542376416609,-0.00417652791312817,4
2022-03-14,14328,14306.0,22.0,0.0015378163008527,34,"cnbc_b4c34183,cnbc_c207c906,cnbc_7a273369,cnbc_3b3ecd95,cnbc_d34e5987,cnbc_635605b0,cnbc_4d176507,cnbc_1c9f5874,cnbc_98b0868d,cnbc_844341df,cnbc_397947be,cnbc_fbe0bb0e,cnbc_8b88b10b,cnbc_fab26f33,cnbc_6daab0f8,cnbc_5ab8483d,cnbc_ef60046d,cnbc_09fdc45b,cnbc_3217ba86,cnbc_f8fb7474,cnbc_68fd1b74,cnbc_c3949537,cnbc_d7b3efa7,cnbc_b2393dd2,cnbc_dbb07206,cnbc_65ee7335,cnbc_b8c7ef0b,cnbc_5cc2028b,cnbc_d008d5c5,cnbc_2aec9d1f,cnbc_427d6524,cnbc_667a4006,cnbc_3c8cff99,cnbc_f07206d4",True,0,-0.0004885538805136795,0.0015378163008527,0.0005595188138201,-0.0050796743441653,-0.0011796544306432,-0.0007950123436126777,-0.0012094511461901991,0.002539223061165326,0.0019519039526957607,-0.005759489279022922,-0.001115448968209698,0
2022-03-15,14321,14328.0,-7.0,-0.0004885538805136,16,"cnbc_d8038ab1,cnbc_503d941e,cnbc_0e190814,cnbc_0abd3090,cnbc_2a9b808e,cnbc_1d2dfa70,cnbc_f86242ee,cnbc_5180c450,cnbc_916fceaa,cnbc_642d91b7,cnbc_15f8cbab,cnbc_e2f8efff,cnbc_29592fdc,cnbc_58a8a786,cnbc_d00822f6,cnbc_48f265a1",True,0,-0.0006982752601075344,-0.0004885538805136,0.0015378163008527,0.0005595188138201,-0.0015978880088925,-0.0002652742097620786,-0.0015651743478730662,0.0025560934205259805,0.0019364971503898426,-0.005071557593441689,-0.002646423845671708,1
2022-03-16,14311,14321.0,-10.0,-0.0006982752601075,18,"cnbc_a56085cc,cnbc_9ccbe603,cnbc_9deec8ee,cnbc_e9407fbe,cnbc_a5a6524c,cnbc_a7aa1a6d,cnbc_a26739e8,cnbc_3f2eba37,cnbc_00e51b09,cnbc_3a90737d,cnbc_668417c2,cnbc_8d206ae4,cnbc_0cbd7f28,cnbc_45f60ced,cnbc_e6e09536,cnbc_d99a67f4,cnbc_d401d094,cnbc_fac529b7",True,0,-0.00146740269722591,-0.0006982752601075,-0.0004885538805136,0.0015378163008527,-0.0050796743441653,-0.0001257615560895653,-0.0021684411627307387,0.0025362823174052427,0.0019162692078258292,-0.004175074803423606,-0.0018831078253591649,2
2022-03-17,14290,14311.0,-21.0,-0.0014674026972259,22,"cnbc_22fc4988,cnbc_3a8d9be5,cnbc_9d4832d8,cnbc_1cc5ffce,cnbc_456bb204,cnbc_337bf7c9,cnbc_571377b8,cnbc_23222b98,cnbc_9360a1a1,cnbc_47d77c88,cnbc_472fb8f4,cnbc_e79a2838,cnbc_2abe4cee,cnbc_61ff7e22,cnbc_d0c3be78,cnbc_74ef5d3c,cnbc_1bcdf316,cnbc_c80f857f,cnbc_2a118f14,cnbc_fe090924,cnbc_c8723a8b,cnbc_e9c76600",True,1,0.0034989503149055285,-0.0014674026972259,-0.0006982752601075,-0.0004885538805136,0.0005595188138201,-0.0014813572586506174,-0.003625714684144521,0.0011721195966068712,0.0018035130286167096,-0.0005595188138201035,-0.00013993842709203452,3
2022-03-18,14340,14290.0,50.0,0.0034989503149055,17,"cnbc_497a3442,cnbc_7d903648,cnbc_04907b45,cnbc_7713f6b2,cnbc_ab237515,cnbc_87509fd8,cnbc_dc5261c9,cnbc_72340212,cnbc_55a16e3d,cnbc_4e6e0add,cnbc_4ebb5cd3,cnbc_270ccd4e,cnbc_53889933,cnbc_42b7b3e3,cnbc_fd0fe31b,cnbc_ea7a3745,cnbc_a0527e36",True,1,6.97350069735007e-05,0.0034989503149055,-0.0014674026972259,-0.0006982752601075,0.0015378163008527,0.0015365274479675062,-0.00035552209465250506,0.002021866822804065,0.0019484081245578616,0.002376625192227033,0.004342344866227865,4
2022-03-21,14341,14340.0,1.0,6.97350069735007e-05,24,"cnbc_c066a40a,cnbc_5d30f098,cnbc_d8fd3bf6,cnbc_c5f2b8e8,cnbc_ab623f36,cnbc_a0e5217b,cnbc_97b0944c,cnbc_dfb6506b,cnbc_44e1549d,cnbc_293ae175,cnbc_7857248e,cnbc_32b59e23,cnbc_7275efb5,cnbc_14278f12,cnbc_bf188d40,cnbc_841c5f17,cnbc_dc460cad,cnbc_445df4d2,cnbc_9e987cc8,cnbc_5073f878,cnbc_322266dd,cnbc_6c09d293,cnbc_cb07568e,cnbc_09dfe200",True,1,0.0011854124538037793,6.97350069735007e-05,0.0034989503149055,-0.0014674026972259,-0.0004885538805136,0.0014245213189392203,-0.00042517303148370544,0.001933896012674425,0.0019207207506796728,0.000907314349525512,0.002797007202293589,0
2022-03-22,14358,14341.0,17.0,0.0011854124538037,12,"cnbc_f28ff8d5,cnbc_5949a566,cnbc_505b997e,cnbc_e8179467,cnbc_a240d8c8,cnbc_2d33d41f,cnbc_0a3f81f7,cnbc_1faebc7b,cnbc_1b42cd3e,cnbc_017cc555,cnbc_db0b28fe,cnbc_f829aa34",True,0,-0.00048753308260203373,0.0011854124538037,6.97350069735007e-05,0.0034989503149055,-0.0006982752601075,0.0020938023450587373,0.0006934740260873262,0.0019334938936099032,0.0018460039043484739,0.002583618462397963,0.001325057535392915,1
2022-03-23,14351,14358.0,-7.0,-0.000487533082602,15,"cnbc_f6d52286,cnbc_476e212d,cnbc_82a46f39,cnbc_fb643f7f,cnbc_acabb914,cnbc_469b438c,cnbc_fc0a6d03,cnbc_69383be3,cnbc_8d32f6c8,cnbc_3c8bdfd7,cnbc_7507d3c6,cnbc_90454b92,cnbc_fbaf872e,cnbc_74965f14,cnbc_f4f5e71f",True,1,0.0006968155529231412,-0.000487533082602,0.0011854124538037,6.97350069735007e-05,-0.0014674026972259,0.0010463169642858094,0.00012892749744763954,0.001902407459619092,0.0018420173209336111,0.0027950527566207306,0.0015353478958755051,2
2022-03-24,14361,14351.0,10.0,0.0006968155529231,20,"cnbc_31c1977f,cnbc_262048e0,cnbc_fb413a02,cnbc_5642ac5d,cnbc_869878ba,cnbc_c8531ade,cnbc_7ee00d99,cnbc_1a44918c,cnbc_9a536740,cnbc_1f1d5adc,cnbc_a91fadb5,cnbc_1839fbc0,cnbc_1d9da50d,cnbc_f9da64a3,cnbc_ff91c208,cnbc_d66b486a,cnbc_2d39a15e,cnbc_60505459,cnbc_d5d623b7,cnbc_0fa7ae07",True,0,-0.0013926606782257503,0.0006968155529231,-0.000487533082602,0.0011854124538037,0.0034989503149055,0.0007526027511810529,0.0008293203058031828,0.0015369556508850995,0.0017736638588112207,0.00496850944716587,-6.96281854895009e-05,3
2022-03-25,14341,14361.0,-20.0,-0.0013926606782257,25,"cnbc_00f23aaf,cnbc_8eb6c795,cnbc_e84b1000,cnbc_1172980f,cnbc_44cdbd7e,cnbc_0a1c4078,cnbc_b894b3af,cnbc_d550a787,cnbc_03fad2aa,cnbc_180d29fd,cnbc_666f79a9,cnbc_b8af411b,cnbc_49f86ec2,cnbc_65f65d8d,cnbc_1fb80ade,cnbc_6654011d,cnbc_885349a1,cnbc_e9621542,cnbc_84cdef42,cnbc_b4bec8eb,cnbc_7d873257,cnbc_8234d51f,cnbc_298ae424,cnbc_6048f0a9,cnbc_3dfc7239",True,1,0.001324872742486577,-0.0013926606782257,0.0006968155529231,-0.000487533082602,6.97350069735007e-05,-0.0006550340060207382,-0.0005157369462797101,0.001008932564372107,0.0017980861649067926,6.973500697360357e-05,-0.0009752699407872267,4
2022-03-28,14360,14341.0,19.0,0.0013248727424865,37,"cnbc_df28d603,cnbc_aef0a8d9,cnbc_53266050,cnbc_acf3964c,cnbc_32187b97,cnbc_39c4daed,cnbc_7259bd59,cnbc_cd26a739,cnbc_af2a2931,cnbc_4de9e6f4,cnbc_563258ab,cnbc_76557175,cnbc_01b76a84,cnbc_b99bc2ed,cnbc_6fd86b57,cnbc_6f43fb98,cnbc_a612f3c8,cnbc_a11712aa,cnbc_3d83e63e,cnbc_6cf26763,cnbc_f80ddef9,cnbc_ef93450c,cnbc_7a43e5b6,cnbc_6892e683,cnbc_99c1bbec,cnbc_31486cc0,cnbc_ce13e084,cnbc_606fdd31,cnbc_801f9662,cnbc_db5a0c83,cnbc_f4a5af30,cnbc_7443772d,cnbc_0dd4a8ac,cnbc_fed7aecd,cnbc_0ed43aed,cnbc_6345330e,cnbc_7a2a6647",True,1,0.0002785515320334262,0.0013248727424865,-0.0013926606782257,0.0006968155529231,0.0011854124538037,0.00040406292235029007,0.0008468167704569485,0.001169518942167492,0.0018058354364790666,0.0013248727424866047,-0.0007654303806277074,0
2022-03-29,14364,14360.0,4.0,0.0002785515320334,9,"cnbc_a313467b,cnbc_9bda989f,cnbc_b8652b6e,cnbc_dbf9cdb7,cnbc_e53f8852,cnbc_b373aeb7,cnbc_93e65d4e,cnbc_7fb58a62,cnbc_deb39732",True,0,-0.0010442773600668337,0.0002785515320334,0.0013248727424865,-0.0013926606782257,-0.000487533082602,0.0005990776989843738,0.0011430483147008008,0.0010559752821762728,0.0018070036154111066,0.0004178854993732717,-0.0003479713271626883,1
2022-03-30,14349,14364.0,-15.0,-0.0010442773600668,15,"cnbc_c5fac63a,cnbc_7455a5dc,cnbc_77cc16b0,cnbc_0a91f93b,cnbc_2eca2cec,cnbc_89070f70,cnbc_f291aedd,cnbc_dbd458fe,cnbc_ee002a83,cnbc_d4ae0146,cnbc_5810c4fd,cnbc_8a650b4e,cnbc_994cfc2d,cnbc_851a9122,cnbc_79b11096",True,1,0.0005575301414732734,-0.0010442773600668,0.0002785515320334,0.0013248727424865,0.0006968155529231,-0.0004179728317659226,0.0001010625507491536,0.0011559316960607596,0.001797468816792959,-0.0001393631105846005,-6.968641114979413e-05,2
2022-03-31,14357,14349.0,8.0,0.0005575301414732,15,"cnbc_d426a75b,cnbc_926b1b2d,cnbc_4f1f122f,cnbc_820d527b,cnbc_e59616b0,cnbc_c3e550b6,cnbc_2921412a,cnbc_43590cf2,cnbc_38361673,cnbc_9d73f9cf,cnbc_74078487,cnbc_6d7feb06,cnbc_4dcf6a66,cnbc_9650c101,cnbc_d54c244a",True,1,0.00048756704046806434,0.0005575301414732,-0.0010442773600668,0.0002785515320334,-0.0013926606782257,0.000195064859065619,0.0007144475229581282,0.0011356170322672176,0.0017632237183096958,-0.00027853213564510426,-0.0011131983580324745,3
2022-04-01,14364,14357.0,7.0,0.000487567040468,17,"cnbc_239c3ea1,cnbc_b4413855,cnbc_036749a5,cnbc_54839886,cnbc_eabbb7bb,cnbc_368d2be5,cnbc_7b79a5af,cnbc_b3ebec4b,cnbc_518283f5,cnbc_6d1f1b73,cnbc_4be5a5ba,cnbc_72d40c30,cnbc_d7c54247,cnbc_26f62842,cnbc_1846ce37,cnbc_59a20fcd,cnbc_fd476863",True,0,-0.0001392369813422445,0.000487567040468,0.0005575301414732,-0.0010442773600668,0.0013248727424865,0.0003621472546453397,0.0012686639992194326,0.0008598307388620992,0.0017591731928077925,0.0016037933198522758,-0.0013210039630119352,4
2022-04-04,14362,14364.0,-2.0,-0.0001392369813422,26,"cnbc_4ce27784,cnbc_2d6dfa3a,cnbc_14169736,cnbc_63053af3,cnbc_ca0afdfb,cnbc_17e4d47f,cnbc_59d2ca72,cnbc_1de6978f,cnbc_a1f12551,cnbc_ecb2a4de,cnbc_f9c07814,cnbc_5f568a57,cnbc_c8a33a45,cnbc_6120ee19,cnbc_3beabe3f,cnbc_c2261230,cnbc_1a67abeb,cnbc_2db32331,cnbc_05d3c32c,cnbc_ff5b1159,cnbc_e18eb1de,cnbc_580e5c0f,cnbc_c73bbd72,cnbc_25729c0c,cnbc_6582d028,cnbc_8465454e",True,0,-0.000974794596852806,-0.0001392369813422,0.000487567040468,0.0005575301414732,0.0002785515320334,0.00019499693576241484,0.0013002541247337795,0.0006580514886478271,0.0016942866365041971,0.0001392757660167998,-0.003400180417736487,0
2022-04-05,14348,14362.0,-14.0,-0.0009747945968528,16,"cnbc_19ca9ed1,cnbc_49b6bbe9,cnbc_14025ee5,cnbc_8db2ae76,cnbc_256449e7,cnbc_4645c140,cnbc_aa897cea,cnbc_69aedff7,cnbc_86e2ba97,cnbc_f3286a46,cnbc_762768a4,cnbc_80ea109d,cnbc_6c9e3553,cnbc_1534bb81,cnbc_ab2e3809,cnbc_b464bb59",True,1,0.001115137998327293,-0.0009747945968528,-0.0001392369813422,0.000487567040468,-0.0010442773600668,-0.0005572582892170441,0.0004846228135317876,0.0007682512678958845,0.0016884637685305134,-0.001113895850737956,-0.0031957760177852013,1
2022-04-06,14364,14348.0,16.0,0.0011151379983272,11,"cnbc_3cb46b32,cnbc_6b80106f,cnbc_43c28214,cnbc_931f2c05,cnbc_ccc24fb3,cnbc_f0853dfc,cnbc_d5dc22bf,cnbc_6fc8b4b9,cnbc_ff4259d3,cnbc_183bd741,cnbc_54301a36",True,0,-0.00034809245335561123,0.0011151379983272,-0.0009747945968528,-0.0001392369813422,0.0005575301414732,0.00034821366390414,0.0016247463512937266,0.0007973075442612235,0.0016756858036988708,0.0010453690152623096,-0.00048709206039943,2
2022-04-07,14359,14364.0,-5.0,-0.0003480924533556,14,"cnbc_e669f786,cnbc_94f6cc6f,cnbc_c302efa2,cnbc_235cc70c,cnbc_c7e08252,cnbc_379bafe1,cnbc_b25f41ba,cnbc_41a4fe47,cnbc_ab48cedb,cnbc_be4a675c,cnbc_fe91a9e6,cnbc_6ca9e8c3,cnbc_8c39cfe3,cnbc_b9aef4ba",True,1,0.0004178563966850059,-0.0003480924533556,0.0011151379983272,-0.0009747945968528,0.000487567040468,-2.7856317116325968e-05,0.0010631808278867005,0.0008012617502186998,0.0011869267859007167,0.0001393048687050591,0.004266330955378317,3
2022-04-08,14365,14359.0,6.0,0.000417856396685,14,"cnbc_d045c1cc,cnbc_0c7ba736,cnbc_b7425933,cnbc_645daa3e,cnbc_062804ed,cnbc_72855b92,cnbc_a911bd51,cnbc_f7cdf898,cnbc_300a1300,cnbc_c34ff95c,cnbc_bfe1e88e,cnbc_61c6cdaa,cnbc_29670201,cnbc_2739deb1",True,1,0.0003480682213713888,0.000417856396685,-0.0003480924533556,0.0011151379983272,-0.0001392369813422,0.00037605504331583717,0.0012755546571685539,0.0007918194240150543,0.0011851749398831047,6.961849067121939e-05,0.004124143715923401,4
2022-04-11,14370,14365.0,5.0,0.0003480682213713,18,"cnbc_dda04e72,cnbc_c3066ef5,cnbc_8f5aeee2,cnbc_5d411a25,cnbc_0077fb4b,cnbc_d0cef1b2,cnbc_37ddf917,cnbc_37d8c153,cnbc_61359c9b,cnbc_4639dcea,cnbc_29de075f,cnbc_0bec4039,cnbc_ea117ba0,cnbc_fe07f9af,cnbc_ee077276,cnbc_72930e49,cnbc_a7de87ad,cnbc_d295af1f",True,0,-0.0004175365344467641,0.0003480682213713,0.000417856396685,-0.0003480924533556,-0.0009747945968528,0.0006127621647216142,0.0014774754683319902,0.0007981805998478475,0.0011439761541313439,0.0005570254839157851,0.002931323283082099,0
2022-04-12,14364,14370.0,-6.0,-0.0004175365344467,9,"cnbc_f15d09bf,cnbc_522060e9,cnbc_ff0db84b,cnbc_2629d160,cnbc_9b262a04,cnbc_867466a4,cnbc_e5936cac,cnbc_10f9fd23,cnbc_cc05fd05",True,0,-0.00034809245335561123,-0.0004175365344467,0.0003480682213713,0.000417856396685,0.0011151379983272,-2.784662081256606e-05,0.0009093474648018685,0.0006296735042899693,0.0011420081646489229,0.001115137998327187,0.0030025836184623955,1
2022-04-13,14359,14364.0,-5.0,-0.0003480924533556,12,"cnbc_cd7a108b,cnbc_ecf690e1,cnbc_1174933a,cnbc_0704b6c4,cnbc_0023e3b9,cnbc_baa42507,cnbc_f4fb06f6,cnbc_1f1af1d8,cnbc_975c8e5e,cnbc_b189aeeb,cnbc_173a9171,cnbc_d435ae76",True,0,-0.0006964273278083432,-0.0003480924533556,-0.0004175365344467,0.0003480682213713,-0.0003480924533556,-0.00030633415486580606,0.0003936363288012945,0.0004148000719356309,0.0011309402195276805,-0.00034809245335565286,0.0033540633079449655,2
2022-04-14,14349,14359.0,-10.0,-0.0006964273278083,13,"cnbc_ed7a39cb,cnbc_73f797bc,cnbc_6ff0a994,cnbc_920b7b12,cnbc_1f0cb328,cnbc_f54c2ee7,cnbc_7b150d5c,cnbc_3edffea6,cnbc_00974247,cnbc_2311e8a3,cnbc_599945a1,cnbc_a6392a64,cnbc_2e20a2c0",True,1,0.00048783887378911424,-0.0006964273278083,-0.0003480924533556,-0.0004175365344467,0.000417856396685,-0.0008634255713231287,-0.0005084875629514096,0.0004948110052106395,0.0010844449265669288,-0.000696427327808391,0.004128761371588574,3
2022-04-18,14356,14349.0,7.0,0.0004878388737891,31,"cnbc_9e59e7e6,cnbc_ca0c600d,cnbc_5e6a7c06,cnbc_c284a842,cnbc_a020e56c,cnbc_9bddc004,cnbc_6b1441ba,cnbc_1fb83bdd,cnbc_759843d4,cnbc_dc3ebacb,cnbc_a549d22f,cnbc_2b4a45d2,cnbc_513d9fbf,cnbc_f573ae63,cnbc_d09cf015,cnbc_c08ec8f9,cnbc_9659cc19,cnbc_a43fa3ef,cnbc_ea206b64,cnbc_b8ea07cd,cnbc_de383b1a,cnbc_9d627a98,cnbc_7021e8fa,cnbc_5b9ad00f,cnbc_42dba667,cnbc_536407ca,cnbc_558b9f4f,cnbc_e5cd1fd9,cnbc_628ccc5e,cnbc_b3ae4591,cnbc_6464f1b8",True,0,-0.0006269155753691836,0.0004878388737891,-0.0006964273278083,-0.0003480924533556,0.0003480682213713,-0.00025070336221066913,-7.661714413076393e-05,0.0005150829595447191,0.0007653872046479483,-0.0006265227984685318,0.0011157601115761029,0
2022-04-19,14347,14356.0,-9.0,-0.0006269155753691,6,"cnbc_0c1170a0,cnbc_b45179bd,cnbc_ee2e63be,cnbc_78d1a0e5,cnbc_0207764b,cnbc_f97079fa",True,1,0.000278803931135429,-0.0006269155753691,0.0004878388737891,-0.0006964273278083,-0.0004175365344467,-0.0005572971090211931,-0.0007243651357488057,0.00047402548831040734,0.0007804352357618954,-0.0016005567153792866,0.0004183808660482846,1
2022-04-20,14351,14347.0,4.0,0.0002788039311354,8,"cnbc_2352212d,cnbc_58c32c51,cnbc_b9fdf05b,cnbc_3235b65a,cnbc_78fd5adc,cnbc_688d20b3,cnbc_4f3a2c5b,cnbc_13e1c7cc",True,0,-0.00020904466587694237,0.0002788039311354,-0.0006269155753691,0.0004878388737891,-0.0003480924533556,-9.75446615200104e-05,-0.0004213957602710039,0.0005364678471606671,0.0007342157933030927,-0.0009050403787246308,-0.0004875330826020763,2
2022-04-21,14348,14351.0,-3.0,-0.0002090446658769,15,"cnbc_a0f0dcee,cnbc_fbc062ca,cnbc_8dc64465,cnbc_98e51a24,cnbc_38ec6d5b,cnbc_a836f062,cnbc_97410f97,cnbc_b4e169d4,cnbc_cb1aaae3,cnbc_e877ce28,cnbc_1aacd0bb,cnbc_41faaf24,cnbc_011b0a02,cnbc_015593c2,cnbc_c3fcd551",True,1,0.0009060496236409256,-0.0002090446658769,0.0002788039311354,-0.0006269155753691,-0.0006964273278083,-0.00015330796783330491,-0.0006199109835688388,0.0005291925981927731,0.0007275754588794374,-0.0007660700605891524,-0.00020904466587690074,3
2022-04-22,14361,14348.0,13.0,0.0009060496236409,16,"cnbc_925b2ef3,cnbc_4e0b5e1e,cnbc_5ee38604,cnbc_0365f67e,cnbc_ec7d66f0,cnbc_3637714c,cnbc_7e0da01b,cnbc_2deb48d7,cnbc_a161838c,cnbc_517d39d9,cnbc_db0d8169,cnbc_23687730,cnbc_1825771a,cnbc_811cc2c4,cnbc_a795935c,cnbc_17615974",True,1,0.006336606085927164,0.0009060496236409,-0.0002090446658769,0.0002788039311354,0.0004878388737891,0.0005852598135529519,0.00028557696995878956,0.0005986115141744388,0.0007396801980437269,0.0008362952122098477,0.0,4
2022-04-25,14452,14361.0,91.0,0.0063366060859271,20,"cnbc_2643287b,cnbc_95a2ac71,cnbc_8df5a869,cnbc_8da48a76,cnbc_262366b5,cnbc_7f993da8,cnbc_aaa8c8a4,cnbc_c1fcf924,cnbc_78e14d4f,cnbc_2fa2e3a8,cnbc_47072e01,cnbc_eb32242d,cnbc_24ab78d1,cnbc_1b07083e,cnbc_1e01514c,cnbc_96612898,cnbc_5e2100c2,cnbc_91f69fa4,cnbc_c9085437,cnbc_c09c4c8b",True,0,-0.0027677830058123443,0.0063366060859271,0.0009060496236409,-0.0002090446658769,-0.0006269155753691,0.005580372674264922,0.006235008651030993,0.0028525767565338016,0.0015494886461111228,0.0066870994706045295,0.007740046021895264,0
2022-04-26,14412,14452.0,-40.0,-0.0027677830058123,11,"cnbc_9ecee31f,cnbc_b00c175d,cnbc_cd427591,cnbc_24cc63c9,cnbc_f6d2bde5,cnbc_fec4f8cb,cnbc_12eca849,cnbc_1a91596c,cnbc_8b59a06a,cnbc_6f486a6e,cnbc_3834bf6a",True,1,0.00041631973355537054,-0.0027677830058123,0.0063366060859271,0.0009060496236409,0.0002788039311354,0.0018908848228686992,0.003268349222592448,0.0033400905950872984,0.0016835219938275317,0.004530563880950744,0.0036211699164345745,1
2022-04-27,14418,14412.0,6.0,0.0004163197335553,11,"cnbc_795bfa70,cnbc_433e5f9d,cnbc_0ea0909b,cnbc_59b82040,cnbc_03164b3e,cnbc_b94c0adc,cnbc_4ca3bca5,cnbc_8105ae99,cnbc_720655e1,cnbc_029a2f49,cnbc_73af319e",True,1,0.004300180330142877,0.0004163197335553,-0.0027677830058123,0.0063366060859271,-0.0002090446658769,0.0013751718964869486,0.003497416088114047,0.003334165773403506,0.001684219159774633,0.004668664204585005,0.003759398496240518,2
2022-04-28,14480,14418.0,62.0,0.0043001803301428,12,"cnbc_674c1665,cnbc_c414dec2,cnbc_9df0a5cd,cnbc_ae667049,cnbc_5f8e3002,cnbc_a81fc53b,cnbc_07ae42e9,cnbc_442afbb7,cnbc_bec543ff,cnbc_b9f8374b,cnbc_07ff81b0,cnbc_bee37e97",True,1,0.003729281767955801,0.0043001803301428,0.0004163197335553,-0.0027677830058123,0.0009060496236409,0.003840661092855191,0.007353401556945416,0.0035497440646547977,0.0018896976180583184,0.009199888486200125,0.009129556066624911,3
2022-05-09,14534,14480.0,54.0,0.0037292817679558,100,"cnbc_86e7d0a4,cnbc_ae909631,cnbc_f257a91c,cnbc_6693ad94,cnbc_07615052,cnbc_882ee4d9,cnbc_5f845299,cnbc_452b2d99,cnbc_04f0b37b,cnbc_60ba1dc7,cnbc_acd67cf6,cnbc_5b13966f,cnbc_f8be4af0,cnbc_92f93866,cnbc_8ec17f0b,cnbc_6ae5a646,cnbc_428d4a2c,cnbc_a8c591b2,cnbc_3c491046,cnbc_afe5bbbf,cnbc_f4637d5b,cnbc_f88d7147,cnbc_ad361e7e,cnbc_ab0cb1c0,cnbc_1f98c92f,cnbc_a0d2f0c8,cnbc_57518e42,cnbc_625b4586,cnbc_6b76bff0,cnbc_5dd93523,cnbc_5bb26b73,cnbc_41d2c299,cnbc_13960527,cnbc_0ddb09bf,cnbc_564ef592,cnbc_185a2596,cnbc_6fdf5221,cnbc_1d22f8fb,cnbc_870ba9b7,cnbc_b0cb2cd0,cnbc_40ea94c7,cnbc_da36e528,cnbc_aeb8abfc,cnbc_ce2ae9d7,cnbc_77b0e2de,cnbc_1524dbc9,cnbc_ed9a0b57,cnbc_ebb0f84b,cnbc_e37352aa,cnbc_a37b2197,cnbc_f6c65e90,cnbc_245d362f,cnbc_083afde1,cnbc_66a4ae3a,cnbc_1ebb817b,cnbc_4880f406,cnbc_0b4f7c7f,cnbc_322f56e2,cnbc_33913b44,cnbc_4b1dcf87,cnbc_f8a3ef72,cnbc_d5c481f7,cnbc_7e040aa4,cnbc_5e1fe3be,cnbc_331341f1,cnbc_cc1ea9d2,cnbc_60e209a4,cnbc_296d9a96,cnbc_87db803b,cnbc_e700e6c1,cnbc_b9095c69,cnbc_eac49730,cnbc_e73f70e8,cnbc_8464c2f9,cnbc_33fa0af2,cnbc_1fc3fe63,cnbc_4348ac2b,cnbc_a455afd7,cnbc_68676333,cnbc_8bf21ccc,cnbc_ab3d0eff,cnbc_03b517d1,cnbc_d894c873,cnbc_c1765821,cnbc_e44110d0,cnbc_9e508baa,cnbc_86564546,cnbc_7a528dfb,cnbc_f23c3d3c,cnbc_17ebf16c,cnbc_86b3ce6e,cnbc_525c72d4,cnbc_f7736d48,cnbc_91892b6a,cnbc_e6d1969b,cnbc_80d46d7d,cnbc_f0b9e8eb,cnbc_cda2f10c,cnbc_f7ca3b23,cnbc_7d0f3e42",True,1,0.0008256501995321315,0.0037292817679558,0.0043001803301428,0.0004163197335553,0.0063366060859271,0.005173176939249791,0.010487966822288586,0.003588713861378284,0.0020267678401216863,0.012046514866652647,0.012328480880406723,0
2022-05-10,14546,14534.0,12.0,0.0008256501995321,8,"cnbc_da997571,cnbc_258f8426,cnbc_3aa187ce,cnbc_b890ed2f,cnbc_4cf591d9,cnbc_1cf2a742,cnbc_2cb51efa,cnbc_dfd2cfcf",True,0,0.0,0.0008256501995321,0.0037292817679558,0.0043001803301428,-0.0027677830058123,0.004696781323387134,0.010682832774583595,0.002848475310903362,0.0020270607638695386,0.006504290063658935,0.012670565302144166,1
2022-05-11,14546,14546.0,0.0,0.0,13,"cnbc_bfba6971,cnbc_28c73291,cnbc_df7624ba,cnbc_a1016cd5,cnbc_4469d31f,cnbc_d3fdfd34,cnbc_dc43d172,cnbc_b4f02f96,cnbc_5e79c337,cnbc_9c88795e,cnbc_6f46771d,cnbc_6b4ca138,cnbc_8efc2f15",True,1,0.0026811494568953665,0.0,0.0008256501995321,0.0037292817679558,0.0004163197335553,0.0028404390270806434,0.010037183755802426,0.002003885186787728,0.002024511182041574,0.009297807382736556,0.0128115861300655,2
2022-05-12,14585,14546.0,39.0,0.0026811494568953,12,"cnbc_d1e3d054,cnbc_f1c56607,cnbc_fdb96085,cnbc_640604e3,cnbc_d8ad0c13,cnbc_c06025dd,cnbc_ca7d0ff8,cnbc_166723c8,cnbc_fd921115,cnbc_2dbd0aa7,cnbc_c95f0716,cnbc_be9fdc9a",True,1,0.002331162152896812,0.0026811494568953,0.0,0.0008256501995321,0.0043001803301428,0.003219105528882382,0.011912608493544141,0.0018474500659668755,0.0020361797338505155,0.011582743792481587,0.016517981600222997,3
2022-05-13,14619,14585.0,34.0,0.0023311621528968,13,"cnbc_289249af,cnbc_30e2947f,cnbc_9c69d9cc,cnbc_980e34c9,cnbc_d023e01e,cnbc_c15e2223,cnbc_f0084f9b,cnbc_6b523d31,cnbc_0c9a34ff,cnbc_05eb7c76,cnbc_8313789a,cnbc_fb0c8ba5,cnbc_aff83661",True,1,0.002188932211505575,0.0023311621528968,0.0026811494568953,0.0,0.0037292817679558,0.0036386104627215143,0.013375109610739067,0.0014921201540678813,0.0020633846302655604,0.009599447513812143,0.017752715121136076,4
2022-05-17,14651,14619.0,32.0,0.0021889322115055,27,"cnbc_e9a904e1,cnbc_7e9cf173,cnbc_71c24835,cnbc_7511c5f6,cnbc_b60c8b3e,cnbc_a2e5da81,cnbc_7e4cb172,cnbc_057dd4a3,cnbc_4c663b81,cnbc_05d12d4e,cnbc_89f74abe,cnbc_68fd535b,cnbc_ec585639,cnbc_382fbdcb,cnbc_d4a65a7d,cnbc_2bec6c1f,cnbc_687805b3,cnbc_7dd04292,cnbc_99bf3f75,cnbc_c05baa63,cnbc_c507c48f,cnbc_bd2238d4,cnbc_3a419534,cnbc_d271312b,cnbc_a4cee4f7,cnbc_eb7324e3,cnbc_13885afa",True,1,0.002115896525834414,0.0021889322115055,0.0023311621528968,0.0026811494568953,0.0008256501995321,0.004222243546684545,0.014566518820136265,0.0011412489153922354,0.0020617493682432084,0.00805008944543828,0.02033567797200364,1
2022-05-18,14682,14651.0,31.0,0.0021158965258344,8,"cnbc_be00e77f,cnbc_aff53cb4,cnbc_48c3d23c,cnbc_016704c5,cnbc_dcdf3424,cnbc_2ceb39ae,cnbc_2c348449,cnbc_7a07743f",True,1,0.0033374199700313308,0.0021158965258344,0.0021889322115055,0.0023311621528968,0.0,0.0044743647633511685,0.015598519697022084,0.0010641312041146313,0.0020710618220764,0.009349649388147974,0.02206752523494604,2
2022-05-19,14731,14682.0,49.0,0.0033374199700313,13,"cnbc_ae40ccc7,cnbc_9887ea10,cnbc_8871da1c,cnbc_9f19edc0,cnbc_8142f0d8,cnbc_fde05f41,cnbc_6bb771df,cnbc_95214f40,cnbc_1936792e,cnbc_99f68ac0,cnbc_3b147ff3,cnbc_c284516f,cnbc_f1911b15",True,0,-0.004751883782499491,0.0033374199700313,0.0021158965258344,0.0021889322115055,0.0026811494568953,0.005281978489927397,0.01771730381946246,0.0005005283259046701,0.002121646708762302,0.012718273064760144,0.025121781489213735,3
2022-05-20,14661,14731.0,-70.0,-0.0047518837824994,7,"cnbc_1503536c,cnbc_ddada43c,cnbc_d04bd294,cnbc_a35b0ccd,cnbc_08f24fa8,cnbc_4ef2a8d0,cnbc_d446cd33",True,1,0.0002728326853557056,-0.0047518837824994,0.0033374199700313,0.0021158965258344,0.0023311621528968,-0.0005317408376962485,0.011843140502712401,0.003277524288684725,0.0024896876354318412,0.005210833047651686,0.020676691729323293,4
2022-05-23,14665,14661.0,4.0,0.0002728326853557,21,"cnbc_8343c54d,cnbc_afd596eb,cnbc_7f01d74c,cnbc_747e6792,cnbc_78b75bd3,cnbc_fbd43872,cnbc_ab6d282e,cnbc_34aed2d8,cnbc_af7331f6,cnbc_dc6e0595,cnbc_ab7231d5,cnbc_d8b6f47d,cnbc_3ff1fa3c,cnbc_25a812e7,cnbc_bc28e79b,cnbc_61f844f3,cnbc_cb9b970d,cnbc_dfe87acb,cnbc_87e401bb,cnbc_d67be4bd,cnbc_62362db0",True,0,-0.0008182748039549949,0.0002728326853557,-0.0047518837824994,0.0033374199700313,0.0021889322115055,-0.0008856792478538766,0.011051590174219417,0.0032039228971402207,0.0024754718754660095,0.0031465900540392777,0.02131067623093541,0
2022-05-24,14653,14665.0,-12.0,-0.0008182748039549,18,"cnbc_759df095,cnbc_08e49e79,cnbc_5733939e,cnbc_a95d880b,cnbc_f2096b19,cnbc_a94e0d97,cnbc_96c898f0,cnbc_ae10a9b8,cnbc_1a868bc1,cnbc_97568e22,cnbc_75e45e7d,cnbc_3ae5e68c,cnbc_4e6c4bcf,cnbc_6656d0a6,cnbc_2cf93d67,cnbc_c5d7fadc,cnbc_f3fdf1d1,cnbc_1d22244e",True,0,-0.0005459632839691531,-0.0008182748039549,0.0002728326853557,-0.0047518837824994,0.0021158965258344,-0.0017304338347503556,0.009166729798414597,0.0031198932018034384,0.0024801619299144933,0.00013650945327969843,0.02118614537598429,1
2022-05-25,14645,14653.0,-8.0,-0.0005459632839691,10,"cnbc_ee56da79,cnbc_416a5b57,cnbc_275a1e6a,cnbc_1094af02,cnbc_7f7e1b51,cnbc_387689ea,cnbc_f455955c,cnbc_62b67ecb,cnbc_dda11f59,cnbc_057a5d10",True,0,-0.004574940252645954,-0.0005459632839691,-0.0008182748039549,0.0002728326853557,0.0033374199700313,-0.0017722036670984043,0.007612999549343469,0.0028941744362857265,0.0025031983220259835,-0.002520092630431847,0.02013095569796608,2
2022-05-27,14578,14645.0,-67.0,-0.0045749402526459,28,"cnbc_a50cf4f4,cnbc_def3fd89,cnbc_776e80bb,cnbc_06589c45,cnbc_1db5ecfb,cnbc_3d98065c,cnbc_ff5558c2,cnbc_239b819f,cnbc_b2f4ba80,cnbc_268e5bd9,cnbc_772ca88d,cnbc_9ac1e8a6,cnbc_87239a9e,cnbc_66f8c0b2,cnbc_f0656638,cnbc_f3d7c6a3,cnbc_91874d28,cnbc_83dab48c,cnbc_5078e6ab,cnbc_b3d3061f,cnbc_a91634ad,cnbc_89b7b00e,cnbc_6387c63d,cnbc_1a75ff18,cnbc_aa38ad8b,cnbc_7bd2b296,cnbc_4d4ca1b9,cnbc_d9894905",True,0,-0.002332281520098779,-0.0045749402526459,-0.0005459632839691,-0.0008182748039549,-0.0047518837824994,-0.004262178628999136,0.0022068074165229046,0.0023898046003136006,0.0027787536033943437,-0.010386260267463143,0.016100927023070977,4
2022-05-30,14544,14578.0,-34.0,-0.0023322815200987,8,"cnbc_ee2063d7,cnbc_79e18f9c,cnbc_d96d3cf9,cnbc_05c85f92,cnbc_630e6986,cnbc_c9d03bf5,cnbc_c4b4b54a,cnbc_e1e37672",True,1,0.0033003300330033004,-0.0023322815200987,-0.0045749402526459,-0.0005459632839691,0.0002728326853557,-0.004994184853253092,-0.0007935117532487101,0.0019115501106936052,0.002864669492713921,-0.007980356046654369,0.013448540171416612,0
2022-05-31,14592,14544.0,48.0,0.0033003300330033,6,"cnbc_e03e3312,cnbc_3efb7616,cnbc_48546ea1,cnbc_401312e6,cnbc_6473b37a,cnbc_57f9aba2",True,0,-0.004523026315789474,0.0033003300330033,-0.0023322815200987,-0.0045749402526459,-0.0008182748039549,-0.0007122116912288146,0.0016646359252459053,0.0028847450901486158,0.002914897567397664,-0.004977838390726186,0.017005854474491322,1
2022-06-02,14526,14592.0,-66.0,-0.0045230263157894,16,"cnbc_f269f8fe,cnbc_cc1f0efc,cnbc_12f120d9,cnbc_3d323619,cnbc_ab5e507f,cnbc_5322c87c,cnbc_00d65226,cnbc_20f33f38,cnbc_78fadbd2,cnbc_ff453408,cnbc_de20bc84,cnbc_566406ed,cnbc_ae9fc7fc,cnbc_4c4df827,cnbc_e44264c3,cnbc_2b448f87",True,0,-0.006539997246316949,-0.0045230263157894,0.0033003300330033,-0.0023322815200987,-0.0005459632839691,-0.0034986622761885577,-0.003430296377607056,0.0032773256356504587,0.0031522897419783164,-0.0086671671330103,0.011489450595362438,3
2022-06-03,14431,14526.0,-95.0,-0.0065399972463169,9,"cnbc_7635ecf8,cnbc_4b24d492,cnbc_29b3996b,cnbc_ae1d3145,cnbc_2de15e0b,cnbc_776f49a6,cnbc_0774124e,cnbc_30347116,cnbc_5a1d7d1c",True,1,0.002148153281130899,-0.0065399972463169,-0.0045230263157894,0.0033003300330033,-0.0045749402526459,-0.007100494007238112,-0.009876534739398868,0.00378978369348096,0.00322789030982962,-0.01461249573233181,-0.001453086078051502,4
2022-06-06,14462,14431.0,31.0,0.0021481532811308,12,"cnbc_72b806c9,cnbc_0898e21a,cnbc_77bc7707,cnbc_3f02983c,cnbc_04ae94aa,cnbc_30126f09,cnbc_bb17d217,cnbc_9bfda1dd,cnbc_ead1b53c,cnbc_23a3f597,cnbc_319d0030,cnbc_baa5abab",True,1,0.00013829345871940258,0.0021481532811308,-0.0065399972463169,-0.0045230263157894,-0.0023322815200987,-0.0033767486734201935,-0.007919766488652003,0.004229220191933419,0.00319850266322541,-0.00795719577445464,0.003469331112961438,0
2022-06-07,14464,14462.0,2.0,0.0001382934587194,10,"cnbc_70a7e5b2,cnbc_6e84a402,cnbc_3ecbbca0,cnbc_e76eb39a,cnbc_eca4223d,cnbc_07730280,cnbc_89148cea,cnbc_9cd98450,cnbc_6d0da879,cnbc_3a88fca7",True,1,0.000898783185840708,0.0001382934587194,0.0021481532811308,-0.0065399972463169,0.0033003300330033,-0.002138668506381558,-0.007939093605857428,0.004264895695749688,0.003198016720902936,-0.005500550055005493,0.0031904563739770797,1
2022-06-08,14477,14464.0,13.0,0.0008987831858407,5,"cnbc_8c594d80,cnbc_bfb331d7,cnbc_4064a605,cnbc_1f49283f,cnbc_3d34ff3e",True,1,0.0053878566001243355,0.0008987831858407,0.0001382934587194,0.0021481532811308,-0.0045230263157894,0.0003454947484797799,-0.007037230102334813,0.003750296766079792,0.0030536720168095484,-0.007881030701754388,-0.00020718232044203422,2
2022-06-09,14555,14477.0,78.0,0.0053878566001243,11,"cnbc_5717f694,cnbc_b1b71ce9,cnbc_79c872bd,cnbc_1f137661,cnbc_b1f7158f,cnbc_16a241af,cnbc_3b080f41,cnbc_f1987daa,cnbc_3f17d469,cnbc_8b623db1,cnbc_1bb1c8a5",True,1,0.0009618687736173136,0.0053878566001243,0.0008987831858407,0.0001382934587194,-0.0065399972463169,0.005332301869068523,-0.001759180832130225,0.004370794296714298,0.003180341812363361,0.0019964202120335006,0.0014448878491812867,3
2022-06-10,14569,14555.0,14.0,0.0009618687736173,3,"cnbc_e637b6de,cnbc_90551c80,cnbc_81095424",True,1,0.0070698057519390485,0.0009618687736173,0.0053878566001243,0.0008987831858407,0.0021481532811308,0.004384574020709575,-0.0008778065808061619,0.002074404407524927,0.0031821748059377556,0.009562746864389071,0.0015811907053484564,4
2022-06-13,14672,14569.0,103.0,0.007069805751939,30,"cnbc_ca3b04e3,cnbc_24b20460,cnbc_757f2871,cnbc_c46295ef,cnbc_0f1b6731,cnbc_9ae6b378,cnbc_415fce89,cnbc_c1f6d6dd,cnbc_4dc1b3c9,cnbc_61400ed4,cnbc_7d644d72,cnbc_9dc17ba0,cnbc_50f95ff7,cnbc_6498e57e,cnbc_1b5c41a5,cnbc_3bdd92ca,cnbc_dbb8711e,cnbc_30afd05d,cnbc_dbaddaa6,cnbc_f8c09ede,cnbc_c4bc9722,cnbc_b9960beb,cnbc_e7193361,cnbc_d703dd66,cnbc_4fcc4887,cnbc_d06f537c,cnbc_743597a0,cnbc_30c9126a,cnbc_5fbbb692,cnbc_503b4acc",True,1,0.0038849509269356596,0.007069805751939,0.0009618687736173,0.0053878566001243,0.0001382934587194,0.008565104417284308,0.005751263015745689,0.0031210806743286273,0.00354442794516104,0.014520813165537216,0.008662175168431263,0
2022-06-14,14729,14672.0,57.0,0.0038849509269356,9,"cnbc_da5ab2d5,cnbc_4e7265fd,cnbc_22fd08bb,cnbc_ee36b578,cnbc_fcbee891,cnbc_85c3a889,cnbc_6dc10172,cnbc_7696aea0,cnbc_f47072dd",True,1,0.0011541856202050378,0.0038849509269356,0.007069805751939,0.0009618687736173,0.0008987831858407,0.008807977863620309,0.009160483169239564,0.002718695712232147,0.0035944063653780317,0.01832134955752207,0.009873157353445405,1
2022-06-15,14746,14729.0,17.0,0.001154185620205,10,"cnbc_3fb7dd9c,cnbc_931b126a,cnbc_c3da86e9,cnbc_99febaad,cnbc_26dc4da3,cnbc_9c14ba6d,cnbc_628d5333,cnbc_b67a0dd8,cnbc_3eaf6260,cnbc_13e16ae7",True,0,-0.00033907500339075,0.001154185620205,0.0038849509269356,0.007069805751939,0.0053878566001243,0.006264415662403877,0.009885869062743025,0.0026559767200960024,0.0035723722848152516,0.018581197761967205,0.008687324714412803,2
2022-06-16,14741,14746.0,-5.0,-0.0003390750033907,15,"cnbc_7d5db209,cnbc_9726172e,cnbc_382a956f,cnbc_ee73d26d,cnbc_ee8dbeee,cnbc_8acc88e7,cnbc_a12138e0,cnbc_1c7b8823,cnbc_abbadd5c,cnbc_adf99f70,cnbc_4dd04a06,cnbc_d116a56f,cnbc_ba845a49,cnbc_09ca1bf0,cnbc_d6cdcc29",True,1,0.005901906247880062,-0.0003390750033907,0.001154185620205,0.0038849509269356,0.0009618687736173,0.0033761248077106565,0.009232412374239551,0.002959217981520856,0.003551847878690885,0.012779113706629985,0.006142925397583765,3
2022-06-17,14828,14741.0,87.0,0.00590190624788,7,"cnbc_454734fa,cnbc_ba8356ed,cnbc_618b6614,cnbc_c1def710,cnbc_0316f2d1,cnbc_09edf47e,cnbc_02d53ad4",True,1,0.0005395198273536552,0.00590190624788,-0.0003390750033907,0.001154185620205,0.007069805751939,0.0057518042216071485,0.014681680232936145,0.0031183447012152364,0.003748482437996238,0.01777747271604091,0.009944149298460658,4
2022-06-20,14836,14828.0,8.0,0.0005395198273536,24,"cnbc_ccad7c2d,cnbc_e7d388de,cnbc_080fea5e,cnbc_4d4855c5,cnbc_84432456,cnbc_a79d96cf,cnbc_adbfb3c2,cnbc_cdbe41a1,cnbc_3995940d,cnbc_e65abefc,cnbc_8251602d,cnbc_df6c3348,cnbc_8ef89f9c,cnbc_ce1bfbbc,cnbc_7cebed7f,cnbc_0cfdf365,cnbc_c7a994d6,cnbc_a45f2e06,cnbc_b18836a5,cnbc_ac67b47b,cnbc_95139b24,cnbc_162afdc3,cnbc_468a3b00,cnbc_d5eec229",True,0,-0.0021569156106767324,0.0005395198273536,0.00590190624788,-0.0003390750033907,0.0038849509269356,0.004060638873849554,0.014864522837187977,0.002590221503008491,0.003688810581052451,0.011177753544165725,0.007127825673749255,0
2022-06-21,14804,14836.0,-32.0,-0.0021569156106767,11,"cnbc_c1dd7cc9,cnbc_687cc34e,cnbc_670f64e5,cnbc_92f0a7d6,cnbc_f1ef16a2,cnbc_2fc5a1f6,cnbc_6b50201a,cnbc_c45d68a6,cnbc_420e1a99,cnbc_ca2a51ca,cnbc_bd0fb17e",True,1,0.0037827614158335585,-0.0021569156106767,0.0005395198273536,0.00590190624788,0.001154185620205,0.000878912852410263,0.012180488655360255,0.0030009062474339616,0.003542207066142936,0.005091995383257553,0.009753768501466586,1
2022-06-22,14860,14804.0,56.0,0.0037827614158335,6,"cnbc_a4f9566b,cnbc_9d11d112,cnbc_17d1a067,cnbc_0ecbac5a,cnbc_5a86b2fe,cnbc_5b6a1667",True,0,-0.0016823687752355316,0.0037827614158335,-0.0021569156106767,0.0005395198273536,-0.0003390750033907,0.0031187136318837627,0.01533247697395379,0.003250196699723069,0.0036169679877704774,0.007730910077309083,0.013296965564268737,2
2022-06-23,14835,14860.0,-25.0,-0.0016823687752355,5,"cnbc_fa8d0732,cnbc_f6455bf3,cnbc_91b5a356,cnbc_ec128421,cnbc_f2c78fe9",True,1,0.000741489720256151,-0.0016823687752355,0.0037827614158335,-0.0021569156106767,0.00590190624788,0.0001618057521943772,0.012994462160371922,0.0034914937722633904,0.003640724860130409,0.006376772267824515,0.012420664710298235,3
2022-06-24,14846,14835.0,11.0,0.0007414897202561,10,"cnbc_799f73a2,cnbc_b2dacdfe,cnbc_d6a8dd46,cnbc_6ece72f7,cnbc_d6825726,cnbc_3ba674f7,cnbc_47021045,cnbc_7e23e7cd,cnbc_ddcf825f,cnbc_21b15ca3",True,0,-0.0029637612825003366,0.0007414897202561,-0.0016823687752355,0.0037827614158335,0.0005395198273536,0.0006605465011255696,0.013050376157901056,0.0023628874682382396,0.0036303224286119993,0.0012139196115457107,0.013724820757937906,4
2022-06-27,14802,14846.0,-44.0,-0.0029637612825003,24,"cnbc_b8cffd1f,cnbc_8c0f431f,cnbc_07aadd01,cnbc_aec608cd,cnbc_f24ed010,cnbc_ee2faafa,cnbc_cddfed2e,cnbc_c0c9682f,cnbc_b92b3316,cnbc_9b48b403,cnbc_58f40195,cnbc_baaf93f0,cnbc_b45fa6ef,cnbc_fe4af959,cnbc_4e5e6482,cnbc_9b581de8,cnbc_af05ee22,cnbc_3c579193,cnbc_afc512d0,cnbc_f0b52de1,cnbc_5d777478,cnbc_4ee9029f,cnbc_5f3fbb19,cnbc_9b904b09",True,1,0.002364545331711931,-0.0029637612825003,0.0007414897202561,-0.0016823687752355,-0.0021569156106767,-0.0018476809580967313,0.009276589651539657,0.0027425827525058926,0.0035236971745697845,-0.0022917228363440456,0.015365619426533028,0
2022-06-28,14837,14802.0,35.0,0.0023645453317119,16,"cnbc_02c92d43,cnbc_676a9254,cnbc_28c0adc2,cnbc_1811bb17,cnbc_84b7bdcc,cnbc_030b0541,cnbc_eba5a308,cnbc_3347d333,cnbc_8bc71915,cnbc_6cc943f3,cnbc_33853f38,cnbc_2564464b,cnbc_638dc239,cnbc_174a8d0a,cnbc_441551f1,cnbc_ffcd3f00",True,1,0.0007413897688211903,0.0023645453317119,-0.0029637612825003,0.0007414897202561,0.0037827614158335,6.74036128336386e-05,0.010653515523888712,0.002786507700969641,0.0034621314923791884,0.002229127262901809,0.02014576457645756,1
2022-06-29,14848,14837.0,11.0,0.0007413897688211,10,"cnbc_5099e267,cnbc_b995c0a5,cnbc_09d8b805,cnbc_fbf15bfd,cnbc_3707ac26,cnbc_9e32b217,cnbc_24ba09f0,cnbc_f8d6b986,cnbc_79df9b47,cnbc_8154d731",True,1,0.0022898706896551722,0.0007413897688211,0.0023645453317119,-0.0029637612825003,-0.0016823687752355,0.0009707690648257383,0.010521730845141297,0.0021317363840721824,0.0034198062590807326,-0.0008075370121130021,0.01754385964912286,2
2022-06-30,14882,14848.0,34.0,0.0022898706896551,14,"cnbc_ea93f0ba,cnbc_f5d3453c,cnbc_0d16750c,cnbc_2cfc3fdc,cnbc_b1d7a05e,cnbc_1845c701,cnbc_d9651d14,cnbc_d76ffacf,cnbc_ddc61d65,cnbc_ebf9d3b8,cnbc_c418a49e,cnbc_a14f9026,cnbc_0f3a5a77,cnbc_6a802fc2",True,1,0.004972449939524257,0.0022898706896551,0.0007413897688211,0.0023645453317119,0.0007414897202561,0.002627501179006897,0.011610201751046878,0.0021623867158814137,0.0031850122101463652,0.0031681833501853163,0.024507779154619325,3
2022-07-01,14956,14882.0,74.0,0.0049724499395242,13,"cnbc_7046a63e,cnbc_6359a372,cnbc_34d9d7f6,cnbc_835842a9,cnbc_429d1fa9,cnbc_29436224,cnbc_83fb028c,cnbc_43c950ba,cnbc_52446634,cnbc_1e0668a3,cnbc_fb0a869d,cnbc_87516bb3,cnbc_938a5584",True,1,0.0002674511901577962,0.0049724499395242,0.0022898706896551,0.0007413897688211,-0.0029637612825003,0.00612176252943164,0.014829566851795928,0.002912390466924808,0.002715129128503106,0.007409403206250831,0.03638001524495871,4
2022-07-04,14960,14956.0,4.0,0.0002674511901577,31,"cnbc_532fee02,cnbc_7174854e,cnbc_6a65df93,cnbc_596b353a,cnbc_26979d74,cnbc_e1fab4dc,cnbc_c6b278aa,cnbc_608c557b,cnbc_8b2d219b,cnbc_e265635a,cnbc_c639e481,cnbc_bf4ecee1,cnbc_665ffd1e,cnbc_0cd144e8,cnbc_26031a1a,cnbc_137fcac5,cnbc_a87a0fb8,cnbc_2c2e99d3,cnbc_5d771e4b,cnbc_a1bed79e,cnbc_d8d7001a,cnbc_2b08db1d,cnbc_633b177d,cnbc_48071567,cnbc_3c5113ce,cnbc_4710c611,cnbc_04381a62,cnbc_48d155f4,cnbc_038bdcf5,cnbc_54222516,cnbc_4e1bc81f",True,1,0.002005347593582888,0.0002674511901577,0.0049724499395242,0.0022898706896551,0.0023645453317119,0.004256004725910589,0.01338878972521318,0.0018410172048008882,0.002734634994931597,0.010674233211728223,0.03443507122113121,0
2022-07-05,14990,14960.0,30.0,0.0020053475935828,6,"cnbc_0e382928,cnbc_978457d4,cnbc_7ff25672,cnbc_8dbe4e1d,cnbc_e55bdd58,cnbc_14dac2fe",True,1,0.001667778519012675,0.0020053475935828,0.0002674511901577,0.0049724499395242,0.0007413897688211,0.00420708505278955,0.013615171094048417,0.0018364398903484703,0.0027103578917002085,0.010312057693603771,0.03636615044247793,1
2022-07-06,15015,14990.0,25.0,0.0016677785190126,9,"cnbc_17e7ec50,cnbc_ee98df95,cnbc_01f58711,cnbc_d4983a98,cnbc_529ab880,cnbc_9b54b4ac,cnbc_e20bfd66,cnbc_07085d24,cnbc_c659311d",True,0,-0.0019314019314019314,0.0016677785190126,0.0020053475935828,0.0002674511901577,0.0022898706896551,0.003636217798751451,0.013462206937980836,0.0017133458539099469,0.002702476102038297,0.011247306034482651,0.03716239552393441,2
2022-07-07,14986,15015.0,-29.0,-0.0019314019314019,10,"cnbc_b5f578e7,cnbc_34af8802,cnbc_87a04c1e,cnbc_a50b27c0,cnbc_6d60ac9d,cnbc_39fe7a45,cnbc_f5226368,cnbc_9caf225b,cnbc_823d0941,cnbc_20d10072",True,0,-0.00033364473508608035,-0.0019314019314019,0.0016677785190126,0.0020053475935828,0.0049724499395242,0.000307047405449401,0.01003565386766958,0.002528902317414165,0.0026908112918234742,0.006988308023115231,0.029611817244933114,3
2022-07-08,14981,14986.0,-5.0,-0.000333644735086,12,"cnbc_6a73382f,cnbc_d2324065,cnbc_45ed83a6,cnbc_a70246cf,cnbc_7ea0f1c2,cnbc_c7207e6c,cnbc_1cd94a27,cnbc_da083c15,cnbc_606d2bb3,cnbc_39272641,cnbc_dd5434a7,cnbc_ce846566",True,0,-0.000801014618516788,-0.000333644735086,-0.0019314019314019,0.0016677785190126,0.0002674511901577,-0.00036032669620456037,0.00829872725926628,0.001593313053510347,0.0027189709095308792,0.0016715699384861615,0.028279223007756205,4
2022-07-11,14969,14981.0,-12.0,-0.0008010146185167,24,"cnbc_72dc506c,cnbc_5bf41d6a,cnbc_e98c7c59,cnbc_42cbe33c,cnbc_8cdb891f,cnbc_ca1cb0a2,cnbc_b5e91b2a,cnbc_de84e882,cnbc_8720fb73,cnbc_c41993d7,cnbc_9d7ddce9,cnbc_b683d5be,cnbc_f96e240a,cnbc_53f2bebf,cnbc_cd47e6ca,cnbc_9f4e8954,cnbc_0f061c23,cnbc_a636f9a6,cnbc_521340ac,cnbc_6cef3b33,cnbc_25b08580,cnbc_376af976,cnbc_d9c8e038,cnbc_9cf3be9f",True,1,0.0016033135145968336,-0.0008010146185167,-0.000333644735086,-0.0019314019314019,0.0020053475935828,-0.0012810077260778652,0.0064851017478508854,0.001674250225290386,0.0024066231557510246,0.0006016042780747632,0.020242639040348953,0
2022-07-12,14993,14969.0,24.0,0.0016033135145968,8,"cnbc_329ce1da,cnbc_7a361b97,cnbc_4240ef6a,cnbc_c1c64b9a,cnbc_fdc88cd6,cnbc_aaaaef6a,cnbc_d46824fb,cnbc_cdb2e194",True,0,-0.0005335823384245981,0.0016033135145968,-0.0008010146185167,-0.000333644735086,0.0016677785190126,0.00028020922288640726,0.007204877147607647,0.001567398205781234,0.002315277411993562,0.00020013342228142328,0.017923823749066425,1
2022-07-13,14985,14993.0,-8.0,-0.0005335823384245,7,"cnbc_4d03da0d,cnbc_577baecd,cnbc_a25872be,cnbc_4a1b06b2,cnbc_96c49fe1,cnbc_f7752aa7,cnbc_5851116e",True,1,0.0009342676009342676,-0.0005335823384245,0.0016033135145968,-0.0008010146185167,-0.0019314019314019,0.00014683503750978488,0.0058599649610342475,0.0012788192020602672,0.002335854025150329,-0.0019980019980020414,0.01620778516207788,2
2022-07-14,14999,14985.0,14.0,0.0009342676009342,8,"cnbc_2d5302c0,cnbc_f5f222b7,cnbc_e304febf,cnbc_352c9214,cnbc_fbb265d4,cnbc_0c0e1edc,cnbc_dc6675c3,cnbc_d6271085",True,0,0.0,0.0009342676009342,-0.0005335823384245,0.0016033135145968,-0.000333644735086,0.0009075500153483684,0.005928668195780196,0.0010404293957062974,0.0023202791045158553,0.0008674763112237471,0.017502204735092564,3
2022-07-15,14999,14999.0,0.0,0.0,13,"cnbc_a23c526d,cnbc_61264c57,cnbc_39ee110b,cnbc_5192051f,cnbc_69083a76,cnbc_7de4cad7,cnbc_f24af2fa,cnbc_3cf458a6,cnbc_d156034c,cnbc_ea26ad33,cnbc_07604563,cnbc_ed9c1391,cnbc_5a767e9b",True,0,-0.0008667244482965531,0.0,0.0009342676009342,-0.0005335823384245,-0.0008010146185167,0.0006671559143371919,0.005352181592114924,0.0010099963527206992,0.001999880930546303,0.0012015219277752287,0.011532236309684363,4
2022-07-18,14986,14999.0,-13.0,-0.0008667244482965,31,"cnbc_0be77e10,cnbc_ef09fa13,cnbc_cd98fb1f,cnbc_b032e9e9,cnbc_d421e04e,cnbc_6341c938,cnbc_3a2b3c07,cnbc_f543b0c6,cnbc_9461a4b4,cnbc_10bad012,cnbc_471a9a10,cnbc_15a9ff55,cnbc_0a58b53e,cnbc_163ad6d2,cnbc_e56af164,cnbc_08279feb,cnbc_0b4aaeb9,cnbc_0db844f1,cnbc_1a3a569b,cnbc_0e284e29,cnbc_6209170b,cnbc_61b9b4eb,cnbc_02ed6f39,cnbc_67d0b9ba,cnbc_af6cd8fe,cnbc_4a0bad4e,cnbc_dc45e8e0,cnbc_a6c74e75,cnbc_bcf9e644,cnbc_877029c8,cnbc_edc09899",True,1,0.0004003736821032964,-0.0008667244482965,0.0,0.0009342676009342,0.0016033135145968,-0.00042688295403003895,0.003976109843802922,0.0010272186935608495,0.002025760928902068,0.0011356804061728454,0.010110541925047123,0
2022-07-19,14992,14986.0,6.0,0.0004003736821032,11,"cnbc_7cb5c2d0,cnbc_5a3f508a,cnbc_b3e7285e,cnbc_f5c928e2,cnbc_42cea2d9,cnbc_0ac6811d,cnbc_bce17652,cnbc_e5c250c7,cnbc_f5898c5b,cnbc_db7640d8,cnbc_ffb64033",True,0,-0.0005336179295624333,0.0004003736821032,-0.0008667244482965,0.0,-0.0005335823384245,-1.3340270273887178e-05,0.0037459703201314642,0.0007190643269128999,0.0019272052979153582,-6.669779230306094e-05,0.012699270467441126,1
2022-07-20,14984,14992.0,-8.0,-0.0005336179295624,14,"cnbc_9160810c,cnbc_5328b2ab,cnbc_d69e5f4a,cnbc_339dac48,cnbc_f0cce147,cnbc_081129f3,cnbc_323b7cd5,cnbc_61f1698b,cnbc_10eb2766,cnbc_33d80bd6,cnbc_aa2896a4,cnbc_9905e3cf,cnbc_64647d74,cnbc_71d4b855",True,1,0.002202349172450614,-0.0005336179295624,0.0004003736821032,-0.0008667244482965,0.0009342676009342,-0.0005336179295624133,0.002794090582074249,0.0007190707671587977,0.0017929114663902852,-6.673340006668749e-05,0.008344549125168133,2
2022-07-21,15017,14984.0,33.0,0.0022023491724506,15,"cnbc_966d1229,cnbc_f35a5ea5,cnbc_a4fe34dc,cnbc_e584906f,cnbc_7951835b,cnbc_7068335e,cnbc_5ad8bed9,cnbc_6616d06d,cnbc_be276673,cnbc_301db010,cnbc_c3ca0293,cnbc_68b18fb1,cnbc_e3daac4f,cnbc_a435c41a,cnbc_6996c649",True,1,0.00046613837650662585,0.0022023491724506,-0.0005336179295624,0.0004003736821032,0.0,0.001427085278348228,0.004390907844442182,0.0011997350295578396,0.0017636808109899162,0.0012000800053337812,0.01226828446242001,3
2022-07-22,15024,15017.0,7.0,0.0004661383765066,15,"cnbc_c5335de3,cnbc_01b19502,cnbc_d7f75bfa,cnbc_79826540,cnbc_c05bad98,cnbc_56238086,cnbc_c71ad562,cnbc_f3cc7732,cnbc_854d4888,cnbc_1fd27681,cnbc_4b910001,cnbc_0e55517a,cnbc_4e703225,cnbc_5a0d143e,cnbc_48372a81",True,0,-0.002129925452609159,0.0004661383765066,0.0022023491724506,-0.0005336179295624,-0.0008667244482965,0.0015599376024959533,0.004261292424926122,0.0011944762743661395,0.0017636861203180491,0.001666777785185758,0.011989761551933098,4
2022-07-25,14992,15024.0,-32.0,-0.0021299254526091,13,"cnbc_8966e52c,cnbc_4e68a54f,cnbc_a6acedf1,cnbc_c7dd2c53,cnbc_7a0778af,cnbc_4f32f991,cnbc_a385af82,cnbc_d74bec6b,cnbc_94c74bef,cnbc_c3caaa83,cnbc_b3244c8e,cnbc_6e84a305,cnbc_3940d3b0",True,0,-0.0005336179295624333,-0.0021299254526091,0.0004661383765066,0.0022023491724506,0.0004003736821032,-0.0006532549427401557,0.0014863307670469617,0.0015824348300533455,0.0016830824172010181,0.00040037368210321667,0.012836103229293405,0
2022-07-26,14984,14992.0,-8.0,-0.0005336179295624,11,"cnbc_94d6be32,cnbc_0b3f44a4,cnbc_51f0014f,cnbc_8d7d5a1c,cnbc_9f283cc2,cnbc_722174f0,cnbc_0dd12948,cnbc_116573e5,cnbc_a764c898,cnbc_cb51f812,cnbc_e81248d9",True,1,0.002402562733582488,-0.0005336179295624,-0.0021299254526091,0.0004661383765066,-0.0005336179295624,-0.0010799856001920682,0.0004607033404331329,0.0015904249665678446,0.001651182593656742,-0.0005336179295624133,0.009907663274246747,1
2022-07-27,15020,14984.0,36.0,0.0024025627335824,7,"cnbc_99607f06,cnbc_fe52ced3,cnbc_fbcf6e10,cnbc_55c6c529,cnbc_d3542b84,cnbc_59236766,cnbc_10312e5e",True,0,-0.004127829560585885,0.0024025627335824,-0.0005336179295624,-0.0021299254526091,0.0022023491724506,0.0008395858043366289,0.0022888487024295134,0.001904077676041834,0.0017051611170802831,0.002402562733582414,0.0115840517241379,2
2022-07-28,14958,15020.0,-62.0,-0.0041278295605858,8,"cnbc_cf105ea5,cnbc_76e23529,cnbc_5d5e3d24,cnbc_542473cf,cnbc_3d8688ca,cnbc_9433ed74,cnbc_ce299b34,cnbc_364adaa5",True,0,-0.006551678031822436,-0.0041278295605858,0.0024025627335824,-0.0005336179295624,0.0004661383765066,-0.00250740217130363,-0.002101471029720803,0.0024885954483984413,0.0019519415379281723,-0.003928880601984375,0.005106840478430241,3
2022-07-29,14860,14958.0,-98.0,-0.0065516780318224,10,"cnbc_86642841,cnbc_7b81930d,cnbc_692f6dad,cnbc_0f6eac9f,cnbc_d851cbcc,cnbc_856a10fc,cnbc_905c925e,cnbc_99fdd7ca,cnbc_f73e06a7,cnbc_0a0673e3",True,1,0.0009421265141318977,-0.0065516780318224,-0.0041278295605858,0.0024025627335824,-0.0021299254526091,-0.0068703718555349624,-0.008321821591356526,0.003413877690429594,0.0021747721429113695,-0.01091586794462196,-0.00641882856378706,4
2022-08-01,14874,14860.0,14.0,0.0009421265141318,26,"cnbc_76dc73f5,cnbc_9cfe6d14,cnbc_7a330e39,cnbc_feefed40,cnbc_96f22dfc,cnbc_f4de46a1,cnbc_243c2f74,cnbc_9cdca360,cnbc_5c6122ca,cnbc_f0a0ef20,cnbc_582f05cb,cnbc_e45ffa17,cnbc_32a75abd,cnbc_a4bbaa01,cnbc_c206f8c1,cnbc_f3335ba8,cnbc_022741db,cnbc_ad8f182d,cnbc_6807a6ba,cnbc_2005fa46,cnbc_be23c301,cnbc_4a9518b9,cnbc_77cbf430,cnbc_c3c43dc4,cnbc_010b4e96,cnbc_eaef1719",True,1,0.0009412397472098965,0.0009421265141318,-0.0065516780318224,-0.0041278295605858,-0.0005336179295624,-0.004364356859805074,-0.007102614082400982,0.0036920746940467936,0.0021895410128589658,-0.007870864461045901,-0.005748663101604268,0
2022-08-02,14888,14874.0,14.0,0.0009412397472098,6,"cnbc_e3a7629e,cnbc_f82eb6b6,cnbc_e039ea1c,cnbc_18bf2cf0,cnbc_d40df15e,cnbc_aba2abcb",True,1,0.0019478774852229985,0.0009412397472098,0.0009421265141318,-0.0065516780318224,0.0024025627335824,-0.00214477211796249,-0.005829599407023545,0.003851419698521092,0.0021433749127911044,-0.006406833956219993,-0.006804536357571722,1
2022-08-03,14917,14888.0,29.0,0.0019478774852229,12,"cnbc_ed88aef2,cnbc_1f706a6f,cnbc_795c166e,cnbc_902a3c2b,cnbc_cbb68fb8,cnbc_ded1a2d5,cnbc_93c64906,cnbc_35777b3b,cnbc_5a42d727,cnbc_120a1d91,cnbc_6abeb161,cnbc_f8856912",True,1,0.0008044512971777167,0.0019478774852229,0.0009412397472098,0.0009421265141318,-0.0041278295605858,0.0011812556210317737,-0.003567038956874824,0.003746714550818095,0.002158043351390948,-0.006857523302263635,-0.006526806526806483,2
2022-08-04,14929,14917.0,12.0,0.0008044512971777,8,"cnbc_fd1fcb9b,cnbc_9738cfe3,cnbc_435e0e01,cnbc_35c9e416,cnbc_078d6880,cnbc_d4d11506,cnbc_7a9744b5,cnbc_88b6761c",True,0,-0.0016745930738830464,0.0008044512971777,0.0019478774852229,0.0009412397472098,-0.0065516780318224,0.0023768598592683876,-0.0025755718203713807,0.0034786919268551407,0.0021374791133841795,-0.001938761866559724,-0.0038035499799813355,3
2022-08-05,14904,14929.0,-25.0,-0.001674593073883,10,"cnbc_cc54c0a2,cnbc_45d308dd,cnbc_41befeb2,cnbc_7a5ec747,cnbc_4929db85,cnbc_722c71cb,cnbc_9ef836d9,cnbc_05a7a877,cnbc_0ec22ae2,cnbc_c412a363",True,1,0.0007380568974771874,-0.001674593073883,0.0008044512971777,0.0019478774852229,0.0009421265141318,0.00010736525660304252,-0.0039896549650153545,0.0013477333012546432,0.002163153543008717,0.002960969044414563,-0.00513984380214938,4
2022-08-08,14915,14904.0,11.0,0.0007380568974771,28,"cnbc_801aeae0,cnbc_df402159,cnbc_f99bce84,cnbc_58d0abdb,cnbc_7d4b5b05,cnbc_ab357a6f,cnbc_00924e14,cnbc_7b8aae79,cnbc_2c6e63d5,cnbc_6eb52a52,cnbc_c8237a66,cnbc_72942ac1,cnbc_8fc60d07,cnbc_89e89602,cnbc_f51e339f,cnbc_d1892840,cnbc_b505e212,cnbc_de682b94,cnbc_371f8ef9,cnbc_7987f1f4,cnbc_47c332f9,cnbc_e6571b75,cnbc_9705c7ca,cnbc_bdc9e14a,cnbc_c57b1683,cnbc_cbc1a9c1,cnbc_c9bab577,cnbc_a11d8baf",True,0,-0.003553469661414683,0.0007380568974771,-0.001674593073883,0.0008044512971777,0.0009412397472098,0.0002950920821429559,-0.003074660784706862,0.0013375392813282047,0.0021700865618608186,0.0027564878311145957,-0.0036074554078429077,0
2022-08-09,14862,14915.0,-53.0,-0.0035534696614146,9,"cnbc_17aa05db,cnbc_f2001d7a,cnbc_e6b3e285,cnbc_d1e4ce61,cnbc_77e338b2,cnbc_a137f16b,cnbc_946151e9,cnbc_09459649,cnbc_9ad8c8a4",True,1,0.0008747140357959897,-0.0035534696614146,0.0007380568974771,-0.001674593073883,0.0019478774852229,-0.0029116964321654892,-0.006182106329554182,0.0022256235563762245,0.0022520492535752427,-0.001746372917786121,-0.00873741079170276,1
2022-08-10,14875,14862.0,13.0,0.0008747140357959,12,"cnbc_e56bde21,cnbc_81774311,cnbc_4c76b597,cnbc_b72ddcb9,cnbc_09954833,cnbc_0c833393,cnbc_97457aee,cnbc_cf0345ed,cnbc_e00cce0e,cnbc_5270165d,cnbc_cfa06e2e,cnbc_bea2337b",True,0,-0.0051092436974789915,0.0008747140357959,-0.0035534696614146,0.0007380568974771,0.0008044512971777,-0.0014768074108880702,-0.004946835730937682,0.001987978762890592,0.002270785430284915,-0.002815579540122015,-0.00734067400734062,2
2022-08-11,14799,14875.0,-76.0,-0.0051092436974789,11,"cnbc_07d98eed,cnbc_28171770,cnbc_e4a3c12d,cnbc_dd4eedb5,cnbc_b6718a01,cnbc_29d11e65,cnbc_42e36ec9,cnbc_035bc16e,cnbc_a7401451,cnbc_f8de6089,cnbc_eefa54e4",True,0,-0.0075005067909993915,-0.0051092436974789,0.0008747140357959,-0.0035534696614146,-0.001674593073883,-0.004841638087553002,-0.009368128282108201,0.002627837915941128,0.0024810434887013177,-0.008707883984191866,-0.013334222281485397,3
2022-08-12,14688,14799.0,-111.0,-0.0075005067909993,4,"cnbc_7ae99ae3,cnbc_ef6e3596,cnbc_16f1c315,cnbc_a2e851ec",True,1,0.0026552287581699347,-0.0075005067909993,-0.0051092436974789,0.0008747140357959,0.0007380568974771,-0.009428236151013625,-0.01577388530763768,0.0036727325679898727,0.002905343503406739,-0.01449275362318836,-0.0207347156477099,4
2022-08-15,14727,14688.0,39.0,0.0026552287581699,23,"cnbc_e14634a6,cnbc_1196bbac,cnbc_17953bfc,cnbc_07d8ae63,cnbc_d8adc00c,cnbc_a9d267e7,cnbc_dbf86122,cnbc_d4741b8d,cnbc_0140ab8f,cnbc_95bc92e3,cnbc_5a27b1a3,cnbc_c21093e8,cnbc_4611f426,cnbc_dd9f0af3,cnbc_4b9325e4,cnbc_39efc3d1,cnbc_80ca4035,cnbc_14382bef,cnbc_845fb36f,cnbc_d5844cc5,cnbc_967e728e,cnbc_8f76cf69,cnbc_b163af9a",True,1,0.0027160996808582873,0.0026552287581699,-0.0075005067909993,-0.0051092436974789,-0.0035534696614146,-0.00427309975524337,-0.012303451606088367,0.004209647995050289,0.0030210269729426752,-0.012604760308414398,-0.01728279727745896,0
2022-08-16,14767,14727.0,40.0,0.0027160996808582,5,"cnbc_41a0f276,cnbc_d6d403bf,cnbc_4a34e16d,cnbc_8b8793c2,cnbc_4bfb855a",True,1,0.0037245208911762715,0.0027160996808582,0.0026552287581699,-0.0075005067909993,0.0008747140357959,-0.00028433708838826455,-0.008872959621993193,0.0047290374079836245,0.0031150700420350193,-0.006392141030816867,-0.015008004268943442,1
2022-08-18,14822,14767.0,55.0,0.0037245208911762,18,"cnbc_3bb6a16f,cnbc_59878b91,cnbc_1f2f3599,cnbc_3bb9589e,cnbc_5e01809e,cnbc_1719403c,cnbc_adfd7608,cnbc_3b954ecf,cnbc_0fae5810,cnbc_513bfef9,cnbc_d4ff0d14,cnbc_148b0e9f,cnbc_e92715f4,cnbc_2702b2a3,cnbc_90d43b86,cnbc_40505591,cnbc_c808dc0b,cnbc_7689a2d9",True,1,0.0024288220213196598,0.0037245208911762,0.0027160996808582,0.0026552287581699,-0.0051092436974789,0.004159722504505137,-0.004640355648676042,0.005200768359468847,0.003272272345897426,-0.003563025210084003,-0.010811532301121196,3
2022-08-19,14858,14822.0,36.0,0.0024288220213196,12,"cnbc_85a77221,cnbc_77aea590,cnbc_ab7673db,cnbc_400c126e,cnbc_8afa6097,cnbc_3bcc0ac6,cnbc_bf113483,cnbc_3246b6cc,cnbc_ff07a1ee,cnbc_751c62b5,cnbc_8a51cc05,cnbc_21ee3d93",True,1,0.001615291425494683,0.0024288220213196,0.0037245208911762,0.0027160996808582,-0.0075005067909993,0.005794589910915082,-0.0016898304458397018,0.004669515273409425,0.0032826308380466615,0.003986755861882463,-0.01058800026636475,4
2022-08-22,14882,14858.0,24.0,0.0016152914254946,16,"cnbc_850b54d2,cnbc_7f43b43a,cnbc_068c6b38,cnbc_f3e2e74f,cnbc_277b38d5,cnbc_0f065453,cnbc_daefd55d,cnbc_85988220,cnbc_a9a17eee,cnbc_bc703afd,cnbc_5843ce35,cnbc_07daf367,cnbc_0ecd7306,cnbc_f9360a5f,cnbc_0a145c1f,cnbc_39239277",True,1,0.0007391479639833355,0.0016152914254946,0.0024288220213196,0.0037245208911762,0.0026552287581699,0.004780166360591975,0.00039997176669892553,0.0007543393711744517,0.0033108640014372086,0.01320806100217875,-0.009451544195953177,0
2022-08-23,14893,14882.0,11.0,0.0007391479639833,7,"cnbc_8e3cb107,cnbc_33aa39bf,cnbc_a0eb27eb,cnbc_a182cfa1,cnbc_26153ede,cnbc_5b4d5740,cnbc_f1039ce5",True,0,-0.00282011683341167,0.0007391479639833,0.0016152914254946,0.0024288220213196,0.0027160996808582,0.0032739618980894836,0.0014726550154327,0.0011301361096613866,0.0032972619411909417,0.011271813675561848,-0.006603521878335128,1
2022-08-24,14851,14893.0,-42.0,-0.0028201168334116,6,"cnbc_43e72829,cnbc_87e5250d,cnbc_d44f0b7f,cnbc_7655d44d,cnbc_658b62f2,cnbc_efc6ad9f",True,0,-0.0016160527910578412,-0.0028201168334116,0.0007391479639833,0.0016152914254946,0.0037245208911762,-0.0006863510349097712,-0.0009048434351759393,0.0024703182810939923,0.0033441442680204447,0.005688359179250924,-0.008876134543513103,2
2022-08-25,14827,14851.0,-24.0,-0.0016160527910578,6,"cnbc_6aa3cc4f,cnbc_a288fc3f,cnbc_435b9f45,cnbc_e59d8568,cnbc_a9ca52af,cnbc_f475a7d6",True,0,-0.0008767788493963715,-0.0016160527910578,-0.0028201168334116,0.0007391479639833,0.0024288220213196,-0.00236842459393638,-0.0018714489592589478,0.002213327446918661,0.0032845351965683414,0.0003373363918499628,-0.012849533954726988,3
2022-08-26,14814,14827.0,-13.0,-0.0008767788493963,4,"cnbc_c3a39706,cnbc_5a15f4a8,cnbc_a3dbffd0,cnbc_8b5f321e",True,1,0.004927771027406508,-0.0008767788493963,-0.0016160527910578,-0.0028201168334116,0.0016152914254946,-0.0026525913258916844,-0.0022629919987068314,0.001784543192933548,0.0031817433571000703,-0.002961367613406929,-0.009626955475330878,4
2022-08-29,14887,14814.0,73.0,0.0049277710274065,21,"cnbc_cae1682e,cnbc_1b821282,cnbc_ee228c1c,cnbc_7eea062e,cnbc_990042e5,cnbc_085c14a2,cnbc_a8918167,cnbc_94bf5b0a,cnbc_2166b7e9,cnbc_85003174,cnbc_5523ba65,cnbc_da1c129f,cnbc_f0e17cd9,cnbc_16d0960a,cnbc_7e7987c5,cnbc_7510ad28,cnbc_52f6985d,cnbc_e6b4c75f,cnbc_685ac789,cnbc_e789e7b2,cnbc_10b42848",True,0,-0.0008060724121716934,0.0049277710274065,-0.0008767788493963,-0.0016160527910578,0.0007391479639833,0.0021946359327875697,0.002562470747089707,0.0030057293089231336,0.003061710005245342,0.0003359763472652322,0.0018169582772544768,0
2022-08-30,14875,14887.0,-12.0,-0.0008060724121716,6,"cnbc_148eb3a0,cnbc_ff8ecfbe,cnbc_5f7a355b,cnbc_fc7878fa,cnbc_5ae31f31,cnbc_7221363a",True,0,-0.0014789915966386554,-0.0008060724121716,0.0049277710274065,-0.0008767788493963,-0.0028201168334116,0.0016295418428637909,0.0017509596605831401,0.0029992620557146767,0.00306121402549007,-0.0012086215000335354,6.72314105150118e-05,1
2022-08-31,14853,14875.0,-22.0,-0.0014789915966386,5,"cnbc_f163c268,cnbc_13566f6f,cnbc_18f4f5b5,cnbc_08d606a2,cnbc_55030f19",True,1,0.0020871204470477344,-0.0014789915966386,-0.0008060724121716,0.0049277710274065,-0.0016160527910578,0.0001212023270846796,0.0003872771051878221,0.002761157883188607,0.0030701967370693607,0.00013467106592157663,-0.002350886620096748,2
2022-09-01,14884,14853.0,31.0,0.0020871204470477,13,"cnbc_e6bc2aab,cnbc_05a8bb8f,cnbc_1e758dd1,cnbc_db976ea8,cnbc_eb5c453c,cnbc_ea2580b6,cnbc_9cf135bc,cnbc_9e8fadac,cnbc_0c820efe,cnbc_45295416,cnbc_9e70bd9f,cnbc_bdb2fd74,cnbc_5f2432d2",True,1,0.0010749798441279225,0.0020871204470477,-0.0014789915966386,-0.0008060724121716,-0.0008767788493963,0.0014398557452934835,0.0025866249932640084,0.0027053517497054903,0.0030752702076600165,0.003844338031968597,-0.0022122410672387183,3
2022-09-02,14900,14884.0,16.0,0.0010749798441279,10,"cnbc_ea07193a,cnbc_cbaabe24,cnbc_c2bbba5a,cnbc_64744f92,cnbc_9f03fdd7,cnbc_daaab2e1,cnbc_e2ee6929,cnbc_bffb7b5f,cnbc_590244f5,cnbc_f4f3c4e9",True,1,0.0013422818791946308,0.0010749798441279,0.0020871204470477,-0.0014789915966386,0.0049277710274065,0.0013575451282947792,0.003762424928338781,0.0025442381973877853,0.003080077811495791,0.0058053192925611175,-0.001942527965704377,4
2022-09-05,14920,14900.0,20.0,0.0013422818791946,14,"cnbc_1837ca12,cnbc_9b99a40b,cnbc_612425a3,cnbc_9b48c27e,cnbc_52de7828,cnbc_8db02f93,cnbc_7b69a37e,cnbc_95903960,cnbc_5e6edc19,cnbc_be119315,cnbc_15a85d8e,cnbc_68f2a863,cnbc_16dfbf74,cnbc_6826758e",True,0,-0.0023458445040214475,0.0013422818791946,0.0010749798441279,0.0020871204470477,-0.0008060724121716,0.002257093723129877,0.005055591295356265,0.0015137262240185398,0.0030723935438846726,0.002216699133472222,0.0010735373054213682,0
2022-09-06,14885,14920.0,-35.0,-0.0023458445040214,11,"cnbc_75b77a67,cnbc_bc407dfd,cnbc_7081ec44,cnbc_9fdbcbb8,cnbc_fa3a3990,cnbc_499f4cc4,cnbc_1f16ec79,cnbc_40683d7b,cnbc_b5c3c353,cnbc_7bc3eab7,cnbc_190b9f6c",True,1,0.0028216325159556603,-0.0023458445040214,0.0013422818791946,0.0010749798441279,-0.0014789915966386,-0.00022836570753070884,0.002799214468334421,0.0019307653972442684,0.0031135846027200028,0.0006722689075631116,-0.002011397921555469,1
2022-09-07,14927,14885.0,42.0,0.0028216325159556,11,"cnbc_df7ad28d,cnbc_66ad12bc,cnbc_7026a55b,cnbc_0c4390d5,cnbc_5a1c873b,cnbc_77e95e29,cnbc_fd4083f4,cnbc_978d0eba,cnbc_f9838893,cnbc_277d4037,cnbc_322365ea",True,0,-0.0014738393515106854,0.0028216325159556,-0.0023458445040214,0.0013422818791946,0.0020871204470477,0.0015969724622899584,0.005408609320589619,0.001988564278077437,0.0030669791400504375,0.004982158486501076,0.004373570178979991,2
2022-09-08,14905,14927.0,-22.0,-0.0014738393515106,10,"cnbc_69cd6081,cnbc_d82918ff,cnbc_f9a3bea4,cnbc_58e0cb0d,cnbc_c90d31da,cnbc_596126d8,cnbc_d53daec4,cnbc_24537539,cnbc_76738e58,cnbc_35e8f83e",True,0,-0.0039584032203958406,-0.0014738393515106,0.0028216325159556,-0.0023458445040214,0.0010749798441279,-0.00016099386881684996,0.0038253795072802355,0.0021325612307759984,0.0030856049384747515,0.0014109110454179064,0.002016806722689113,3
2022-09-09,14846,14905.0,-59.0,-0.0039584032203958,10,"cnbc_d0906bc0,cnbc_a4b0725e,cnbc_cea69ab1,cnbc_5ef5e7a3,cnbc_3dacbf35,cnbc_3cb5c2d2,cnbc_6ce11346,cnbc_0eeed173,cnbc_ad0fb22d,cnbc_3a656000",True,0,-0.0004715074767614172,-0.0039584032203958,-0.0014738393515106,0.0028216325159556,0.0013422818791946,-0.0033967482512788916,-0.0003063859587691953,0.002761115118541994,0.002992572018478607,-0.0036241610738254604,0.003175890262855585,4
2022-09-12,14839,14846.0,-7.0,-0.0004715074767614,27,"cnbc_c4a4e4f3,cnbc_511ec890,cnbc_9a67e455,cnbc_5d6823a0,cnbc_a252a494,cnbc_8f659793,cnbc_50e6e000,cnbc_fde176b1,cnbc_c17cc1db,cnbc_76f36976,cnbc_7042b30b,cnbc_20a8fe78,cnbc_28767d2c,cnbc_daaccfaf,cnbc_49c2a169,cnbc_6076cf59,cnbc_a709a021,cnbc_c33ef7e2,cnbc_628d9bdf,cnbc_e4e3d639,cnbc_ee705d1b,cnbc_a13c2a95,cnbc_d8095fca,cnbc_895b5134,cnbc_2b79782f,cnbc_19220ed8,cnbc_574aca85",True,1,0.0014825796886582653,-0.0004715074767614,-0.0039584032203958,-0.0014738393515106,-0.0023458445040214,-0.0027821832746430797,-0.0012854941075911563,0.0025315765793100155,0.0023991203206821035,-0.00542895442359248,0.010280501089324545,0
2022-09-13,14861,14839.0,22.0,0.0014825796886582,9,"cnbc_d3fe0565,cnbc_655cdcfe,cnbc_fc9325b9,cnbc_d40e8aa2,cnbc_ebc74c5c,cnbc_4e526f4a,cnbc_c3696b94,cnbc_b59fac9c,cnbc_4a9a4094",True,1,0.004171993809299509,0.0014825796886582,-0.0004715074767614,-0.0039584032203958,0.0028216325159556,-0.0009814730162145402,-0.0002556374791453653,0.0026320821660498405,0.0023580203443032506,-0.0016123614376889472,0.009098933930875353,1
2022-09-14,14923,14861.0,62.0,0.0041719938092995,6,"cnbc_7f8948fb,cnbc_afeaba1a,cnbc_840ab398,cnbc_7318e7ec,cnbc_24cb8f14,cnbc_e9846bab",True,0,-0.0016082557126583126,0.0041719938092995,0.0014825796886582,-0.0004715074767614,-0.0014738393515106,0.003240379702584395,0.003388782055592232,0.003068168626286426,0.00245207311284093,-0.0002679707911837914,0.010564095618609048,2
2022-09-15,14899,14923.0,-24.0,-0.0016082557126583,9,"cnbc_473a12f2,cnbc_bb5bef78,cnbc_8cf97459,cnbc_4bd095d5,cnbc_f16f0d1c,cnbc_c29330bb,cnbc_8413cbc9,cnbc_e9bbc12a,cnbc_06ec483e",True,1,0.0026847439425464795,-0.0016082557126583,0.0041719938092995,0.0014825796886582,-0.0039584032203958,0.0017077237521514466,0.0015158186260835205,0.003084311429104941,0.002374968776050369,-0.0004025494800402596,0.005194980434489294,3
2022-09-16,14939,14899.0,40.0,0.0026847439425464,7,"cnbc_1e20cb09,cnbc_ddb94383,cnbc_ae704c17,cnbc_8886bde2,cnbc_060dd157,cnbc_f3818b0a,cnbc_2136a378",True,1,0.0027444942767253498,0.0026847439425464,-0.0016082557126583,0.0041719938092995,-0.0004715074767614,0.003142584708773599,0.003931319512113118,0.0023336573639129708,0.002387913219792576,0.006264313619830153,0.005451608561044541,4
2022-09-19,14980,14939.0,41.0,0.0027444942767253,17,"cnbc_b375700f,cnbc_52524f61,cnbc_11115345,cnbc_6b34107e,cnbc_e0dca8ce,cnbc_f0f3c38b,cnbc_82fe8da1,cnbc_3af1d581,cnbc_ee99dc52,cnbc_1311bbd1,cnbc_9a090bc6,cnbc_716040a0,cnbc_44a2abf5,cnbc_4451e946,cnbc_e3649641,cnbc_929f3098,cnbc_37772a70",True,0,-0.0003337783711615487,0.0027444942767253,0.0026847439425464,-0.0016082557126583,0.0014825796886582,0.003994530977721844,0.006355220551681473,0.0021778962250425314,0.0024341827419544514,0.009501988004582573,0.0065851364063969076,0
2022-09-20,14975,14980.0,-5.0,-0.0003337783711615,10,"cnbc_25ba8554,cnbc_9645819f,cnbc_b44dee54,cnbc_f06ed0b9,cnbc_60f94118,cnbc_b2b65f16,cnbc_62755724,cnbc_63dc7db7,cnbc_bc659667,cnbc_552dddd7",True,1,0.002404006677796327,-0.0003337783711615,0.0027444942767253,0.0026847439425464,0.0041719938092995,0.002128058247229392,0.005742301621948442,0.0024036879489561084,0.002436537107854524,0.007671085391292687,0.005505942389041785,1
2022-09-21,15011,14975.0,36.0,0.0024040066777963,7,"cnbc_4eb0d6a8,cnbc_86066091,cnbc_313768d0,cnbc_83bbce38,cnbc_dbadb68d,cnbc_9041a5a1,cnbc_5e1ba0e3",True,1,0.001465591899273866,0.0024040066777963,-0.0003337783711615,0.0027444942767253,-0.0016082557126583,0.003355435538206608,0.0076187279744923675,0.0020171742889518404,0.0023659964342425295,0.005896937613080411,0.010773685273719025,2
2022-09-22,15033,15011.0,22.0,0.0014655918992738,22,"cnbc_78cd9828,cnbc_84e0d164,cnbc_7a2835c0,cnbc_886d6fbf,cnbc_d4c243d2,cnbc_efa9c3e0,cnbc_ac23c56a,cnbc_f9add9c6,cnbc_c8207dcf,cnbc_8a8c084b,cnbc_3f5c8662,cnbc_7c26ae40,cnbc_db16a902,cnbc_7759b5e7,cnbc_98d9f886,cnbc_629b1ee1,cnbc_fa0defd2,cnbc_de39328f,cnbc_992d4754,cnbc_551d2593,cnbc_4e735bf5,cnbc_5460846e",True,1,0.00013304064391671656,0.0014655918992738,0.0024040066777963,-0.0003337783711615,0.0026847439425464,0.003029170781179147,0.008398288144461308,0.0012946292984672893,0.0023181523659444687,0.008993892207530774,0.013893572536588739,3
2022-09-23,15035,15033.0,2.0,0.0001330406439167,16,"cnbc_8d2ad832,cnbc_1fe10544,cnbc_2107b07a,cnbc_222f4e48,cnbc_a0ef6a1e,cnbc_38d513ba,cnbc_31ab4529,cnbc_cb9ddbdf,cnbc_3f72fccb,cnbc_582091bf,cnbc_0fe58fcc,cnbc_fdc66090,cnbc_a3ed49db,cnbc_42090a9a,cnbc_e53d99ce,cnbc_6e0fb693",True,1,0.00558696375124709,0.0001330406439167,0.0014655918992738,0.0024040066777963,0.0027444942767253,0.0018791481195192805,0.0077854526320728645,0.001356681574211732,0.002293030323528724,0.006426132940625218,0.01491832050762798,4
2022-09-26,15119,15035.0,84.0,0.005586963751247,20,"cnbc_0827f6cd,cnbc_a8f39b79,cnbc_057c116e,cnbc_fc059188,cnbc_609864e6,cnbc_20cdffbf,cnbc_006107c6,cnbc_c09ea8ba,cnbc_f729932f,cnbc_1c327750,cnbc_8e625032,cnbc_22f7e0c6,cnbc_c6c77130,cnbc_9b96f679,cnbc_611d50bf,cnbc_b3644440,cnbc_a028ef02,cnbc_b3f57c33,cnbc_3af0eac8,cnbc_846a2fc8",True,1,0.002381109861763344,0.005586963751247,0.0001330406439167,0.0014655918992738,-0.0003337783711615,0.005613717691192344,0.01262855439722177,0.0023524679426444924,0.002360101348500684,0.009279038718291055,0.015584066635319305,0
2022-09-27,15155,15119.0,36.0,0.0023811098617633,11,"cnbc_6150d47c,cnbc_bee255e4,cnbc_11ff66ef,cnbc_09cc0142,cnbc_9b0633ff,cnbc_adca6bb3,cnbc_9e4e2050,cnbc_244047ec,cnbc_acdae86c,cnbc_c45c8c67,cnbc_df0d4bc7",True,1,0.00580666446717255,0.0023811098617633,0.005586963751247,0.0001330406439167,0.0024040066777963,0.005600307884224831,0.01408884234615515,0.002010544858724229,0.0023552420245668247,0.012020033388981721,0.018823529411764683,1
2022-09-28,15243,15155.0,88.0,0.0058066644671725,11,"cnbc_22056cee,cnbc_44ba330b,cnbc_76217eef,cnbc_e8bafb33,cnbc_989d5c68,cnbc_7ac8344e,cnbc_8334cc4e,cnbc_fc1a1904,cnbc_68c0e195,cnbc_32eeac37,cnbc_81334ee4",True,1,0.000262415534999672,0.0058066644671725,0.0023811098617633,0.005586963751247,0.0014655918992738,0.00833498710061531,0.018648151056372075,0.0025248145936528363,0.002519822761979712,0.01545533275597899,0.026257321753181184,2
2022-09-29,15247,15243.0,4.0,0.0002624155349996,10,"cnbc_61409ea5,cnbc_56023020,cnbc_ec7a5fa5,cnbc_c1d2b416,cnbc_92032a2c,cnbc_9c63dcda,cnbc_76705168,cnbc_5460dc22,cnbc_dc1bec31,cnbc_efbe1581",True,0,-0.000983800091821342,0.0002624155349996,0.0058066644671725,0.0023811098617633,0.0001330406439167,0.0057520547764482455,0.017681099445338022,0.0027626473274596553,0.0025228468296080147,0.014235348899088729,0.02438860521365216,3
2022-09-30,15232,15247.0,-15.0,-0.0009838000918213,13,"cnbc_6e8a5ca6,cnbc_466b0af6,cnbc_ef171bc2,cnbc_0a565eb0,cnbc_bde7d037,cnbc_792e2544,cnbc_393d7e68,cnbc_b01814d5,cnbc_32696537,cnbc_c906d205,cnbc_9a1802c5,cnbc_06d177cf,cnbc_bdeb0355",True,1,0.004004726890756302,-0.0009838000918213,0.0002624155349996,0.0058066644671725,0.005586963751247,0.0021580083162271446,0.015554681405721693,0.0030643073139930833,0.002570142007677572,0.013102760226139099,0.02228187919463087,4
2022-10-03,15293,15232.0,61.0,0.0040047268907563,28,"cnbc_da33c9b3,cnbc_1fa27fb1,cnbc_7e59f8ef,cnbc_04450f60,cnbc_f917f997,cnbc_07562242,cnbc_e2ebc288,cnbc_809fa149,cnbc_c5c83efd,cnbc_d8f21de1,cnbc_cd193158,cnbc_222e17c1,cnbc_075eedbe,cnbc_32a5ac20,cnbc_c7b7087f,cnbc_621bdbeb,cnbc_a1512487,cnbc_156ab899,cnbc_720f87e1,cnbc_b8d43757,cnbc_bbce3a16,cnbc_b3b26c94,cnbc_83fe109a,cnbc_2176e2d5,cnbc_6f611701,cnbc_fd2b5838,cnbc_ef539934,cnbc_d60c4983",True,0,-0.0011116196952854246,0.0040047268907563,-0.0009838000918213,0.0002624155349996,0.0023811098617633,0.0038729158461336954,0.018355435546218102,0.002745191018522064,0.002650734084790176,0.011508697665189471,0.02499999999999991,0
2022-10-04,15276,15293.0,-17.0,-0.0011116196952854,10,"cnbc_250af0aa,cnbc_5a1a5caf,cnbc_7f123e1d,cnbc_167d5f36,cnbc_af9df7e0,cnbc_bedc31e6,cnbc_0855ca7e,cnbc_77c11fab,cnbc_51fd287b,cnbc_3650c449",True,0,-0.005236973029588898,-0.0011116196952854,0.0040047268907563,-0.0009838000918213,0.0058066644671725,0.00116658583581275,0.01590088382578858,0.003134353219662112,0.002576209417998274,0.007984163642362319,0.02626805508901575,1
2022-10-05,15196,15276.0,-80.0,-0.0052369730295888,12,"cnbc_64df0933,cnbc_8fb0eafb,cnbc_fa05a438,cnbc_6170693e,cnbc_f9c9f58b,cnbc_08247675,cnbc_92699969,cnbc_08a418d9,cnbc_9b550179,cnbc_c82fb356,cnbc_5d896ce8,cnbc_a05d6142",True,1,6.580679126085812e-05,-0.0052369730295888,-0.0011116196952854,0.0040047268907563,0.0002624155349996,-0.0034625675462987004,0.009677515805280201,0.003311230695337426,0.002931470786073178,-0.003083382536246182,0.018021035707108002,2
2022-10-06,15197,15196.0,1.0,6.580679126085812e-05,13,"cnbc_966d5548,cnbc_806b9a37,cnbc_ea76665c,cnbc_5a1c4e19,cnbc_584cd97a,cnbc_9e8d8cd0,cnbc_e9bfc2c0,cnbc_215ba2b7,cnbc_a69b06d8,cnbc_2a03fe04,cnbc_b7e81d8c,cnbc_654d1946,cnbc_5e96fa5a",True,1,0.0032243205895900505,6.580679126085812e-05,-0.0052369730295888,-0.0011116196952854,-0.0009838000918213,-0.002742998136336161,0.008765379241218785,0.0032993813996217607,0.0028857801316550273,-0.003279333639404469,0.019590741361959152,3
2022-10-07,15246,15197.0,49.0,0.00322432058959,13,"cnbc_a33bb9bb,cnbc_7f547e66,cnbc_7866dd92,cnbc_1d51457b,cnbc_342e63e2,cnbc_64286abb,cnbc_689c27bd,cnbc_fbdb67c2,cnbc_8de6154c,cnbc_7184a81f,cnbc_5cfc6b40,cnbc_f7e336f2,cnbc_6713cc0b",True,1,0.00347632165813984,0.00322432058959,6.580679126085812e-05,-0.0052369730295888,0.0040047268907563,0.00028868360277134464,0.010676203766005088,0.00370543229409196,0.0026791155063434755,0.0009191176470588758,0.026943284386366617,4
2022-10-10,15299,15246.0,53.0,0.0034763216581398,22,"cnbc_08abf02c,cnbc_e8b337ee,cnbc_f5ed72c9,cnbc_8c36619f,cnbc_9863833b,cnbc_0562a5f2,cnbc_a9901fa0,cnbc_e53b66b9,cnbc_e40d8930,cnbc_dd2ed891,cnbc_8ef80043,cnbc_330d3e80,cnbc_3d93ee94,cnbc_5551cde5,cnbc_ec4ada60,cnbc_af2d8ba0,cnbc_ec62815a,cnbc_cd1b608a,cnbc_b4ebc380,cnbc_6518df2a,cnbc_fd9efe97,cnbc_0a95b6c2",True,1,0.004117916203673443,0.0034763216581398,0.00322432058959,6.580679126085812e-05,-0.0011116196952854,0.003686986642874146,0.012645660066388897,0.003574634601914556,0.0026845455005402915,0.00039233636304181196,0.03099939349012737,0
2022-10-11,15362,15299.0,63.0,0.0041179162036734,9,"cnbc_8709a344,cnbc_8e4e61cf,cnbc_ce848e7d,cnbc_2ec61ff7,cnbc_f34e1487,cnbc_b6d81c08,cnbc_05ea0c07,cnbc_fad8a4af,cnbc_7c80d003",True,1,0.0007160525973180575,0.0041179162036734,0.0034763216581398,0.00322432058959,-0.0052369730295888,0.006684141546526856,0.015132491905108125,0.003888762614268762,0.0027460148555865523,0.00562974600680799,0.03371240158804922,1
2022-10-12,15373,15362.0,11.0,0.000716052597318,18,"cnbc_6375e866,cnbc_b58201e2,cnbc_0790e89d,cnbc_f837d433,cnbc_a7b09886,cnbc_5eebce8d,cnbc_e96fdfed,cnbc_2a249bea,cnbc_726332dd,cnbc_ec8250bb,cnbc_54814e34,cnbc_70ba7dbd,cnbc_9a6e0ced,cnbc_e1e70a49,cnbc_783ebcc3,cnbc_0453a2e9,cnbc_a6ccd801,cnbc_e46035fb",True,0,-0.0010407857932739218,0.000716052597318,0.0041179162036734,0.0034763216581398,6.580679126085812e-05,0.005073420767027992,0.014351225627659892,0.0018056447905975897,0.002687929624346309,0.01164780205317184,0.030154794612343272,2
2022-10-13,15357,15373.0,-16.0,-0.0010407857932739,15,"cnbc_6eb72c8f,cnbc_c0ca021a,cnbc_0d620e0c,cnbc_cd4f8b13,cnbc_22531bc2,cnbc_89430b90,cnbc_c89e59f1,cnbc_f527c16d,cnbc_8585adf9,cnbc_80d92669,cnbc_5870efc1,cnbc_904b9af0,cnbc_335cf75a,cnbc_793149bb,cnbc_eca7d4a2",True,1,0.0021488571986716157,-0.0010407857932739,0.000716052597318,0.0041179162036734,0.00322432058959,0.0019311820661038759,0.01176672113002697,0.002180033376293564,0.00265631272986745,0.010528393761926713,0.030740318142157275,3
2022-10-14,15390,15357.0,33.0,0.0021488571986716,12,"cnbc_992cdaf0,cnbc_96c2080c,cnbc_275c4f4e,cnbc_d7087bb4,cnbc_76427519,cnbc_b4830733,cnbc_64aae114,cnbc_9019a2d4,cnbc_66c547bd,cnbc_ba522d6f,cnbc_ed1dc71b,cnbc_fa0824f1",True,1,0.005847953216374269,0.0021488571986716,-0.0010407857932739,0.000716052597318,0.0034763216581398,0.002201065367734234,0.012436722704830983,0.0020925159341672094,0.002646613193776734,0.009445100354191327,0.030189437043978806,4
2022-10-17,15480,15390.0,90.0,0.0058479532163742,23,"cnbc_ddbe9357,cnbc_8f245c10,cnbc_a4eb43b4,cnbc_6a6d5bc0,cnbc_53d70287,cnbc_dc338b26,cnbc_529eaa4e,cnbc_72b7606c,cnbc_8c2a1e8c,cnbc_0be0782a,cnbc_9f255edf,cnbc_40a3fb00,cnbc_47ae94bd,cnbc_1b8a6360,cnbc_eecf8fbe,cnbc_4ea4c5de,cnbc_5a54b10f,cnbc_1194795f,cnbc_b37015f2,cnbc_717f22ef,cnbc_e4e51c6f,cnbc_694bf68f,cnbc_e1c09b15",True,0,-0.000710594315245478,0.0058479532163742,0.0021488571986716,-0.0010407857932739,0.0041179162036734,0.005691120293131791,0.01668532997941008,0.002718848807377226,0.002809882655835324,0.011830838616903039,0.03337783711615483,0
2022-10-18,15469,15480.0,-11.0,-0.0007105943152454,4,"cnbc_501692ae,cnbc_fd922b1b,cnbc_e397acb0,cnbc_d7e3bdb1",True,1,0.0014221992371840455,-0.0007105943152454,0.0058479532163742,0.0021488571986716,0.000716052597318,0.0035812064513618402,0.014317422536088698,0.0027939490827297623,0.0028250835335125886,0.006965238901184723,0.03298831385642731,1
2022-10-19,15491,15469.0,22.0,0.001422199237184,10,"cnbc_ac823b22,cnbc_464a9339,cnbc_1450fa59,cnbc_343c2646,cnbc_2afc5b1c,cnbc_75ae2ae5,cnbc_88663f02,cnbc_c76a9c01,cnbc_50eb405c,cnbc_c23a759c",True,1,0.005680717836162933,0.001422199237184,-0.0007105943152454,0.0058479532163742,-0.0010407857932739,0.003472087268581614,0.014163990664270543,0.0027689558291824666,0.00281941216290306,0.007675795225395188,0.03197655052961168,2
2022-10-20,15579,15491.0,88.0,0.0056807178361629,9,"cnbc_8a34b26a,cnbc_6f5f60a0,cnbc_0e57f325,cnbc_7d8c8089,cnbc_603818f8,cnbc_94cb6fb2,cnbc_889b3ce8,cnbc_5cc244cf,cnbc_d1fdfafb",True,1,0.0019898581423711406,0.0056807178361629,0.001422199237184,-0.0007105943152454,0.0021488571986716,0.0062783397279386755,0.01810553556899608,0.0028374664522895937,0.002964323769670615,0.014455948427427145,0.03632009578926354,3
2022-10-21,15610,15579.0,31.0,0.0019898581423711,5,"cnbc_bb9c1308,cnbc_8df07170,cnbc_de5be0d7,cnbc_dd08a649,cnbc_dfe65e4e",True,0,-0.0012812299807815502,0.0019898581423711,0.0056807178361629,0.001422199237184,0.0058479532163742,0.005423231009030083,0.018218346194237567,0.0028485478289901308,0.0029386780939179603,0.014294996751137212,0.03824409710675081,4
2022-10-24,15590,15610.0,-20.0,-0.0012812299807815,24,"cnbc_569af5ef,cnbc_1f51f920,cnbc_e75693fd,cnbc_51d07c37,cnbc_ec487431,cnbc_97fa4922,cnbc_84b1c0ea,cnbc_0fb79834,cnbc_c510fe0a,cnbc_cde3fec2,cnbc_e429248e,cnbc_586cc089,cnbc_b7da15de,cnbc_d077a5ed,cnbc_7e85f701,cnbc_a0951fa0,cnbc_cbd5d104,cnbc_4b1dc6f8,cnbc_1a93aa41,cnbc_622ec393,cnbc_82180955,cnbc_57d65832,cnbc_bb64f734,cnbc_51889f10",True,1,0.001667735728030789,-0.0012812299807815,0.0019898581423711,0.0056807178361629,-0.0007105943152454,0.002714210370599046,0.015354055066186811,0.0027529318454534357,0.0028837747917151743,0.007105943152454719,0.031152854024736998,0
2022-10-25,15616,15590.0,26.0,0.0016677357280307,11,"cnbc_68c7a521,cnbc_53954b3f,cnbc_679518aa,cnbc_2a14a7e4,cnbc_c32e334a,cnbc_c4384c86,cnbc_6c2f6513,cnbc_91c6e36f,cnbc_dd3b2db7,cnbc_d7b23139,cnbc_acf88722",True,0,-0.0012807377049180327,0.0016677357280307,-0.0012812299807815,0.0019898581423711,0.001422199237184,0.0024908199162878564,0.015522881129977462,0.00248517003635242,0.002877214998229945,0.009502876721184217,0.030419003629165386,1
2022-10-26,15596,15616.0,-20.0,-0.001280737704918,11,"cnbc_79af8b45,cnbc_e0efccd5,cnbc_81406883,cnbc_8ce4cee6,cnbc_dd5f9ff4,cnbc_ac6beaa9,cnbc_ff63ab53,cnbc_d6640ac7,cnbc_1fd656f3,cnbc_e456f4e3,cnbc_d49111c5",True,0,-0.0014747371120800204,-0.001280737704918,0.0016677357280307,-0.0012812299807815,0.0056807178361629,-0.00014104191509278774,0.013059477296126332,0.0028770429564936454,0.0027530815125480106,0.006778129236330699,0.02315817096372097,2
2022-10-27,15573,15596.0,-23.0,-0.00147473711208,9,"cnbc_f7ccfe7b,cnbc_924f95fe,cnbc_1f00c370,cnbc_76bc52b8,cnbc_e348c8e6,cnbc_7a2aa17e,cnbc_5ebfe183,cnbc_1cbd0ab5,cnbc_255f7edf",True,0,-0.0019906247993321776,-0.00147473711208,-0.001280737704918,0.0016677357280307,0.0019898581423711,-0.0015387574533564097,0.010495579527942223,0.0017441919152187068,0.0028093511960729668,-0.0003851338340072896,0.021381255328917215,3
2022-10-28,15542,15573.0,-31.0,-0.0019906247993321,5,"cnbc_e9cbead6,cnbc_ba315cdb,cnbc_23e656d9,cnbc_fef916c8,cnbc_b38ecbaa",True,1,0.0034744563119289665,-0.0019906247993321,-0.00147473711208,-0.001280737704918,-0.0012812299807815,-0.002656673126532061,0.007470789375597642,0.001449086496020724,0.002856565514726143,-0.004356181934657255,0.020351890756302504,4
2022-10-31,15596,15542.0,54.0,0.0034744563119289,18,"cnbc_f5912760,cnbc_2fdce45e,cnbc_8fc2cd11,cnbc_92c6de00,cnbc_1d413a4c,cnbc_6ed8dcc2,cnbc_c0bd36df,cnbc_b3931cf2,cnbc_269e534f,cnbc_859692ce,cnbc_769bad8e,cnbc_a69e0a49,cnbc_b39e9f57,cnbc_a4d85947,cnbc_a5148786,cnbc_1f856038,cnbc_d066bb0b,cnbc_d48b7c6e",True,1,0.003270069248525263,0.0034744563119289,-0.0019906247993321,-0.00147473711208,0.0016677357280307,0.000731491344019064,0.009979341920359541,0.00237694851599177,0.0028296580163721242,0.00038486209108401503,0.019812986333616722,0
2022-11-01,15647,15596.0,51.0,0.0032700692485252,13,"cnbc_aa0d83b6,cnbc_4ce9c7a9,cnbc_0bbb1761,cnbc_de99d98b,cnbc_e8887a13,cnbc_3093c1b7,cnbc_4d50e7cd,cnbc_fd0e0022,cnbc_61589fcf,cnbc_63450f48,cnbc_5772fe50,cnbc_68516633,cnbc_175daa51",True,1,0.0003195500734965169,0.0032700692485252,0.0034744563119289,-0.0019906247993321,-0.001280737704918,0.003604689945352346,0.012066272327131422,0.002726911440305852,0.0028283894313409384,0.0019851434426230163,0.024286462424718547,1
2022-11-02,15652,15647.0,5.0,0.0003195500734965,8,"cnbc_7296994c,cnbc_c52ee8a0,cnbc_123c76e6,cnbc_6bc90fa7,cnbc_cb514c86,cnbc_45199c28,cnbc_4012ace5,cnbc_0876dd40",True,1,0.0018527983644262714,0.0003195500734965,0.0032700692485252,0.0034744563119289,-0.00147473711208,0.003204717343930241,0.010898874590283159,0.0025697568150132876,0.0024033382711849027,0.0035906642728904536,0.030007896814951307,2
2022-11-03,15681,15652.0,29.0,0.0018527983644262,9,"cnbc_6d339b92,cnbc_a8af8dbd,cnbc_7b89063d,cnbc_07c870aa,cnbc_75661607,cnbc_61e8d27e,cnbc_6a5d9430,cnbc_1b0ef58d,cnbc_590db1b2",True,1,0.003507429373126714,0.0018527983644262,0.0003195500734965,0.0032700692485252,-0.0019906247993321,0.003673929184054847,0.011191395103643753,0.0022731132330246553,0.0023810250829152217,0.006935079946060574,0.03184839112982818,3
2022-11-04,15736,15681.0,55.0,0.0035074293731267,8,"cnbc_bc0f86bc,cnbc_1ebb63f9,cnbc_b764ddeb,cnbc_83d12584,cnbc_97ee80f2,cnbc_394d119e,cnbc_9d30df4e,cnbc_f8dfb543",True,0,-0.0027961362480935434,0.0035074293731267,0.0018527983644262,0.0003195500734965,0.0034744563119289,0.0046991521095107736,0.013137436059219798,0.0013901053499992386,0.0023921838165761105,0.012482306009522492,0.032139577594123114,4
2022-11-07,15692,15736.0,-44.0,-0.0027961362480935,21,"cnbc_467c0606,cnbc_a49442c2,cnbc_9e124aba,cnbc_98735a22,cnbc_2414951b,cnbc_d50c0961,cnbc_7ee4699a,cnbc_b13e5e84,cnbc_734e2abc,cnbc_1b5b4695,cnbc_5160f58a,cnbc_ddecf785,cnbc_65882b5b,cnbc_d076b0f4,cnbc_72364d83,cnbc_0b2a61d2,cnbc_c009ac59,cnbc_dd1f7793,cnbc_2b67bd78,cnbc_92e9d0d6,cnbc_bf997455",True,0,-0.0005098139179199592,-0.0027961362480935,0.0035074293731267,0.0018527983644262,0.0032700692485252,0.0006631976328945743,0.009028009979680451,0.0025872347349027206,0.002537992147950885,0.006155424467812365,0.025687953461010604,0
2022-11-08,15684,15692.0,-8.0,-0.0005098139179199,10,"cnbc_c9fc37f1,cnbc_5774d868,cnbc_f42fdaa2,cnbc_f5891478,cnbc_fc55a159,cnbc_9b04298a,cnbc_872d042a,cnbc_7b571c03,cnbc_e8e2d010,cnbc_f63b1726",True,0,-0.0019127773527161439,-0.0005098139179199,-0.0027961362480935,0.0035074293731267,0.0003195500734965,-0.00031869462680855776,0.0074705961702756785,0.002386855224312092,0.002475052919930946,0.0023646705438742366,0.02096081239421954,1
2022-11-09,15654,15684.0,-30.0,-0.0019127773527161,8,"cnbc_b95fa306,cnbc_566e4be6,cnbc_b3967940,cnbc_7e713c96,cnbc_63f1261a,cnbc_fceb7de3,cnbc_479c9551,cnbc_4b389f1a",True,1,0.003002427494570078,-0.0019127773527161,-0.0005098139179199,-0.0027961362480935,0.0018527983644262,-0.002256300432138869,0.004636834758611874,0.0026204924858782615,0.002561493078883849,0.00012777919754669576,0.01827880049437325,2
2022-11-10,15701,15654.0,47.0,0.00300242749457,8,"cnbc_3f9fd42c,cnbc_1685ccfa,cnbc_5a44f33d,cnbc_416f81df,cnbc_f5de72e9,cnbc_6015728e,cnbc_4464c26d,cnbc_2fcabb79",True,0,-0.013247563849436341,0.00300242749457,-0.0019127773527161,-0.0005098139179199,0.0035074293731267,0.00048428001580291813,0.006542107000791608,0.0028600801570209415,0.002559043728910854,0.0012754288629550636,0.02240020837403134,3
2022-11-11,15493,15701.0,-208.0,-0.0132475638494363,8,"cnbc_454c0b4f,cnbc_62eb3418,cnbc_775afdfb,cnbc_24b8ade4,cnbc_8ad73455,cnbc_fafd759a,cnbc_5e2229e1,cnbc_fa21048c",True,1,0.0003872716710772607,-0.0132475638494363,0.00300242749457,-0.0019127773527161,-0.0027961362480935,-0.009702904479443553,-0.0071199236098205,0.006091455223809247,0.004088980731929799,-0.015442297915607472,0.006692657569850491,4
2022-11-14,15499,15493.0,6.0,0.0003872716710772,18,"cnbc_dc36dc73,cnbc_dd53c621,cnbc_b3840d1f,cnbc_2275d7b2,cnbc_6f862df5,cnbc_69a89ed9,cnbc_a4833e58,cnbc_f182b427,cnbc_adf7a6d0,cnbc_4e894bbb,cnbc_23f2075e,cnbc_b3443cd7,cnbc_d669e5c0,cnbc_af7a60c0,cnbc_8d3738d9,cnbc_07381342,cnbc_ec239b32,cnbc_3af15c24",True,1,0.004193818956061681,0.0003872716710772,-0.0132475638494363,0.00300242749457,-0.0005098139179199,-0.006869064858838203,-0.006795876975722592,0.006293234579580554,0.003878864158070259,-0.01229926076981902,0.0012273901808785848,0
2022-11-15,15564,15499.0,65.0,0.0041938189560616,13,"cnbc_6f90e7fa,cnbc_915efd8d,cnbc_29435921,cnbc_a674d0d7,cnbc_64f73f91,cnbc_d676fd3e,cnbc_196f8cea,cnbc_b558d8a1,cnbc_6e6c5826,cnbc_f4edc6bf,cnbc_93a53daa,cnbc_0a963bc9,cnbc_742040b6",True,1,0.002955538421999486,0.0041938189560616,0.0003872716710772,-0.0132475638494363,-0.0019127773527161,-0.0011679993839124325,-0.0029340542479723286,0.006971866378364493,0.003980707519690546,-0.007651109410864554,0.006141314887840199,1
2022-11-16,15610,15564.0,46.0,0.0029555384219994,8,"cnbc_e4385ea6,cnbc_e21437e3,cnbc_4d44d926,cnbc_14fb798d,cnbc_ef36734f,cnbc_78878800,cnbc_fb9c6345,cnbc_57033cfc",True,1,0.004932735426008968,0.0029555384219994,0.0041938189560616,0.0003872716710772,0.00300242749457,0.002350161172255172,-0.00036821798504715897,0.007237379024677374,0.004017772942503068,-0.0028107831864060406,0.007681879801174851,2
2022-11-17,15687,15610.0,77.0,0.0049327354260089,17,"cnbc_d29c6ad4,cnbc_36f8e636,cnbc_a88b290d,cnbc_622f0d86,cnbc_4f24e9e0,cnbc_9520ca60,cnbc_f891f4ba,cnbc_51ab5ac0,cnbc_5ca4fafc,cnbc_ac91049c,cnbc_22f2db65,cnbc_26984ca9,cnbc_a4fb36d9,cnbc_83a69eb8,cnbc_7fe32079,cnbc_26034bb4,cnbc_26a3516e",True,1,0.00031873525849429466,0.0049327354260089,0.0029555384219994,0.0041938189560616,-0.0132475638494363,0.007475627143462615,0.004215438684091799,0.0075196743949126725,0.0039691233763174275,-0.000891662951404415,0.006932409012131657,3
2022-11-18,15692,15687.0,5.0,0.0003187352584942,10,"cnbc_68a04c38,cnbc_716e0eca,cnbc_cebef75e,cnbc_160abc65,cnbc_fde83399,cnbc_4884271e,cnbc_52a20982,cnbc_fa5e7b01,cnbc_467a44ef,cnbc_0de07d53",True,1,0.0009559010960999235,0.0003187352584942,0.0049327354260089,0.0029555384219994,0.0003872716710772,0.005227284374519581,0.004271931649093563,0.002133053921954063,0.003950397151696973,0.012844510424062427,0.005253042921204321,4
2022-11-21,15707,15692.0,15.0,0.0009559010960999,24,"cnbc_a24cb308,cnbc_4adeefd8,cnbc_ba9b7645,cnbc_ed2e80b7,cnbc_68785dce,cnbc_f72040df,cnbc_8115c9b2,cnbc_b9355903,cnbc_937f1f6a,cnbc_7f70b2d3,cnbc_621d9a10,cnbc_af2c2210,cnbc_2796c043,cnbc_c22539e5,cnbc_5dabadc1,cnbc_b14b9671,cnbc_ed04db27,cnbc_fdb5d440,cnbc_b45cc44f,cnbc_1080ce39,cnbc_b0de5b5c,cnbc_f45d5679,cnbc_227d25c0,cnbc_4753d37b",True,1,0.0005729929330871586,0.0009559010960999,0.0003187352584942,0.0049327354260089,0.0041938189560616,0.00351392793253269,0.004855704333028399,0.001999381147386037,0.003935823973261443,0.013420220659397408,0.007504810776138626,0
2022-11-22,15716,15707.0,9.0,0.0005729929330871,5,"cnbc_f7a0cd19,cnbc_e2e29237,cnbc_b86286f4,cnbc_592420e4,cnbc_b162ef3a",True,0,-0.0010180707559175363,0.0005729929330871,0.0009559010960999,0.0003187352584942,0.0029555384219994,0.0021425292047136946,0.00510996987739909,0.001965526910608976,0.003924587884489279,0.009766126959650512,0.006403688524590168,1
2022-11-23,15700,15716.0,-16.0,-0.0010180707559175,4,"cnbc_594a2584,cnbc_78772379,cnbc_8ea1d7e6,cnbc_e6889ff9",True,0,-0.003375796178343949,-0.0010180707559175,0.0005729929330871,0.0009559010960999,0.0049327354260089,-2.5477057909339962e-05,0.0037528849903780692,0.0022400446696327946,0.003919362085241501,0.005765534913517056,0.006668376506796525,2
2022-11-24,15647,15700.0,-53.0,-0.0033757961783439,7,"cnbc_c79355d7,cnbc_61abff11,cnbc_33c4a454,cnbc_b1e24818,cnbc_ca2e9bb5,cnbc_a75ea88c,cnbc_58a9a043",True,1,0.001342110308685371,-0.0033757961783439,-0.0010180707559175,0.0005729929330871,0.0003187352584942,-0.0028931202365476416,0.00012783636944702081,0.001766314145551643,0.003988131158437346,-0.0025498820679543677,0.004751814037115443,3
2022-11-25,15668,15647.0,21.0,0.0013421103086853,4,"cnbc_75d5726f,cnbc_428c88f7,cnbc_8bff0eb8,cnbc_f6b6d500",True,1,0.003893285677814654,0.0013421103086853,-0.0033757961783439,-0.0010180707559175,0.0009559010960999,-0.0012493944261710022,0.0010670040188356378,0.001937264417409997,0.0039593409979581445,-0.001529441753759908,0.00810706472783429,4
2022-11-28,15729,15668.0,61.0,0.0038932856778146,16,"cnbc_b21fc70f,cnbc_1843dc73,cnbc_81dbe3da,cnbc_b9ae2bdf,cnbc_4f5bc0ea,cnbc_2620dab1,cnbc_e2fb8942,cnbc_1e39ffa9,cnbc_286013a4,cnbc_6fbc63c3,cnbc_3ad97409,cnbc_2b090cbe,cnbc_f12f6398,cnbc_75a4297d,cnbc_741b6655,cnbc_485b7659",True,1,0.000508614660817598,0.0038932856778146,0.0013421103086853,-0.0033757961783439,0.0005729929330871,0.002357889370379729,0.0045376310436551215,0.0027073763943855854,0.0039774613824908244,0.0014006493919909158,0.008527827648114883,0
2022-11-29,15737,15729.0,8.0,0.0005086146608175,8,"cnbc_eaca50be,cnbc_f7570956,cnbc_f8adea58,cnbc_bfad7732,cnbc_02dfaef0,cnbc_3bc679f7,cnbc_5fb877a6,cnbc_65c4bf87",True,1,0.0003177225646565419,0.0005086146608175,0.0038932856778146,0.0013421103086853,-0.0010180707559175,0.0025993552579604007,0.004759791731178575,0.0027058045298741043,0.0039212979686609525,0.0013362178671416647,0.005751901322937236,1
2022-11-30,15742,15737.0,5.0,0.0003177225646565,9,"cnbc_594b8234,cnbc_f15ab3d7,cnbc_12f41b8a,cnbc_21549b68,cnbc_1db647d6,cnbc_2edfb58e,cnbc_5dc90f27,cnbc_581c36bc,cnbc_bbb66c64",True,0,-0.007940541227290052,0.0003177225646565,0.0005086146608175,0.0038932856778146,-0.0033757961783439,0.0023814678501838937,0.004790338898126301,0.002611116535078541,0.003921297366983635,0.002675159235668856,0.0057500638895988665,2
2022-12-01,15617,15742.0,-125.0,-0.00794054122729,9,"cnbc_20ca112c,cnbc_bebdfdbf,cnbc_891b8d79,cnbc_11c97611,cnbc_42a1b3ca,cnbc_46e6233a,cnbc_38650d77,cnbc_66d1c37d,cnbc_53be7598",True,0,-0.012038163539732343,-0.00794054122729,0.0003177225646565,0.0005086146608175,0.0013421103086853,-0.005197915737709113,-0.0029845981964727875,0.004462756463825215,0.004308733042763558,-0.0019173004409791528,-0.004081372361456559,3
2022-12-02,15429,15617.0,-188.0,-0.0120381635397323,8,"cnbc_879659b3,cnbc_d20f9274,cnbc_3aff4734,cnbc_152ba67b,cnbc_23e7997f,cnbc_7b66175c,cnbc_755af8ed,cnbc_44713e31",True,0,-0.0012962602890660444,-0.0120381635397323,-0.00794054122729,0.0003177225646565,0.0038932856778146,-0.014171799524624884,-0.01402060274532857,0.0066505445340433135,0.004958718319672983,-0.015254020934388546,-0.019509405185561768,4
2022-12-05,15409,15429.0,-20.0,-0.001296260289066,18,"cnbc_ae257e6b,cnbc_2a6c534a,cnbc_8f9f0230,cnbc_8d2c45bf,cnbc_9279f037,cnbc_068e3ed0,cnbc_b681b024,cnbc_69cc520a,cnbc_b0539c13,cnbc_432e73c5,cnbc_4d269a2c,cnbc_6e502830,cnbc_9bd95c7c,cnbc_2e62338b,cnbc_0d5d5e74,cnbc_18b1fb9f,cnbc_263a65d7,cnbc_a8b4b6d9",True,1,0.010837822052047504,-0.001296260289066,-0.0120381635397323,-0.00794054122729,0.0005086146608175,-0.011407088048861813,-0.014407470777299869,0.005620948042789076,0.004941003022307228,-0.02034458643270387,-0.018034667346418565,0
2022-12-06,15576,15409.0,167.0,0.0108378220520475,7,"cnbc_6220b424,cnbc_56ea6887,cnbc_97d297b2,cnbc_9044aad3,cnbc_c3f49f00,cnbc_2014409e,cnbc_22cca0b9",True,1,0.002760657421674371,0.0108378220520475,-0.001296260289066,-0.0120381635397323,0.0003177225646565,0.0013757987990690168,-0.0033815667819449002,0.008756835438427157,0.005596026013446152,-0.010230666581940606,-0.00688599846977811,1
2022-12-07,15619,15576.0,43.0,0.0027606574216743,8,"cnbc_275824d5,cnbc_766e9e5f,cnbc_10b254e7,cnbc_5887bc30,cnbc_a9236beb,cnbc_d8f1aef0,cnbc_fc5ede82,cnbc_91a0b946",True,1,0.00032012292720404634,0.0027606574216743,0.0108378220520475,-0.001296260289066,-0.00794054122729,0.0057308435286542725,-0.0005183303364028058,0.00898531854166949,0.0056239821562765885,-0.007813492567653402,-0.002235850261913863,2
2022-12-08,15624,15619.0,5.0,0.000320122927204,7,"cnbc_88ed7a31,cnbc_f5360fdf,cnbc_ee66531c,cnbc_f58b804b,cnbc_0995972b,cnbc_7a45a45c,cnbc_cbb592f9",True,0,-0.002368151561699949,0.000320122927204,0.0027606574216743,0.0108378220520475,-0.0120381635397323,0.005962115456430217,4.800537660210047e-05,0.008241837085045679,0.005577978326460782,0.00044822949350065144,-0.00490414623272406,3
2022-12-09,15587,15624.0,-37.0,-0.0023681515616999,13,"cnbc_c8cdc4de,cnbc_ebd31e37,cnbc_5e32655e,cnbc_423c2ce8,cnbc_3de51bdd,cnbc_d2e3edd6,cnbc_d797943e,cnbc_df0f18cc,cnbc_37ce05bb,cnbc_cdf43971,cnbc_e0a8098a,cnbc_05786fb3,cnbc_8a7f4410",True,1,0.0035285815102328866,-0.0023681515616999,0.000320122927204,0.0027606574216743,-0.001296260289066,0.0015421191287026126,-0.0026203052863620346,0.00527827724519581,0.004703752075297892,0.010240456283621802,0.006067256180210423,4
2022-12-12,15642,15587.0,55.0,0.0035285815102328,19,"cnbc_f551da4f,cnbc_f81764e5,cnbc_a4754679,cnbc_3934c8b0,cnbc_fbb0b697,cnbc_d83b8c27,cnbc_13478112,cnbc_92a41fad,cnbc_373d427c,cnbc_e24d172e,cnbc_afd1bc25,cnbc_cb30b1b3,cnbc_b11e2c1e,cnbc_9a4e38bf,cnbc_f6cef69e,cnbc_9a7d8687,cnbc_b04b3488,cnbc_0acc573c,cnbc_e5a54efd",True,1,0.0012146784298683033,0.0035285815102328,-0.0023681515616999,0.000320122927204,0.0108378220520475,0.002075645756457467,0.00044131473415576217,0.004943826475882526,0.004758490120384443,0.015121033162437625,0.009226401703335663,0
2022-12-13,15661,15642.0,19.0,0.0012146784298683,9,"cnbc_3b7301a5,cnbc_c77455d9,cnbc_fd9a1b32,cnbc_feed7274,cnbc_3f7e9cc1,cnbc_3b339652,cnbc_380dacc7,cnbc_a717d338,cnbc_41a8deed",True,0,-0.002681821084221953,0.0012146784298683,0.0035285815102328,-0.0023681515616999,0.0027606574216743,0.002201374579243076,0.0013459122311771932,0.0023078581362922673,0.004681800058502028,0.0054571135079610755,0.006232331020303183,1
2022-12-14,15619,15661.0,-42.0,-0.0026818210842219,7,"cnbc_deb42ab3,cnbc_7ceadec0,cnbc_a0f55c09,cnbc_4075fb90,cnbc_34b94f0f,cnbc_fb6fe6ba,cnbc_c01b1d0b",True,1,0.000704270439848902,-0.0026818210842219,0.0012146784298683,0.0035285815102328,0.000320122927204,-0.00048635019773979327,-0.0013682514513695399,0.0025898397648801076,0.0046845454337567025,0.0,0.0005765534913517723,2
2022-12-15,15630,15619.0,11.0,0.0007042704398489,10,"cnbc_8903fd29,cnbc_6dce6a6c,cnbc_3a695026,cnbc_e7b16f10,cnbc_32589380,cnbc_2c6dd448,cnbc_59ae231f,cnbc_672ae5a4,cnbc_5fb65b45,cnbc_8bea89ed",True,0,-0.0008317338451695458,0.0007042704398489,-0.0026818210842219,0.0012146784298683,-0.0023681515616999,0.0001407747731607678,-0.00048281220523671564,0.002607250646340446,0.004545422654595899,0.00038402457757302777,-0.0036335819468349406,3
2022-12-16,15617,15630.0,-13.0,-0.0008317338451695,6,"cnbc_72e0e76c,cnbc_b2c5aac3,cnbc_8b30a4cb,cnbc_b123b895,cnbc_b282dc21,cnbc_2859d1e8",True,1,0.00025613113914324135,-0.0008317338451695,0.0007042704398489,-0.0026818210842219,0.0035285815102328,-0.0010745947882152551,-0.0010745947882152551,0.0023215415849761295,0.004546162887724884,0.0019246808237634028,-0.004779505480499657,4
2022-12-19,15621,15617.0,4.0,0.0002561311391432,19,"cnbc_535842b8,cnbc_bdd4460e,cnbc_5fc65dee,cnbc_286bbf67,cnbc_5224e445,cnbc_fa8b4790,cnbc_b5c75081,cnbc_8582272e,cnbc_93550b03,cnbc_7f53fcd3,cnbc_92c8e744,cnbc_a0de3286,cnbc_fe593783,cnbc_31b736f7,cnbc_a1f44749,cnbc_44827279,cnbc_a6a3d2a4,cnbc_2ca61f19,cnbc_809a1ef5",True,0,-0.0008322130465399142,0.0002561311391432,-0.0008317338451695,0.0007042704398489,0.0012146784298683,-0.0005502380099299264,-0.0005438433731085324,0.0015461796625287842,0.0045392455701280445,-0.001342539317222835,-0.005475265805055085,0
2022-12-20,15608,15621.0,-13.0,-0.0008322130465399,3,"cnbc_570b2326,cnbc_1312bf12,cnbc_c4b190bf",True,0,-0.0004484879548949257,-0.0008322130465399,0.0002561311391432,-0.0008317338451695,-0.0026818210842219,-0.0007042704398488864,-0.0010304593544588903,0.001308241468191889,0.004536471683942369,-0.0033842027967562194,-0.006871977602443402,1
2022-12-21,15601,15608.0,-7.0,-0.0004484879548949,5,"cnbc_4c2442c3,cnbc_68e8b7c9,cnbc_65d2ecd7,cnbc_75bf7cf7,cnbc_88b1f637",True,0,-0.00044868918659060316,-0.0004484879548949,-0.0008322130465399,0.0002561311391432,0.0007042704398489,-0.000922166579146233,-0.0011620350659287126,0.0006858689876106316,0.004533744433209477,-0.0011524425379345615,-0.006305732484076398,2
2022-12-22,15594,15601.0,-7.0,-0.0004486891865906,3,"cnbc_b2f08b62,cnbc_6227797a,cnbc_ed0dceb3",True,1,0.000705399512633064,-0.0004486891865906,-0.0004484879548949,-0.0008322130465399,-0.0008317338451695,-0.0009097781935136773,-0.0014407837863797957,0.0004443613079448369,0.004476329156397143,-0.002303262955854146,-0.0033872307790631107,3
2022-12-23,15605,15594.0,11.0,0.000705399512633,5,"cnbc_fff1ed47,cnbc_8046ca17,cnbc_f6fc9219,cnbc_53a7061a,cnbc_392e81cc",True,1,0.001986542774751682,0.000705399512633,-0.0004486891865906,-0.0004484879548949,0.0002561311391432,-5.126299196445139e-05,-0.0005347987459449755,0.0006205465264708634,0.004467338257675975,-0.0007683934174297358,-0.004020934388562658,4
2022-12-26,15636,15605.0,31.0,0.0019865427747516,17,"cnbc_b320bc4d,cnbc_612b83cb,cnbc_177af9cd,cnbc_38a9429c,cnbc_b96d00a5,cnbc_06e452a1,cnbc_2ac3fd57,cnbc_c064640c,cnbc_22966c7f,cnbc_05f800c7,cnbc_170e8926,cnbc_a2031a19,cnbc_97eb20c5,cnbc_8204509c,cnbc_92bf496b,cnbc_a6b0f3dd,cnbc_792214a4",True,1,0.0014709644410335124,0.0019865427747516,0.000705399512633,-0.0004486891865906,-0.0008322130465399,0.001742606734662644,0.001749024582444303,0.0011569011783882856,0.004395332756030359,0.0009602458229307498,-0.005912645432004537,0
2022-12-27,15659,15636.0,23.0,0.0014709644410335,6,"cnbc_8ea299eb,cnbc_8b1c4de0,cnbc_ddb9a5aa,cnbc_d44b9f6c,cnbc_531dc4eb,cnbc_94a6efd6",True,1,0.002809885688741299,0.0014709644410335,0.0019865427747516,0.000705399512633,-0.0004484879548949,0.0025609834176323343,0.0034732902696605894,0.0011042126765235668,0.004409748245437212,0.0032675550999488046,-0.004956472008642021,1
2022-12-28,15703,15659.0,44.0,0.0028098856887412,9,"cnbc_f4ea36e2,cnbc_b253bfde,cnbc_5860c9e8,cnbc_8fd5af05,cnbc_cc321006,cnbc_be002a71,cnbc_75c2eb31,cnbc_75907c97,cnbc_6d4891c9",True,1,0.00178309877093549,0.0028098856887412,0.0014709644410335,0.0019865427747516,-0.0004486891865906,0.004066652173356999,0.006418699147912044,0.0012441535307648086,0.004461223114674129,0.006538042433177349,-0.0024774488629144553,2
2022-12-29,15731,15703.0,28.0,0.0017830987709354,9,"cnbc_f6b94087,cnbc_151728c7,cnbc_f3c54dcc,cnbc_15057d60,cnbc_24270f79,cnbc_67e768f2,cnbc_3f9c0ccd,cnbc_fb917208,cnbc_e95d9165",True,0,-0.008836056194774648,0.0017830987709354,0.0028098856887412,0.0014709644410335,0.000705399512633,0.004097837465213194,0.007845059278408284,0.0007663957473588081,0.004076732441393262,0.008785430293702712,0.007299737465582323,3
2022-12-30,15592,15731.0,-139.0,-0.0088360561947746,11,"cnbc_c799100e,cnbc_8b83ce68,cnbc_18977ff8,cnbc_f5299638,cnbc_d2c9fc37,cnbc_5fb721af,cnbc_8da5c975,cnbc_155d2c01,cnbc_800ee2d1,cnbc_8f8505e2,cnbc_3385555f",True,0,-0.0012827090815802976,-0.0088360561947746,0.0017830987709354,0.0028098856887412,0.0019865427747516,-0.004609236347850598,-0.0015816401672569258,0.00487692152253398,0.003598545205220778,-0.0008330663248958814,0.010564521355888257,4
2023-01-02,15572,15592.0,-20.0,-0.0012827090815802,18,"cnbc_87ac9f52,cnbc_b53dcb69,cnbc_39d0a665,cnbc_f4e4070d,cnbc_2f808f21,cnbc_6f2f56e4,cnbc_1b95dd8a,cnbc_cc748b53,cnbc_3fd2c97d,cnbc_17f23590,cnbc_c937449d,cnbc_d16b1676,cnbc_5d1ec5ab,cnbc_b2fe1e14,cnbc_c0e3caea,cnbc_1f2833bf,cnbc_0b167d36,cnbc_acacaa7e",True,1,0.0011559208836372976,-0.0012827090815802,-0.0088360561947746,0.0017830987709354,0.0014709644410335,-0.0050730286108591205,-0.003382432471351726,0.004734753417408147,0.003598184158974924,-0.004093118444615018,0.010578233499902723,0
2023-01-03,15590,15572.0,18.0,0.0011559208836372,5,"cnbc_ff3efc2a,cnbc_f076642f,cnbc_f9952df4,cnbc_3c668510,cnbc_182a8c67",True,1,0.001603592046183451,0.0011559208836372,-0.0012827090815802,-0.0088360561947746,0.0028098856887412,-0.0030439453624597768,-0.0022751199157788893,0.004698753781542399,0.0026704231237105872,-0.004406411648253394,0.0008988186954288491,1
2023-01-04,15615,15590.0,25.0,0.0016035920461834,5,"cnbc_b8b89814,cnbc_6b2fbf15,cnbc_cf2edb81,cnbc_49d5426e,cnbc_bbc893ea",True,0,-0.0003202049311559398,0.0016035920461834,0.0011559208836372,-0.0012827090815802,0.0017830987709354,-0.0003201024327784685,-0.000662385162572332,0.004488586517272805,0.002620638626870878,-0.005604024708654398,-0.0002560983417632112,2
2023-01-05,15610,15615.0,-5.0,-0.0003202049311559,8,"cnbc_617aed3f,cnbc_d37ab51f,cnbc_f0124ff0,cnbc_35656e16,cnbc_222cbf35,cnbc_324cc144,cnbc_275f9875,cnbc_9d96b191",True,1,0.0016015374759769379,-0.0003202049311559,0.0016035920461834,0.0011559208836372,-0.0088360561947746,0.0009105015452879339,-0.0009376210027104426,0.004240772647376808,0.0026203106647172095,-0.007691818701926145,-0.0008960573476702871,3
2023-01-06,15635,15610.0,25.0,0.0016015374759769,3,"cnbc_ff7c974c,cnbc_6ac592b9,cnbc_1b743810",True,0,-0.0039015030380556443,0.0016015374759769,-0.0003202049311559,0.0016035920461834,-0.0012827090815802,0.0019609853631026297,0.0005087332541970913,0.0012941206802428266,0.0025849083479940692,0.002757824525397634,0.003079489318021489,4
2023-01-09,15574,15635.0,-61.0,-0.0039015030380556,17,"cnbc_1fe22e13,cnbc_97edbf59,cnbc_3c505e9c,cnbc_9621378e,cnbc_2f6ae5d1,cnbc_2d7f0db2,cnbc_0d9b69cd,cnbc_4bcbebc9,cnbc_875eb631,cnbc_a3f87ca7,cnbc_37e146a6,cnbc_8c429b68,cnbc_7d7a5501,cnbc_28f86b07,cnbc_245cfd91,cnbc_e37f1b41,cnbc_cf4512d3",True,1,0.0009631437010401952,-0.0039015030380556,0.0016015374759769,-0.0003202049311559,0.0011559208836372,-0.001973751666153989,-0.003177874568362715,0.002334146349189388,0.00260864831311179,0.00012843565373743537,-0.004347270170054984,0
2023-01-10,15589,15574.0,15.0,0.0009631437010401,4,"cnbc_a961173c,cnbc_5e90f33f,cnbc_31ecea71,cnbc_4107ffe2",True,0,-0.003977163384437744,0.0009631437010401,-0.0039015030380556,0.0016015374759769,0.0016035920461834,-0.000999705215128932,-0.0019878297444629878,0.002312345217840088,0.002601992854589449,-6.414368184737285e-05,-0.004597407572951906,1
2023-01-11,15527,15589.0,-62.0,-0.0039771633844377,7,"cnbc_ad145bb1,cnbc_ec4c12e4,cnbc_13263afe,cnbc_d657e27e,cnbc_68377b91,cnbc_b5626ef6,cnbc_e6cb0b4d",True,0,-0.010369034584916597,-0.0039771633844377,0.0009631437010401,-0.0039015030380556,-0.0003202049311559,-0.0038493616475268055,-0.005664261996932596,0.0026592214098738313,0.002681223925490969,-0.005635606788344516,-0.005890261860554413,2
2023-01-12,15366,15527.0,-161.0,-0.0103690345849165,7,"cnbc_7f894c9c,cnbc_33a2a85b,cnbc_0771713e,cnbc_89457c2e,cnbc_23cfec40,cnbc_b815ec7d,cnbc_c1b9ea1a",True,0,-0.012299882858258494,-0.0103690345849165,-0.0039771633844377,0.0009631437010401,0.0016015374759769,-0.011082364752674101,-0.015142046820170174,0.00481813186415068,0.0034869331385932877,-0.01563100576553489,-0.016890595009596887,3
2023-01-13,15177,15366.0,-189.0,-0.0122998828582584,4,"cnbc_3cf324f1,cnbc_5565d3dc,cnbc_c28b9002,cnbc_72e01476",True,0,-0.010410489556565856,-0.0122998828582584,-0.0103690345849165,-0.0039771633844377,-0.0039015030380556,-0.017453679126798183,-0.025882126410038397,0.0053787400223124626,0.004326420156295124,-0.029293252318516094,-0.028174425305756534,4
2023-01-16,15019,15177.0,-158.0,-0.0104104895565658,17,"cnbc_4af6b6fd,cnbc_ce7ed9d4,cnbc_c05cb7b2,cnbc_37ff5376,cnbc_a95873ed,cnbc_55517dc0,cnbc_e87345ec,cnbc_dba7a2f9,cnbc_ad71bf18,cnbc_55932432,cnbc_da79acf6,cnbc_0970ca83,cnbc_eac8eac4,cnbc_b5b812ca,cnbc_9092cd09,cnbc_41f7861e,cnbc_5fd9b2ef",True,1,0.008988614421732473,-0.0104104895565658,-0.0122998828582584,-0.0103690345849165,0.0009631437010401,-0.020644774250762943,-0.034157226779162886,0.005553842673919294,0.004746148502693715,-0.035636316938487234,-0.03853786569361761,0
2023-01-17,15154,15019.0,135.0,0.0089886144217324,6,"cnbc_4b8127ec,cnbc_7c081994,cnbc_34f98610,cnbc_55f51af3,cnbc_da522f46,cnbc_71007251",True,0,-0.0011218160221723636,0.0089886144217324,-0.0104104895565658,-0.0122998828582584,-0.0039771633844377,-0.006203848222131936,-0.024050954921767675,0.008749761093660857,0.00533912820526743,-0.02790429148758744,-0.029087647360327984,1
2023-01-18,15137,15154.0,-17.0,-0.0011218160221723,16,"cnbc_e9f86dc8,cnbc_e574096d,cnbc_87d0a34e,cnbc_7aba0f61,cnbc_d8255cc1,cnbc_730c05ed,cnbc_25c45658,cnbc_4f607d8f,cnbc_58c55bb5,cnbc_758b82ec,cnbc_dda08cbb,cnbc_d03b5e6f,cnbc_59f703ab,cnbc_bf0a4635,cnbc_15d5461d,cnbc_3b9e0697",True,0,-0.0015855189271321926,-0.0011218160221723,0.0089886144217324,-0.0104104895565658,-0.0103690345849165,-0.0022148102250405532,-0.023687053549833137,0.00897358377799022,0.005334526737259952,-0.02511753719327625,-0.029741683225434246,2
2023-01-19,15113,15137.0,-24.0,-0.0015855189271321,15,"cnbc_6899c685,cnbc_a6bd2840,cnbc_a1fafe98,cnbc_a7460833,cnbc_bea5b182,cnbc_e5ab655f,cnbc_f533019a,cnbc_f5f6a744,cnbc_dea17426,cnbc_33fa72a3,cnbc_fa03f762,cnbc_4fd3b1bb,cnbc_34643f62,cnbc_8a2d8bd4,cnbc_8784dac8",True,1,0.000529345596506319,-0.0015855189271321,-0.0011218160221723,0.0089886144217324,-0.0122998828582584,-0.0004629629629629983,-0.023720623764550863,0.00851836138630456,0.005328845405706663,-0.01646492255629306,-0.030845196870591285,3
2023-01-20,15121,15113.0,8.0,0.0005293455965063,15,"cnbc_ebb54b31,cnbc_e71dadf0,cnbc_8e71a7ad,cnbc_210d0bb9,cnbc_537ac8b6,cnbc_22efb796,cnbc_f66069c1,cnbc_b82eb839,cnbc_cc477cbc,cnbc_54c8ae9d,cnbc_e3e56592,cnbc_141be3a6,cnbc_32843353,cnbc_ee291ed8,cnbc_e5291b2d",True,0,-0.012631439719595265,0.0005293455965063,-0.0015855189271321,-0.0011218160221723,-0.0104104895565658,0.0008074764375729515,-0.02167443064182195,0.006903517679062545,0.005325064600839725,-0.003689793766884053,-0.03101570009612309,4
2023-01-24,14930,15121.0,-191.0,-0.0126314397195952,20,"cnbc_e806dc66,cnbc_6e389b6f,cnbc_748627b2,cnbc_31dcc412,cnbc_10210226,cnbc_b736b928,cnbc_09b7baf1,cnbc_9164de2f,cnbc_edcf3557,cnbc_9358b35e,cnbc_07398d10,cnbc_4459e780,cnbc_cd757ca6,cnbc_73bbb578,cnbc_3cf17d5d,cnbc_b936fdfa,cnbc_1ce0f7cd,cnbc_3d38ea3c,cnbc_2b65d124,cnbc_ac331707",True,1,0.0018754186202277294,-0.0126314397195952,0.0005293455965063,-0.0015855189271321,0.0089886144217324,-0.010668610430057623,-0.03182086416310548,0.007707539007188198,0.005795040244650947,-0.005925827285438445,-0.04515221284215909,1
2023-01-25,14958,14930.0,28.0,0.0018754186202277,8,"cnbc_028d202f,cnbc_ff421686,cnbc_a74a3f48,cnbc_68526e3b,cnbc_89f9bc4d,cnbc_fe16c9d1,cnbc_0426e973,cnbc_2dbaafb3",True,1,0.00040112314480545525,0.0018754186202277,-0.0126314397195952,0.0005293455965063,-0.0011218160221723,-0.0062318128064416944,-0.027795380760643806,0.005780685239051585,0.005809548486613066,-0.01293387884386965,-0.044766587904719324,2
2023-01-26,14964,14958.0,6.0,0.0004011231448054,12,"cnbc_9ebe2924,cnbc_85a79d32,cnbc_2c91d02c,cnbc_b42c5b2c,cnbc_0294b03d,cnbc_1f6fda7e,cnbc_053155b6,cnbc_f1e10c97,cnbc_4c2dae70,cnbc_f5c85b8c,cnbc_585f6ede,cnbc_73eefb61",True,1,0.0009355787222667736,0.0004011231448054,0.0018754186202277,-0.0126314397195952,-0.0015855189271321,-0.0035426044801960543,-0.025064011935864272,0.005915719136797095,0.005722990050961194,-0.011428948933077887,-0.047061071132904586,3
2023-01-27,14978,14964.0,14.0,0.0009355787222667,10,"cnbc_0e902db6,cnbc_4a160c66,cnbc_d9ad466d,cnbc_a796203f,cnbc_81ec723f,cnbc_2f202c23,cnbc_8626c176,cnbc_9bfb86ef,cnbc_43737838,cnbc_d62059c9",True,1,6.676458806249166e-05,0.0009355787222667,0.0004011231448054,0.0018754186202277,0.0005293455965063,-0.0008138650585048923,-0.02175226388784568,0.006094681128353978,0.005693512511934234,-0.008932706941044088,-0.04786726845082956,4
2023-01-30,14979,14978.0,1.0,6.676458806249166e-05,13,"cnbc_1dbc10e7,cnbc_aabd99fd,cnbc_1fe3b4c2,cnbc_8f2a8be8,cnbc_f80a139c,cnbc_4f324cae,cnbc_f03801f6,cnbc_5d38c1f5,cnbc_d139ddb6,cnbc_55feb63e,cnbc_73726fc1,cnbc_0b42e18b,cnbc_41bf94ef",True,1,0.0008678817010481341,6.676458806249166e-05,0.0009355787222667,0.0004011231448054,-0.0126314397195952,0.0011495943001511577,-0.01972461453888641,0.006054276867415042,0.005511764800826599,-0.009390913299384906,-0.03931503335043607,0
2023-01-31,14992,14979.0,13.0,0.0008678817010481,3,"cnbc_0a0ddb3a,cnbc_16fe1c80,cnbc_04ad0760",True,0,-6.670224119530417e-05,0.0008678817010481,6.676458806249166e-05,0.0009355787222667,0.0018754186202277,0.0011887112500166275,-0.017008274650196054,0.0006840949388788625,0.005547132368115053,0.004152712659075686,-0.03724633958386847,1
2023-02-01,14991,14992.0,-1.0,-6.670224119530417e-05,10,"cnbc_399f2db4,cnbc_1d2bdcb4,cnbc_c4f8e2df,cnbc_0346704e,cnbc_38129502,cnbc_c36e39fc,cnbc_40c27c76,cnbc_3733af94,cnbc_2176c97f,cnbc_a88d53f2",True,0,-0.008204922953772264,-6.670224119530417e-05,0.0008678817010481,6.676458806249166e-05,0.0004011231448054,0.0006808715155399714,-0.015139819136810284,0.00045448870914922005,0.005518561625933896,0.002206177296429912,-0.03842206542655546,2
2023-02-02,14868,14991.0,-123.0,-0.0082049229537722,8,"cnbc_9610dc0b,cnbc_7623b84d,cnbc_e38023a5,cnbc_f56c2c3b,cnbc_f0213479,cnbc_7019f2e2,cnbc_e22a2381,cnbc_0ba6cbac",True,1,0.0020177562550443904,-0.0082049229537722,-6.670224119530417e-05,0.0008678817010481,0.0009355787222667,-0.006256015399422554,-0.020817829176572933,0.00389751872051361,0.005621706096664723,-0.006415396952686447,-0.04783861671469736,3
2023-02-03,14898,14868.0,30.0,0.0020177562550443,14,"cnbc_e1637bd8,cnbc_5f1767b4,cnbc_bc7a9764,cnbc_be5fbb28,cnbc_4ece7ae6,cnbc_cdd213b5,cnbc_d5cbe232,cnbc_d40a15d7,cnbc_a297bbcb,cnbc_0e54f065,cnbc_a909ec6b,cnbc_e0f6b3b9,cnbc_f15300d5,cnbc_776c49fc",True,1,0.010538327292253994,0.0020177562550443,-0.0082049229537722,-6.670224119530417e-05,6.676458806249166e-05,-0.0031848838454127115,-0.016536290721853697,0.004077235595551801,0.005691821759091102,-0.005341167044999318,-0.04561178731582316,4
2023-02-06,15055,14898.0,157.0,0.0105383272922539,16,"cnbc_07169734,cnbc_de31ce9c,cnbc_689f2671,cnbc_60b65f34,cnbc_1ba71136,cnbc_129d2ea8,cnbc_eb9a1484,cnbc_b3ef9920,cnbc_c2783375,cnbc_797e8672,cnbc_acd1b4ca,cnbc_9e191239,cnbc_a9e58d7f,cnbc_25fd1185,cnbc_43ba2184,cnbc_c44f1455",True,1,0.005579541680504816,0.0105383272922539,0.0020177562550443,-0.0082049229537722,0.0008678817010481,0.006296454735041035,-0.0042660140877675,0.0066688977599682125,0.0063305206958725515,0.005073769944589079,-0.03709625839462749,0
2023-02-07,15139,15055.0,84.0,0.0055795416805048,9,"cnbc_c961f1bf,cnbc_1bb535c1,cnbc_845bc332,cnbc_a410cb83,cnbc_73ef9546,cnbc_54e5fad3,cnbc_9f8eb2ae,cnbc_29448ccd,cnbc_b226975f",True,0,-0.001122927538146509,0.0055795416805048,0.0105383272922539,0.0020177562550443,-6.670224119530417e-05,0.009926485303731747,0.0027321951946481793,0.006966428036029062,0.006522406046891034,0.009805229455709608,-0.02793116733016565,1
2023-02-08,15122,15139.0,-17.0,-0.0011229275381465,11,"cnbc_d4788729,cnbc_ca0ef2f1,cnbc_f8874448,cnbc_3b3fbbe1,cnbc_a960f9f6,cnbc_3d48e965,cnbc_afbb99dd,cnbc_b6b1e673,cnbc_9f98c221,cnbc_21b63fc3,cnbc_360f9fdd",True,0,-0.00013225763787858748,-0.0011229275381465,0.0055795416805048,0.0105383272922539,-0.0082049229537722,0.0070323113396020265,0.0031576712837659837,0.007059130887750517,0.006499346948604328,0.008738576479220939,-0.029957020976329463,2
2023-02-09,15120,15122.0,-2.0,-0.0001322576378785,4,"cnbc_da78c992,cnbc_5446677c,cnbc_7599e179,cnbc_215956dc",True,1,0.0013227513227513227,-0.0001322576378785,-0.0011229275381465,0.0055795416805048,0.0020177562550443,0.0035309422040512572,0.004380880892517425,0.004757824472862966,0.006479034612051052,0.016949152542372836,-0.02621240419913695,3
2023-02-10,15140,15120.0,20.0,0.0013227513227513,19,"cnbc_c9dc7c8b,cnbc_2b886bf3,cnbc_59031404,cnbc_87c8c4c3,cnbc_cbed73cf,cnbc_97d1958f,cnbc_8ab98c82,cnbc_be9936eb,cnbc_dab5981d,cnbc_32872a65,cnbc_36df3504,cnbc_88d9200a,cnbc_fc186f5f,cnbc_06aaa4d8,cnbc_95867030,cnbc_d76945f7,cnbc_5609d89b,cnbc_72189cac,cnbc_c3bf11a4",True,1,0.005019815059445178,0.0013227513227513,-0.0001322576378785,-0.0011229275381465,0.0105383272922539,0.0016407325076743806,0.006464908344551379,0.004817211197422411,0.006136798213295612,0.016243791112900974,-0.014707796433684805,4
2023-02-13,15216,15140.0,76.0,0.0050198150594451,18,"cnbc_ca2cde97,cnbc_347a5fde,cnbc_046bdad5,cnbc_1ae1b9fa,cnbc_a0999db2,cnbc_66f6c139,cnbc_46faee01,cnbc_57da5def,cnbc_64d18d33,cnbc_ba4e3f93,cnbc_33286871,cnbc_22d2896b,cnbc_22b31ec5,cnbc_e125642c,cnbc_5999dbbc,cnbc_cb914a29,cnbc_28788927,cnbc_6daa3c7d",True,0,-0.0031545741324921135,0.0050198150594451,0.0013227513227513,-0.0001322576378785,0.0055795416805048,0.004528830030236186,0.011386069512851593,0.0030249507938976553,0.005617127420629292,0.010694121554300828,0.0025696778019370647,0
2023-02-14,15168,15216.0,-48.0,-0.0031545741324921,7,"cnbc_42d62dd5,cnbc_d7fd1c59,cnbc_d268247e,cnbc_2ddc512f,cnbc_ebf081f0,cnbc_9a748de7,cnbc_ef60d15d",True,1,0.0017141350210970465,-0.0031545741324921,0.0050198150594451,0.0013227513227513,-0.0011229275381465,0.0009766913919171394,0.007696574907903653,0.0030590383273241496,0.005111137276006374,0.0019155822709557846,0.0099207670284307,1
2023-02-15,15194,15168.0,26.0,0.001714135021097,9,"cnbc_e3a06f85,cnbc_ae2de1a4,cnbc_23dc3450,cnbc_321c4a2e,cnbc_f8099818,cnbc_7d9be4de,cnbc_fbf69c6e,cnbc_32f9d262,cnbc_ffd9af0d",True,0,-0.0011846781624325392,0.001714135021097,-0.0031545741324921,0.0050198150594451,-0.0001322576378785,0.0017405522297528897,0.00928979716556566,0.002970899356279724,0.0047195657042682,0.004761274963629214,0.002639567110993779,2
2023-02-16,15176,15194.0,-18.0,-0.0011846781624325,12,"cnbc_07799dd1,cnbc_71545528,cnbc_5d99f5e1,cnbc_40245cbe,cnbc_8542cb3f,cnbc_8ba01047,cnbc_4be671f9,cnbc_2ecad117,cnbc_7ea6750b,cnbc_91c51176,cnbc_451fce8a,cnbc_0eba14e5",True,1,0.0015155508697944123,-0.0011846781624325,0.001714135021097,-0.0031545741324921,0.0013227513227513,-0.00018446781036707272,0.007963549657613811,0.0031015072099986234,0.004720472806249741,0.0037037037037037646,0.002576468256589859,3
2023-02-17,15199,15176.0,23.0,0.0015155508697944,5,"cnbc_b38ea086,cnbc_13da3358,cnbc_32cf27ea,cnbc_f0b2d678,cnbc_828fb7ed",True,0,-0.002039607868938746,0.0015155508697944,-0.0011846781624325,0.001714135021097,0.0050198150594451,0.0005529735494318455,0.009202942816923798,0.003111691177519883,0.004711759207642312,0.003896961690885048,0.005690465162442981,4
2023-02-20,15168,15199.0,-31.0,-0.0020396078689387,32,"cnbc_5e89b37a,cnbc_5f5f5f82,cnbc_4145303e,cnbc_99619f03,cnbc_a427b90c,cnbc_0a500498,cnbc_5caadb8b,cnbc_5c1f9242,cnbc_4af8de51,cnbc_690e0f7d,cnbc_d67791fc,cnbc_e2e9aee9,cnbc_1cae12e2,cnbc_7e1e726a,cnbc_276adece,cnbc_4512c7d3,cnbc_004be487,cnbc_aa1ded70,cnbc_6865eb4d,cnbc_391357b8,cnbc_71c00a1d,cnbc_903993b9,cnbc_876c2380,cnbc_d3c47754,cnbc_9e01468a,cnbc_25993863,cnbc_1167864d,cnbc_ee517d42,cnbc_7fbc8984,cnbc_752c9e0a,cnbc_4ac29438,cnbc_5fce94e8",True,1,0.0007252109704641351,-0.0020396078689387,0.0015155508697944,-0.0011846781624325,-0.0031545741324921,-0.000856333574863366,0.006987435893180294,0.002166015590557098,0.0047399469818908664,-0.003154574132492094,0.0031082600357119627,0
2023-02-21,15179,15168.0,11.0,0.0007252109704641,9,"cnbc_82bc675d,cnbc_3c549ffa,cnbc_58bc0f10,cnbc_4d790149,cnbc_2cdf8f17,cnbc_dc08cd31,cnbc_b80c61b1,cnbc_7ee41705,cnbc_844accb2",True,1,0.0025693392186573556,0.0007252109704641,-0.0020396078689387,0.0015155508697944,0.001714135021097,-0.00027662152905849613,0.006885480789641241,0.0016746483535186125,0.003659856136093559,0.0007252109704640741,0.01667782987273947,1
2023-02-22,15218,15179.0,39.0,0.0025693392186573,10,"cnbc_ad44dc19,cnbc_0de7ea16,cnbc_a81de8bf,cnbc_bbb9e12a,cnbc_1d124337,cnbc_92e4eb5c,cnbc_2bdf9fb1,cnbc_cbb0926c,cnbc_a49a3a2d,cnbc_68d1a17e",True,0,-0.0020370613746878694,0.0025693392186573,0.0007252109704641,-0.0020396078689387,-0.0011846781624325,0.001975243613379085,0.008602749168224122,0.0019029470669471146,0.003673515228219771,0.001579570883243342,0.017382002941569663,2
2023-02-23,15187,15218.0,-31.0,-0.0020370613746878,10,"cnbc_ea859370,cnbc_156e2fcc,cnbc_afead732,cnbc_21c6039a,cnbc_305b955d,cnbc_8e1dd6f9,cnbc_85937e41,cnbc_41731fe3,cnbc_f6edf47b,cnbc_8c1bd6a3",True,1,0.00190952788569171,-0.0020370613746878,0.0025693392186573,0.0007252109704641,0.0015155508697944,-0.00021066213743070605,0.005804885640772639,0.002099188192426572,0.0037298632339606997,0.0007248286768581913,0.01490243250467782,3
2023-02-24,15216,15187.0,29.0,0.0019095278856917,8,"cnbc_f1eaa7a2,cnbc_148f75f2,cnbc_8fda1d4d,cnbc_1720db05,cnbc_9f631e9e,cnbc_3885274a,cnbc_8003870b,cnbc_b2689533",True,1,0.003811777076761304,0.0019095278856917,-0.0020370613746878,0.0025693392186573,-0.0020396078689387,0.0014743049705139288,0.006931921581603051,0.0021696278993873818,0.003738809106080443,0.001118494637805112,0.015889971958872984,4
2023-02-27,15274,15216.0,58.0,0.0038117770767613,27,"cnbc_0f97dedf,cnbc_2f11255d,cnbc_fa312fe4,cnbc_4488f307,cnbc_c1290384,cnbc_29ea0d30,cnbc_c383439d,cnbc_5c52dca4,cnbc_0ff99f4c,cnbc_c026d842,cnbc_33c023b9,cnbc_ba4643b9,cnbc_ebc560a9,cnbc_a18ab790,cnbc_6817f20f,cnbc_90c8cc09,cnbc_17ac3366,cnbc_5139687d,cnbc_8b365bec,cnbc_1d67620b,cnbc_547d8f72,cnbc_5be3234f,cnbc_43fabaea,cnbc_539d7a9f,cnbc_5fa76bea,cnbc_c9931d43,cnbc_e34ef648",True,0,-0.0022260049757758284,0.0038117770767613,0.0019095278856917,-0.0020370613746878,0.0007252109704641,0.0038909482871940515,0.009784477059368024,0.002219925828127595,0.0037937836202485377,0.006988396624472593,0.019694238600707736,0
2023-02-28,15240,15274.0,-34.0,-0.0022260049757758,7,"cnbc_10ad83a5,cnbc_9d0aba4f,cnbc_5671748b,cnbc_725e5e4f,cnbc_78ea1593,cnbc_4d67383e,cnbc_309b71ce",True,1,0.0006561679790026247,-0.0022260049757758,0.0038117770767613,0.0019095278856917,0.0025693392186573,0.0008537466342681821,0.006711409395973256,0.002767575012972908,0.0038611799622419534,0.004018710059951358,0.016542155816435367,1
2023-03-01,15250,15240.0,10.0,0.0006561679790026,12,"cnbc_469427f0,cnbc_6976f1ca,cnbc_b4111fe6,cnbc_ac51a207,cnbc_0a4bb43f,cnbc_fb5b6283,cnbc_b25f8b9f,cnbc_d4a74f1c,cnbc_adaeaeb3,cnbc_93c9d967,cnbc_6c19ec5c,cnbc_0e3cb392",True,1,0.0015081967213114755,0.0006561679790026,-0.0022260049757758,0.0038117770767613,-0.0020370613746878,0.0010897107671301587,0.00651097096958364,0.0025892601161259894,0.003855746034249095,0.002102773031935845,0.01727703288639848,2
2023-03-02,15273,15250.0,23.0,0.0015081967213114,15,"cnbc_fb301739,cnbc_f50389dd,cnbc_3a99e3c1,cnbc_3fe4089d,cnbc_2a14f43d,cnbc_8df3df99,cnbc_68e837d1,cnbc_031c6290,cnbc_5dfc0255,cnbc_75cb94cd,cnbc_489daba2,cnbc_5ecf5239,cnbc_d698db47,cnbc_acb6be05,cnbc_92a92744",True,1,0.002160675702219603,0.0015081967213114,0.0006561679790026,-0.0022260049757758,0.0019095278856917,0.00146879467037353,0.006683540298979551,0.002203967574304556,0.0032111912538489514,0.00566273786791327,0.02723970944309917,3
2023-03-03,15306,15273.0,33.0,0.0021606757022196,8,"cnbc_74323e34,cnbc_15132eaa,cnbc_8230e3f6,cnbc_4bfebf4d,cnbc_ad2f1954,cnbc_0a0c0189,cnbc_535778c8,cnbc_6c033492",True,0,-0.0003266692800209068,0.0021606757022196,0.0015081967213114,0.0006561679790026,0.0038117770767613,0.0024494714643124027,0.00750394944707744,0.0022288413470767203,0.003212915058742054,0.005914826498422787,0.027386226339105812,4
2023-03-06,15301,15306.0,-5.0,-0.0003266692800209,20,"cnbc_dd180737,cnbc_53ffcdd2,cnbc_59079562,cnbc_54853906,cnbc_25b8ae4d,cnbc_60986b68,cnbc_a36df73d,cnbc_1fd09529,cnbc_9a8bffb8,cnbc_8cd3cf90,cnbc_c40ffccd,cnbc_ce86cb00,cnbc_17ca7062,cnbc_ca9462c4,cnbc_f679b4d0,cnbc_ad11e0a9,cnbc_a877af81,cnbc_95114766,cnbc_f0a22660,cnbc_2392a376",True,1,0.0037906019214430427,-0.0003266692800209,0.0021606757022196,0.0015081967213114,-0.0022260049757758,0.001767709833704334,0.00636004288260561,0.001718086717549006,0.002392560642074035,0.001767709833704334,0.0163400863500498,0
2023-03-07,15359,15301.0,58.0,0.003790601921443,7,"cnbc_395f4c1e,cnbc_9b5c86c0,cnbc_05bc141d,cnbc_d2baf1f9,cnbc_b3ffef04,cnbc_fa7caea8,cnbc_46634461",True,1,0.005989973305553747,0.003790601921443,-0.0003266692800209,0.0021606757022196,0.0006561679790026,0.004000575246113858,0.0094444407931491,0.001558483941725749,0.002233128017581106,0.00780839895013119,0.01453200343483707,1
2023-03-08,15451,15359.0,92.0,0.0059899733055537,12,"cnbc_f75d6d6c,cnbc_044dbdc4,cnbc_be7f1b6e,cnbc_221a1bb8,cnbc_4bb4bd40,cnbc_9ab3ddc8,cnbc_bec55e3e,cnbc_07ddf136,cnbc_25fa1af8,cnbc_c052a6c9,cnbc_87b0d21e,cnbc_a820a0fb",True,0,-0.0008413694906478545,0.0059899733055537,0.003790601921443,-0.0003266692800209,0.0015081967213114,0.007367322988655722,0.014394275116122568,0.0023904429691299456,0.0024766280336689455,0.013180327868852482,0.02175638143102754,2
2023-03-09,15438,15451.0,-13.0,-0.0008413694906478,11,"cnbc_a0b7098a,cnbc_8d60bb13,cnbc_5d5634ad,cnbc_5ecdb392,cnbc_a9462f8b,cnbc_567c56f8,cnbc_92349100,cnbc_23e929cd,cnbc_293a301f,cnbc_712b4925,cnbc_6756d7bd",True,1,0.00194325689856199,-0.0008413694906478,0.0059899733055537,0.003790601921443,0.0021606757022196,0.004358857588966147,0.012483890960246269,0.0028512785734623645,0.002499857748167577,0.010803378511097916,0.021031746031745957,3
2023-03-10,15468,15438.0,30.0,0.0019432568985619,10,"cnbc_e256e704,cnbc_ca4f7dad,cnbc_e2de97ec,cnbc_465d5651,cnbc_28c6e69a,cnbc_2e97316b,cnbc_38dd6f69,cnbc_cc0cfcdb,cnbc_a482e4a1,cnbc_0f3cdafb",True,0,-0.006077062322213602,0.0019432568985619,-0.0008413694906478,0.0059899733055537,-0.0003266692800209,0.004193879273407086,0.01336146042498565,0.002852821027946573,0.0025073362107383684,0.010584084672677463,0.021664464993395027,4
2023-03-13,15374,15468.0,-94.0,-0.0060770623222136,25,"cnbc_9ccab0a8,cnbc_81928166,cnbc_f5daf61e,cnbc_38e29dfc,cnbc_60fcb6ef,cnbc_3c39fb16,cnbc_0bedc6e6,cnbc_711e5c57,cnbc_60e17acf,cnbc_5853a174,cnbc_44e6941a,cnbc_c994ba52,cnbc_2823c238,cnbc_c9320805,cnbc_640740ee,cnbc_b66e331a,cnbc_e8a736ab,cnbc_39f3b6e9,cnbc_535f92c8,cnbc_ea7f1fe5,cnbc_40ce3123,cnbc_5b7aeb9a,cnbc_de887ea0,cnbc_c70ab736,cnbc_fc4a7a39",True,1,0.00039026928580720695,-0.0060770623222136,0.0019432568985619,-0.0008413694906478,0.003790601921443,-0.0028538072382928714,0.006682185313597655,0.004664892955811227,0.00279930525975003,0.004770930004574847,0.010383806519453254,0
2023-03-14,15380,15374.0,6.0,0.0003902692858072,8,"cnbc_61d52ae6,cnbc_f209606e,cnbc_99943b50,cnbc_38edf091,cnbc_24f913de,cnbc_90dd3bf2,cnbc_3d611621,cnbc_e271e3d0",True,0,-0.0009752925877763329,0.0003902692858072,-0.0060770623222136,0.0019432568985619,0.0059899733055537,-0.0027363151820103404,0.006376553651059602,0.0043889658161956405,0.0026632934682226865,0.0013672765153980304,0.013976793248945185,1
2023-03-15,15365,15380.0,-15.0,-0.0009752925877763,4,"cnbc_0a1ec45d,cnbc_4ff2bd9d,cnbc_b138bb45,cnbc_b9cf16e5",True,1,0.0034493979824275953,-0.0009752925877763,0.0003902692858072,-0.0060770623222136,-0.0008413694906478,-0.0025965595585848433,0.004832876640660233,0.0030139335331110977,0.002677126765653218,-0.005565982784285772,0.011254442543109144,2
2023-03-16,15418,15365.0,53.0,0.0034493979824275,11,"cnbc_a7651ac2,cnbc_0a127ffe,cnbc_2aeb4677,cnbc_42156d4f,cnbc_2cce0adf,cnbc_7741621f,cnbc_6e85e54f,cnbc_f2869ba1,cnbc_30fd19cd,cnbc_7495c77e,cnbc_7fd04b90",True,0,-0.003502399792450383,0.0034493979824275,-0.0009752925877763,0.0003902692858072,0.0019432568985619,0.0011038244269852004,0.007501698991060568,0.0036533031337378295,0.002718116894324398,-0.001295504599041375,0.01594623089088043,3
2023-03-17,15364,15418.0,-54.0,-0.0035023997924503,8,"cnbc_00319ba2,cnbc_7aa6ca3b,cnbc_eb6d35d5,cnbc_10a08489,cnbc_05b6239e,cnbc_3f4daaa4,cnbc_3dd4948b,cnbc_dafa5bed",True,1,0.000520697734964853,-0.0035023997924503,0.0034493979824275,-0.0009752925877763,-0.0060770623222136,-0.001053302297759462,0.0034320720767790913,0.00364626051979319,0.0028751468878288784,-0.006723558313938449,0.010855977366932112,4
2023-03-20,15372,15364.0,8.0,0.0005206977349648,15,"cnbc_2a995a7f,cnbc_6e217374,cnbc_a3c61c2f,cnbc_7162382f,cnbc_9c577a29,cnbc_00e0bc14,cnbc_d2ae91dc,cnbc_6c1ce1dd,cnbc_5369a502,cnbc_37067f7e,cnbc_01453708,cnbc_a101e0a5,cnbc_07331327,cnbc_8dc0d501,cnbc_7666933f",True,0,-0.0014962269060629716,0.0005206977349648,-0.0035023997924503,0.0034493979824275,0.0003902692858072,-0.0005071587406857425,0.003286199593385941,0.002526708802130958,0.0028103282510701585,-0.00013008976193573663,0.013449367088607556,0
2023-03-21,15349,15372.0,-23.0,-0.0014962269060629,4,"cnbc_64efd81f,cnbc_22550618,cnbc_726b325d,cnbc_23a43a8f",True,0,-0.010424131865268096,-0.0014962269060629,0.0005206977349648,-0.0035023997924503,-0.0009752925877763,-0.0016001457043243184,0.001229603102383292,0.0025895513938553514,0.002851706963222939,-0.0020156046814043815,0.011199683773634561,1
2023-03-24,15189,15349.0,-160.0,-0.010424131865268,26,"cnbc_bb470a85,cnbc_4080910c,cnbc_1bdd3987,cnbc_68b71fd9,cnbc_e0006958,cnbc_e25093ec,cnbc_8928fb5f,cnbc_ff9a7fd5,cnbc_7b8ede96,cnbc_1c3e93ac,cnbc_72adec0d,cnbc_aeb61b7b,cnbc_19bd2ea6,cnbc_a1a188ac,cnbc_e1410941,cnbc_a386a625,cnbc_3c443dde,cnbc_9b216ad2,cnbc_b08bac84,cnbc_41c916f4,cnbc_870abb39,cnbc_442c3fb0,cnbc_d9089ba6,cnbc_24c97fce,cnbc_bf3d940f,cnbc_3de314f6",True,0,-0.0009875567845151097,-0.010424131865268,-0.0014962269060629,0.0005206977349648,0.0034493979824275,-0.009740259740259716,-0.009113623464481746,0.005222662149776667,0.0037184301691546694,-0.01145460462089165,-0.0019056380601918388,4
2023-03-27,15174,15189.0,-15.0,-0.0009875567845151,24,"cnbc_7b658f10,cnbc_63a572d8,cnbc_fe067cad,cnbc_5ccf1112,cnbc_ccf14514,cnbc_6282d6ff,cnbc_43686de0,cnbc_6b19f67b,cnbc_9579fc88,cnbc_c9ae9b71,cnbc_9691c4aa,cnbc_f7695875,cnbc_3a38fa89,cnbc_722f0cf1,cnbc_5ba0e393,cnbc_62574e34,cnbc_0d1caf7a,cnbc_80f51710,cnbc_b47aab21,cnbc_70a7625f,cnbc_e7991a52,cnbc_898bcc3a,cnbc_a45b4bc3,cnbc_ad1b7479",True,0,-0.005667589297482536,-0.0009875567845151,-0.010424131865268,-0.0014962269060629,-0.0035023997924503,-0.0075606948514023165,-0.010050202080499449,0.004298791381287846,0.0036968312883842096,-0.01582565832144245,-0.0008559952591031816,0
2023-03-28,15088,15174.0,-86.0,-0.0056675892974825,12,"cnbc_61c59010,cnbc_a862a083,cnbc_14b1613e,cnbc_5b073963,cnbc_16826f2a,cnbc_20bef64d,cnbc_7a977abb,cnbc_2251b459,cnbc_c82d0be3,cnbc_ef7cd60e,cnbc_a5263aa7,cnbc_f3f1d4ca",True,1,0.00039766702014846237,-0.0056675892974825,-0.0009875567845151,-0.010424131865268,0.0005206977349648,-0.00960983038386809,-0.015249663058482632,0.004446177320503438,0.003871074090819705,-0.017964071856287456,-0.008412197686645584,1
2023-03-29,15094,15088.0,6.0,0.0003976670201484,5,"cnbc_615b8295,cnbc_fb1d6bf9,cnbc_55933ff7,cnbc_2379c226,cnbc_4bbb3de8",True,0,-0.002120047701073274,0.0003976670201484,-0.0056675892974825,-0.0009875567845151,-0.0014962269060629,-0.005586739399689011,-0.01427904379712197,0.004417845582055164,0.00374819206084315,-0.01808482956023938,-0.01178473222469556,2
2023-03-30,15062,15094.0,-32.0,-0.0021200477010732,4,"cnbc_93b20587,cnbc_10114b59,cnbc_b0b4e148,cnbc_4232b69a",True,0,-0.0056433408577878106,-0.0021200477010732,0.0003976670201484,-0.0056675892974825,-0.010424131865268,-0.003928207705635733,-0.015796781834517715,0.004350621503636405,0.0037458259428866623,-0.018698286533324615,-0.01167979002624675,3
2023-03-31,14977,15062.0,-85.0,-0.0056433408577878,12,"cnbc_6366acc9,cnbc_48a27aaa,cnbc_2fa8dc97,cnbc_4924921d,cnbc_f0a0a68b,cnbc_860fef73,cnbc_0ccd953a,cnbc_e2ac9a93,cnbc_c6dc1a33,cnbc_55514d52,cnbc_d52d535a,cnbc_3ee9cf5d",True,1,0.0008679975963143487,-0.0056433408577878,-0.0021200477010732,0.0003976670201484,-0.0009875567845151,-0.006764374295377684,-0.0204773023067214,0.0027513600469131977,0.003898116543289532,-0.013957469221146934,-0.017901639344262255,4
2023-04-03,14990,14977.0,13.0,0.0008679975963143,23,"cnbc_d80e67b7,cnbc_d64f88de,cnbc_993e6e3c,cnbc_6d204856,cnbc_f3726d96,cnbc_57440a01,cnbc_5f9e8c65,cnbc_556c0cee,cnbc_25374476,cnbc_d66a6fc4,cnbc_074d3534,cnbc_b9001476,cnbc_6294aa56,cnbc_2061937f,cnbc_8a897829,cnbc_bf231405,cnbc_eb94c0c1,cnbc_0aed3709,cnbc_a07b2462,cnbc_0b8888a1,cnbc_01afa9fb,cnbc_53ef06e6,cnbc_96cb5957",True,0,-0.0051367578385590395,0.0008679975963143,-0.0056433408577878,-0.0021200477010732,-0.0056675892974825,-0.0034702370663866056,-0.01871896674183937,0.0031534130865689992,0.0038799250628650415,-0.012126005008567309,-0.018529431022065057,0
2023-04-04,14913,14990.0,-77.0,-0.005136757838559,7,"cnbc_bd038d05,cnbc_9166f877,cnbc_cfe38960,cnbc_a3f99e5e,cnbc_6a8c3ca2,cnbc_d0f6a8de,cnbc_d9c47149",True,1,0.001341111781667002,-0.005136757838559,0.0008679975963143,-0.0056433408577878,0.0003976670201484,-0.006276987046217819,-0.02250217942751509,0.003023553580136955,0.003917169414059802,-0.011598621420996769,-0.025676205409643327,1
2023-04-05,14933,14913.0,20.0,0.001341111781667,12,"cnbc_45ca3d82,cnbc_cabb294e,cnbc_249eca2e,cnbc_4f37fd50,cnbc_960a599a,cnbc_a9f83816,cnbc_0052dc28,cnbc_c59a9d07,cnbc_fbeb8165,cnbc_a073b9b7,cnbc_b61084b4,cnbc_0853990e",True,1,0.0006696578048617156,0.001341111781667,-0.005136757838559,0.0008679975963143,-0.0021200477010732,-0.002804674457429046,-0.02000931886939794,0.003256552068980782,0.003956366482783234,-0.01066648999602493,-0.024050715639500675,2
2023-04-06,14943,14933.0,10.0,0.0006696578048617,11,"cnbc_1347921f,cnbc_7a04d972,cnbc_c2e46423,cnbc_74eb640e,cnbc_abc216d7,cnbc_74935dd0,cnbc_ab296c91,cnbc_a4b21a51,cnbc_837b32de,cnbc_b4627dd7,cnbc_104d9d13",True,0,-0.0025429967208726494,0.0006696578048617,0.001341111781667,-0.005136757838559,-0.0056433408577878,-0.0005484509604580801,-0.018012630527498685,0.0034909816458147756,0.0038075406489025006,-0.007900677200902928,-0.027085096685982135,3
2023-04-10,14905,14943.0,-38.0,-0.0025429967208726,27,"cnbc_b480575f,cnbc_ab5b146d,cnbc_49bf131f,cnbc_5caaa342,cnbc_4bdcde98,cnbc_ee2bb679,cnbc_66433e67,cnbc_46fcb299,cnbc_34602af1,cnbc_f70f4750,cnbc_ac96eee0,cnbc_605090f3,cnbc_7ab48bce,cnbc_1ee41a17,cnbc_604b955f,cnbc_e7991945,cnbc_2b067e7a,cnbc_c43e92f7,cnbc_1638b9e5,cnbc_80e1e884,cnbc_0c769a9e,cnbc_446a189a,cnbc_71517fdf,cnbc_16f25f78,cnbc_b7e8a8b3,cnbc_dbff05a6,cnbc_af021478",True,0,-0.0011405568601140558,-0.0025429967208726,0.0006696578048617,0.001341111781667,0.0008679975963143,-0.0021289700605215955,-0.018749423955549016,0.0027948014093169145,0.0033958172821254803,-0.004807371302664065,-0.035337518607209906,0
2023-04-11,14888,14905.0,-17.0,-0.001140556860114,5,"cnbc_1a57abd0,cnbc_1fd4046b,cnbc_a4992c7c,cnbc_05379e5f,cnbc_9c5efd43",True,0,-0.001477700161203654,-0.001140556860114,-0.0025429967208726,0.0006696578048617,-0.005136757838559,-0.0019039446515244363,-0.018090922881093152,0.0026041809536270777,0.0033920672744380863,-0.006804536357571722,-0.035626376473636534,1
2023-04-12,14866,14888.0,-22.0,-0.0014777001612036,4,"cnbc_00075685,cnbc_1ae41de1,cnbc_915b106e,cnbc_58a2b44c",True,0,-0.00497780169514328,-0.0014777001612036,-0.001140556860114,-0.0025429967208726,0.001341111781667,-0.00275038572482722,-0.01759162580457574,0.0015979058438677287,0.0032773323339904035,-0.0031516126869174377,-0.038919058701836096,2
2023-04-13,14792,14866.0,-74.0,-0.0049778016951432,5,"cnbc_d34508e0,cnbc_ea9910af,cnbc_90a96c3a,cnbc_f46d31d5,cnbc_b4c774a9",True,0,-0.008518117901568416,-0.0049778016951432,-0.0014777001612036,-0.001140556860114,0.0006696578048617,-0.005833803801381765,-0.020598420191881184,0.0020763160300971612,0.0032135629672673813,-0.009442175048550161,-0.037856120723299025,3
2023-04-14,14666,14792.0,-126.0,-0.0085181179015684,10,"cnbc_a681dbb8,cnbc_1cbacb4b,cnbc_164fad52,cnbc_8e84af29,cnbc_0a3eaee5,cnbc_8fcbc691,cnbc_68856eaa,cnbc_e2c9190d,cnbc_1b880d78,cnbc_1ea178c8",True,1,0.007295786172098731,-0.0085181179015684,-0.0049778016951432,-0.0014777001612036,-0.0025429967208726,-0.010618346668105794,-0.02664029626876563,0.0030687993964076616,0.0034822336222101605,-0.01853710767583483,-0.04642392717815347,4
2023-04-17,14773,14666.0,107.0,0.0072957861720987,23,"cnbc_1ef14542,cnbc_de02fbef,cnbc_2d76350f,cnbc_74c5aca4,cnbc_c5347947,cnbc_88ab0d21,cnbc_5edb82ce,cnbc_f0d721c6,cnbc_bf7aaf31,cnbc_d3c84d89,cnbc_170a5d3f,cnbc_2eae3be2,cnbc_bde809b5,cnbc_dab76f84,cnbc_20eb273a,cnbc_761c1dc5,cnbc_56f7b934,cnbc_ccad94bf,cnbc_155f60b4,cnbc_a32d8be0,cnbc_b2caf2a5,cnbc_b3634e4e,cnbc_6e5c9071",True,1,0.005550666756921411,0.0072957861720987,-0.0085181179015684,-0.0049778016951432,-0.001140556860114,-0.0016219503953504022,-0.01760895875726498,0.00588423750107811,0.00409380121110458,-0.0088560885608856,-0.03852912463390823,0
2023-04-18,14855,14773.0,82.0,0.0055506667569214,4,"cnbc_5961875f,cnbc_317f2065,cnbc_d8410f89,cnbc_816e22c0",True,1,0.0018175698418041065,0.0055506667569214,0.0072957861720987,-0.0085181179015684,-0.0014777001612036,0.004367697966248363,-0.0103033714976698,0.006757474928540253,0.004263246958760191,-0.0022165502418054484,-0.036515760799066044,1
2023-04-26,14882,14855.0,27.0,0.0018175698418041,54,"cnbc_35c8fe1e,cnbc_bc5b833e,cnbc_d9bae06b,cnbc_5f615f44,cnbc_7cfc78d8,cnbc_6477e66d,cnbc_34d4aded,cnbc_cd5d15d1,cnbc_d1501eda,cnbc_75908654,cnbc_b82ffb34,cnbc_73102087,cnbc_afe9979b,cnbc_2bf8ba57,cnbc_ffae7291,cnbc_c300c6ea,cnbc_484bc2e4,cnbc_e2744f72,cnbc_52f51535,cnbc_b198b284,cnbc_25b79e00,cnbc_68762793,cnbc_858d283f,cnbc_e02d0e24,cnbc_9c3f8ed8,cnbc_2716f342,cnbc_3d76463d,cnbc_9ecf7f76,cnbc_591d4a5e,cnbc_0e25c917,cnbc_513e0135,cnbc_d0ca26c1,cnbc_9d373a2c,cnbc_de8bc91c,cnbc_30f49083,cnbc_746570ce,cnbc_5140267f,cnbc_d1a0527e,cnbc_8c305cf8,cnbc_698df473,cnbc_22cf968a,cnbc_7a13af99,cnbc_cbeadf88,cnbc_46dfdb72,cnbc_f6f5a2d9,cnbc_5062c24d,cnbc_864582e4,cnbc_d64b3179,cnbc_c08095aa,cnbc_d71517b9,cnbc_4efd4bf5,cnbc_60ffbd7d,cnbc_aa6a1d45,cnbc_9559bb58",True,0,-0.008802580298346997,0.0018175698418041,0.0055506667569214,0.0072957861720987,-0.0049778016951432,0.005975556997620535,-0.00690998995699188,0.006789806822386977,0.004320278438081993,0.001076281447598637,-0.031372038531632396,2
2023-04-27,14751,14882.0,-131.0,-0.0088025802983469,9,"cnbc_d456adf8,cnbc_a9dbeb47,cnbc_6283eee0,cnbc_521ac46a,cnbc_483ad765,cnbc_1e01b53d,cnbc_210fa358,cnbc_1caf4989,cnbc_3a34e1b3",True,0,-0.006101281269066504,-0.0088025802983469,0.0018175698418041,0.0055506667569214,-0.0085181179015684,-0.002326619503023264,-0.013607944097094538,0.007680724657738561,0.004576663054499723,-0.00277176852352623,-0.040398126463700224,3
2023-04-28,14661,14751.0,-90.0,-0.0061012812690665,9,"cnbc_3f1736c2,cnbc_1b864040,cnbc_70420f74,cnbc_586535e1,cnbc_07e957ff,cnbc_9124b4f6,cnbc_fcb17680,cnbc_f0f604cc,cnbc_9fa955fb",True,1,0.002864743196234909,-0.0061012812690665,-0.0088025802983469,0.0018175698418041,0.0072957861720987,-0.008346635642974998,-0.0173658353496291,0.007107065251365215,0.004662387377413475,-0.00034092458748125054,-0.04482376702065283,4
2023-05-02,14703,14661.0,42.0,0.0028647431962349,34,"cnbc_d94e90ff,cnbc_b432aa6d,cnbc_086a71fe,cnbc_f883e25f,cnbc_0d69d0d7,cnbc_be841b9e,cnbc_b19719b9,cnbc_50a2e435,cnbc_fa257b6b,cnbc_87b68127,cnbc_4eff4516,cnbc_b83233fd,cnbc_135d9a57,cnbc_29ee290f,cnbc_97e606b0,cnbc_7660a3c0,cnbc_086542ed,cnbc_010d674e,cnbc_7173f19b,cnbc_40c00c51,cnbc_ced3daf4,cnbc_e4fcd0e7,cnbc_46b0bcf1,cnbc_1b6e869d,cnbc_ff0e9477,cnbc_fa92dbf5,cnbc_a4765c77,cnbc_d593d8d2,cnbc_42059784,cnbc_c5ff2037,cnbc_9fdbf8e6,cnbc_07c768dd,cnbc_5838ba9d,cnbc_e76a2f7f",True,1,0.00020403999183840033,0.0028647431962349,-0.0061012812690665,-0.0088025802983469,0.0055506667569214,-0.004563180414883794,-0.012943245747123355,0.00617794142257885,0.004378963208260414,-0.004738374060786588,-0.0319968398182896,1
2023-05-03,14706,14703.0,3.0,0.0002040399918384,4,"cnbc_3333158b,cnbc_3ebf9d3f,cnbc_7baa26fb,cnbc_77b96abd",True,0,-0.005031959744322046,0.0002040399918384,0.0028647431962349,-0.0061012812690665,0.0018175698418041,-0.0023472585919162015,-0.011188510260616957,0.0051524970548673,0.004396030560460082,-0.010030292830696785,-0.03084223013048637,2
2023-05-04,14632,14706.0,-74.0,-0.005031959744322,2,"cnbc_21b009fb,cnbc_d9f0a287",True,1,0.0028704209950792784,-0.005031959744322,0.0002040399918384,0.0028647431962349,-0.0088025802983469,-0.0039889453119682505,-0.014653593362784156,0.00477966167179261,0.004366942249394268,-0.016798817363257612,-0.03022269353128315,3
2023-05-05,14674,14632.0,42.0,0.0028704209950792,3,"cnbc_84c8f9af,cnbc_9ac6a82c,cnbc_4d26359e",True,1,0.002385171050838217,0.0028704209950792,-0.005031959744322,0.0002040399918384,-0.0061012812690665,-8.17706061928547e-05,-0.010425798794222008,0.004290639546198339,0.0044582677678618775,-0.00521998508575694,-0.027825626076586674,4
2023-05-08,14709,14674.0,35.0,0.0023851710508382,10,"cnbc_e6971a0c,cnbc_778bdf22,cnbc_5e3dfb76,cnbc_6a77472c,cnbc_9c0c02e8,cnbc_cd25b7d2,cnbc_bcfe562b,cnbc_0b4ed881,cnbc_7d536e3a,cnbc_99c8455c",True,1,0.0032633081786661226,0.0023851710508382,0.0028704209950792,-0.005031959744322,0.0028647431962349,0.001647962519067292,-0.006883420712378352,0.003366354201749526,0.004533188152124483,0.003273992224268385,-0.023436462621165832,0
2023-05-09,14757,14709.0,48.0,0.0032633081786661,1,cnbc_7af76e7a,True,0,-0.0007454089584603917,0.0032633081786661,0.0023851710508382,0.0028704209950792,0.0002040399918384,0.004178121342442553,-0.002902036831205601,0.0034356630261624605,0.004508573535916929,0.0036727198530912553,-0.014689190091473625,1
2023-05-10,14746,14757.0,-11.0,-0.0007454089584603,8,"cnbc_1c8c646b,cnbc_0f510e86,cnbc_dda40640,cnbc_d57c9288,cnbc_b874abd1,cnbc_840ee8fb,cnbc_418eb3ad,cnbc_9ffd3f54",True,0,-0.0016275600162756001,-0.0007454089584603,0.0032633081786661,0.0023851710508382,-0.005031959744322,0.0028836475420985774,-0.002823282784737313,0.0034982349930544002,0.004492883698496244,0.0027199782401741146,-0.01627751834556368,2
2023-05-11,14722,14746.0,-24.0,-0.0016275600162756,7,"cnbc_28f5c3e9,cnbc_f3ea9e43,cnbc_4ca5e3bc,cnbc_bcd08965,cnbc_8fb1756e,cnbc_64d57e96,cnbc_a5b45aa8",True,1,0.0020377666077978536,-0.0016275600162756,-0.0007454089584603,0.0032633081786661,0.0028704209950792,2.7170959678191053e-05,-0.003802898864543769,0.0022487568696981483,0.004382203085748769,0.00615090213231273,-0.012807617514919878,3
2023-05-12,14752,14722.0,30.0,0.0020377666077978,8,"cnbc_6c384e57,cnbc_ee9ba64c,cnbc_2eb7f0a6,cnbc_2508cb84,cnbc_4959c02e,cnbc_7a843a7d,cnbc_8e0cca3a,cnbc_1f7641e3",True,1,0.004067245119305857,0.0020377666077978,-0.0016275600162756,-0.0007454089584603,0.0023851710508382,0.0010042613250820231,-0.0011612042670025025,0.002124212670428572,0.004401465150570702,0.005315524056153764,-0.012120806267997053,4
2023-05-15,14812,14752.0,60.0,0.0040672451193058,19,"cnbc_ee5ff321,cnbc_390935e6,cnbc_05be8574,cnbc_925dbd84,cnbc_30f4a039,cnbc_ac01d259,cnbc_e6497185,cnbc_c0adaedf,cnbc_0fe4fd12,cnbc_1255eed7,cnbc_9613348d,cnbc_355e15e9,cnbc_d435af5a,cnbc_9c2036b8,cnbc_b5a94f7f,cnbc_cf63df93,cnbc_d588f96e,cnbc_6b4f982b,cnbc_c295e275",True,0,-0.00013502565487442613,0.0040672451193058,0.0020377666077978,-0.0016275600162756,0.0032633081786661,0.003672634132458885,0.0033462940132495955,0.002488059237115877,0.0045171095883359625,0.007002515466721038,-0.008766646590376737,0
2023-05-16,14810,14812.0,-2.0,-0.0001350256548744,9,"cnbc_79c1ce23,cnbc_9d256c71,cnbc_42ac601b,cnbc_f3772e52,cnbc_a5b30bfa,cnbc_7b715258,cnbc_84ddaf14,cnbc_86a42a1d,cnbc_6dad45ec",True,1,0.004388926401080351,-0.0001350256548744,0.0040672451193058,0.0020377666077978,-0.0007454089584603,0.0028168251130793465,0.0035337125665324542,0.002309225371084805,0.004489847415401695,0.0035915158907637856,-0.006373700100637425,1
2023-05-17,14875,14810.0,65.0,0.0043889264010803,4,"cnbc_5d5885ce,cnbc_b97dca63,cnbc_4e2e2bcc,cnbc_1e64c8c7",True,1,0.004100840336134454,0.0043889264010803,-0.0001350256548744,0.0040672451193058,-0.0016275600162756,0.005461599816144025,0.00798254411405952,0.0026161771227659297,0.0046047909641178525,0.008748135087481401,-0.000873186458893116,2
2023-05-19,14936,14875.0,61.0,0.0041008403361344,17,"cnbc_1d4d888b,cnbc_64e72fd2,cnbc_76cb7e75,cnbc_ff7c1d6d,cnbc_fd96add5,cnbc_e4e7d502,cnbc_d8bbcb06,cnbc_38c021e2,cnbc_80cd8814,cnbc_073d566e,cnbc_e702b925,cnbc_4405c26a,cnbc_4d94abf1,cnbc_d9180b44,cnbc_68ab380b,cnbc_916f4615,cnbc_80094953",True,0,-0.002611140867702196,0.0041008403361344,0.0043889264010803,-0.0001350256548744,0.0020377666077978,0.00667250791939078,0.0118761305358146,0.0019349343458092694,0.004681036469682067,0.014536068468957941,0.004708731333243676,4
2023-05-22,14897,14936.0,-39.0,-0.0026111408677021,23,"cnbc_04e17814,cnbc_1c086d32,cnbc_874f640e,cnbc_3d586908,cnbc_15e112af,cnbc_c02dde5b,cnbc_af8d04a6,cnbc_5de9cadb,cnbc_50fb4244,cnbc_15ad70a0,cnbc_96fae49d,cnbc_5c29e815,cnbc_9d6ff891,cnbc_9234644b,cnbc_a895ef6c,cnbc_02cfcf1c,cnbc_e5f87985,cnbc_1832ffa3,cnbc_bed49982,cnbc_c1fd2093,cnbc_bd0b8196,cnbc_982754b9,cnbc_1f811c7b",True,0,-0.0012754245821306304,-0.0026111408677021,0.0041008403361344,0.0043889264010803,0.0040672451193058,0.0020852953047221234,0.008875148568158409,0.0031704810598010085,0.004570662613657103,0.00982917570498909,0.007098431584640297,0
2023-05-23,14878,14897.0,-19.0,-0.0012754245821306,8,"cnbc_7564fb8a,cnbc_276ead75,cnbc_a5b78a39,cnbc_0a946cc5,cnbc_4420e928,cnbc_b5a69885,cnbc_c77029e7,cnbc_e23f243a",True,1,0.0018147600483936013,-0.0012754245821306,-0.0026111408677021,0.0041008403361344,-0.0001350256548744,-8.064949728481263e-05,0.006865608007281754,0.003183930124199536,0.004091749175747185,0.0044558466108559625,0.014455202509205067,1
2023-05-24,14905,14878.0,27.0,0.0018147600483936,11,"cnbc_a571c03e,cnbc_2fb807fc,cnbc_6a6940df,cnbc_71827b82,cnbc_0dd417b1,cnbc_4b074f4c,cnbc_51cd3e58,cnbc_d661cf03,cnbc_e92895db,cnbc_63c7fc8c,cnbc_7a88cf6e",True,1,0.0031533042603153305,0.0018147600483936,-0.0012754245821306,-0.0026111408677021,0.0043889264010803,0.00045643097823888645,0.00824249229697327,0.0031456175627369736,0.0038018340791306417,0.00641458474004053,0.008935219657483229,2
2023-05-25,14952,14905.0,47.0,0.0031533042603153,16,"cnbc_5cc83924,cnbc_0cfc0cad,cnbc_bcbe2dc8,cnbc_782b3a14,cnbc_da67418c,cnbc_80a25440,cnbc_b4b1f8d7,cnbc_a910a3f9,cnbc_8274d577,cnbc_09d022b6,cnbc_a66e015e,cnbc_a132c044,cnbc_26b3f4e2,cnbc_56fc9292,cnbc_27bb361c,cnbc_a585bb81",True,1,0.00046816479400749064,0.0031533042603153,0.0018147600483936,-0.0012754245821306,0.0041008403361344,0.002574831026713742,0.011090073032188341,0.002877803408986341,0.00366804837977842,0.005176470588235338,0.006529787950185106,3
2023-05-26,14959,14952.0,7.0,0.0004681647940074,9,"cnbc_4503359a,cnbc_39ff9e90,cnbc_0dcbddc4,cnbc_e74b65ca,cnbc_b443526a,cnbc_6f546dd7,cnbc_9887f00e,cnbc_d38a337c,cnbc_80f71d41",True,1,0.0009358914365933552,0.0004681647940074,0.0031533042603153,0.0018147600483936,-0.0026111408677021,0.0027349143998605108,0.01130014163204729,0.002314105284661311,0.00365165621703268,0.0015399035886449752,0.005174035747883332,4
2023-05-29,14973,14959.0,14.0,0.0009358914365933,12,"cnbc_ebb6d675,cnbc_612e417e,cnbc_0eba8882,cnbc_35260cf2,cnbc_23047237,cnbc_d9c8e2a0,cnbc_49e834ee,cnbc_08a8ea4a,cnbc_c1b1b2c5,cnbc_b7377a57,cnbc_0f8ccc27,cnbc_4bb81cce",True,0,-0.0002671475322246711,0.0009358914365933,0.0004681647940074,0.0031533042603153,-0.0012754245821306,0.0026517738760094556,0.011487575111717607,0.0016403657195518154,0.0029634248088884247,0.005101698328522586,0.015049827130364068,0
2023-05-30,14969,14973.0,-4.0,-0.0002671475322246,10,"cnbc_2feff5b3,cnbc_be5a4442,cnbc_78557cfc,cnbc_9262f57b,cnbc_b03ec20d,cnbc_11a6a32e,cnbc_8916d74b,cnbc_d8f5fb3f,cnbc_92fe2d13,cnbc_17026b6c",True,1,0.0022713608123455143,-0.0002671475322246,0.0009358914365933,0.0004681647940074,0.0018147600483936,0.0011637550496268467,0.010166449031099978,0.0013180460507254022,0.0025050779904865895,0.006116413496437767,0.02100811677238923,1
2023-05-31,15003,14969.0,34.0,0.0022713608123455,7,"cnbc_5b1db67f,cnbc_93a1d746,cnbc_f08bfe19,cnbc_7d011f59,cnbc_07c6d2a1,cnbc_5d48facb,cnbc_1480aeed",True,0,-0.007665133639938679,0.0022713608123455,-0.0002671475322246,0.0009358914365933,0.0031533042603153,0.002124078230201887,0.01143706580104964,0.001383654263792079,0.002485806765234797,0.006574974840657388,0.02040399918384006,2
2023-06-05,14888,15003.0,-115.0,-0.0076651336399386,33,"cnbc_b15c62cb,cnbc_30f16662,cnbc_b229923a,cnbc_61115438,cnbc_7e74f967,cnbc_1c70c852,cnbc_37084400,cnbc_24a06a4f,cnbc_b39480c5,cnbc_28ebe995,cnbc_127d6dd1,cnbc_67a2ddc6,cnbc_4503af8c,cnbc_8187d1ec,cnbc_2d5dd5f6,cnbc_1515ee83,cnbc_77082739,cnbc_f49d5946,cnbc_4c14ed03,cnbc_3d9445da,cnbc_b5689855,cnbc_bea14e4a,cnbc_47c2ca05,cnbc_3966e85e,cnbc_172bfe10,cnbc_cc49102d,cnbc_b022e3e4,cnbc_538c3fcc,cnbc_e6df6605,cnbc_c9e6e123,cnbc_52cd02b1,cnbc_4e59b088,cnbc_d2230f15",True,0,-0.003291241268135411,-0.0076651336399386,0.0022713608123455,-0.0002671475322246,0.0004681647940074,-0.004706385709701499,0.003068900350009507,0.00391968155831774,0.003153701169778522,-0.004280363830925671,0.012375900992791955,0
2023-06-06,14839,14888.0,-49.0,-0.0032912412681354,7,"cnbc_175e710c,cnbc_d2892d12,cnbc_7af7336a,cnbc_cae539f2,cnbc_344fd51a,cnbc_31e1bdca,cnbc_256be2e5",True,1,0.002426039490531707,-0.0032912412681354,-0.0076651336399386,0.0022713608123455,0.0009358914365933,-0.006387936575958819,-0.0009291177421091312,0.0039636083866831625,0.0030102695298679905,-0.00802192659937162,0.014147074904319323,1
2023-06-07,14875,14839.0,36.0,0.0024260394905317,3,"cnbc_3c47fd6c,cnbc_63efdef5,cnbc_347d8abd",True,1,0.0018823529411764706,0.0024260394905317,-0.0032912412681354,-0.0076651336399386,-0.0002671475322246,-0.002668490358569975,0.0008174744413083079,0.004248076156513071,0.0029950619169005458,-0.00654511453950446,0.013697696606242316,2
2023-06-08,14903,14875.0,28.0,0.0018823529411764,7,"cnbc_d0f173a9,cnbc_4378003a,cnbc_8a92889a,cnbc_0686892e,cnbc_98ab87a7,cnbc_0b563a13,cnbc_d7e942ed",True,0,-0.003355029188753942,0.0018823529411764,0.0024260394905317,-0.0032912412681354,0.0022713608123455,9.394964299125341e-05,0.0020473960417011217,0.004481729005357056,0.0029821194008928524,-0.004409112165141282,0.013189203888775536,3
2023-06-09,14853,14903.0,-50.0,-0.0033550291887539,10,"cnbc_e5eeba15,cnbc_3a1b2810,cnbc_f6a7011a,cnbc_7616638d,cnbc_491ca162,cnbc_1d2ef07a,cnbc_65f0158c,cnbc_3223557e,cnbc_0da9083d,cnbc_38bc6b36",True,1,0.0014138557867097556,-0.0033550291887539,0.0018823529411764,0.0024260394905317,-0.0076651336399386,-0.0012507060437343398,-0.0016367162162616022,0.004191051043320065,0.003044541597722708,-0.009998000399920048,0.006505387273836094,4
2023-06-12,14874,14853.0,21.0,0.0014138557867097,20,"cnbc_64410f53,cnbc_bf194bcb,cnbc_5650d9ac,cnbc_fa60f637,cnbc_4de80f6b,cnbc_03ddb56b,cnbc_583e4f23,cnbc_f088cb98,cnbc_fafc8669,cnbc_3cfaa5e5,cnbc_1316f6eb,cnbc_399d67f1,cnbc_b8d67246,cnbc_2e98914c,cnbc_42327936,cnbc_395fb1a5,cnbc_078e6504,cnbc_397d0148,cnbc_fc37d7c5,cnbc_5a1d162b",True,0,-0.0004033884630899556,0.0014138557867097,-0.0033550291887539,0.0018823529411764,-0.0032912412681354,0.00034972559991386376,-0.0006550768455529932,0.002887283970854683,0.0030427330883301784,-0.0009403546480386549,0.008680320086803306,0
2023-06-13,14868,14874.0,-6.0,-0.0004033884630899,5,"cnbc_9c8ed3eb,cnbc_acb9b1e2,cnbc_066e9c4e,cnbc_a108d267,cnbc_2fbe2626",True,1,0.0018159806295399517,-0.0004033884630899,0.0014138557867097,-0.0033550291887539,0.0024260394905317,-0.0004437094106732875,-0.0015479096504275036,0.002349229948360205,0.0030111727384481953,0.0019543095895950824,0.009917130824616205,1
2023-06-14,14895,14868.0,27.0,0.0018159806295399,8,"cnbc_392cea30,cnbc_a6731785,cnbc_e03ce38d,cnbc_3b980ea7,cnbc_aad63055,cnbc_c6cd6e65,cnbc_82298664,cnbc_bf6726d6",True,1,0.0032225579053373615,0.0018159806295399,-0.0004033884630899,0.0014138557867097,0.0018823529411764,0.001102254244350842,-0.00021479104858312947,0.00223004652255339,0.003005606420880641,0.0013445378151260012,0.009693600867678898,2
2023-06-15,14943,14895.0,48.0,0.0032225579053373,6,"cnbc_d46f9d18,cnbc_fef5912b,cnbc_aacd8f5e,cnbc_62f84cb7,cnbc_5e17879c,cnbc_d07d7c29",True,1,0.00013384193267750787,0.0032225579053373,0.0018159806295399,-0.0004033884630899,-0.0033550291887539,0.0037886421345370014,0.0025662959794696683,0.002532246746263549,0.002958206872238661,0.002684023351003262,0.008844180394274925,3
2023-06-16,14945,14943.0,2.0,0.0001338419326775,8,"cnbc_b64e2262,cnbc_9c13807a,cnbc_98b943de,cnbc_628820de,cnbc_7cf909d8,cnbc_602cc680,cnbc_da7a1322,cnbc_e9ca6c2b",True,1,0.003278688524590164,0.0001338419326775,0.0032225579053373,0.0018159806295399,0.0014138557867097,0.0026836632002684713,0.0022465882037354667,0.0014332452545760676,0.0029560446590530384,0.0061940348751095,0.009115462525320694,4
2023-06-19,14994,14945.0,49.0,0.0032786885245901,27,"cnbc_a0ff4c89,cnbc_d1671066,cnbc_02e89d79,cnbc_ef3e2a95,cnbc_7049c288,cnbc_83266735,cnbc_55c2ece0,cnbc_232b42cc,cnbc_990960e3,cnbc_4b6ef1c3,cnbc_3cb5d651,cnbc_afd677df,cnbc_30bcd382,cnbc_a6416917,cnbc_f0f24154,cnbc_513e0dda,cnbc_de18e52c,cnbc_857628e5,cnbc_b41133a0,cnbc_bc83f884,cnbc_15cb4bc2,cnbc_f12f561c,cnbc_2ed84f9c,cnbc_36a32721,cnbc_20c13dbe,cnbc_06ce3fca,cnbc_7af3b2bc",True,1,0.003067893824196345,0.0032786885245901,0.0001338419326775,0.0032225579053373,-0.0004033884630899,0.004353941992095933,0.005131574096108871,0.0017073420188223843,0.002887980542531951,0.008067769261799196,0.008000000000000007,0
2023-06-20,15040,14994.0,46.0,0.0030678938241963,5,"cnbc_9c2f15c6,cnbc_da963bbd,cnbc_1458a8f6,cnbc_ce682852,cnbc_1e47f585",True,0,-0.003856382978723404,0.0030678938241963,0.0032786885245901,0.0001338419326775,0.0018159806295399,0.005119157410748976,0.007863884765775486,0.0013532413724119808,0.002826950795640976,0.011568469195587738,0.006963042313872458,1
2023-06-21,14982,15040.0,-58.0,-0.0038563829787234,9,"cnbc_c1121662,cnbc_d8eb9889,cnbc_90c548dc,cnbc_e5b638cc,cnbc_924677fa,cnbc_838bddac,cnbc_72de4026,cnbc_bdb46031,cnbc_d9834749",True,0,-0.004271792818048324,-0.0038563829787234,0.0030678938241963,0.0032786885245901,0.0032225579053373,8.010253124002276e-05,0.0036913223777208515,0.0031064332156278468,0.002908165925930557,0.005840886203424045,0.005705846814795024,2
2023-06-22,14918,14982.0,-64.0,-0.0042717928180483,16,"cnbc_b2c8479c,cnbc_db92af4f,cnbc_17dea70f,cnbc_6e4c8a81,cnbc_e8c30a0b,cnbc_a5377939,cnbc_f2d74934,cnbc_70942e18,cnbc_d0ed06cf,cnbc_ecc737d0,cnbc_1a779c4f,cnbc_ae7c1e6a,cnbc_a590a5aa,cnbc_91fc2614,cnbc_bd61904f,cnbc_e100c3ce",True,1,0.005362649148679448,-0.0042717928180483,-0.0038563829787234,0.0030678938241963,0.0001338419326775,-0.0038595600902788796,-0.0007301274708786387,0.003631685943485488,0.0030658812971540174,-0.0016730241584688166,0.0026885334050275045,3
2023-06-23,14998,14918.0,80.0,0.0053626491486794,8,"cnbc_a06d2db6,cnbc_55d95e7f,cnbc_ccb85cda,cnbc_41cdb134,cnbc_b293edc1,cnbc_5e2ae369,cnbc_9b1e83d5,cnbc_e30acc49",True,1,0.001866915588745166,0.0053626491486794,-0.0042717928180483,-0.0038563829787234,0.0032786885245901,0.0007740351251801503,0.004315785596860744,0.0044574344757459545,0.0032641902475385376,0.003546336567413766,0.006239516940623968,4
2023-06-26,15026,14998.0,28.0,0.0018669155887451,13,"cnbc_b9c63a2f,cnbc_b33288ab,cnbc_eaea2714,cnbc_a79a0ba3,cnbc_760352ac,cnbc_77040380,cnbc_39862e8b,cnbc_671e18e0,cnbc_a0022e01,cnbc_235efd0c,cnbc_d6334dfc,cnbc_a931e4f6,cnbc_6c0670e1",True,0,-0.0017303340875815254,0.0018669155887451,0.0053626491486794,-0.0042717928180483,0.0030678938241963,0.00221439624353037,0.005941522033841462,0.004296338506217113,0.0032176850337273482,0.002134187008136612,0.004949170679507731,0
2023-06-27,15000,15026.0,-26.0,-0.0017303340875815,11,"cnbc_90b51753,cnbc_05957c51,cnbc_fe290eee,cnbc_9440df6d,cnbc_4c610e8e,cnbc_3767dc49,cnbc_dc96fcae,cnbc_d1f499c9,cnbc_400e91e4,cnbc_d48d967f,cnbc_f19524f3",True,1,0.002266666666666667,-0.0017303340875815,0.0018669155887451,0.0053626491486794,-0.0038563829787234,0.001014361219368931,0.0040631087132596555,0.004091914857489784,0.0032473214177376492,-0.0026595744680850686,0.002740824921452001,1
2023-07-03,15034,15000.0,34.0,0.0022666666666666,38,"cnbc_461d2596,cnbc_86f21492,cnbc_f0079e80,cnbc_85a7a553,cnbc_5bc51e48,cnbc_9dcfdd31,cnbc_2b575279,cnbc_6d1e2398,cnbc_7b83864a,cnbc_91e4aebb,cnbc_9daa534d,cnbc_7688973e,cnbc_81509ebf,cnbc_8e7e8a3a,cnbc_6f147586,cnbc_82091079,cnbc_dddc61f1,cnbc_f942aa4a,cnbc_a04992c3,cnbc_bf95723c,cnbc_95bc54a8,cnbc_cfaf9c65,cnbc_23aa1fbc,cnbc_073bae21,cnbc_e91d8fbb,cnbc_600874f3,cnbc_b2c58d16,cnbc_48f4008d,cnbc_1d075e89,cnbc_ebfdb98d,cnbc_8cbaf675,cnbc_a2e0be8f,cnbc_cea47787,cnbc_6f0d85f4,cnbc_03ab68ae,cnbc_d8927f27,cnbc_eabd4905,cnbc_3183485e",True,0,-0.0010642543567912731,0.0022666666666666,-0.0017303340875815,0.0018669155887451,-0.0042717928180483,0.0025874946649593333,0.006133573366973621,0.0037477217803237135,0.003277937015028432,0.003470831664664331,0.004073999866426314,0
2023-07-04,15018,15034.0,-16.0,-0.0010642543567912,7,"cnbc_94f73d7d,cnbc_14ed45a4,cnbc_3101e56b,cnbc_21c21959,cnbc_3a3c0cfd,cnbc_45d1fc81,cnbc_fb58762f",True,0,-0.0003329338127580237,-0.0010642543567912,0.0022666666666666,-0.0017303340875815,0.0053626491486794,0.00018647770259461183,0.004898024731010198,0.0028515542780997456,0.0032888512893610917,0.006703311435849235,0.003273431758968437,1
2023-07-05,15013,15018.0,-5.0,-0.000332933812758,13,"cnbc_5e55d0b6,cnbc_72d9d121,cnbc_05f51da3,cnbc_34051f36,cnbc_e8a34874,cnbc_e85cb6f5,cnbc_2113030a,cnbc_74d42a4d,cnbc_f632a67e,cnbc_39a3b107,cnbc_857fbcba,cnbc_b98728a2,cnbc_14976963",True,1,0.0032638380070605477,-0.000332933812758,-0.0010642543567912,0.0022666666666666,0.0018669155887451,-0.0003462465541810289,0.0045298521943353265,0.0017789223257018507,0.0032525692890973856,0.0010001333511133748,0.0006665333599946699,2
2023-07-06,15062,15013.0,49.0,0.0032638380070605,5,"cnbc_aa5597ea,cnbc_fca17c15,cnbc_ad102b84,cnbc_f8dbb0e6,cnbc_3922439a",True,1,0.004913026158544682,0.0032638380070605,-0.000332933812758,-0.0010642543567912,-0.0017303340875815,0.0024358752512412263,0.007222147920288968,0.0021721584731258133,0.002772923375745326,0.002395847198189749,0.01168726491133798,3
2023-07-07,15136,15062.0,74.0,0.0049130261585446,9,"cnbc_3809cd31,cnbc_d2e1b208,cnbc_b078ed8f,cnbc_5a9f3608,cnbc_812adf09,cnbc_9b579d86,cnbc_ba60c557,cnbc_0100fcf9,cnbc_c6715cfd",True,1,0.0036997885835095136,0.0049130261585446,0.0032638380070605,-0.000332933812758,0.0022666666666666,0.005540571064134969,0.011166522478346597,0.002490203881914176,0.002776189979656265,0.009066666666666556,0.020014825796886626,4
2023-07-10,15192,15136.0,56.0,0.0036997885835095,15,"cnbc_ac85e032,cnbc_7e9e895b,cnbc_52b490c9,cnbc_d7eed149,cnbc_dd29af84,cnbc_7104d132,cnbc_e38feccb,cnbc_4b29313e,cnbc_fd1641f6,cnbc_1c8f564a,cnbc_93aeac55,cnbc_e1799cec,cnbc_7d55739d,cnbc_987c4bc0,cnbc_8981cf3e",True,0,-0.0019747235387045812,0.0036997885835095,0.0049130261585446,0.0032638380070605,-0.0010642543567912,0.0071465506954295765,0.013834110793008891,0.002634319021032616,0.002824928935896642,0.010509511773313829,0.021310924369747797,0
2023-07-11,15162,15192.0,-30.0,-0.0019747235387045,6,"cnbc_0944ad5a,cnbc_2c4f8f2d,cnbc_b68cac2f,cnbc_e847e90e,cnbc_3530bf4a,cnbc_39453c12",True,0,-0.0051444400474871385,-0.0019747235387045,0.0036997885835095,0.0049130261585446,-0.000332933812758,0.003242241778601107,0.010958383480078604,0.002923018282848967,0.002896491756989612,0.009588493807431098,0.01737905119774541,1
2023-07-12,15084,15162.0,-78.0,-0.0051444400474871,13,"cnbc_7a62df63,cnbc_73c9bfcc,cnbc_f224cebb,cnbc_8889072a,cnbc_d01f9e48,cnbc_13873b89,cnbc_9beeec9a,cnbc_53ad5fb1,cnbc_8999a900,cnbc_08da9dfd,cnbc_1fa360ea,cnbc_a6ac8c3f,cnbc_51f1bded",True,0,-0.007027313709891275,-0.0051444400474871,-0.0019747235387045,0.0036997885835095,0.0032638380070605,-0.0028557829604950458,0.004983610052501142,0.004310364136676281,0.003056927136265746,0.0047292346632918925,0.015552413653807218,2
2023-07-13,14978,15084.0,-106.0,-0.0070273137098912,9,"cnbc_2f80974e,cnbc_54204808,cnbc_acf4f0ea,cnbc_dc7ceb73,cnbc_e8b00486,cnbc_d81e282a,cnbc_03758632,cnbc_c5983e14,cnbc_f85e6e51",True,0,-0.0022032314060622246,-0.0070273137098912,-0.0051444400474871,-0.0019747235387045,0.0049130261585446,-0.008762177043625585,-0.0024243393009377723,0.005278492014263318,0.003512981455671298,-0.0055769486124020995,0.006992066693559229,3
2023-07-14,14945,14978.0,-33.0,-0.0022032314060622,15,"cnbc_985c9868,cnbc_e4cc6811,cnbc_68b67ba0,cnbc_114ae12b,cnbc_d4bbb9a0,cnbc_eea54055,cnbc_df34df0f,cnbc_74a1cb78,cnbc_1efdd3d5,cnbc_331499d1,cnbc_8129d595,cnbc_158ec7b8,cnbc_393c538c,cnbc_57a65585,cnbc_53e26aa8",True,1,0.004148544663767146,-0.0022032314060622,-0.0070273137098912,-0.0051444400474871,0.0036997885835095,-0.008439378458353852,-0.004877399164350038,0.004070826169940256,0.0035562005876212926,-0.012618921775898517,0.005178907721280712,4
2023-07-17,15007,14945.0,62.0,0.0041485446637671,24,"cnbc_3817978a,cnbc_9f111e9e,cnbc_a3d2d496,cnbc_20a214fb,cnbc_a4a528dd,cnbc_c3b14db6,cnbc_58680aef,cnbc_faed5e29,cnbc_4eca9e01,cnbc_44507e4b,cnbc_ff4a24bc,cnbc_ff1f3bf1,cnbc_3dfc3b18,cnbc_a1f1ad61,cnbc_47f487bc,cnbc_85107ba2,cnbc_29f215bc,cnbc_07b9ea27,cnbc_10f935ac,cnbc_ccef4484,cnbc_8beb7674,cnbc_469cae35,cnbc_0acf498b,cnbc_a1cf6ec2",True,0,-0.000866262410874925,0.0041485446637671,-0.0022032314060622,-0.0070273137098912,-0.0019747235387045,-0.0018755985952964016,-0.0011215500687240532,0.004243786785153552,0.003646860135926378,-0.012177461822011626,0.007519301779120413,0
2023-07-18,14994,15007.0,-13.0,-0.0008662624108749,10,"cnbc_93a8457d,cnbc_3814bdbd,cnbc_f041d30a,cnbc_d8999eee,cnbc_986ad51d,cnbc_b645d4f6,cnbc_e04add5f,cnbc_51c1a721,cnbc_9950b467,cnbc_1c9dc9b5",True,0,-0.00020008003201280514,-0.0008662624108749,0.0041485446637671,-0.0022032314060622,-0.0051444400474871,-0.000506612627986347,-0.00215620507906078,0.004302727385842052,0.0035933935773805855,-0.011080332409972304,0.0034129692832765013,1
2023-07-20,14991,14994.0,-3.0,-0.0002000800320128,20,"cnbc_f38e5e43,cnbc_a459c318,cnbc_45585ec7,cnbc_26249af2,cnbc_f924a399,cnbc_556e236f,cnbc_0e0b7fa1,cnbc_28ccb0c3,cnbc_3b464239,cnbc_efc311dd,cnbc_1baa922a,cnbc_45af5ca0,cnbc_d6a50f57,cnbc_4939ec04,cnbc_357af77a,cnbc_4f8844e0,cnbc_dacd9d13,cnbc_13b99cd9,cnbc_5a9cb8ed,cnbc_b40e47a4",True,1,0.002334734173837636,-0.0002000800320128,-0.0008662624108749,0.0041485446637671,-0.0070273137098912,0.0005339384635920652,-0.002508533672240465,0.004021125711345576,0.0035943778789352043,-0.0061654733492442215,0.0030779524924724466,3
2023-07-21,15026,14991.0,35.0,0.0023347341738376,8,"cnbc_cb074905,cnbc_a0b7ea38,cnbc_106321d2,cnbc_6e408efe,cnbc_980cf18f,cnbc_52bd6d02,cnbc_6a1ef02f,cnbc_e9509ab3",True,1,0.0001331026221216558,0.0023347341738376,-0.0002000800320128,-0.0008662624108749,-0.0022032314060622,0.0022277656977442994,-0.00028608876735658484,0.0025612739872619356,0.003557274530816801,0.0032047002269997016,0.002134187008136612,4
2023-07-24,15028,15026.0,2.0,0.0001331026221216,15,"cnbc_a41c2575,cnbc_8e52ff8e,cnbc_73c71562,cnbc_9c6730ee,cnbc_23c0ec78,cnbc_87f3b413,cnbc_1d99d0fa,cnbc_4debeca0,cnbc_ccbab6a8,cnbc_4f500d5c,cnbc_5ad424cc,cnbc_a909dc38,cnbc_8ffa6adc,cnbc_d23fd2c9,cnbc_46851c6b",True,0,-0.0013973915357998403,0.0001331026221216,0.0023347341738376,-0.0002000800320128,0.0041485446637671,0.0012525650934094301,-0.00011310937676733968,0.0020802030407985565,0.0034888238007691023,0.0055536968885914195,-0.0007978723404254984,0
2023-07-25,15007,15028.0,-21.0,-0.0013973915357998,9,"cnbc_1555b41a,cnbc_188c0150,cnbc_9c27ff93,cnbc_e38417f6,cnbc_853b25a3,cnbc_bd071ee5,cnbc_43ba5c73,cnbc_b384d5fc,cnbc_ae07690b",True,1,0.001665889251682548,-0.0013973915357998,0.0001331026221216,0.0023347341738376,-0.0008662624108749,-0.00014657676625007277,-0.001593378994674377,0.001432815610250402,0.003388932779948321,0.0,0.0016686690695502104,1
2023-07-26,15032,15007.0,25.0,0.0016658892516825,5,"cnbc_08168fdc,cnbc_9ac5daec,cnbc_3fa12a90,cnbc_4379ef1e,cnbc_91ae4187",True,0,-0.001929217668972858,0.0016658892516825,-0.0013973915357998,0.0001331026221216,-0.0002000800320128,0.0010121996697032287,-0.0003092444128179883,0.0014958362824534551,0.0032437938977357143,0.0025343470721621575,0.007641775036868248,2
2023-07-27,15003,15032.0,-29.0,-0.0019292176689728,9,"cnbc_75be52cb,cnbc_ea10a6e7,cnbc_40121ba8,cnbc_686ffce4,cnbc_77ca0b1f,cnbc_e1ee509b,cnbc_4d5b75bd,cnbc_9a1af763,cnbc_742bb2c8",True,1,0.005332266879957342,-0.0019292176689728,0.0016658892516825,-0.0013973915357998,0.0023347341738376,-0.0010786193672099875,-0.0022544540430540216,0.001856622159215852,0.0030595164010880555,0.0008004802881729223,0.00033337778370445825,3
2023-07-28,15083,15003.0,80.0,0.0053322668799573,10,"cnbc_633cfd9d,cnbc_d81bf3e9,cnbc_1aaa7e14,cnbc_a5e082da,cnbc_34eef458,cnbc_9fbd9474,cnbc_96d6799e,cnbc_a551f183,cnbc_c3cc1631,cnbc_7baa2e03",True,1,0.0005966982695750182,0.0053322668799573,-0.0019292176689728,0.0016658892516825,0.0001331026221216,0.0034862214415924964,0.002875712694692334,0.002915711133945466,0.003261038622521135,0.0037934247304671764,0.0037934247304671764,4
2023-07-31,15092,15083.0,9.0,0.000596698269575,16,"cnbc_4a014af5,cnbc_f04fd358,cnbc_0f0448e9,cnbc_6fd879a8,cnbc_17f85549,cnbc_388f1aa2,cnbc_c0f28190,cnbc_6e13441d,cnbc_3a64be8b,cnbc_ba618b4e,cnbc_5ac50ea0,cnbc_908c7cb9,cnbc_8328750b,cnbc_cc4af777,cnbc_99363dcb,cnbc_c2d9360d",True,1,0.0016565067585475749,0.000596698269575,0.0053322668799573,-0.0019292176689728,-0.0013973915357998,0.003230652645013876,0.0031673020103892835,0.0028980729118711856,0.0032301185364617554,0.004258717061485173,0.006133333333333324,0
2023-08-01,15117,15092.0,25.0,0.0016565067585475,4,"cnbc_9d258b4c,cnbc_16bcad19,cnbc_9d615144,cnbc_374f710f",True,1,0.0035721373288350863,0.0016565067585475,0.000596698269575,0.0053322668799573,0.0016658892516825,0.0034250667091482168,0.004551948699205832,0.0026128262618438165,0.0032135115080117196,0.00732991270740313,0.005520819475854699,1
2023-08-02,15171,15117.0,54.0,0.003572137328835,13,"cnbc_93915a77,cnbc_466eca09,cnbc_bb6edb87,cnbc_9d575b3e,cnbc_0a0eb5ca,cnbc_1ec0c313,cnbc_82ad3a77,cnbc_c57f26b7,cnbc_922d02dc,cnbc_a8c0c76f,cnbc_a63f78ec,cnbc_ae81b3a6,cnbc_44636516",True,1,0.0017797112912794147,0.003572137328835,0.0016565067585475,0.000596698269575,-0.0019292176689728,0.005154639175257714,0.007628112100370954,0.002783097971200336,0.0032780024562141636,0.009246939861628611,0.010187774670395555,2
2023-08-03,15198,15171.0,27.0,0.0017797112912794,10,"cnbc_bea2e735,cnbc_ea304edf,cnbc_59ae4292,cnbc_ddd344de,cnbc_64a6a9dc,cnbc_6fd12c3d,cnbc_55bfba70,cnbc_b992abfc,cnbc_7754c974,cnbc_02bda728",True,0,-0.0019739439399921043,0.0017797112912794,0.003572137328835,0.0016565067585475,0.0053322668799573,0.004348343267998045,0.008801624915369066,0.001869880907413213,0.003283375341098817,0.012997400519896063,0.01232265370012664,3
2023-08-04,15168,15198.0,-30.0,-0.0019739439399921,4,"cnbc_dcaaa3c4,cnbc_b1ffc0d7,cnbc_dee55b8e,cnbc_d80e0af3",True,1,0.0006592827004219409,-0.0019739439399921,0.0017797112912794,0.003572137328835,0.000596698269575,0.0012409896232143947,0.006456236273033156,0.0020360609157982633,0.0032700648220869858,0.005635483657097318,0.0070375780108882235,4
2023-08-07,15178,15168.0,10.0,0.0006592827004219,19,"cnbc_81461603,cnbc_4cc12874,cnbc_cb639998,cnbc_90ba950c,cnbc_66abc275,cnbc_2f7cf084,cnbc_06552641,cnbc_d183ecb8,cnbc_f52b3492,cnbc_0594f1c1,cnbc_1be10057,cnbc_9d017aef,cnbc_23b065f9,cnbc_b79f9447,cnbc_f3fdf663,cnbc_4d817b57,cnbc_13baa290,cnbc_b73ddba8,cnbc_216cc418",True,1,0.003360126498879958,0.0006592827004219,-0.0019739439399921,0.0017797112912794,0.0016565067585475,0.0007648486127229681,0.006979459688976286,0.002032180465957636,0.0030915176424339387,0.005698383249403749,0.0027748414376320696,0
2023-08-08,15229,15178.0,51.0,0.0033601264988799,4,"cnbc_6d83e6f9,cnbc_b5ab3bf2,cnbc_efc1f96b,cnbc_d479f888",True,0,-0.0015102764462538577,0.0033601264988799,0.0006592827004219,-0.0019739439399921,0.003572137328835,0.0026466870325503322,0.010239043692556793,0.0022696390294495,0.0030718210321013756,0.007408877422768967,0.002435492364402325,1
2023-08-09,15206,15229.0,-23.0,-0.0015102764462538,7,"cnbc_deb29adf,cnbc_3c7d3513,cnbc_781b2dcf,cnbc_0f0b60a1,cnbc_8bd24482,cnbc_6c1e4e40,cnbc_32ec4e3f",True,0,-0.00013152702880441932,-0.0015102764462538,0.0033601264988799,0.0006592827004219,0.0017797112912794,0.0006712381052660366,0.008566112947996363,0.002235962498097195,0.0030568221285899935,0.0023070331553622925,0.002901991821659511,2
2023-08-10,15204,15206.0,-2.0,-0.0001315270288044,5,"cnbc_9a580c45,cnbc_a4d76c5c,cnbc_e738d185,cnbc_f21533f8,cnbc_1fa33dc1",True,1,0.0013812154696132596,-0.0001315270288044,-0.0015102764462538,0.0033601264988799,-0.0019739439399921,0.0004606172270842368,0.008032301587564739,0.002114663340935397,0.0027941420071317604,0.00039478878799847905,0.007955449482895727,3
2023-08-11,15225,15204.0,21.0,0.0013812154696132,10,"cnbc_71ce7a13,cnbc_82700b61,cnbc_bfad818b,cnbc_737f122c,cnbc_8980a5e7,cnbc_6ab9dd2b,cnbc_bde86345,cnbc_d7ce4078,cnbc_cf004571,cnbc_e804873a",True,1,0.006436781609195402,0.0013812154696132,-0.0001315270288044,-0.0015102764462538,0.0006592827004219,0.0010915020646484752,0.008598759870687367,0.0018100653918427304,0.0021836737902006615,0.003757911392405111,0.0164908532514354,4
2023-08-14,15323,15225.0,98.0,0.0064367816091954,19,"cnbc_c7e25359,cnbc_7ee12129,cnbc_42daf7e4,cnbc_e530c632,cnbc_caf4a243,cnbc_288dba4d,cnbc_a4d3b2b8,cnbc_466b7618,cnbc_c8caa228,cnbc_c04c1d47,cnbc_db0b46db,cnbc_358215b5,cnbc_5ea1ef51,cnbc_255223bb,cnbc_e2ad4b3a,cnbc_d1f3bb48,cnbc_89a1136e,cnbc_25ea78ee,cnbc_3edbd232",True,1,0.0015010115512628075,0.0064367816091954,0.0013812154696132,-0.0001315270288044,0.0033601264988799,0.005617756310131616,0.013821530888375788,0.003112086029896141,0.0023981226303425173,0.009553300830148936,0.025292740046838347,0
2023-08-15,15346,15323.0,23.0,0.0015010115512628,7,"cnbc_7bdea929,cnbc_7ae6d4e0,cnbc_57db7b17,cnbc_74e63912,cnbc_7197b2d0,cnbc_395c2141,cnbc_2e9db06e",True,0,-0.002476215300404014,0.0015010115512628,0.0064367816091954,0.0013812154696132,-0.0015102764462538,0.005582931432166038,0.01420588789277688,0.003004300577504782,0.0023009450241708116,0.007682710617900046,0.022589458252815442,1
2023-08-16,15308,15346.0,-38.0,-0.002476215300404,4,"cnbc_5a513e6a,cnbc_8fcf88ed,cnbc_2c24a654,cnbc_1d858e6f",True,0,0.0,-0.002476215300404,0.0015010115512628,0.0064367816091954,-0.0001315270288044,0.0017537889694525521,0.010645848119233525,0.0032685498250768844,0.0024001169270210757,0.006707878469025319,0.020941710017340354,2
2023-08-18,15308,15308.0,0.0,0.0,18,"cnbc_7fa3f961,cnbc_9165fd7b,cnbc_e81b38ee,cnbc_295dc342,cnbc_0d33a53c,cnbc_b8125e30,cnbc_a2b836a5,cnbc_9197f5db,cnbc_e22d651b,cnbc_b924ac74,cnbc_ea2bdc11,cnbc_99221e32,cnbc_04efa436,cnbc_5b7052a7,cnbc_febc1e4e,cnbc_07fdb26a,cnbc_4518f0eb,cnbc_5cf4d578",True,1,0.0013718317219754378,0.0,-0.002476215300404,0.0015010115512628,0.0013812154696132,0.0003921056071101159,0.009589384406368362,0.00325422139068803,0.0023950897987978143,0.006840305182846729,0.0211460209459009,4
2023-08-21,15329,15308.0,21.0,0.0013718317219754,14,"cnbc_bf6b82ff,cnbc_e6d56c3d,cnbc_8deae864,cnbc_553c55f0,cnbc_2031fb4e,cnbc_7df04140,cnbc_b4e833d7,cnbc_560f0a31,cnbc_a78b722e,cnbc_1a6c877c,cnbc_70452f24,cnbc_b6aa17a0,cnbc_5a80aa49,cnbc_9a257d23",True,0,-0.00019570748254941613,0.0013718317219754,0.0,-0.002476215300404,0.0064367816091954,0.00040462578640987346,0.009965245177974369,0.0032542149723750065,0.0023775091507953956,0.006830870279146195,0.020165047251430757,0
2023-08-22,15326,15329.0,-3.0,-0.0001957074825494,7,"cnbc_06c7920d,cnbc_2b2dc64b,cnbc_e03924a4,cnbc_08b419a1,cnbc_281e992c,cnbc_39f54c50,cnbc_2472b842",True,0,-0.00045674018008612816,-0.0001957074825494,0.0013718317219754,0.0,0.0015010115512628,0.00016967513737164985,0.008777270588080421,0.0016044335273266927,0.0023849546540605725,0.00019578411538212492,0.019829651317540664,1
2023-08-23,15319,15326.0,-7.0,-0.0004567401800861,7,"cnbc_07416f4c,cnbc_7d5289fe,cnbc_e93ee019,cnbc_66874a5e,cnbc_acb1105c,cnbc_d13ce2b9,cnbc_000aadfa",True,0,-0.004308375220314642,-0.0004567401800861,-0.0001957074825494,0.0013718317219754,-0.002476215300404,6.528267397842846e-05,0.0072822316834613154,0.0013823156564518927,0.0023444315498318677,-0.0017594161344975934,0.020790297860998175,2
2023-08-24,15253,15319.0,-66.0,-0.0043083752203146,7,"cnbc_3854911b,cnbc_2daab835,cnbc_71bfdaf1,cnbc_ff3cd32b,cnbc_cfd44c05,cnbc_a0e95e49,cnbc_aaae1c86",True,1,0.0028846784239166066,-0.0043083752203146,-0.0004567401800861,-0.0001957074825494,0.0,-0.003527797739596217,0.0022142936928768453,0.002128071945010258,0.00262341607211379,-0.003592892605173814,0.0147019691325172,3
2023-08-25,15297,15253.0,44.0,0.0028846784239166,17,"cnbc_3c27943f,cnbc_0b0efb1c,cnbc_45fb9ea3,cnbc_af7e6347,cnbc_a199525e,cnbc_8f58043d,cnbc_78927689,cnbc_02df1b78,cnbc_4cf76bb1,cnbc_60e940f2,cnbc_12f3bf62,cnbc_d9b60fe6,cnbc_c3477f8a,cnbc_4601d36d,cnbc_2f9698be,cnbc_03472cc6,cnbc_16032123",True,0,-0.00019611688566385565,0.0028846784239166,-0.0043083752203146,-0.0004567401800861,0.0013718317219754,-0.000509644033244383,0.004135486411973144,0.002688544710729365,0.002586858320117292,-0.0007185785210347406,0.01959608078384334,4
2023-08-28,15294,15297.0,-3.0,-0.0001961168856638,18,"cnbc_41f0f38f,cnbc_66ef0128,cnbc_5f6df3a4,cnbc_cedbf256,cnbc_8af7fd3e,cnbc_591a31db,cnbc_7a04529c,cnbc_af286e7b,cnbc_42fa378c,cnbc_0e1d5227,cnbc_67b0774a,cnbc_24000d5d,cnbc_55860400,cnbc_b52c5f89,cnbc_f449c900,cnbc_94475484,cnbc_3bc094bd,cnbc_493efb54",True,0,-0.0020269386687589903,-0.0001961168856638,0.0028846784239166,-0.0043083752203146,-0.0001957074825494,-0.000248401730967851,0.0032437822041320175,0.002556179139281087,0.0023840602081801024,-0.0022832539630764925,0.013989259431147705,0
2023-08-29,15263,15294.0,-31.0,-0.0020269386687589,8,"cnbc_719f805a,cnbc_5e8dd341,cnbc_5c41a5a9,cnbc_1e6bdab4,cnbc_b3e206be,cnbc_f8e81a30,cnbc_dc2166d5,cnbc_e5eb444b",True,0,-0.0015724300596213065,-0.0020269386687589,-0.0001961168856638,0.0028846784239166,-0.0004567401800861,-0.0014523853138984633,0.0006490483901633315,0.002639663342646511,0.0024608474482445005,-0.0041106616207751134,0.011330506228465431,1
2023-08-30,15239,15263.0,-24.0,-0.0015724300596213,7,"cnbc_3d29b4a9,cnbc_6c676fdd,cnbc_627291e0,cnbc_19fcd79c,cnbc_4bcfb29d,cnbc_ab785c95,cnbc_3da76f8a",True,0,-0.00013124220749393005,-0.0015724300596213,-0.0020269386687589,-0.0001961168856638,-0.0043083752203146,-0.0019778377387158486,-0.0013237915487051,0.002648347226757224,0.002491294449282391,-0.005222272994320765,0.008070384335516323,2
2023-08-31,15237,15239.0,-2.0,-0.0001312422074939,8,"cnbc_98f6c4f1,cnbc_34b8a1a5,cnbc_e0ac5919,cnbc_74a8c06a,cnbc_40a00f2b,cnbc_f8f90906,cnbc_0898166f,cnbc_18c95b9f",True,1,0.0009844457570387872,-0.0001312422074939,-0.0015724300596213,-0.0020269386687589,0.0028846784239166,-0.001899646272762956,-0.0016707616707616335,0.0019196939358381174,0.002378576586288375,-0.001048973972333278,0.00435040537868292,3
2023-09-01,15252,15237.0,15.0,0.0009844457570387,7,"cnbc_18a9e438,cnbc_daa36d38,cnbc_1a65b86d,cnbc_6691311f,cnbc_b9d22fd9,cnbc_f4d45187,cnbc_f5aadee6",True,0,-0.00032782585890375033,0.0009844457570387,-0.0001312422074939,-0.0015724300596213,-0.0001961168856638,-0.0003277184243297704,-0.0008647118937190612,0.00121186134812506,0.002357681432156085,-0.0029417532849578265,0.0035530990919858674,4
2023-09-04,15247,15252.0,-5.0,-0.0003278258589037,16,"cnbc_69307b8d,cnbc_8db9f1c8,cnbc_dca650f0,cnbc_12d9921c,cnbc_0c9be577,cnbc_f02454e2,cnbc_eccbdf10,cnbc_edbe8911,cnbc_982e4177,cnbc_6f6e99db,cnbc_e805a100,cnbc_b610ffa4,cnbc_e9718bd8,cnbc_8a4a06f4,cnbc_55609977,cnbc_76a7ee1c",True,1,0.000852626746245163,-0.0003278258589037,0.0009844457570387,-0.0001312422074939,-0.0020269386687589,-3.935045515357505e-05,-0.001450637396318677,0.0012025972142238757,0.002306712440030877,-0.0030731005623120256,0.005208333333333259,0
2023-09-05,15260,15247.0,13.0,0.0008526267462451,2,"cnbc_5882e740,cnbc_d1a25323",True,1,0.0030799475753604194,0.0008526267462451,-0.0003278258589037,0.0009844457570387,-0.0015724300596213,0.0008526267462451997,-0.0008675298315682367,0.0010351058104855016,0.002308867859539958,-0.00019655375745264436,0.0054025563315325265,1
2023-09-06,15307,15260.0,47.0,0.0030799475753604,7,"cnbc_825a373a,cnbc_528c0de2,cnbc_e5b90d02,cnbc_7192d118,cnbc_9159cd2f,cnbc_1ec9c02e,cnbc_61a70290",True,1,0.0017638988697981316,0.0030799475753604,0.0008526267462451,-0.0003278258589037,-0.0001312422074939,0.0030405095474621557,0.0019538984692826222,0.00135390268908327,0.0022899166312234497,0.004462235054793595,0.005121807078600105,2
2023-09-07,15334,15307.0,27.0,0.0017638988697981,11,"cnbc_cfd8d425,cnbc_9cd67972,cnbc_22c60fd6,cnbc_881b4e99,cnbc_32ea8a13,cnbc_4e532ec7,cnbc_15283212,cnbc_96afd9bd,cnbc_ef7697b8,cnbc_5a25fc54,cnbc_e5b17ea4",True,1,0.0004565018912221208,0.0017638988697981,0.0030799475753604,0.0008526267462451,0.0009844457570387,0.003534031413612526,0.0033009346650483273,0.0012578387754105117,0.0022738310406234317,0.006366082562184072,0.00841772984348288,3
2023-09-08,15341,15334.0,7.0,0.0004565018912221,9,"cnbc_21048e66,cnbc_fb4ee091,cnbc_3b819e49,cnbc_1e31c593,cnbc_1647e61f,cnbc_4faecd68,cnbc_b095cf5f,cnbc_274e84d2,cnbc_e6009c6c",True,1,0.0007170327879538491,0.0004565018912221,0.0017638988697981,0.0030799475753604,-0.0003278258589037,0.0028239354678452067,0.003309265944644979,0.0013089862234746338,0.0022701002366589734,0.005835300288486778,0.009010786635096135,4
2023-09-11,15352,15341.0,11.0,0.0007170327879538,21,"cnbc_ea035878,cnbc_aab7169e,cnbc_62ac03d4,cnbc_69602877,cnbc_a3d59136,cnbc_4efd260e,cnbc_9d2754e6,cnbc_3fbe03a1,cnbc_62bdb4ee,cnbc_6d7e9e72,cnbc_add87571,cnbc_b6a931bf,cnbc_11406106,cnbc_11bee79e,cnbc_cc0604fa,cnbc_8d5b346d,cnbc_4118755e,cnbc_02007ca3,cnbc_36fe8fc8,cnbc_4dd7ea16,cnbc_3b1d6639",True,0,-0.0005211047420531526,0.0007170327879538,0.0004565018912221,0.0017638988697981,0.0008526267462451,0.0021672715878529036,0.0036118783401704047,0.001073256379620142,0.0022606153309159683,0.006886600642749485,0.008341543513957328,0
2023-09-12,15344,15352.0,-8.0,-0.0005211047420531,9,"cnbc_9baaae5d,cnbc_e33f4417,cnbc_9f3f6097,cnbc_bbe1e678,cnbc_a5692496,cnbc_28986651,cnbc_7af23008,cnbc_70f7a3be,cnbc_c1efad2f",True,1,0.0014989572471324295,-0.0005211047420531,0.0007170327879538,0.0004565018912221,0.0030799475753604,0.0005477451159394686,0.0030200420975565745,0.0013738345627876077,0.0017671096804882749,0.005504587155963359,0.0013704888076746524,1
2023-09-13,15367,15344.0,23.0,0.0014989572471324,11,"cnbc_e2bfc4c2,cnbc_47e810bf,cnbc_cb8a9de5,cnbc_0943182f,cnbc_353db6ad,cnbc_8e9687ab,cnbc_e3ef7167,cnbc_120de757,cnbc_5613d1bb,cnbc_bdd1e201,cnbc_480b44f9",True,0,-0.0006507451031430989,0.0014989572471324,-0.0005211047420531,0.0007170327879538,0.0017638988697981,0.0012640412833275771,0.004454583187625261,0.0009064214282652131,0.0017670221788399795,0.003919775266218117,0.001368434771275906,2
2023-09-14,15357,15367.0,-10.0,-0.000650745103143,15,"cnbc_03e19a44,cnbc_635b8ffb,cnbc_b882aaf6,cnbc_e6133f54,cnbc_fe5a1531,cnbc_2a135364,cnbc_3155bcde,cnbc_d54001fd,cnbc_60c23496,cnbc_aa18f11a,cnbc_4ea79833,cnbc_2c342794,cnbc_992c05f9,cnbc_8c40971e,cnbc_039d441b",True,1,0.0006511688480823078,-0.000650745103143,0.0014989572471324,-0.0005211047420531,0.0004565018912221,0.0003126587720325702,0.0036402135766242516,0.0008963867517365028,0.0016732434777398742,0.0014999347854440792,0.00320094068460941,3
2023-09-15,15367,15357.0,10.0,0.0006511688480823,13,"cnbc_1f4f4910,cnbc_38f347ee,cnbc_ea527a70,cnbc_0a72e8f0,cnbc_6c253ba3,cnbc_56df3981,cnbc_c179462e,cnbc_8cc68276,cnbc_7103ebdb,cnbc_8745511d,cnbc_74b0389f,cnbc_5a6ce27f,cnbc_e66101a7",True,1,0.0003904470618858593,0.0006511688480823,-0.000650745103143,0.0014989572471324,0.0007170327879538,0.000625105812181781,0.0041001682539163475,0.0009090151966624541,0.0016762756175150448,0.0016948047715272807,0.0038541938855500835,4
2023-09-18,15373,15367.0,6.0,0.0003904470618858,15,"cnbc_88d05420,cnbc_3d2718d2,cnbc_37e428e8,cnbc_d4f325ff,cnbc_a5daa231,cnbc_66e14ad1,cnbc_cb4ae474,cnbc_c64cdea0,cnbc_7b4dd1e8,cnbc_7533a520,cnbc_bd60b07c,cnbc_0eb9be6f,cnbc_ddc48703,cnbc_18cf42cd,cnbc_76f4a05d",True,1,0.0005203928966369609,0.0003904470618858,0.0006511688480823,-0.000650745103143,-0.0005211047420531,0.0007421101968545507,0.0043478402895511525,0.000886521467044601,0.0016541915632608444,0.0013678999478894394,0.00287037641072474,0
2023-09-19,15381,15373.0,8.0,0.0005203928966369,7,"cnbc_b37c6fd0,cnbc_b283ea9f,cnbc_15936c99,cnbc_62bf14b1,cnbc_6dc2eb56,cnbc_8652b104,cnbc_3bed61d4",True,1,0.0009752291788570314,0.0005203928966369,0.0003904470618858,0.0006511688480823,0.0014989572471324,0.0007807925043918917,0.004689990332610305,0.0007674287516728896,0.0016541873768241729,0.0024113660062565767,0.0035886728435339244,1
2023-09-20,15396,15381.0,15.0,0.000975229178857,13,"cnbc_a2fabc76,cnbc_1716914e,cnbc_525a51c7,cnbc_ca17d4ca,cnbc_f1c47ca9,cnbc_2da4fe9e,cnbc_e0c76402,cnbc_0e4bed8a,cnbc_86b1d892,cnbc_11d945dc,cnbc_19713632,cnbc_4cae7a35,cnbc_00601b78",True,1,6.495193556767992e-05,0.000975229178857,0.0005203928966369,0.0003904470618858,-0.000650745103143,0.0013788797252647367,0.00541694828920436,0.0006144201748943833,0.0016561460929199684,0.0018871607991148842,0.005026437757033708,2
2023-09-21,15397,15396.0,1.0,6.495193556767992e-05,15,"cnbc_571af46b,cnbc_793ef1fe,cnbc_dc6a83c9,cnbc_4865c37d,cnbc_aa544ee0,cnbc_ca50fe26,cnbc_283d73b9,cnbc_484550aa,cnbc_7783af95,cnbc_ce4a7636,cnbc_ef1f3032,cnbc_67856f99,cnbc_d40e327e,cnbc_04339b07,cnbc_fe72b708",True,0,-0.0009092680392284212,6.495193556767992e-05,0.000975229178857,0.0005203928966369,0.0006511688480823,0.0009231089268533221,0.005009709371583293,0.00033477259891033994,0.0012648071031381679,0.0026046753923292254,0.009440765750999836,3
2023-09-22,15383,15397.0,-14.0,-0.0009092680392284,12,"cnbc_69d50abe,cnbc_553b0d7a,cnbc_2f1bb61a,cnbc_d952343f,cnbc_5a736381,cnbc_f2c2a239,cnbc_5e94d6fd,cnbc_77f0cdfd,cnbc_9ba6547d,cnbc_54e3a624,cnbc_a4f59cea,cnbc_6c91f3db",True,1,0.001040109211467204,-0.0009092680392284,6.495193556767992e-05,0.000975229178857,0.0003904470618858,-0.0001949824515793397,0.003814141361410339,0.0007050295863904066,0.0011642091163151455,0.001041192165028848,0.005622017389030454,4
2023-09-25,15399,15383.0,16.0,0.0010401092114672,17,"cnbc_3390f449,cnbc_736f68de,cnbc_9d1dbc74,cnbc_645f2cc3,cnbc_0721d13b,cnbc_be0cffaa,cnbc_e802cf78,cnbc_08f7aaf5,cnbc_c95dc28e,cnbc_bbd2bad5,cnbc_79f9d11e,cnbc_b8e6098a,cnbc_e1baea23,cnbc_e6569a06,cnbc_4c38a940,cnbc_791a4e9b,cnbc_05608ba4",True,1,0.004221053315150334,0.0010401092114672,-0.0009092680392284,6.495193556767992e-05,0.0005203928966369,0.0005067830968346065,0.004514083680152492,0.0008003933324590647,0.001170345804420329,0.0016912769140702277,0.006865437426441634,0
2023-09-26,15464,15399.0,65.0,0.0042210533151503,5,"cnbc_5f0048e7,cnbc_9ea5eddc,cnbc_06465f9d,cnbc_b59a436f,cnbc_6c99209b",True,1,0.004009311950336265,0.0042210533151503,0.0010401092114672,-0.0009092680392284,0.000975229178857,0.0036475032126586093,0.008093299478156624,0.0019278408566564581,0.0013277939146219856,0.005396268123008863,0.013169101749328505,1
2023-09-27,15526,15464.0,62.0,0.0040093119503362,10,"cnbc_abc3ed1c,cnbc_aedf298f,cnbc_1ff9e9f2,cnbc_dbfbd34b,cnbc_5a2e44bf,cnbc_28f9e01b,cnbc_459e9270,cnbc_b1edb824,cnbc_6d758a86,cnbc_d818776f",True,0,-0.0025119154965863714,0.0040093119503362,0.0042210533151503,0.0010401092114672,6.495193556767992e-05,0.005973901437105633,0.011189120892003412,0.002324040592963159,0.001418441579753109,0.00844375162379829,0.01883325677537906,2
2023-09-29,15487,15526.0,-39.0,-0.0025119154965863,14,"cnbc_ac0a1de9,cnbc_7a905b86,cnbc_0766bc16,cnbc_908510d6,cnbc_57baae9c,cnbc_4d182663,cnbc_1639d8dc,cnbc_a457749a,cnbc_746689ba,cnbc_a04ec54b,cnbc_ead5aa95,cnbc_16ffb6d4,cnbc_2f8275d2,cnbc_ffb531b5",True,1,0.0020662491121585845,-0.0025119154965863,0.0040093119503362,0.0042210533151503,-0.0009092680392284,0.0022780517480165408,0.007828616423825485,0.0029693158935419593,0.0016007427260811297,0.005845294537897061,0.016407429283979758,4
2023-10-02,15519,15487.0,32.0,0.0020662491121585,15,"cnbc_73799b9d,cnbc_8c8d927c,cnbc_5623ac54,cnbc_662604bd,cnbc_63cd5005,cnbc_ce915d90,cnbc_76f75c32,cnbc_ef6d25a3,cnbc_2c05181f,cnbc_77d1f2a4,cnbc_87a86b79,cnbc_cb7c66c1,cnbc_2f2e4a5f,cnbc_2ba2b09c,cnbc_7edba640",True,1,0.005219408467040402,0.0020662491121585,-0.0025119154965863,0.0040093119503362,0.0010401092114672,0.002584146262678555,0.00903443096738954,0.0027375791247803735,0.0016248562933362256,0.008840928297471295,0.017505900865460333,0
2023-10-03,15600,15519.0,81.0,0.0052194084670404,7,"cnbc_91be0d5e,cnbc_f4b4770c,cnbc_2c2c3bd1,cnbc_c285918a,cnbc_85c3602f,cnbc_8f9acbc8,cnbc_ad4dee40",True,1,0.002307692307692308,0.0052194084670404,0.0020662491121585,-0.0025119154965863,0.0042210533151503,0.005206453940924671,0.013138325853861321,0.003077817466223928,0.0018653936927084044,0.013052795636080194,0.0231520954941955,1
2023-10-04,15636,15600.0,36.0,0.0023076923076923,9,"cnbc_4492d049,cnbc_e95c2b77,cnbc_45837b32,cnbc_67b957f6,cnbc_1acc963e,cnbc_f9bffe2f,cnbc_88894e7c,cnbc_a1a3ec91,cnbc_b756b9b4",True,0,-0.0022384241493988233,0.0023076923076923,0.0052194084670404,0.0020662491121585,0.0040093119503362,0.0052978088674005,0.014237991762073188,0.0029419561869996214,0.0018816245123022572,0.01112260734609416,0.024639580602883404,2
2023-10-05,15601,15636.0,-35.0,-0.0022384241493988,7,"cnbc_b65858cf,cnbc_9fd662ee,cnbc_feda0192,cnbc_83c39b8c,cnbc_e51653cc,cnbc_74476fa2,cnbc_f30905a9",True,1,0.0017306582911351836,-0.0022384241493988,0.0023076923076923,0.0052194084670404,-0.0025119154965863,0.0020811119818096024,0.011003680854372977,0.0032964513655668044,0.001978184489535652,0.004830606724204545,0.019206898804468464,3
2023-10-06,15628,15601.0,27.0,0.0017306582911351,6,"cnbc_1a2b11c8,cnbc_96a96ebd,cnbc_b4ca4450,cnbc_1d2ae3ff,cnbc_179bf2e5,cnbc_85fec92c",True,1,0.0030074225748656256,0.0017306582911351,-0.0022384241493988,0.0023076923076923,0.0020662491121585,0.0020004103405826257,0.011789536381823007,0.0026614473173128617,0.001977481654747144,0.009104410150448716,0.019173079431329176,4
2023-10-09,15675,15628.0,47.0,0.0030074225748656,26,"cnbc_7d8fd558,cnbc_8965c0a6,cnbc_27272395,cnbc_6899a753,cnbc_90636a53,cnbc_f2fde981,cnbc_e9e58e1d,cnbc_78ac54b5,cnbc_a5658a85,cnbc_c48bd8c9,cnbc_bd1b244b,cnbc_fec5c46e,cnbc_79294ee1,cnbc_f9a8a60f,cnbc_8bdd0d1c,cnbc_b9ed28fe,cnbc_009c98db,cnbc_a9fc47b1,cnbc_050a7882,cnbc_6abe5fc2,cnbc_3f613e8b,cnbc_ddf27f39,cnbc_1fa3aa54,cnbc_679a7651,cnbc_dad36b5a,cnbc_6f303d80",True,1,0.002105263157894737,0.0030074225748656,0.0017306582911351,-0.0022384241493988,0.0052194084670404,0.003007422574865526,0.013736370338752746,0.00271619249648686,0.0020255305855165838,0.010052194084670507,0.02177172283423512,0
2023-10-10,15708,15675.0,33.0,0.0021052631578947,14,"cnbc_af68d128,cnbc_c229648c,cnbc_955052f9,cnbc_d30d16d7,cnbc_49406a19,cnbc_f44d0eb1,cnbc_991dba77,cnbc_c8ba5c3f,cnbc_e4cc8613,cnbc_5a397373,cnbc_bdd4383a,cnbc_149daccc,cnbc_44066acd,cnbc_94cc8b07",True,1,0.00012732365673542143,0.0021052631578947,0.0030074225748656,0.0017306582911351,0.0023076923076923,0.0037317247725181524,0.014702462468670019,0.002076718965808774,0.0020362161478651403,0.006923076923077032,0.023189161021365257,1
2023-10-11,15710,15708.0,2.0,0.0001273236567354,14,"cnbc_c7135f81,cnbc_94d57bc9,cnbc_d87fee92,cnbc_423fb231,cnbc_927debfa,cnbc_b58f994c,cnbc_bc43e30c,cnbc_18dfff5d,cnbc_80f253f7,cnbc_991d5cdb,cnbc_9c8a9254,cnbc_0b1ab598,cnbc_dead6f8c,cnbc_d7c1559f",True,0,-0.0005092297899427117,0.0001273236567354,0.0021052631578947,0.0030074225748656,-0.0022384241493988,0.0029110594724344185,0.013633401511094378,0.0020627548234626414,0.0020132600072858874,0.004732668201586021,0.023852971845672588,2
2023-10-12,15702,15710.0,-8.0,-0.0005092297899427,14,"cnbc_1deefeb5,cnbc_fcf4241f,cnbc_4fb944a3,cnbc_fa12bdcb,cnbc_7a0b9cf2,cnbc_d8be88f9,cnbc_f06eca6e,cnbc_f1a208a3,cnbc_cbda5576,cnbc_fe6a10f5,cnbc_ae75d811,cnbc_97cef504,cnbc_f4d85398,cnbc_a30a61ad",True,1,0.0004458030824098841,-0.0005092297899427,0.0001273236567354,0.0021052631578947,0.0017306582911351,0.00110936842507936,0.012023499157291617,0.0014489126956066369,0.002046387086752007,0.006473943977950203,0.021799960955293907,3
2023-10-13,15709,15702.0,7.0,0.0004458030824098,16,"cnbc_833b7bd7,cnbc_1ebc3e5a,cnbc_07d4b8f1,cnbc_e2fbfe02,cnbc_58cdff0f,cnbc_cac6ed25,cnbc_efd1c92d,cnbc_7f8889ed,cnbc_681a605a,cnbc_db56c6e6,cnbc_eb8fc6f2,cnbc_8a836a0e,cnbc_fe3c6fe6,cnbc_5932ef61,cnbc_008f0ca4,cnbc_fd5116de",True,1,0.0004456044305811955,0.0004458030824098,-0.0005092297899427,0.0001273236567354,0.0030074225748656,0.0005222663813309047,0.011327459835640763,0.001465570583081579,0.002011951569726138,0.005183004863066332,0.022921143452497184,4
2023-10-16,15716,15709.0,7.0,0.0004456044305811,21,"cnbc_834826c5,cnbc_f61108a5,cnbc_50f026cb,cnbc_495283b8,cnbc_aa87d132,cnbc_ccc7217d,cnbc_fb732099,cnbc_3daf7272,cnbc_f51ac04b,cnbc_b899c770,cnbc_ca016c43,cnbc_45751177,cnbc_34d9508d,cnbc_612cc3b8,cnbc_9dfba258,cnbc_8ac19c77,cnbc_ba9f0bc9,cnbc_597c1ef2,cnbc_e4df79d4,cnbc_a1f30789,cnbc_30565f15",True,1,0.00012725884448969204,0.0004456044305811,0.0004458030824098,-0.0005092297899427,0.0021052631578947,0.00044560443058117016,0.010642744606282672,0.0009666390530929868,0.0020150796593391023,0.00261562998405096,0.022711004099694065,0
2023-10-17,15718,15716.0,2.0,0.0001272588444896,8,"cnbc_0b30a9d0,cnbc_879d854d,cnbc_1e9e1733,cnbc_e8bda4ee,cnbc_5ac37298,cnbc_1fec76a9,cnbc_d030b7a9,cnbc_f785eab2",True,1,0.0008270772362896043,0.0001272588444896,0.0004456044305811,0.0004458030824098,0.0001273236567354,0.00044554770542926114,0.009651362592538959,0.0003898499987901763,0.0020209826084293253,0.000636618283677004,0.02244194366746899,1
2023-10-18,15731,15718.0,13.0,0.0008270772362896,11,"cnbc_20b31560,cnbc_5c1fb028,cnbc_b348b125,cnbc_8366b4df,cnbc_b267b6eb,cnbc_365b89ad,cnbc_c8d12647,cnbc_0d6dd85f,cnbc_6d2f98f3,cnbc_1ce6335b,cnbc_76442f21",True,1,0.006801856207488399,0.0008270772362896,0.0001272588444896,0.0004456044305811,-0.0005092297899427,0.001005396049684304,0.009351790956192652,0.0004999040944345787,0.002017415914900008,0.001336728198599646,0.02275534750666397,2
2023-10-19,15838,15731.0,107.0,0.0068018562074883,13,"cnbc_9008aa72,cnbc_588e23f6,cnbc_a7d160b3,cnbc_f56bcf47,cnbc_8169975d,cnbc_7ea6276d,cnbc_70fe382c,cnbc_531545f9,cnbc_8c7ce432,cnbc_33f00af1,cnbc_83a8ddd4,cnbc_f92112a3,cnbc_c5888836",True,1,0.0011365071347392347,0.0068018562074883,0.0008270772362896,0.0001272588444896,0.0004458030824098,0.006072771623132356,0.01477829356040572,0.0028463400476722396,0.002382017114636364,0.008661317029677651,0.028708755520914453,3
2023-10-20,15856,15838.0,18.0,0.0011365071347392,12,"cnbc_df15eba1,cnbc_61e21230,cnbc_c721a1f0,cnbc_020c4c49,cnbc_304217ef,cnbc_73d96f28,cnbc_c7334e5f,cnbc_c83a3593,cnbc_9f15000b,cnbc_03b4bda8,cnbc_b88504e1,cnbc_fd159072",True,1,0.005486881937436933,0.0011365071347392,0.0068018562074883,0.0008270772362896,0.0004456044305811,0.005338642387045178,0.014439901985246584,0.0027845523625493456,0.0023619265317808362,0.009357693042205018,0.0298110021432747,4
2023-10-23,15943,15856.0,87.0,0.0054868819374369,14,"cnbc_b2f71216,cnbc_a4c05775,cnbc_0c8d0adb,cnbc_e6eb0030,cnbc_e295cae9,cnbc_1c1a6f49,cnbc_05888546,cnbc_0113ccd6,cnbc_f06a69d7,cnbc_47f8d87c,cnbc_83be8d53,cnbc_d84bd9d9,cnbc_3b8237df,cnbc_b0d352f5",True,0,-0.004641535470112275,0.0054868819374369,0.0011365071347392,0.0068018562074883,0.0001272588444896,0.007953367220494112,0.018182050414157436,0.003041732618015492,0.0024537007608763754,0.014443878849579983,0.03640382240135209,0
2023-10-24,15869,15943.0,-74.0,-0.0046415354701122,8,"cnbc_72101dd4,cnbc_02ac1b4c,cnbc_6e729dd2,cnbc_6cedb1ac,cnbc_31c054d7,cnbc_62da4477,cnbc_9372bdb9,cnbc_e9025f91",True,1,0.000126031886067175,-0.0046415354701122,0.0054868819374369,0.0011365071347392,0.0008270772362896,0.0013629996087687335,0.011937405144817559,0.004511574904537928,0.0028433361087723276,0.009606820206133015,0.030521462432625546,1
2023-10-25,15871,15869.0,2.0,0.0001260318860671,11,"cnbc_4ec95d8f,cnbc_f2592e82,cnbc_f9a272ef,cnbc_155a402b,cnbc_265566c4,cnbc_5127c9b6,cnbc_43897ae1,cnbc_b68ca8b7,cnbc_cb030a1c,cnbc_9e7cd3ca,cnbc_8b54ad48",True,1,0.003906496125007876,0.0001260318860671,-0.0046415354701122,0.0054868819374369,0.0068018562074883,-0.00027715837081265793,0.010753304483780868,0.0045646962075836855,0.002784535387280007,0.008899624944377349,0.026319192964304294,2
2023-10-26,15933,15871.0,62.0,0.0039064961250078,15,"cnbc_76826f18,cnbc_3c7d3ab9,cnbc_51c935ac,cnbc_49a8de8b,cnbc_518418d6,cnbc_7cebe558,cnbc_985be312,cnbc_5e6bb41f,cnbc_dbb6d732,cnbc_b2cadfd5,cnbc_2d07a9aa,cnbc_7f48a4a5,cnbc_7f0bf8b4,cnbc_5e9d6125,cnbc_a5c22d34",True,1,0.0005021025544467457,0.0039064961250078,0.0001260318860671,-0.0046415354701122,0.0011365071347392,0.0024285282866922664,0.013388456034345575,0.0039045938379141426,0.002779367055360354,0.0059982321000127126,0.026214092490016716,3
2023-10-27,15941,15933.0,8.0,0.0005021025544467,13,"cnbc_ebe5e1ea,cnbc_66c8b4d7,cnbc_f9cb35d3,cnbc_c5f46474,cnbc_980647e8,cnbc_f353d610,cnbc_add435d7,cnbc_3b2757d5,cnbc_10ef5c98,cnbc_5baa092a,cnbc_49efa26e,cnbc_adbcea8a,cnbc_c7965f0d",True,0,-0.0015682830437237312,0.0005021025544467,0.0039064961250078,0.0001260318860671,0.0054868819374369,0.0018603014191083123,0.012435535909356421,0.0039175756957294024,0.002640121477222827,0.005360746720484366,0.029314909278749912,4
2023-10-30,15916,15941.0,-25.0,-0.0015682830437237,18,"cnbc_180b8384,cnbc_bf18cb6b,cnbc_72e9bb59,cnbc_843af4a8,cnbc_3e8f9d9f,cnbc_8a883a0f,cnbc_e27adb29,cnbc_c2abbc84,cnbc_c40bea33,cnbc_e59be6f2,cnbc_0586bca4,cnbc_e43563d0,cnbc_3e2ce6fa,cnbc_fd7e9030,cnbc_baf06db8,cnbc_892e0d9a,cnbc_93ed5c09,cnbc_fe10cada",True,0,-0.0011937672782106057,-0.0015682830437237,0.0005021025544467,0.0039064961250078,-0.0046415354701122,0.0006286935747517042,0.009574977561124243,0.0031213304566840585,0.0027193000149595813,-0.0016935332120679991,0.025581545202654876,0
2023-10-31,15897,15916.0,-19.0,-0.0011937672782106,7,"cnbc_f81f3361,cnbc_27817472,cnbc_375fd96f,cnbc_f398e4e8,cnbc_18f89e8c,cnbc_ac29a538,cnbc_3b94c6ac",True,1,0.0030823425803610744,-0.0011937672782106,-0.0015682830437237,0.0005021025544467,0.0001260318860671,-0.0009175695718847132,0.0074208328316403005,0.0021670767673270725,0.002604434015516368,0.0017644464049404451,0.01903846153846156,1
2023-11-01,15946,15897.0,49.0,0.003082342580361,10,"cnbc_dbc5e3b4,cnbc_27bb0815,cnbc_75839281,cnbc_bb279c04,cnbc_d9d0d912,cnbc_f0cacbc9,cnbc_282e7f9c,cnbc_3bdccaec,cnbc_08356ad5,cnbc_d410c3eb",True,0,-0.005330490405117271,0.003082342580361,-0.0011937672782106,-0.0015682830437237,0.0039064961250078,0.0012180879786019005,0.00953442141382932,0.0024711214484456298,0.0026313616340023793,0.004725600151219256,0.019826042466103866,2
2023-11-02,15861,15946.0,-85.0,-0.0053304904051172,12,"cnbc_28cd07c5,cnbc_60b6cdaa,cnbc_72a6aa18,cnbc_ceeaa7ab,cnbc_a6def020,cnbc_ec475789,cnbc_8f20c51e,cnbc_e4a6a67d,cnbc_07366589,cnbc_81afdb48,cnbc_2936abdc,cnbc_6f2e086c",True,0,-0.005674295441649328,-0.0053304904051172,0.003082342580361,-0.0011937672782106,0.0005021025544467,-0.003217656892195997,0.00332734495584619,0.0030816828828957674,0.0029071274851198655,-0.004518922990020657,0.016665598359079548,3
2023-11-03,15771,15861.0,-90.0,-0.0056742954416493,11,"cnbc_4bb711a1,cnbc_58755ac6,cnbc_f96d5001,cnbc_45a254e1,cnbc_f512e79d,cnbc_fa5d4d15,cnbc_0de74d98,cnbc_bbabca0f,cnbc_4c1636a8,cnbc_cd209aa8,cnbc_386129f7",True,0,-0.014013061949147169,-0.0056742954416493,-0.0053304904051172,0.003082342580361,-0.0015682830437237,-0.006751394994394921,-0.0028168479755682485,0.0035765033158371997,0.0032390769320590467,-0.01066432469732137,0.009150243153314586,4
2023-11-06,15550,15771.0,-221.0,-0.0140130619491471,13,"cnbc_ebe761bd,cnbc_dd5096d8,cnbc_46d70bcf,cnbc_5fdf9f56,cnbc_a86f07bc,cnbc_d61b60ae,cnbc_4fe89745,cnbc_d5e8fb37,cnbc_48c99149,cnbc_9cc1bb69,cnbc_b3f501a0,cnbc_ae2c412c,cnbc_18b7d514",True,1,0.002765273311897106,-0.0140130619491471,-0.0056742954416493,-0.0053304904051172,-0.0011937672782106,-0.016134134767478603,-0.016401738217378337,0.00634253357870271,0.004518114033706626,-0.02299572756974111,-0.00797448165869219,0
2023-11-07,15593,15550.0,43.0,0.0027652733118971,2,"cnbc_169d8a3d,cnbc_e93a1016",True,1,0.0023087282755082407,0.0027652733118971,-0.0140130619491471,-0.0056742954416493,0.003082342580361,-0.009603536540440327,-0.013322955918132262,0.007082119667391493,0.004539661663462922,-0.01912310498836256,-0.007321110262286767,1
2023-11-08,15629,15593.0,36.0,0.0023087282755082,8,"cnbc_9fdc8609,cnbc_bb489d61,cnbc_322eb476,cnbc_2d78daa5,cnbc_9721c8e5,cnbc_ff3ddd11,cnbc_dd7522e2,cnbc_55829dfd",True,1,0.0012796724038646107,0.0023087282755082,0.0027652733118971,-0.0140130619491471,-0.0053304904051172,-0.003303402887607776,-0.010791480743061466,0.006899333741940199,0.004577966958910826,-0.019879593628496228,-0.005155951623169952,2
2023-11-09,15649,15629.0,20.0,0.0012796724038646,6,"cnbc_bd2dd99a,cnbc_a5bbc77f,cnbc_3f967ebd,cnbc_23e257b7,cnbc_843cb077,cnbc_36b1341b",True,1,0.0028116812575883442,0.0012796724038646,0.0023087282755082,0.0027652733118971,-0.0056742954416493,0.0006778187026805771,-0.009359460905180472,0.007204523501780474,0.004590063282341576,-0.01336611815144062,-0.00337536619538914,3
2023-11-10,15693,15649.0,44.0,0.0028116812575883,11,"cnbc_d0ccf4bf,cnbc_6ae5464e,cnbc_dbb9c8a4,cnbc_496abbdc,cnbc_32a2ba05,cnbc_475008f0,cnbc_24411520,cnbc_67c141c0,cnbc_ad637564,cnbc_e9d2b53f,cnbc_93c0e53d",True,1,0.0012744535780284203,0.0028116812575883,0.0012796724038646,0.0023087282755082,-0.0140130619491471,0.004493432675320763,-0.006523782844445214,0.007317546187680276,0.00463671946917148,-0.004945786570287214,-0.0010185244127570714,4
2023-11-13,15713,15693.0,20.0,0.0012744535780284,15,"cnbc_bd182136,cnbc_b31eac33,cnbc_d6cee0f6,cnbc_3a33cbfa,cnbc_50786300,cnbc_274f89b0,cnbc_f50d168d,cnbc_59d5ad21,cnbc_70c79ca9,cnbc_b92022d2,cnbc_1db8b688,cnbc_a67c6416,cnbc_0748cc79,cnbc_fbb6fcce,cnbc_e8c597ce",True,0,-0.0008909819894354992,0.0012744535780284,0.0028116812575883,0.0012796724038646,0.0027652733118971,0.0036792416674118478,-0.005248197317025305,0.0007658958723725021,0.00464499142817677,0.010482315112540164,-0.00019088826673452353,0
2023-11-14,15699,15713.0,-14.0,-0.0008909819894354,8,"cnbc_8edadf33,cnbc_33fa62ee,cnbc_534c99db,cnbc_b1ab451c,cnbc_8ddcfd83,cnbc_1db4eb5c,cnbc_9b2c3aac,cnbc_f12550ee",True,0,-0.012484871647875661,-0.0008909819894354,0.0012744535780284,0.0028116812575883,0.0023087282755082,0.001428881262518722,-0.0060747264157214875,0.001421979284910054,0.0046491102463335435,0.006797922144551993,-0.0012088051915002396,1
2023-11-15,15503,15699.0,-196.0,-0.0124848716478756,6,"cnbc_290df387,cnbc_b0195056,cnbc_9b91b7a4,cnbc_2f26b036,cnbc_630846e7,cnbc_9df77875",True,1,0.005934335289943882,-0.0124848716478756,-0.0008909819894354,0.0012744535780284,0.0012796724038646,-0.009481579922562822,-0.017774835192336247,0.00622497078684681,0.005407899957860787,-0.008061936144347026,-0.014493674909414556,2
2023-11-16,15595,15503.0,92.0,0.0059343352899438,11,"cnbc_c1a17d29,cnbc_f8020055,cnbc_b707734e,cnbc_55d6950b,cnbc_92f3a31c,cnbc_bf091df6,cnbc_e97f8924,cnbc_96d14d23,cnbc_53e74416,cnbc_c10f1102,cnbc_e58615c1",True,0,-0.005835203590894517,0.0059343352899438,-0.0124848716478756,-0.0008909819894354,0.0028116812575883,-0.0029154891756071333,-0.011184802871019639,0.007056207692832177,0.005347571195966777,-0.0034506997252220506,-0.015342846318979642,3
2023-11-17,15504,15595.0,-91.0,-0.0058352035908945,11,"cnbc_51e457c1,cnbc_86b2a299,cnbc_b607aa83,cnbc_2d4a8a2b,cnbc_c3c6ac83,cnbc_37517eb4,cnbc_de82c5bf,cnbc_c0101a43,cnbc_d909de1a,cnbc_7f40202b,cnbc_8ee3e0bf",True,0,-0.005482456140350877,-0.0058352035908945,0.0059343352899438,-0.0124848716478756,0.0012744535780284,-0.006332196785192368,-0.015856491767065717,0.007048850048313283,0.005443859677329729,-0.01204358631236857,-0.02219979818365292,4
2023-11-20,15419,15504.0,-85.0,-0.0054824561403508,20,"cnbc_44113546,cnbc_181418e1,cnbc_7b3c825d,cnbc_0d3a5fca,cnbc_df7abed6,cnbc_52219170,cnbc_83f417f3,cnbc_9ff0e89a,cnbc_dd929e97,cnbc_d74334ee,cnbc_a9d337e6,cnbc_e00d1df5,cnbc_a802b276,cnbc_8891d86b,cnbc_51f82ec6,cnbc_d52edb06,cnbc_4fc90396,cnbc_b7751809,cnbc_6f6171da,cnbc_d75f1997",True,1,0.0011025358324145535,-0.0054824561403508,-0.0058352035908945,0.0059343352899438,-0.0008909819894354,-0.008041688111168344,-0.01962155700806223,0.0068118972787311214,0.005295030827091686,-0.01871062177814553,-0.0328670890045788,0
2023-11-21,15436,15419.0,17.0,0.0011025358324145,10,"cnbc_a5a225b7,cnbc_3ffdb44a,cnbc_4bd51eff,cnbc_95f2ae87,cnbc_d4040790,cnbc_2127f70a,cnbc_b6cec9de,cnbc_898a12bb,cnbc_cd005d55,cnbc_1149e006",True,1,0.009587976159626846,0.0011025358324145,-0.0054824561403508,-0.0058352035908945,-0.0124848716478756,-0.003576177750235554,-0.01718775368570513,0.007074485743998974,0.0052803421822912025,-0.016752659405057657,-0.027285903333543415,1
2023-11-22,15584,15436.0,148.0,0.0095879761596268,7,"cnbc_69e77994,cnbc_4cdaef61,cnbc_91ceb975,cnbc_c62d0bbf,cnbc_e47dda17,cnbc_5c3dc36b,cnbc_72e4de14",True,1,0.0005775154004106776,0.0095879761596268,0.0011025358324145,-0.0054824561403508,0.0059343352899438,0.004926616626686142,-0.006857171990109379,0.006834377911908204,0.005817857336734168,0.005224795200928778,-0.018083296578665475,2
2023-11-23,15593,15584.0,9.0,0.0005775154004106,6,"cnbc_cd46c44f,cnbc_7f8d16f2,cnbc_8b628758,cnbc_655a62e5,cnbc_07d1cd7e,cnbc_17a9b64b",True,0,-0.00038478804591804015,0.0005775154004106,0.0095879761596268,0.0011025358324145,-0.0058352035908945,0.005532913743293344,-0.005205874472075878,0.0062766398204232,0.005720028139738173,-0.00012824623276685987,-0.02133935856398672,3
2023-11-24,15587,15593.0,-6.0,-0.000384788045918,5,"cnbc_0a243c79,cnbc_e739084f,cnbc_0f2ee0cc,cnbc_d9da081e,cnbc_c554cc10",True,0,-0.003849361647526785,-0.000384788045918,0.0005775154004106,0.0095879761596268,-0.0054824561403508,0.004071168141821069,-0.004464485306797661,0.0054279390992381955,0.005710691654687494,0.0053534571723425906,-0.02220688789912806,4
2023-11-27,15527,15587.0,-60.0,-0.0038493616475267,14,"cnbc_59636f17,cnbc_7ac922cb,cnbc_53d5487a,cnbc_a430de5c,cnbc_e822a317,cnbc_627d843b,cnbc_e7b3dd29,cnbc_10eec758,cnbc_d529f603,cnbc_09fe1ee1,cnbc_2854d0d6,cnbc_9f10d5ec,cnbc_751f781b,cnbc_2eb7d1ef",True,0,-0.004959103497134024,-0.0038493616475267,-0.000384788045918,0.0005775154004106,0.0011025358324145,-0.001183629884081494,-0.007063172064499024,0.004963591340296208,0.0057430829062957945,0.0070043452882806445,-0.02444081427494349,0
2023-11-28,15450,15527.0,-77.0,-0.004959103497134,5,"cnbc_26fffb74,cnbc_b907ae3d,cnbc_a1a94b1b,cnbc_100fecdf,cnbc_050d1180",True,0,-0.004271844660194175,-0.004959103497134,-0.0038493616475267,-0.000384788045918,0.0095879761596268,-0.0063158436346330005,-0.010573099115599671,0.005736552009153482,0.005803550564356303,0.0009069707178024355,-0.02811851292696732,1
2023-11-29,15384,15450.0,-66.0,-0.0042718446601941,1,cnbc_30e17ed5,True,1,0.006500260010400416,-0.0042718446601941,-0.004959103497134,-0.0038493616475267,0.0005775154004106,-0.00800866638294584,-0.013023673574132255,0.002496125947572616,0.005736596405381539,-0.012833675564681735,-0.03524394832559885,2
2023-11-30,15484,15384.0,100.0,0.0065002600104004,6,"cnbc_c63b9349,cnbc_d3463b55,cnbc_5d445978,cnbc_8acffcf0,cnbc_dd778a0e,cnbc_942f8e41",True,1,0.0025833118057349523,0.0065002600104004,-0.0042718446601941,-0.004959103497134,-0.000384788045918,-0.0001549746874677238,-0.005405266521712582,0.004752856988278746,0.00595661011061691,-0.0069903161675111125,-0.02376899312779779,3
2023-12-01,15524,15484.0,40.0,0.0025833118057349,9,"cnbc_385ece1a,cnbc_ed50e5c8,cnbc_4973efe3,cnbc_309b4f5e,cnbc_d44e87ec,cnbc_51b00217,cnbc_8a3590cb,cnbc_3b267ec8,cnbc_9f4147ab",True,0,-0.005024478227261015,0.0025833118057349,0.0065002600104004,-0.0042718446601941,-0.0038493616475267,0.0032441934107976245,-0.002044253590300693,0.005084069397833056,0.005915113530114644,-0.004041829729903079,-0.015661657472576196,4
2023-12-04,15446,15524.0,-78.0,-0.005024478227261,15,"cnbc_03f672df,cnbc_925b5c07,cnbc_972fb21b,cnbc_96d8f0a0,cnbc_e5ef2b33,cnbc_6f6ef866,cnbc_2a3b4b61,cnbc_c0a8241a,cnbc_119da5fa,cnbc_82d508df,cnbc_41a52a42,cnbc_590e05de,cnbc_075f5d7d,cnbc_1857683c,cnbc_4c3ddec3",True,1,0.0037550174802537875,-0.005024478227261,0.0025833118057349,0.0065002600104004,-0.004959103497134,-0.0007504399130524586,-0.006726428562242037,0.005283559640652978,0.005147846975416289,-0.005216719263218872,-0.006688102893890657,0
2023-12-05,15504,15446.0,58.0,0.0037550174802537,5,"cnbc_68e4a849,cnbc_da306147,cnbc_5850ee1c,cnbc_2e04b64b,cnbc_59296dd7",True,0,0.0,0.0037550174802537,-0.005024478227261,0.0025833118057349,-0.0042718446601941,0.002301466214993164,-0.002711282214567623,0.005099302510151444,0.005183728557210634,0.0034951456310678974,-0.005707689347784317,1
2023-12-06,15504,15504.0,0.0,0.0,8,"cnbc_0fbdb88a,cnbc_db36e9e8,cnbc_16462d23,cnbc_2ed4f4bc,cnbc_240fb75d,cnbc_7a21417b,cnbc_512b3823,cnbc_546939d7",True,1,0.0020639834881320948,0.0,0.0037550174802537,-0.005024478227261,0.0065002600104004,0.0007487542278794557,-0.0023101821762044894,0.004360629296946627,0.005148790021664125,0.007800312012480548,-0.007997952524153806,2
2023-12-07,15536,15504.0,32.0,0.002063983488132,7,"cnbc_017b5f49,cnbc_4c4b5b13,cnbc_23c9d859,cnbc_b5be02f2,cnbc_1152da41,cnbc_c23e81f4,cnbc_718936fa",True,0,-0.002317198764160659,0.002063983488132,0.0,0.0037550174802537,0.0025833118057349,0.0021415486234745984,0.00011265429615203715,0.003463997409531724,0.005165127758342971,0.0033583053474555147,-0.0072209086842609516,3
2023-12-08,15500,15536.0,-36.0,-0.0023171987641606,8,"cnbc_6260ece0,cnbc_9c64884b,cnbc_4f06b8be,cnbc_273d4b6b,cnbc_6235f1a3,cnbc_6a212fb7,cnbc_986a514b,cnbc_0312ed13",True,1,0.007354838709677419,-0.0023171987641606,0.002063983488132,0.0,-0.005024478227261,0.00012904890953668868,-0.001584581889388481,0.0034825015158257305,0.0051270942617812395,-0.0015459933006957138,-0.012298477027974264,4
2023-12-11,15614,15500.0,114.0,0.0073548387096774,12,"cnbc_dcb680b2,cnbc_0183a4d2,cnbc_04b65b9b,cnbc_ebed9c46,cnbc_52019148,cnbc_2d2b3734,cnbc_1eb42157,cnbc_50b3ba48,cnbc_934defc4,cnbc_8af92f36,cnbc_301600d6,cnbc_a988da05",True,1,0.0010887664916100935,0.0073548387096774,-0.0023171987641606,0.002063983488132,0.0037550174802537,0.005305313039223325,0.00607938967695798,0.0036827271242791215,0.005416571335783372,0.010876602356597154,-0.006300515496722503,0
2023-12-12,15631,15614.0,17.0,0.00108876649161,8,"cnbc_0aebcc59,cnbc_d2aae625,cnbc_e2c4dcb4,cnbc_e576678d,cnbc_2654e1e4,cnbc_4d90de34,cnbc_5a5db8f8,cnbc_ac19f21c",True,0,-0.00012795086686712303,0.00108876649161,0.0073548387096774,-0.0023171987641606,0.0,0.004756701163463495,0.007395472488520127,0.0035878965092716493,0.005423327386541942,0.008191434468524328,-0.004331486081916025,1
2023-12-13,15629,15631.0,-2.0,-0.0001279508668671,16,"cnbc_5731c258,cnbc_34db6283,cnbc_9580ad65,cnbc_df9a53a7,cnbc_48bc56f0,cnbc_4ad81f95,cnbc_1ce5c573,cnbc_0235fc70,cnbc_bfdb8524,cnbc_b6d456dd,cnbc_bb3ecd06,cnbc_45a6da5f,cnbc_a0f3a075,cnbc_280d2ce7,cnbc_f13ed1ce,cnbc_df179255",True,0,-0.008701772346279352,-0.0001279508668671,0.00108876649161,0.0073548387096774,0.002063983488132,0.0030163008599666252,0.006857764993509541,0.0036029255328415737,0.004590405620861519,0.008062435500515885,0.008127459201444864,2
2023-12-14,15493,15629.0,-136.0,-0.0087017723462793,9,"cnbc_e60311df,cnbc_4b116204,cnbc_5e6feed6,cnbc_e26d3bd1,cnbc_e1d681b6,cnbc_6ad78473,cnbc_6afa1563,cnbc_b2e4e924,cnbc_313d8b97",True,1,0.0006454527851287678,-0.0087017723462793,-0.0001279508668671,0.00108876649161,-0.0023171987641606,-0.00516264913249509,-0.001575645482988608,0.005807841770050015,0.004824830064643012,-0.00276776519052524,-0.006540557871112518,3
2023-12-15,15503,15493.0,10.0,0.0006454527851287,10,"cnbc_10b09e94,cnbc_fe0ada9a,cnbc_5a643a05,cnbc_7b3c86c4,cnbc_afc6f7b4,cnbc_b59ed391,cnbc_bb041f1e,cnbc_a94bde48,cnbc_fad67676,cnbc_80b743ff",True,1,0.0008385473779268528,0.0006454527851287,-0.0087017723462793,-0.0001279508668671,0.0073548387096774,-0.004558880184923564,-0.0009279905138747102,0.005731915838145441,0.0046491452875956655,0.0001935483870967314,-6.449948400411021e-05,4
2023-12-18,15516,15503.0,13.0,0.0008385473779268,25,"cnbc_b6a9b824,cnbc_78a21702,cnbc_3b68e897,cnbc_3a5df3ea,cnbc_db001152,cnbc_5f0d849f,cnbc_1c0ef0c2,cnbc_288a4b01,cnbc_9b801518,cnbc_3f2425fa,cnbc_1f224f05,cnbc_7a8887a0,cnbc_b44a88a4,cnbc_47b54861,cnbc_49b1fdfe,cnbc_7168d3c8,cnbc_44d0555a,cnbc_1f20d00c,cnbc_5c26fc83,cnbc_0df5ac3b,cnbc_10894baa,cnbc_aec96025,cnbc_b2073e70,cnbc_3bb0befd,cnbc_8c43e482",True,0,-0.0006444960041247745,0.0008385473779268,0.0006454527851287,-0.0087017723462793,0.00108876649161,-0.002468754821786767,-0.00040264781201182487,0.004189644847477258,0.004467635835834709,-0.006276418598693434,0.006290939749659552,0
2023-12-19,15506,15516.0,-10.0,-0.0006444960041247,6,"cnbc_4daae466,cnbc_8e02f44a,cnbc_a4e8a025,cnbc_0a564d74,cnbc_a38d41d7,cnbc_df2b8ae0",True,1,0.000386946988262608,-0.0006444960041247,0.0008385473779268,0.0006454527851287,-0.0001279508668671,-0.001506819323347952,-0.0012720802537720122,0.004015707888595867,0.004468672792289241,-0.007996929179195145,0.004534853589012622,1
2023-12-20,15512,15506.0,6.0,0.0003869469882626,7,"cnbc_6e7c664c,cnbc_53a8c905,cnbc_c4997d03,cnbc_f9339d0b,cnbc_f4fe131a,cnbc_0fc6f51a,cnbc_58e299de",True,1,0.0013537906137184115,0.0003869469882626,-0.0006444960041247,0.0008385473779268,-0.0087017723462793,0.000386946988262693,-0.0006539042593970423,0.004069079460838998,0.003891537208301551,-0.007486083562607937,-0.00462012320328542,2
2023-12-21,15533,15512.0,21.0,0.0013537906137184,12,"cnbc_74118c0a,cnbc_51c1b591,cnbc_60c42322,cnbc_23b16258,cnbc_bff58853,cnbc_d5e98be2,cnbc_421d96cc,cnbc_5ef6dfd8,cnbc_5797a844,cnbc_a2cb3959,cnbc_94a5f00b,cnbc_e4a1152f",True,0,-0.002832678812850061,0.0013537906137184,0.0003869469882626,-0.0006444960041247,0.0006454527851287,0.0012247002707233001,0.0008924457847241385,0.0007392722081138296,0.0039038074151685545,0.0025818111405151445,-0.003847880459180386,3
2023-12-22,15489,15533.0,-44.0,-0.00283267881285,10,"cnbc_96370ac6,cnbc_9cba9de3,cnbc_8cb06292,cnbc_e2837d19,cnbc_ce3d41f9,cnbc_872a2af0,cnbc_a27abcb1,cnbc_2e3e977f,cnbc_444edc24,cnbc_4fdbf6ae",True,0,-0.00484214603912454,-0.00283267881285,0.0013537906137184,0.0003869469882626,0.0008385473779268,-0.0014312238898345209,-0.001627535974990768,0.001655584626857377,0.003948502358805068,-0.0009030510223827504,-0.0062872906909604565,4
2023-12-27,15414,15489.0,-75.0,-0.0048421460391245,34,"cnbc_add6619c,cnbc_65949fe5,cnbc_a45e3a89,cnbc_75cdb3fb,cnbc_f61c2766,cnbc_3133591e,cnbc_5506fd30,cnbc_cbda1077,cnbc_cd5119f2,cnbc_b28a6645,cnbc_338d154a,cnbc_8ededc0f,cnbc_48cc0024,cnbc_4db7e4ea,cnbc_f28b79ec,cnbc_ace4bd73,cnbc_4c5693b8,cnbc_3b7dd922,cnbc_e4332c36,cnbc_43b2fc94,cnbc_5757c779,cnbc_82418ae8,cnbc_75d1ec17,cnbc_f9fccef8,cnbc_1430a0b0,cnbc_46b3d096,cnbc_16a078d5,cnbc_fbe90048,cnbc_647dbdd9,cnbc_35044863,cnbc_2b898fc3,cnbc_5607ea1d,cnbc_5515b103,cnbc_9c9f1a10",True,1,0.0001297521733489036,-0.0048421460391245,-0.00283267881285,0.0013537906137184,-0.0006444960041247,-0.0049577813928266545,-0.006099841378332083,0.002510614869486946,0.0040012557584261435,-0.006573859242072655,-0.007277645391898013,2
2023-12-28,15416,15414.0,2.0,0.0001297521733489,4,"cnbc_29ebcc94,cnbc_2d3dae25,cnbc_d56310d7,cnbc_d92651d3",True,1,0.0014919564089257915,0.0001297521733489,-0.0048421460391245,-0.00283267881285,0.0003869469882626,-0.003670958068352159,-0.00586190663511077,0.0025851353450347327,0.0038522660863775275,-0.005804204823939174,-0.00220064724919089,3
2023-12-29,15439,15416.0,23.0,0.0014919564089257,8,"cnbc_71ad7663,cnbc_9875d0d4,cnbc_1ec95f99,cnbc_72420db2,cnbc_f320b005,cnbc_3801c037,cnbc_39b6915b,cnbc_f0c0d6a5",True,1,0.0022022151693762548,0.0014919564089257,0.0001297521733489,-0.0048421460391245,0.0013537906137184,-0.0012420592306996436,-0.004555228519018795,0.0027896789141046564,0.0037378840754208106,-0.004706034038164053,0.0035751430057202604,4
2024-01-02,15473,15439.0,34.0,0.0022022151693762,26,"cnbc_e0326128,cnbc_3cdc69ee,cnbc_6db4e075,cnbc_4f9b08cb,cnbc_00192d22,cnbc_6db87617,cnbc_4a566062,cnbc_63dd316b,cnbc_0c813802,cnbc_24dc8abd,cnbc_c073e0fa,cnbc_993936f7,cnbc_c03c594d,cnbc_b9377b79,cnbc_6acb6a11,cnbc_bd03351b,cnbc_54f1122c,cnbc_ede23db1,cnbc_fce4860d,cnbc_4fa2374c,cnbc_c29dbed6,cnbc_ba50faee,cnbc_96004a33,cnbc_ca368dc6,cnbc_f0f5a162,cnbc_a2e169b4",True,1,0.0014218315775867641,0.0022022151693762,0.0014919564089257,0.0001297521733489,-0.00283267881285,0.001735054576530004,-0.002327665693044767,0.00298316446365841,0.003469624403055345,-0.0038627438357046184,-0.0007104107465770726,1
2024-01-03,15495,15473.0,22.0,0.0014218315775867,7,"cnbc_3d3c9916,cnbc_6cc1438f,cnbc_bd98fb98,cnbc_b542d71b,cnbc_98cc5a7a,cnbc_d3bdbed0,cnbc_21a8b228",True,1,0.001936108422071636,0.0014218315775867,0.0022022151693762,0.0014919564089257,-0.0048421460391245,0.0030814247057757704,-0.0008157264317932844,0.0028516628663059307,0.0034331126672614773,0.0003873716831299667,-0.0018680752383406496,2
2024-01-04,15525,15495.0,30.0,0.0019361084220716,3,"cnbc_9a5b418b,cnbc_5f342952,cnbc_2c1c4b17",True,0,-0.00045088566827697265,0.0019361084220716,0.0014218315775867,0.0022022151693762,0.0001297521733489,0.003581217355329125,0.0008638696201552776,0.0007979361931601567,0.003254495215593099,0.007201245620864105,0.005114592774828397,3
2024-01-05,15518,15525.0,-7.0,-0.0004508856682769,7,"cnbc_340691a8,cnbc_9b3ba568,cnbc_270c839e,cnbc_73790276,cnbc_46daf985,cnbc_6bada375,cnbc_4aa955b0",True,1,0.0002577651759247326,-0.0004508856682769,0.0019361084220716,0.0014218315775867,0.0014919564089257,0.001807617817947138,0.0003674503458546141,0.0010408971634036594,0.003151023394555493,0.00661650233523603,0.000902992776057765,4
2024-01-08,15522,15518.0,4.0,0.0002577651759247,18,"cnbc_83d60b68,cnbc_71264a08,cnbc_9f58482a,cnbc_7d597a1f,cnbc_d4582138,cnbc_336d4b7f,cnbc_0ab94f04,cnbc_ce20766a,cnbc_ecaf3228,cnbc_f5bafe7d,cnbc_739d4df9,cnbc_4a1a61a6,cnbc_db9f3470,cnbc_1a368492,cnbc_26bd803e,cnbc_69e4633b,cnbc_b454619d,cnbc_5de64b62",True,0,-0.00025769875016106174,0.0002577651759247,-0.0004508856682769,0.0019361084220716,0.0022022151693762,0.000993125507848358,0.0005672588505272191,0.0011323207404380755,0.003151335892090276,0.005375995854653759,0.0011609907120742058,0
2024-01-09,15518,15522.0,-4.0,-0.000257698750161,6,"cnbc_73ea4673,cnbc_53ba3142,cnbc_6ad77862,cnbc_c7188287,cnbc_638bae76,cnbc_2e309ee7",True,1,0.003222064699059157,-0.000257698750161,0.0002577651759247,-0.0004508856682769,0.0014218315775867,0.00015468302869359185,0.0003674503458546141,0.0010507140495070602,0.003116303828715485,0.0029082918632457044,-0.0011585993820802942,1
2024-01-10,15568,15518.0,50.0,0.0032220646990591,14,"cnbc_55d8a4eb,cnbc_43f0ba40,cnbc_1f1fefd9,cnbc_e2619734,cnbc_306749bd,cnbc_f6001777,cnbc_7d658a04,cnbc_859ee16e,cnbc_8999931f,cnbc_7ab80eb2,cnbc_6e5ae044,cnbc_464afc4c,cnbc_2286a763,cnbc_a77e121d",True,0,-0.0006423432682425488,0.0032220646990591,-0.000257698750161,0.0002577651759247,0.0019361084220716,0.0024339673668078987,0.003370779275185809,0.0015838663182892014,0.003150477988978197,0.004711197160374381,0.004387096774193466,2
2024-01-11,15558,15568.0,-10.0,-0.0006423432682425,11,"cnbc_e34623dd,cnbc_fc97874a,cnbc_7857dfd0,cnbc_dfdc655f,cnbc_3243dcba,cnbc_88976cf8,cnbc_55d82535,cnbc_0c0ea411,cnbc_3472f21d,cnbc_8151eb96,cnbc_cb81d383",True,1,6.42756138321121e-05,-0.0006423432682425,0.0032220646990591,-0.000257698750161,-0.0004508856682769,0.0013645023428248138,0.002907257830579768,0.001598750317538536,0.0026683583778543316,0.002125603864734371,-0.0035865249135391686,3
2024-01-12,15559,15558.0,1.0,6.42756138321121e-05,10,"cnbc_cde52ff6,cnbc_dc2c9911,cnbc_de306f69,cnbc_1753fada,cnbc_725dcc67,cnbc_4ba05cf1,cnbc_f2550dfb,cnbc_3a639f83,cnbc_a7567a1f,cnbc_49e00dbd",True,0,-0.0002570859309724275,6.42756138321121e-05,-0.0006423432682425,0.0032220646990591,0.0002577651759247,0.000900611128980433,0.0032045288955659945,0.001543783854556152,0.0026525828739082965,0.002642093053228489,-0.004606231207216482,4
2024-01-15,15555,15559.0,-4.0,-0.0002570859309724,24,"cnbc_57e1467e,cnbc_67c90813,cnbc_c86834c0,cnbc_e7f0adc0,cnbc_45109eee,cnbc_c88dfbdc,cnbc_784f54ce,cnbc_fd2b805c,cnbc_9180e658,cnbc_224fb20e,cnbc_e4ed038a,cnbc_56b7030e,cnbc_32f4480e,cnbc_c260f424,cnbc_3257b296,cnbc_cf2507e7,cnbc_9c732166,cnbc_f80ad42b,cnbc_2991bb8d,cnbc_815e9f25,cnbc_2f04243c,cnbc_64c12026,cnbc_f0d0886a,cnbc_aea24b8f",True,1,0.002378656380585021,-0.0002570859309724,6.42756138321121e-05,-0.0006423432682425,-0.000257698750161,0.00021862702229991093,0.0031859457228355925,0.0015830532143347256,0.0026524850627575943,0.00212601468882867,-0.004734787894299042,0
2024-01-16,15592,15555.0,37.0,0.002378656380585,13,"cnbc_70a1994f,cnbc_4446513c,cnbc_0fc87991,cnbc_5a5e6afc,cnbc_4d33454f,cnbc_2f7030b1,cnbc_4186d928,cnbc_73f5e9e6,cnbc_d886289f,cnbc_6a23c123,cnbc_4befceda,cnbc_6e43887b,cnbc_a10795ac",True,1,0.0030143663417136995,0.002378656380585,-0.0002570859309724,6.42756138321121e-05,0.0032220646990591,0.0016445677870284836,0.005251264461930694,0.0017306364290371982,0.0018160121130074455,0.004768655754607609,0.006389982572774899,1
2024-01-17,15639,15592.0,47.0,0.0030143663417136,11,"cnbc_343589b3,cnbc_7a757989,cnbc_6b02765a,cnbc_03dff847,cnbc_3c391a35,cnbc_9b86d765,cnbc_a414a70f,cnbc_a606987c,cnbc_ae9c9e6b,cnbc_ddb929a1,cnbc_2edb2ea4",True,0,-0.0005754843660080568,0.0030143663417136,0.002378656380585,-0.0002570859309724,-0.0006423432682425,0.0037482510301272143,0.007839611789384193,0.0016637612366110102,0.0019130125341649958,0.0045606372045221555,0.00877249564600402,2
2024-01-18,15630,15639.0,-9.0,-0.000575484366008,19,"cnbc_f412290a,cnbc_3b5bbfe3,cnbc_0e6ab7ba,cnbc_953dcc21,cnbc_901be257,cnbc_9eb9f5fc,cnbc_230731cf,cnbc_efdb7040,cnbc_8030e1be,cnbc_7309504f,cnbc_731a263d,cnbc_9d393c47,cnbc_bc839e05,cnbc_16841354,cnbc_4a8fbc27,cnbc_d4b8f8b0,cnbc_067618b4,cnbc_563a28a6,cnbc_cf28c647",True,0,-0.00012795905310300704,-0.000575484366008,0.0030143663417136,0.002378656380585,6.42756138321121e-05,0.0022443090734209914,0.006889754268652126,0.0016483473175949663,0.001923552190074995,0.004627844195912001,0.007347254447022333,3
2024-01-19,15628,15630.0,-2.0,-0.000127959053103,14,"cnbc_b5228327,cnbc_d24a9353,cnbc_468d3176,cnbc_10e6e82a,cnbc_4d475d45,cnbc_560ad56c,cnbc_65682520,cnbc_7cdef74a,cnbc_8dab923d,cnbc_f789549c,cnbc_993053cd,cnbc_fff447d5,cnbc_16ea175f,cnbc_437504d5",True,0,-6.39877143588431e-05,-0.000127959053103,-0.000575484366008,0.0030143663417136,-0.0002570859309724,0.0012300753421148336,0.00636544820547158,0.0016754596437024295,0.001912681416318724,0.004434732309274381,0.00786792209467313,4
2024-01-22,15627,15628.0,-1.0,-6.39877143588431e-05,30,"cnbc_acdca110,cnbc_1e92305a,cnbc_cf9a14bb,cnbc_5aea79a2,cnbc_f9538b47,cnbc_07d81034,cnbc_16b9cbd1,cnbc_e3d3e3b9,cnbc_03db2edd,cnbc_995e4fc6,cnbc_7c7f3886,cnbc_0439787b,cnbc_6e3129ef,cnbc_bbdef6f8,cnbc_f59f0fed,cnbc_3f9e99e6,cnbc_a37c3f21,cnbc_e86613e7,cnbc_a5181230,cnbc_a0987ad8,cnbc_953ae732,cnbc_2f6d38f8,cnbc_b0e72a90,cnbc_774acf70,cnbc_616fa599,cnbc_c9cff1a6,cnbc_32dbec26,cnbc_c6ec6cb9,cnbc_fdcfe065,cnbc_d2bbf189",True,1,0.001855762462404812,-6.39877143588431e-05,-0.000127959053103,-0.000575484366008,0.002378656380585,0.00024322801986786935,0.005928586601780639,0.0016444483354612024,0.0019154207210712656,0.0046287367405979385,0.007413615265600804,0
2024-01-23,15656,15627.0,29.0,0.0018557624624048,5,"cnbc_9b0c3a35,cnbc_47b4b827,cnbc_2d3ee2de,cnbc_bf1a0753,cnbc_a4534b9f",True,1,0.004024016351558508,0.0018557624624048,-6.39877143588431e-05,-0.000127959053103,0.0030143663417136,0.0012790995139422279,0.0073965401308149215,0.0015423588530200357,0.0019321900784208489,0.004104669061056887,0.00791862486319439,1
2024-01-24,15719,15656.0,63.0,0.0040240163515585,10,"cnbc_c5b8f207,cnbc_9ea7a368,cnbc_66922713,cnbc_8639649f,cnbc_8b68d3f3,cnbc_fa58ea50,cnbc_bf56f4b8,cnbc_71d36327,cnbc_e8de9c50,cnbc_65bb97b1",True,1,0.0030536293657357338,0.0040240163515585,0.0018557624624048,-6.39877143588431e-05,-0.000575484366008,0.00428060311781242,0.010702425004259775,0.001921001845106553,0.001937417688845968,0.005115416586738197,0.014849247853315317,2
2024-01-25,15767,15719.0,48.0,0.0030536293657357,12,"cnbc_fa72a11a,cnbc_22b6e332,cnbc_93890acc,cnbc_8e5eb35d,cnbc_c7d63b87,cnbc_7f2dada3,cnbc_a74b63c9,cnbc_ce288b81,cnbc_9633165d,cnbc_d24ec292,cnbc_a0e9bf5a,cnbc_68d4c543",True,1,0.003932263588507643,0.0030536293657357,0.0040240163515585,0.0018557624624048,-0.000127959053103,0.005586948480171383,0.012639529357362012,0.0018506115638011415,0.0014939946726803652,0.008765195137556026,0.022901258596081497,3
2024-01-26,15829,15767.0,62.0,0.0039322635885076,13,"cnbc_750921d7,cnbc_504a48b8,cnbc_201bd85f,cnbc_88e7aad5,cnbc_0cbaae03,cnbc_c0a7bdfe,cnbc_5190c3a4,cnbc_00a2ed27,cnbc_64b59ec1,cnbc_29a92da5,cnbc_1960471a,cnbc_8a9a2e7d,cnbc_89cdd118",True,0,-0.000252700739149662,0.0039322635885076,0.0030536293657357,0.0040240163515585,-6.39877143588431e-05,0.006959464617420252,0.01527498500723179,0.0017067060857063185,0.0015978332373678327,0.01286153058612749,0.02679034769071098,4
2024-01-29,15825,15829.0,-4.0,-0.0002527007391496,29,"cnbc_4d73acf1,cnbc_2b59185d,cnbc_2b5f8df4,cnbc_7b8fb7be,cnbc_8b595bee,cnbc_7e248201,cnbc_cff8aca3,cnbc_403110f6,cnbc_7bea51a2,cnbc_b06811af,cnbc_14da6a7c,cnbc_a2b4b465,cnbc_d1d1673b,cnbc_f64f8f7f,cnbc_40f3fd1d,cnbc_a8362f40,cnbc_553e6607,cnbc_bb970b98,cnbc_1cf563a2,cnbc_b7c33ec6,cnbc_63251641,cnbc_ab7d80ba,cnbc_97ee908f,cnbc_b25fef92,cnbc_dee11b95,cnbc_9e02e517,cnbc_3f222a2c,cnbc_e240b20f,cnbc_a568a105",True,0,-0.0018325434439178515,-0.0002527007391496,0.0039322635885076,0.0030536293657357,0.0018557624624048,0.004175338849687682,0.01376348081216383,0.0017797725398816815,0.0016353631730498294,0.012670378191591558,0.025001619275859754,0
2024-01-30,15796,15825.0,-29.0,-0.0018325434439178,9,"cnbc_708a1063,cnbc_8b63874e,cnbc_c9cf3b6e,cnbc_027b7e59,cnbc_122a6a73,cnbc_c9890511,cnbc_9927a176,cnbc_a6b7334a,cnbc_011bdb49",True,1,0.0004431501645986326,-0.0018325434439178,-0.0002527007391496,0.0039322635885076,0.0040240163515585,0.0005574136008918984,0.010859896456614893,0.0026679674125267548,0.0017545165783056271,0.008942258559018867,0.020875072707296605,1
2024-01-31,15803,15796.0,7.0,0.0004431501645986,9,"cnbc_e06bfadc,cnbc_bdbf25c2,cnbc_4c80c74d,cnbc_6b6e81d9,cnbc_f7b081d2,cnbc_322d3086,cnbc_e3dd9e06,cnbc_99260a26,cnbc_d59607ea",True,0,-0.0017718154780737834,0.0004431501645986,-0.0018325434439178,-0.0002527007391496,0.0030536293657357,-6.327512022274995e-05,0.01031217834378606,0.0023819407541638103,0.0017568063389052414,0.005343851390037457,0.019877379799935424,2
2024-02-01,15775,15803.0,-28.0,-0.0017718154780737,13,"cnbc_6e7e27b8,cnbc_0f0fac6d,cnbc_45ba157f,cnbc_a24fe6f8,cnbc_7c6bc9e6,cnbc_30ab6bc3,cnbc_14ec96d4,cnbc_6e7a40a1,cnbc_153eebd3,cnbc_1ce1ae70,cnbc_f120c4a7,cnbc_7c5bcfcd,cnbc_0fec7e82",True,0,-0.005515055467511886,-0.0017718154780737,0.0004431501645986,-0.0018325434439178,0.0039322635885076,-0.0019360226755074095,0.007716778883622322,0.0023540785899534827,0.0018447209858907946,0.0005073888501299084,0.016103059581320522,3
2024-02-02,15688,15775.0,-87.0,-0.0055150554675118,7,"cnbc_8a4a39bd,cnbc_2e3ad4df,cnbc_4a94e061,cnbc_5e959997,cnbc_870c99d2,cnbc_d1f08d70,cnbc_a0e12b19",True,1,0.0010836308006119328,-0.0055150554675118,-0.0017718154780737,0.0004431501645986,-0.0002527007391496,-0.005666332855857048,0.0016153025978917768,0.0023037110842078364,0.0023135373208190172,-0.008907701055025585,0.01095501997680115,4
2024-02-05,15705,15688.0,17.0,0.0010836308006119,20,"cnbc_9078ed55,cnbc_88521fa1,cnbc_7f4bb395,cnbc_95aaa4a1,cnbc_2c080940,cnbc_cb910f86,cnbc_bc5dc396,cnbc_a9e2820d,cnbc_443ef79d,cnbc_768687b5,cnbc_ed0920b9,cnbc_ad3094b4,cnbc_2c2962a5,cnbc_04d6648a,cnbc_8a729c7d,cnbc_c568b6ef,cnbc_bee54088,cnbc_62c96bad,cnbc_b87b215d,cnbc_fb97d5e9",True,1,0.0018465456860872335,0.0010836308006119,-0.0055150554675118,-0.0017718154780737,-0.0018325434439178,-0.0030723526349867303,0.0021152576115774924,0.002586232959789219,0.0023154639278857208,-0.00758293838862556,0.011789717819868484,0
2024-02-06,15734,15705.0,29.0,0.0018465456860872,8,"cnbc_c4f1d262,cnbc_929683fc,cnbc_355bf166,cnbc_64f7a269,cnbc_97beed70,cnbc_fc6684be,cnbc_9674ab55,cnbc_c3624654",True,0,-0.0031142748188636073,0.0018465456860872,0.0010836308006119,-0.0055150554675118,0.0004431501645986,-0.0004446985579060758,0.003274319072350762,0.002969527313421644,0.00232277333451676,-0.0039250443150165015,0.013919319499935634,1
2024-02-07,15685,15734.0,-49.0,-0.0031142748188636,4,"cnbc_6e786918,cnbc_289cc129,cnbc_b3541207,cnbc_5888fbc6",True,0,-0.004654128147912018,-0.0031142748188636,0.0018465456860872,0.0010836308006119,-0.0017718154780737,-0.0020614096479061317,-0.0002230933486311315,0.003027985503536405,0.002390928473042335,-0.007466936657596679,0.0075154162384378775,2
2024-02-12,15612,15685.0,-73.0,-0.004654128147912,49,"cnbc_4195f018,cnbc_af6a1954,cnbc_62811bee,cnbc_4d533564,cnbc_29a01aa5,cnbc_cb653526,cnbc_2756152c,cnbc_298da33b,cnbc_28334235,cnbc_b43ec652,cnbc_2ae359bf,cnbc_feee898d,cnbc_0ac9c592,cnbc_70a7ba36,cnbc_71f3e0ca,cnbc_0d3cd7c5,cnbc_786095c5,cnbc_bd936b4b,cnbc_186f5dd3,cnbc_7f66f3bb,cnbc_65a479e8,cnbc_120eb632,cnbc_4956c215,cnbc_bf5803a1,cnbc_34eba0a7,cnbc_01d398ae,cnbc_98f554e1,cnbc_476a1ed3,cnbc_d9fd42c3,cnbc_91b5342b,cnbc_b86b4b8d,cnbc_ffdade8d,cnbc_5da10b2c,cnbc_8dac9d7b,cnbc_93f03a72,cnbc_6b42326d,cnbc_a99b179c,cnbc_6c523df9,cnbc_cf450c2a,cnbc_569e4063,cnbc_b7ece66c,cnbc_3dabf291,cnbc_911eb743,cnbc_a77c6347,cnbc_0a5c5874,cnbc_a0d18672,cnbc_a5a3ef9d,cnbc_988cb93c,cnbc_1dde0d26",True,0,-0.0017294388931591083,-0.004654128147912,-0.0031142748188636,0.0018465456860872,-0.0055150554675118,-0.0046414362950116805,-0.005047415111654963,0.0033511695920945654,0.002636623951066955,-0.010332805071315398,0.0034708831469341117,0
2024-02-13,15585,15612.0,-27.0,-0.0017294388931591,13,"cnbc_b74b0221,cnbc_14f6c3e0,cnbc_4bea644b,cnbc_4877d20c,cnbc_810bc2e0,cnbc_bab41648,cnbc_3c2bcf43,cnbc_f586b8a6,cnbc_50c44269,cnbc_73a28e8f,cnbc_254b6fc3,cnbc_bc187320,cnbc_1452f1c2",True,1,0.001347449470644851,-0.0017294388931591,-0.004654128147912,-0.0031142748188636,0.0010836308006119,-0.005056115218140755,-0.006850406245021534,0.0027526222198863658,0.0026709282418260626,-0.00656552779194286,0.0016710585513208809,1
2024-02-15,15606,15585.0,21.0,0.0013474494706448,19,"cnbc_08e8ee9e,cnbc_1893b8bc,cnbc_bc608d4b,cnbc_5f9f150e,cnbc_8812ad3f,cnbc_7c9096b4,cnbc_a8925c08,cnbc_4bf34c4d,cnbc_e860929a,cnbc_73a35e34,cnbc_7b2feb6d,cnbc_22d43624,cnbc_b3c7ffd3,cnbc_7b53bbbc,cnbc_001f365b,cnbc_db7d04bc,cnbc_397fe7d0,cnbc_d9c8d988,cnbc_12c53e37",True,1,0.0030757400999615533,0.0013474494706448,-0.0017294388931591,-0.004654128147912,0.0018465456860872,-0.0024545524277057584,-0.005673763383996833,0.00281194904581406,0.002684118010704631,-0.006303724928366727,0.003278688524590123,3
2024-02-16,15654,15606.0,48.0,0.0030757400999615,8,"cnbc_3f2708c1,cnbc_1dc83aae,cnbc_9b54dc07,cnbc_0c6886c0,cnbc_000c797e,cnbc_e2b2b484,cnbc_3a5cc297,cnbc_eddcd623",True,0,-0.0015331544653123803,0.0030757400999615,0.0013474494706448,-0.0017294388931591,-0.0031142748188636,0.0016380435617209255,-0.0028124333122055978,0.0031810357360732787,0.0027186510198135005,-0.005084530316512015,0.003976398152898852,4
2024-02-19,15630,15654.0,-24.0,-0.0015331544653123,20,"cnbc_43db9874,cnbc_4347ebad,cnbc_36d7998c,cnbc_4a76e5ed,cnbc_6bd3fdad,cnbc_fe67c19f,cnbc_7115857a,cnbc_b458ee3c,cnbc_5fa88166,cnbc_d5600bfc,cnbc_11f0567f,cnbc_5fc1e272,cnbc_028dba20,cnbc_4ff23548,cnbc_5b2e8803,cnbc_00ec0f3c,cnbc_d63bdf50,cnbc_39cb2fba,cnbc_1dbd0789,cnbc_d7e860f0",True,1,0.0018554062699936021,-0.0015331544653123,0.0030757400999615,0.0013474494706448,-0.004654128147912,0.0008067924238350788,-0.0043127337125821175,0.0029932120906335092,0.0026606012786908498,-0.0035065349059610895,-0.0005754843660080722,0
2024-02-20,15659,15630.0,29.0,0.0018554062699936,10,"cnbc_a6111a92,cnbc_717b1f15,cnbc_8b7f6a01,cnbc_1a832ea7,cnbc_3960f8ed,cnbc_c0129a65,cnbc_42cf8679,cnbc_45ad03cf,cnbc_7c9f8c1f,cnbc_220a4816",True,0,-6.386103838048407e-05,0.0018554062699936,-0.0015331544653123,0.0030757400999615,-0.0017294388931591,0.0020605626231857688,-0.002557463302153229,0.0021354505947469918,0.002689518135957901,0.003010504739943576,0.001855406269993587,1
2024-02-21,15658,15659.0,-1.0,-6.386103838048407e-05,14,"cnbc_cec9e7be,cnbc_11ab955e,cnbc_1ae21b1e,cnbc_7971381d,cnbc_d14809b9,cnbc_9cf40dde,cnbc_087aacf5,cnbc_42b5d8fd,cnbc_85b2ec02,cnbc_fe083719,cnbc_ec2c6fe3,cnbc_bf6eef25,cnbc_1b71d26a,cnbc_2f0984cb",True,0,-0.0017882232724485887,-6.386103838048407e-05,0.0018554062699936,-0.0015331544653123,0.0013474494706448,0.0010612860741365804,-0.0027164480451445927,0.0017811184422807742,0.0026892752347849828,0.004683991017003564,0.001919631430765234,2
2024-02-22,15630,15658.0,-28.0,-0.0017882232724485,9,"cnbc_8d8fbaaf,cnbc_51b142cc,cnbc_1a3fc196,cnbc_0dd3e0ab,cnbc_18960160,cnbc_c177e8f3,cnbc_b8998b32,cnbc_af51d897,cnbc_0a96a643",True,0,-0.0026231605886116445,-0.0017882232724485,-6.386103838048407e-05,0.0018554062699936,0.0030757400999615,-0.0010353951758255153,-0.004509324365637335,0.0021199721018433865,0.0027222220569471972,0.0015378700499808495,0.00019197542714533,3
2024-02-23,15589,15630.0,-41.0,-0.0026231605886116,10,"cnbc_8e05516d,cnbc_29775b96,cnbc_b6434507,cnbc_6bb337ba,cnbc_4e98af7d,cnbc_3a49306c,cnbc_4206f58f,cnbc_37c56ea3,cnbc_2ffe27e8,cnbc_16a6f03a",True,1,0.0029507986400667137,-0.0026231605886116,-0.0017882232724485,-6.386103838048407e-05,-0.0015331544653123,-0.002827316224445431,-0.00690876543642438,0.0017625561615314295,0.00274677774337154,-0.004152293343554381,-0.004279509453244734,4
2024-02-26,15635,15589.0,46.0,0.0029507986400667,22,"cnbc_91a78163,cnbc_eee196be,cnbc_93c4d7f0,cnbc_41330074,cnbc_9821d6ce,cnbc_f141e714,cnbc_ab3b20ff,cnbc_7ae25137,cnbc_2c6b5111,cnbc_926e2a51,cnbc_d9d90f78,cnbc_2957dd35,cnbc_446964bf,cnbc_8ba13e32,cnbc_a0e9d7ea,cnbc_646b8462,cnbc_03bf9ec2,cnbc_e407bfdf,cnbc_43a387db,cnbc_ca546e29,cnbc_8b0212c6,cnbc_0a8e676b",True,1,0.0012791813239526704,0.0029507986400667,-0.0026231605886116,-0.0017882232724485,0.0018554062699936,5.116987117981253e-05,-0.0037117869147563765,0.0023564077699551413,0.0026690759467269867,0.00031989763275741545,-0.005343851390037568,0
2024-02-27,15655,15635.0,20.0,0.0012791813239526,10,"cnbc_c00f9d17,cnbc_0e93ded1,cnbc_74f58a9f,cnbc_c88c6bb7,cnbc_713dc5aa,cnbc_f2f1261c,cnbc_dd579d1e,cnbc_14a2c328,cnbc_2ea02395,cnbc_eb997fb5",True,1,0.0011497923985946982,0.0012791813239526,0.0029507986400667,-0.0026231605886116,-6.386103838048407e-05,0.0013816572210780809,-0.0020812549999521535,0.002259108157772324,0.002581013099350982,-0.0002554441535219665,-0.007103443901820272,1
2024-02-28,15673,15655.0,18.0,0.0011497923985946,9,"cnbc_24f9cd29,cnbc_eef5f538,cnbc_15b6a84e,cnbc_31359c76,cnbc_caea32a8,cnbc_87b0bf77,cnbc_db3044e8,cnbc_3eec547c,cnbc_6cac643a",True,1,0.0026797677534613666,0.0011497923985946,0.0012791813239526,0.0029507986400667,-0.0017882232724485,0.002340692230948349,-0.00043686642410489807,0.0023214596012755564,0.00240698076320317,0.0009579767530973893,-0.009855328826836818,2
2024-02-29,15715,15673.0,42.0,0.0026797677534613,10,"cnbc_54bc253d,cnbc_f7a34953,cnbc_eb296f4d,cnbc_6851fd54,cnbc_0d679aa5,cnbc_22fea092,cnbc_d48ca93c,cnbc_26c1c0db,cnbc_f645a563,cnbc_727b8204",True,0,-0.0012090359529112313,0.0026797677534613,0.0011497923985946,0.0012791813239526,-0.0026231605886116,0.003935247294517552,0.0025934089770867086,0.002225804475153069,0.002509481000340831,0.005438259756877839,-0.006951026856240161,3
2024-03-01,15696,15715.0,-19.0,-0.0012090359529112,6,"cnbc_c1cab544,cnbc_51e6fda5,cnbc_0f89dfe2,cnbc_4ed9bdc3,cnbc_f002927d,cnbc_de707117",True,1,0.0017201834862385322,-0.0012090359529112,0.0026797677534613,0.0011497923985946,0.0029507986400667,0.0013524893459566645,0.0017007725272586427,0.0016524664689224456,0.002493862175165932,0.006863814227981324,-0.006330716637123368,4
2024-03-04,15723,15696.0,27.0,0.0017201834862385,22,"cnbc_e2432c83,cnbc_bb017671,cnbc_924bbc7e,cnbc_8bcffa3d,cnbc_02fcbf57,cnbc_4887c72b,cnbc_30ea5a36,cnbc_4d45ea77,cnbc_ce1e225e,cnbc_6ba764bf,cnbc_ceaf60a2,cnbc_3c1b4979,cnbc_0810088f,cnbc_5639d9d6,cnbc_eefcacaf,cnbc_03113857,cnbc_618598c3,cnbc_51b7ecf5,cnbc_1501466d,cnbc_80772e7f,cnbc_fc02d64d,cnbc_a5235b92",True,1,0.0020988360999809196,0.0017201834862385,-0.0012090359529112,0.0026797677534613,0.0012791813239526,0.0019499885294793629,0.003680096518750009,0.001435587971722302,0.0025303637389903462,0.005628397825391707,-0.005062329937353671,0
2024-03-05,15756,15723.0,33.0,0.0020988360999809,15,"cnbc_1a888953,cnbc_6fce98af,cnbc_ef571f98,cnbc_c38d45c7,cnbc_1643a36a,cnbc_37530adb,cnbc_f79358f9,cnbc_eb34fc6a,cnbc_95d933cf,cnbc_81755132,cnbc_7385b5fb,cnbc_76a5b7d1,cnbc_c9d9c9db,cnbc_b611d7d2,cnbc_e6dcb2ac",True,0,-0.0020944402132520943,0.0020988360999809,0.0017201834862385,-0.0012090359529112,0.0011497923985946,0.002762114481371647,0.005847654554276049,0.0015029591707673984,0.0025557918554791757,0.006451612903225712,-0.0012044374009508862,1
2024-03-06,15723,15756.0,-33.0,-0.002094440213252,8,"cnbc_63c657ac,cnbc_59c6e751,cnbc_c9557381,cnbc_45a48de9,cnbc_7626325b,cnbc_fef000c6,cnbc_0e4f805d,cnbc_142f6ea6",True,0,-0.004134071106023023,-0.002094440213252,0.0020988360999809,0.0017201834862385,0.0026797677534613,2.544108480773133e-05,0.003628843078867572,0.0021419468046965815,0.002269780388838001,0.003190199706501584,0.0022310045894951003,2
2024-03-07,15658,15723.0,-65.0,-0.004134071106023,7,"cnbc_a560a02b,cnbc_0e69a7ca,cnbc_4974f08c,cnbc_5d7841e3,cnbc_2670eae4,cnbc_5583bf22,cnbc_5b3f86c3",True,0,-0.0035125814280240132,-0.004134071106023,-0.002094440213252,0.0020988360999809,-0.0012090359529112,-0.0033861194561841668,-0.00037028051941412343,0.0026307977559127524,0.0024455073332232736,-0.003627107858733658,-0.0029926774912448773,3
2024-03-08,15603,15658.0,-55.0,-0.003512581428024,10,"cnbc_dde03db9,cnbc_1bba881d,cnbc_e3413226,cnbc_767cd189,cnbc_72e3092b,cnbc_a624e2c3,cnbc_c969103f,cnbc_0199e009,cnbc_5c971d80,cnbc_cbcc3236",True,0,-0.0017304364545279755,-0.003512581428024,-0.004134071106023,-0.002094440213252,0.0017201834862385,-0.005709697564457161,-0.0034648485525874406,0.0029225590712984445,0.002508369896619146,-0.0059250764525994315,-0.008325918393288445,4
2024-03-13,15576,15603.0,-27.0,-0.0017304364545279,48,"cnbc_f6bc6788,cnbc_274b6870,cnbc_7b9fa817,cnbc_5796f17f,cnbc_e24b999f,cnbc_5139f6bc,cnbc_937d9eb7,cnbc_68554075,cnbc_60bbabc1,cnbc_e1ecdb52,cnbc_8d293bea,cnbc_a4f74ea1,cnbc_010f8af4,cnbc_e14cd5ca,cnbc_5e69acab,cnbc_67297da4,cnbc_bea3d596,cnbc_b26ae368,cnbc_8254649d,cnbc_b3d483c5,cnbc_a5af542a,cnbc_5412a328,cnbc_d1ab875c,cnbc_5550c4d2,cnbc_b9bb16bc,cnbc_c86be71d,cnbc_be2c0ae3,cnbc_928df622,cnbc_38f4fd40,cnbc_96488214,cnbc_e7d0514b,cnbc_f8fc287d,cnbc_f89c2b10,cnbc_2c1680b3,cnbc_2c1ac631,cnbc_be1ba2c3,cnbc_b1491ce4,cnbc_630f4724,cnbc_d064c700,cnbc_1fa25f97,cnbc_2d7d2252,cnbc_59036319,cnbc_e7206e7a,cnbc_3866f07d,cnbc_5191b0a6,cnbc_4a6c5cc0,cnbc_da9fd402,cnbc_26d5ec3d",True,1,0.0003852080123266564,-0.0017304364545279,-0.003512581428024,-0.004134071106023,0.0020988360999809,-0.00556718933551259,-0.004842893469121701,0.0024313319449688633,0.0024483603600156667,-0.009349360809005947,-0.006949314631813808,2
2024-03-14,15582,15576.0,6.0,0.0003852080123266,16,"cnbc_6b71bad3,cnbc_351aeb19,cnbc_8a48c17d,cnbc_399db93a,cnbc_f2745f31,cnbc_4af81a70,cnbc_f47e0b9d,cnbc_1b9f2f1a,cnbc_6ee2b241,cnbc_a7f748fa,cnbc_ab971dcd,cnbc_f36effbc,cnbc_a8115239,cnbc_89219ca8,cnbc_4ea8bb2b,cnbc_c78bef17",True,1,0.0026954177897574125,0.0003852080123266,-0.0017304364545279,-0.003512581428024,-0.002094440213252,-0.002968953955619247,-0.0043641335948830795,0.0017590440612451643,0.0022313262752871794,-0.011043412033511002,-0.0019215987701768356,3
2024-03-15,15624,15582.0,42.0,0.0026954177897574,10,"cnbc_5809e442,cnbc_e31b0bee,cnbc_7c11a313,cnbc_dd71dc50,cnbc_967598f3,cnbc_d4f7562d,cnbc_7b34d70d,cnbc_bba804bb,cnbc_5675f40e,cnbc_b95eb9a2",True,1,0.0030721966205837174,0.0026954177897574,0.0003852080123266,-0.0017304364545279,-0.004134071106023,0.00098663557269707,-0.001804852337523366,0.0028243474938313964,0.002279461998874667,-0.006296508299942771,0.002502406159768933,4
2024-03-18,15672,15624.0,48.0,0.0030721966205837,15,"cnbc_44cc6ec8,cnbc_79b89af3,cnbc_7d5fe236,cnbc_19e9e700,cnbc_49d2d190,cnbc_9fdfec10,cnbc_2dacd21c,cnbc_ae17d6e1,cnbc_761cf73f,cnbc_277d2a60,cnbc_9353d03d,cnbc_4990f7ed,cnbc_3a423231,cnbc_539dcf80,cnbc_6b431d09",True,1,0.002552322613578356,0.0030721966205837,0.0026954177897574,0.0003852080123266,-0.003512581428024,0.0038817787001805826,0.001050745582237722,0.002829273055974025,0.0023592753234999092,0.0008941116362242152,0.004229142637447225,0
2024-03-19,15712,15672.0,40.0,0.0025523226135783,9,"cnbc_3395b6a1,cnbc_e0920885,cnbc_1199c6cc,cnbc_8d92ee16,cnbc_515f5230,cnbc_d42b7a61,cnbc_61c4d57b,cnbc_d176c2f4,cnbc_f2d6fa7b",True,1,0.0009546843177189409,0.0025523226135783,0.0030721966205837,0.0026954177897574,-0.0017304364545279,0.005040554716884582,0.0034198787236283668,0.002039087016080425,0.002328559324977428,0.006985836057168404,0.0037051232911715637,1
2024-03-20,15727,15712.0,15.0,0.0009546843177189,8,"cnbc_5ffc5115,cnbc_eae70715,cnbc_e0d63bd7,cnbc_a54cee9e,cnbc_b56b8246,cnbc_e8b41142,cnbc_e417d90b,cnbc_775a2bf1",True,0,-0.004133019647739556,0.0009546843177189,0.0025523226135783,0.0030721966205837,0.0003852080123266,0.004060421109082446,0.004066831382914193,0.0011848382368876808,0.0022980540798291887,0.009694401643554285,0.006206014075495814,2
2024-03-21,15662,15727.0,-65.0,-0.0041330196477395,14,"cnbc_d0937028,cnbc_fe1b2768,cnbc_fe42d0e9,cnbc_8ca051f9,cnbc_fc49fad2,cnbc_16c359b1,cnbc_2928f22c,cnbc_b4e4528a,cnbc_1c335d36,cnbc_674b7170,cnbc_4af5db9e,cnbc_baf387d0,cnbc_7dd8a7a2,cnbc_9445543b",True,1,0.007087217469033329,-0.0041330196477395,0.0009546843177189,0.0025523226135783,0.0026954177897574,-0.0011097363419518835,-9.257219833436192e-05,0.002996834989618562,0.002470050356652728,0.005134129123347542,0.00019158311514155812,3
2024-03-22,15773,15662.0,111.0,0.0070872174690333,9,"cnbc_b76702fa,cnbc_008fc14c,cnbc_015800a7,cnbc_3a467cb7,cnbc_ef56017f,cnbc_44f2d86b,cnbc_f6b43155,cnbc_5be60b87,cnbc_a72fccbe",True,1,0.0013947885627337857,0.0070872174690333,-0.0041330196477395,0.0009546843177189,0.0030721966205837,0.004061314389020465,0.0066244607254997145,0.0040619428682395695,0.002932674741958248,0.009536610343061858,0.00734448844041391,4
2024-03-25,15795,15773.0,22.0,0.0013947885627337,12,"cnbc_2c05b5b7,cnbc_7627db8b,cnbc_7011f545,cnbc_28c15cd6,cnbc_a10bf006,cnbc_5173e89e,cnbc_d56ad46e,cnbc_824fa677,cnbc_45938fe4,cnbc_f8bbee0f,cnbc_67a2167d,cnbc_7807b2f5",True,1,0.00012662234884457108,0.0013947885627337,0.0070872174690333,-0.0041330196477395,0.0025523226135783,0.003889715135568128,0.007498030610845419,0.00401056058029612,0.002895518536922296,0.00784839203675336,0.01055662188099804,0
2024-03-26,15797,15795.0,2.0,0.0001266223488445,12,"cnbc_19b94436,cnbc_cee0cf31,cnbc_1c8f3a4a,cnbc_1d30e2b4,cnbc_d26bff97,cnbc_53aa2698,cnbc_07244e88,cnbc_76394779,cnbc_06355e3e,cnbc_15599e27,cnbc_8fe4c1a3,cnbc_75297ee8",True,1,0.003544976894347028,0.0001266223488445,0.0013947885627337,0.0070872174690333,0.0009546843177189,0.0029331843461919416,0.006957613694674514,0.004008920579138805,0.0028017217155444415,0.005409877800407248,0.013342741676823477,1
2024-03-27,15853,15797.0,56.0,0.003544976894347,8,"cnbc_7f85697f,cnbc_821b1faf,cnbc_49957eab,cnbc_0585bc42,cnbc_e5e36170,cnbc_01182478,cnbc_552b4427,cnbc_fc32313d",True,1,0.0012615908660821296,0.003544976894347,0.0001266223488445,0.0013947885627337,-0.0041330196477395,0.004880831643002015,0.009825623059160682,0.0041524954436060165,0.002830222229143549,0.008011699624848934,0.013943076431084167,2
2024-03-28,15873,15853.0,20.0,0.0012615908660821,6,"cnbc_41afc145,cnbc_bf33064b,cnbc_fdd9cdd0,cnbc_bc919d25,cnbc_bcc23495,cnbc_5d7eb86e",True,1,0.002268002268002268,0.0012615908660821,0.003544976894347,0.0001266223488445,0.0070872174690333,0.0034643638340645655,0.0103980674298918,0.0027547729036005966,0.002830034312125143,0.01347209807176597,0.0139252634940914,3
2024-04-01,15909,15873.0,36.0,0.0022680022680022,23,"cnbc_3f2607ec,cnbc_741598a5,cnbc_954fda0b,cnbc_08cbd875,cnbc_97354391,cnbc_afe08d19,cnbc_d5086f86,cnbc_55eff440,cnbc_c1e71c67,cnbc_09c80657,cnbc_b7c70bbd,cnbc_7afeab73,cnbc_05a4eca3,cnbc_ca25c841,cnbc_80e85a38,cnbc_8835933c,cnbc_40d53008,cnbc_49675878,cnbc_7f702de2,cnbc_f7c1c0a3,cnbc_44447d54,cnbc_94a7def5,cnbc_7a3135a0",True,1,0.0015714375510717203,0.0022680022680022,0.0012615908660821,0.003544976894347,0.0013947885627337,0.004013783179976471,0.011929561204596206,0.001273341830799706,0.002850453793951187,0.008622329296899656,0.01505774261468762,0
2024-04-02,15934,15909.0,25.0,0.0015714375510717,8,"cnbc_a21805f9,cnbc_e7269483,cnbc_b31ee6e7,cnbc_f3df0c0d,cnbc_ab720b19,cnbc_34d4dbfe,cnbc_d52dbb71,cnbc_fdafd8d6",True,0,-0.0006903476841973139,0.0015714375510717,0.0022680022680022,0.0012615908660821,0.0001266223488445,0.0038303555678753654,0.012814319493529291,0.0012645106767734842,0.0028216187489410118,0.008800253244697798,0.013935730194082119,1
2024-04-03,15923,15934.0,-11.0,-0.0006903476841973,10,"cnbc_0e1392ca,cnbc_f6767e25,cnbc_fe843f18,cnbc_a9a0c5e7,cnbc_5828a989,cnbc_14a34329,cnbc_a2ddaeb6,cnbc_5e38d85c,cnbc_a53552f3,cnbc_3f84dd29",True,0,-0.0010048357721534886,-0.0006903476841973,0.0015714375510717,0.0022680022680022,0.003544976894347,0.0015473255170332934,0.011385470424771782,0.0015483699501846102,0.0028055252453960057,0.007976198012280777,0.014462283384301777,2
2024-04-04,15907,15923.0,-16.0,-0.0010048357721534,1,cnbc_80e95f85,True,0,-0.0021374237756962345,-0.0010048357721534,-0.0006903476841973,0.0015714375510717,0.0012615908660821,-0.00013828476604738071,0.009779120736115976,0.0014466493668860065,0.002820623171995427,0.0034062953384217387,0.011702601284742098,3
2024-04-05,15873,15907.0,-34.0,-0.0021374237756962,7,"cnbc_3d1c1fb6,cnbc_c887a13a,cnbc_baba45de,cnbc_06f182e0,cnbc_47743de8,cnbc_34d35a11,cnbc_f6f0dd5d",True,1,0.01908901908901909,-0.0021374237756962,-0.0010048357721534,-0.0006903476841973,0.0022680022680022,-0.0022754129685967905,0.007246744675990513,0.001848519419611233,0.0028598006123591708,0.0,0.007425742574257432,4
2024-04-16,16176,15873.0,303.0,0.019089019089019,81,"cnbc_8ef38eca,cnbc_333ee750,cnbc_a40ac770,cnbc_1e6f413f,cnbc_3e468961,cnbc_7d48d59e,cnbc_a93febd9,cnbc_4b874fb3,cnbc_d9b5b44d,cnbc_c68f5ffe,cnbc_0e7b1b48,cnbc_4144cb51,cnbc_6a4b9ebe,cnbc_ec98b61f,cnbc_b41e911a,cnbc_5aefdadb,cnbc_522f3735,cnbc_5a24b71f,cnbc_1f694ddb,cnbc_e1820886,cnbc_1fe41b3e,cnbc_7fe6deef,cnbc_8c9e0448,cnbc_fc129df9,cnbc_dea6f523,cnbc_e368b85b,cnbc_d6e7748f,cnbc_85c6b863,cnbc_fade8a38,cnbc_e6d3ffa3,cnbc_7c1a2ba4,cnbc_fa01ab59,cnbc_a4c9d7b3,cnbc_43a1f11d,cnbc_5fbf5050,cnbc_5c8be0ed,cnbc_a837af76,cnbc_1ca26304,cnbc_d82acfde,cnbc_b372f346,cnbc_735b524c,cnbc_8d01d5c1,cnbc_c5a2791c,cnbc_9e47440f,cnbc_26648ee5,cnbc_1b3e0086,cnbc_ed73c4b1,cnbc_7ab9198a,cnbc_45b1620c,cnbc_ffcef2ed,cnbc_c2d77489,cnbc_c8c4bfa6,cnbc_fdbf6888,cnbc_5b68e2d0,cnbc_79fb67cc,cnbc_2b9f6f50,cnbc_c9a2a3a0,cnbc_8567b742,cnbc_a356ee9d,cnbc_11320260,cnbc_4a185f39,cnbc_fbe5346a,cnbc_7a75d75a,cnbc_16c3cf26,cnbc_a3a90b00,cnbc_71404d3a,cnbc_21c13f05,cnbc_f0c30f8a,cnbc_6fcd6d3a,cnbc_694bd6f7,cnbc_ea4824b3,cnbc_9796b491,cnbc_50610cda,cnbc_cde278e5,cnbc_b6823612,cnbc_c957c744,cnbc_6d464ed1,cnbc_7c314f62,cnbc_15184cde,cnbc_2917e04d,cnbc_003ee63c",True,1,0.003956478733926805,0.019089019089019,-0.0021374237756962,-0.0010048357721534,0.0015714375510717,0.013368749451843742,0.025000871276086745,0.00889212598129487,0.005011136158063621,0.01678295304544597,0.028811295554283634,1
2024-04-17,16240,16176.0,64.0,0.0039564787339268,11,"cnbc_4a6e25aa,cnbc_193ecebd,cnbc_b176f129,cnbc_f90308f7,cnbc_c105c46c,cnbc_81871298,cnbc_9a6c7a90,cnbc_66daa48f,cnbc_900831d8,cnbc_8fe2fbc8,cnbc_bb268743",True,0,-0.003879310344827586,0.0039564787339268,0.019089019089019,-0.0021374237756962,-0.0006903476841973,0.013492430010359602,0.0271622429327254,0.008835612542890893,0.004862425314793613,0.019204217396761702,0.037169498020181324,2
2024-04-18,16177,16240.0,-63.0,-0.0038793103448275,6,"cnbc_57c4bea3,cnbc_7f65c369,cnbc_729d2e07,cnbc_64c569c3,cnbc_a519cdca,cnbc_3c8e9062",True,1,0.006367064350621252,-0.0038793103448275,0.0039564787339268,0.019089019089019,-0.0010048357721534,0.006370298483321601,0.02132361065075683,0.00934503136120278,0.004884305111233974,0.01595176788293662,0.036787797218483576,3
2024-04-19,16280,16177.0,103.0,0.0063670643506212,6,"cnbc_e4d39aff,cnbc_bbef948b,cnbc_947df50d,cnbc_4eba18c0,cnbc_3d5eceef,cnbc_8b559976",True,0,-0.0034398034398034397,0.0063670643506212,-0.0038793103448275,0.0039564787339268,-0.0021374237756962,0.008099472419686338,0.0255473417976686,0.009092971974123499,0.004910121071972825,0.023448796127490956,0.04519774011299438,4
2024-04-22,16224,16280.0,-56.0,-0.0034398034398034,20,"cnbc_45f2a341,cnbc_638d2ff3,cnbc_4292b131,cnbc_39d1c5db,cnbc_2fbb0baa,cnbc_aca878a6,cnbc_47f31dae,cnbc_8d8d4f36,cnbc_dcc1f509,cnbc_da85b80e,cnbc_cad99c06,cnbc_362ea861,cnbc_a625fe5d,cnbc_3615cf42,cnbc_7116c441,cnbc_f856d665,cnbc_db619ccc,cnbc_422a3c29,cnbc_d63aa0a4,cnbc_72ecd4ed",True,1,0.001232741617357002,-0.0034398034398034,0.0063670643506212,-0.0038793103448275,0.019089019089019,0.000283610984376681,0.019957187447938063,0.009352019652339146,0.005057788507865105,0.02211302211302213,0.041201386214863245,0
2024-04-23,16244,16224.0,20.0,0.001232741617357,12,"cnbc_11c5b86c,cnbc_8e8fb26a,cnbc_4995ed99,cnbc_a5fd64dc,cnbc_b7d7a35e,cnbc_ad8ff2df,cnbc_10ab8b0c,cnbc_08aae86d,cnbc_0edd2e6f,cnbc_896a96ee,cnbc_aa243f3b,cnbc_f75d346e",True,0,-0.005109578921447919,0.001232741617357,-0.0034398034398034,0.0063670643506212,0.0039564787339268,0.0006776319842296541,0.0192281749704315,0.0045000960348547175,0.005058278701462549,0.004203758654797163,0.039682539682539764,1
2024-04-24,16161,16244.0,-83.0,-0.0051095789214479,9,"cnbc_7784fb6f,cnbc_e80f3270,cnbc_a05d9fda,cnbc_84b69b7c,cnbc_e33bf220,cnbc_45456bd5,cnbc_6f71862d,cnbc_afb6c33c,cnbc_3ad60aed",True,1,0.0029082358764927914,-0.0051095789214479,0.001232741617357,-0.0034398034398034,-0.0038793103448275,-0.0034654564289766654,0.012467109384788788,0.004753541419949663,0.005289153736055247,-0.004864532019704382,0.031202143950995298,2
2024-04-25,16208,16161.0,47.0,0.0029082358764927,7,"cnbc_bd926298,cnbc_a8de6bf4,cnbc_b4167191,cnbc_ff460e51,cnbc_373afb5d,cnbc_7e196a86,cnbc_7abf0c8d",True,1,0.0008637709772951629,0.0029082358764927,-0.0051095789214479,0.001232741617357,0.0063670643506212,-0.000949246150621974,0.013836415042409955,0.00468214083828598,0.005293298486993626,0.001916300921060765,0.031568228105906204,3
2024-04-26,16222,16208.0,14.0,0.0008637709772951,9,"cnbc_312f71b8,cnbc_1a76dadc,cnbc_ae3cbbd8,cnbc_943f0db0,cnbc_92550d8f,cnbc_2d1fd1be,cnbc_5baa45ac,cnbc_926b5d78,cnbc_e5053c62",True,1,0.0016644063617309826,0.0008637709772951,0.0029082358764927,-0.0051095789214479,-0.0034398034398034,0.0006291713443293823,0.01314363693708609,0.0033967170431797177,0.0052938922868346755,-0.003562653562653617,0.03147453424047808,4
2024-04-29,16249,16222.0,27.0,0.0016644063617309,11,"cnbc_ee9ae331,cnbc_15cd8a52,cnbc_dd7664c0,cnbc_257e56a0,cnbc_a9129833,cnbc_a3838175,cnbc_3dce041d,cnbc_f1bde34e,cnbc_b4b9eb9f,cnbc_8407abed,cnbc_bba70c7b",True,1,0.0016616407163517755,0.0016644063617309,0.0008637709772951,0.0029082358764927,0.001232741617357,0.0019855951852401077,0.01297308754496318,0.003127106409944918,0.005121448870962238,0.0015409270216961701,0.037479249138041126,0
2024-04-30,16276,16249.0,27.0,0.0016616407163517,7,"cnbc_8b98420d,cnbc_323b1a67,cnbc_7e941ee0,cnbc_e479fbec,cnbc_3ae104b2,cnbc_ab703303,cnbc_405ef12b",True,0,-0.0045465716392233966,0.0016616407163517,0.0016644063617309,0.0008637709772951,-0.0051095789214479,0.0032545983529759237,0.013067928955779573,0.0031643413533796586,0.004971134790828802,0.001969958138389627,0.03188993850250421,1
2024-05-02,16202,16276.0,-74.0,-0.0045465716392233,8,"cnbc_722b86a0,cnbc_75c8ce6e,cnbc_18fc3e2e,cnbc_acead985,cnbc_e80dc977,cnbc_a715573d,cnbc_219096f4,cnbc_4a658236",True,0,-0.006665843722997161,-0.0045465716392233,0.0016616407163517,0.0016644063617309,0.0029082358764927,-0.0018113040156733096,0.007186194549433145,0.0029199544480349353,0.0051569902759689154,0.0025369717220469212,0.0257676479898703,3
2024-05-03,16094,16202.0,-108.0,-0.0066658437229971,8,"cnbc_aaead4b7,cnbc_cd0d6aca,cnbc_17213454,cnbc_591214a3,cnbc_05e66c21,cnbc_9511bbcd,cnbc_d13c7805,cnbc_0d72d817",True,0,-0.0042873120417546914,-0.0066658437229971,-0.0045465716392233,0.0016616407163517,0.0008637709772951,-0.007070320693952636,-0.000450275599720551,0.003921696390964632,0.005452518180166503,-0.007033563672260601,0.018801038171804674,4
2024-05-06,16025,16094.0,-69.0,-0.0042873120417546,14,"cnbc_5b59e77a,cnbc_eb27a0e2,cnbc_9560dddf,cnbc_24e07bc2,cnbc_7afdfef8,cnbc_5dc3cd2a,cnbc_e15487c2,cnbc_c37afbbb,cnbc_af4df071,cnbc_6e93b9b8,cnbc_d7c04830,cnbc_06f1d08b,cnbc_e7af3ab5,cnbc_46c43fc4",True,1,0.0018096723868954757,-0.0042873120417546,-0.0066658437229971,-0.0045465716392233,0.0016644063617309,-0.008918190139277193,-0.00526696400028559,0.003852837610942994,0.0055366309586902295,-0.01214400197262977,0.010849681448306336,0
2024-05-07,16054,16025.0,29.0,0.0018096723868954,6,"cnbc_8b60f2ff,cnbc_e884d9da,cnbc_6776cf80,cnbc_c2265f87,cnbc_65c966ee,cnbc_51ca96bc",True,1,0.001681823844524729,0.0018096723868954,-0.0042873120417546,-0.0066658437229971,0.0016616407163517,-0.004724057978202412,-0.004026329340091395,0.0038918261990202596,0.005541670798356482,-0.01200073850698502,0.011403011403011476,1
2024-05-08,16081,16054.0,27.0,0.0016818238445247,7,"cnbc_ef1e96ec,cnbc_21e49e4d,cnbc_95a79a5e,cnbc_880ed97d,cnbc_1004325c,cnbc_2360a7c1,cnbc_04f237cf",True,1,0.0002487407499533611,0.0016818238445247,0.0018096723868954,-0.0042873120417546,-0.0045465716392233,-0.0006338868449836665,-0.0028832739110215,0.0038971063998363975,0.00553382667864674,-0.011980830670926479,0.01081149035137341,2
2024-05-13,16085,16081.0,4.0,0.0002487407499533,20,"cnbc_ea1e4cde,cnbc_78965207,cnbc_d8d1a427,cnbc_856e69c9,cnbc_509786f6,cnbc_99692bdb,cnbc_93154248,cnbc_1785937f,cnbc_175efdd5,cnbc_fb9d93c8,cnbc_0ab02b55,cnbc_01bd1770,cnbc_6c0d5d8a,cnbc_b57f9177,cnbc_0425c9b4,cnbc_09fb20fc,cnbc_a9bd3c98,cnbc_d33ca81b,cnbc_ceeb0158,cnbc_1c9cdcee",True,1,0.0028598072738576313,0.0002487407499533,0.0016818238445247,0.0018096723868954,-0.0066658437229971,0.001070463909184971,-0.0031019426651915927,0.0038267020775160448,0.005528907047589184,-0.007221330699913597,0.009476590937617768,0
2024-05-14,16131,16085.0,46.0,0.0028598072738576,9,"cnbc_c1d590f0,cnbc_07e1005d,cnbc_819ed781,cnbc_78bec509,cnbc_3ca7edc5,cnbc_13fc21f4,cnbc_e19d6504,cnbc_76153a16,cnbc_96d4a00a",True,0,-0.0037815386522844214,0.0028598072738576,0.0002487407499533,0.0016818238445247,-0.0042873120417546,0.003471185428486123,-0.0008949889907063913,0.002813143867691602,0.005546110658600604,0.00229899341369455,0.013062865037995364,1
2024-05-15,16070,16131.0,-61.0,-0.0037815386522844,11,"cnbc_20968139,cnbc_be208f12,cnbc_b97065f0,cnbc_92fe8a11,cnbc_3dae6d79,cnbc_205de415,cnbc_5ebd7eba,cnbc_0bda13ea,cnbc_2707a580,cnbc_9ccb6926,cnbc_b6e90610",True,0,-0.007840696950840075,-0.0037815386522844,0.0028598072738576,0.0002487407499533,0.0018096723868954,-0.0008828539809254687,-0.0051753169572108515,0.002600723697749935,0.005624279142798577,0.0028081123244929618,0.010247061042308436,2
2024-05-16,15944,16070.0,-126.0,-0.00784069695084,8,"cnbc_4ee57f0d,cnbc_044fef5e,cnbc_2cb50c7d,cnbc_86d7fdbe,cnbc_6d655a96,cnbc_3d8e0185,cnbc_1cb70f8e,cnbc_730aea85",True,1,0.002132463622679378,-0.00784069695084,-0.0037815386522844,0.0028598072738576,0.0016818238445247,-0.0073588923061598255,-0.013192301860167177,0.004402004994425727,0.005903993074675621,-0.006851874922137791,0.004473004473004583,3
2024-05-17,15978,15944.0,34.0,0.0021324636226793,13,"cnbc_0943cf51,cnbc_47c74ff5,cnbc_f4e291b6,cnbc_8d00994c,cnbc_fcc073c8,cnbc_2e8f8603,cnbc_98baffa5,cnbc_2cb8a2b8,cnbc_1804b269,cnbc_5bb95c8d,cnbc_3635291c,cnbc_f983e862,cnbc_9736d103",True,1,0.00012517211165352359,0.0021324636226793,-0.00784069695084,-0.0037815386522844,0.0002487407499533,-0.003964691801316644,-0.010481660963941208,0.00448386914737247,0.003948303498006918,-0.006405074311298997,-0.012240356083086046,4
2024-05-20,15980,15978.0,2.0,0.0001251721116535,9,"cnbc_945a6021,cnbc_3b1a167d,cnbc_4c93e72d,cnbc_4c2fc5ce,cnbc_b89d8998,cnbc_9107f8a1,cnbc_e0f0ba2b,cnbc_ef907b31,cnbc_2f034d10",True,1,0.002753441802252816,0.0001251721116535,0.0021324636226793,-0.00784069695084,0.0028598072738576,-0.0025342371696440713,-0.009560407208268118,0.00447369156056288,0.0038055401444151617,-0.00652782095119675,-0.016009852216748777,0
2024-05-21,16024,15980.0,44.0,0.0027534418022528,11,"cnbc_66232444,cnbc_a7dad2ad,cnbc_cdb6e1ae,cnbc_08b9d38b,cnbc_857345fe,cnbc_0fe35a1b,cnbc_eaf30870,cnbc_8384f496,cnbc_49890234,cnbc_fecbd1cb,cnbc_dda7bded",True,0,-0.0018097853220169745,0.0027534418022528,0.0001251721116535,0.0021324636226793,-0.0037815386522844,0.0015500775038752579,-0.006362159413639601,0.004449145760015621,0.003812047846259883,-0.006633190750728435,-0.009457872287816027,1
2024-05-22,15995,16024.0,-29.0,-0.0018097853220169,4,"cnbc_38867a6f,cnbc_cfeebe10,cnbc_7e8e7b4e,cnbc_6ceec0b9",True,1,0.004313848077524226,-0.0018097853220169,0.0027534418022528,0.0001251721116535,-0.00784069695084,0.0006756672213810155,-0.00728323304794154,0.004260033663109122,0.0034628842083110093,-0.004667081518357152,-0.017506142506142464,2
2024-05-27,16064,15995.0,69.0,0.0043138480775242,26,"cnbc_5d0b8243,cnbc_09829789,cnbc_daf3bb96,cnbc_5882aad1,cnbc_61e1f7b4,cnbc_a51a24d8,cnbc_84189e63,cnbc_1be496e5,cnbc_b8640d70,cnbc_a6134ade,cnbc_f9fd4d97,cnbc_37c78ed8,cnbc_9b7213e5,cnbc_c487afec,cnbc_546a3a29,cnbc_914e4df8,cnbc_ddb7676f,cnbc_2f3a895a,cnbc_c7526f99,cnbc_0c85383c,cnbc_a6cabc3a,cnbc_44f8e9df,cnbc_109f31e7,cnbc_6b811b23,cnbc_a1dd719c,cnbc_29260f92",True,1,0.001929780876494024,0.0043138480775242,-0.0018097853220169,0.0027534418022528,0.0021324636226793,0.003485713571794502,-0.0025055342190153373,0.002383990999550908,0.00359246397280375,0.007526342197691882,-0.009861932938856066,0
2024-05-28,16095,16064.0,31.0,0.001929780876494,7,"cnbc_c533ff55,cnbc_e17c33bc,cnbc_d9cf566d,cnbc_0a0475f3,cnbc_239dafe9,cnbc_b272ecdc,cnbc_8fff0e2e",True,1,0.00403852127990059,0.001929780876494,0.0043138480775242,-0.0018097853220169,0.0001251721116535,0.003954689488260721,-0.0001180351496250509,0.002372307164071392,0.003613369558419964,0.007322568531731077,-0.009172617581876374,1
2024-05-29,16160,16095.0,65.0,0.0040385212799005,5,"cnbc_321e9518,cnbc_180db472,cnbc_cc2922d2,cnbc_ac49ec9b,cnbc_cf4ce9e7",True,1,0.005754950495049505,0.0040385212799005,0.001929780876494,0.0043138480775242,0.0027534418022528,0.005750703278647684,0.0039231278169331585,0.0024645491975673604,0.0035718496887061015,0.01126408010012514,-6.187735907436931e-05,2
2024-05-30,16253,16160.0,93.0,0.0057549504950495,9,"cnbc_28103b57,cnbc_fc380300,cnbc_85bf1ea3,cnbc_521b6b9d,cnbc_8d94f935,cnbc_f8be617a,cnbc_0850253e,cnbc_4555dcf6,cnbc_b5c04e99",True,0,-0.00012305420537746877,0.0057549504950495,0.0040385212799005,0.001929780876494,-0.0018097853220169,0.008663596757977787,0.009559540595436955,0.002939152555156586,0.0037461809592259044,0.014291063404892723,0.0027764067127344916,3
2024-05-31,16251,16253.0,-2.0,-0.0001230542053774,7,"cnbc_f3263ade,cnbc_75792218,cnbc_7d250f5f,cnbc_5318daed,cnbc_90bde260,cnbc_919d4b9f,cnbc_5a34dc85",True,0,-0.0015999015445203372,-0.0001230542053774,0.0057549504950495,0.0040385212799005,0.0043138480775242,0.005345013176942137,0.00934440127821734,0.0022981631677482933,0.0037427172431622217,0.016005001562988452,0.001787695721859217,4
2024-06-03,16225,16251.0,-26.0,-0.0015999015445203,23,"cnbc_0e3b8da5,cnbc_b3f95665,cnbc_18b5c9d9,cnbc_9d10c637,cnbc_c0640b5b,cnbc_ff729374,cnbc_b0a6df72,cnbc_72ad1530,cnbc_c4788abf,cnbc_80044d21,cnbc_718cd6cf,cnbc_447a089a,cnbc_2968813c,cnbc_0878ddbb,cnbc_f6733b45,cnbc_aa9cd6d3,cnbc_90d91a64,cnbc_bc6a12e4,cnbc_8c9b7385,cnbc_370c9019,cnbc_1aa36145,cnbc_b33f4d12,cnbc_f942710e",True,0,-0.0003081664098613251,-0.0015999015445203,-0.0001230542053774,0.0057549504950495,0.001929780876494,0.0017410846586980444,0.007804662921173877,0.002988595122535247,0.003741896079630039,0.01002241035856577,-0.0014770139700904794,0
2024-06-04,16220,16225.0,-5.0,-0.0003081664098613,6,"cnbc_800c8b92,cnbc_2f2cc088,cnbc_0dde5ca8,cnbc_fa619004,cnbc_3c41b40a,cnbc_ebb00079",True,1,0.0038224414303329223,-0.0003081664098613,-0.0015999015445203,-0.0001230542053774,0.0040385212799005,-0.0001109617921561945,0.007669345294488705,0.003164177967686665,0.0037198538532205254,0.00776638707673194,-0.003440648808060942,1
2024-06-05,16282,16220.0,62.0,0.0038224414303329,9,"cnbc_08afca27,cnbc_c546bae2,cnbc_47c83993,cnbc_31991dba,cnbc_c2989324,cnbc_c38f209c,cnbc_9d9be00c,cnbc_fca620da,cnbc_d690a75c",True,0,-0.00018425254882692543,0.0038224414303329,-0.0003081664098613,-0.0015999015445203,0.0057549504950495,0.0022035922246432804,0.011269801342190133,0.003122942124002217,0.0036715169684555285,0.007549504950495001,0.004937662017034938,2
2024-06-06,16279,16282.0,-3.0,-0.0001842525488269,9,"cnbc_c46a9c99,cnbc_b1832ebc,cnbc_7f5cd36f,cnbc_2b6b5a2c,cnbc_a8d7e18b,cnbc_df29aa6c,cnbc_12c272e4,cnbc_6af0e238,cnbc_6d890d25",True,0,-0.003747158916395356,-0.0001842525488269,0.0038224414303329,-0.0003081664098613,-0.0001230542053774,0.001698315222073088,0.010502923686203536,0.0020492845474842972,0.003295488084408475,0.0015997046699069983,0.01149496706847275,3
2024-06-07,16218,16279.0,-61.0,-0.0037471589163953,14,"cnbc_feac517c,cnbc_93a32252,cnbc_dbee3d77,cnbc_b08d388a,cnbc_46f002e2,cnbc_ecdbe1df,cnbc_be5507e2,cnbc_b65f818a,cnbc_72a38efd,cnbc_a91ecc9d,cnbc_f90d8ec2,cnbc_12434095,cnbc_e353957a,cnbc_d7d37972",True,1,0.004439511653718091,-0.0037471589163953,-0.0001842525488269,0.0038224414303329,-0.0015999015445203,-0.0016497586920121154,0.00611373216828115,0.0027625699300238694,0.0032554977097281734,-0.002030644268045001,0.012043681747269996,4
2024-06-10,16290,16218.0,72.0,0.004439511653718,17,"cnbc_6407f8a3,cnbc_5e59867c,cnbc_ae8a9684,cnbc_3afd0906,cnbc_ac651048,cnbc_33fc3a6a,cnbc_52e0726d,cnbc_136e4311,cnbc_ee4c7073,cnbc_184ab96f,cnbc_50d90d34,cnbc_054dd099,cnbc_af4ec558,cnbc_169f0c4d,cnbc_7057019b,cnbc_f5bc8be0,cnbc_44f3b52a",True,1,0.0003069367710251688,0.004439511653718,-0.0037471589163953,-0.0001842525488269,-0.0003081664098613,0.0019805877794043525,0.00984114684230919,0.003363574632370937,0.003358255856845336,0.004006163328197143,0.014700386196586424,0
2024-06-11,16295,16290.0,5.0,0.0003069367710251,9,"cnbc_15a069dd,cnbc_bcce27f1,cnbc_60a6d752,cnbc_e2f7982c,cnbc_9d79f402,cnbc_cfae9a61,cnbc_21d6c5fd,cnbc_d3083e56,cnbc_89334a92",True,1,0.000122737035900583,0.0003069367710251,0.004439511653718,-0.0037471589163953,0.0038224414303329,0.0013642397128952322,0.009481506261634909,0.0033237193088627593,0.0033519266297045605,0.0046239210850802515,0.013307630122504799,1
2024-06-12,16297,16295.0,2.0,0.0001227370359005,10,"cnbc_9ba5ea95,cnbc_1349395c,cnbc_18123ba1,cnbc_eb0b31d7,cnbc_b3c484f6,cnbc_5a4c81b9,cnbc_999ac8e0,cnbc_978e0567,cnbc_19584063,cnbc_8987d21e",True,0,-0.0006749708535313248,0.0001227370359005,0.0003069367710251,0.004439511653718,-0.0001842525488269,0.0013025473402230592,0.008942860415228626,0.002903351650164825,0.003352871553156382,0.0009212627441346211,0.013179981349082937,2
2024-06-13,16286,16297.0,-11.0,-0.0006749708535313,10,"cnbc_99a0dd58,cnbc_efdf194d,cnbc_8a681250,cnbc_a9965821,cnbc_448dff13,cnbc_53b1b82e,cnbc_633d204f,cnbc_855f7571,cnbc_036b526e,cnbc_4986a4e8",True,1,0.0054034139751934175,-0.0006749708535313,0.0001227370359005,0.0003069367710251,-0.0037471589163953,0.0005406335241933125,0.007778320947012141,0.0029272577664344853,0.003323863126203428,0.0004300018428651242,0.009608827723017743,3
2024-06-14,16374,16286.0,88.0,0.0054034139751934,11,"cnbc_4656fba0,cnbc_efb245f6,cnbc_06adefeb,cnbc_a99f6d95,cnbc_f9e5c785,cnbc_48626f28,cnbc_497e3d51,cnbc_972490af,cnbc_5f6f026a,cnbc_405c1cb1,cnbc_c5fd02fe",True,0,-0.00036643459142543056,0.0054034139751934,-0.0006749708535313,0.0001227370359005,0.004439511653718,0.004022466949547443,0.012271645389632546,0.002786041620495861,0.003338056712335887,0.009618941916389234,0.018917237087741068,4
2024-06-19,16368,16374.0,-6.0,-0.0003664345914254,36,"cnbc_32000b74,cnbc_3ec76086,cnbc_f0be425d,cnbc_ec1399a8,cnbc_d8354b57,cnbc_2e26472e,cnbc_1279efed,cnbc_b1045ffd,cnbc_cbcbaf76,cnbc_3d9c4ee3,cnbc_e6f52f61,cnbc_58eac8d6,cnbc_a9fa50cb,cnbc_90c5c069,cnbc_c2e0197d,cnbc_06fc8123,cnbc_91e8e292,cnbc_7ef6214d,cnbc_32324796,cnbc_765c50f8,cnbc_dbf96adb,cnbc_ef835018,cnbc_8ff47d37,cnbc_a3bedf74,cnbc_ebf136cc,cnbc_746dab4b,cnbc_8396702b,cnbc_f09606b2,cnbc_503e2575,cnbc_da2dae77,cnbc_539ee6e6,cnbc_420ac877,cnbc_4366eb45,cnbc_aebe8c3f,cnbc_edb2fbf4,cnbc_1efe6dc6",True,1,0.003176930596285435,-0.0003664345914254,0.0054034139751934,-0.0006749708535313,0.0003069367710251,0.0026954177897573484,0.010576228490988937,0.0025151527382824895,0.002650535696190353,0.0047882136279926435,0.02659307576517822,2
2024-06-20,16420,16368.0,52.0,0.0031769305962854,9,"cnbc_50750580,cnbc_7968ba8f,cnbc_30898b4a,cnbc_a3f34798,cnbc_5636c20d,cnbc_2fb274f1,cnbc_d8afc826,cnbc_e180e9b7,cnbc_340e8559",True,1,0.0023142509135200976,0.0031769305962854,-0.0003664345914254,0.0054034139751934,0.0001227370359005,0.004342773258303234,0.01240535674649168,0.002653037816365152,0.002677610508198445,0.007671064743786538,0.027663036675428687,3
2024-06-21,16458,16420.0,38.0,0.00231425091352,8,"cnbc_44562845,cnbc_af3ebf81,cnbc_c8040697,cnbc_e87631d5,cnbc_4461baf6,cnbc_503c0b7f,cnbc_e52cf749,cnbc_82ae6eb5",True,0,-0.0016405395552314983,0.00231425091352,0.0031769305962854,-0.0003664345914254,-0.0006749708535313,0.004688301223353619,0.013255185406367165,0.0025405864018731377,0.002668830540664106,0.009879118856231273,0.02991239048811023,4
2024-06-24,16431,16458.0,-27.0,-0.0016405395552314,13,"cnbc_ac702185,cnbc_1f42ceb3,cnbc_f98ddad9,cnbc_ac59da17,cnbc_37678ae8,cnbc_3d541450,cnbc_2d00d587,cnbc_8c7c56e7,cnbc_059a238b,cnbc_edac8e60,cnbc_f7f5be53,cnbc_5f4d6234,cnbc_d7baae4e",True,0,-0.003164749558760879,-0.0016405395552314,0.00231425091352,0.0031769305962854,0.0054034139751934,0.0012675043570462563,0.010327091166786095,0.002813947832804449,0.0027382763710012306,0.00890335257276198,0.025399400898652003,0
2024-06-25,16379,16431.0,-52.0,-0.0031647495587608,8,"cnbc_4a704737,cnbc_c62443ab,cnbc_40da0c18,cnbc_c530071e,cnbc_54ebfaaa,cnbc_0e92d697,cnbc_ae150d2b,cnbc_4cb732c6",True,1,0.003419012149703889,-0.0031647495587608,-0.0016405395552314,0.00231425091352,-0.0003664345914254,-0.001962074680705861,0.005942053463126928,0.002658454379819894,0.0028332966678464035,0.0003053621595212608,0.024007502344482567,1
2024-06-26,16435,16379.0,56.0,0.0034190121497038,15,"cnbc_ca5a4e83,cnbc_2c0a8dbb,cnbc_639844fc,cnbc_17746f04,cnbc_e50c329b,cnbc_b1f41be4,cnbc_59298aff,cnbc_2d02882e,cnbc_56a4fea8,cnbc_0fecfdc2,cnbc_556366d1,cnbc_2e5c517c,cnbc_ff290242,cnbc_fd738a59,cnbc_1c16d686",True,0,-0.0008518405841192577,0.0034190121497038,-0.0031647495587608,-0.0016405395552314,0.0031769305962854,0.0006331965466435108,0.008232724774244193,0.0030197371955419825,0.0027880867161807063,0.004093352883675516,0.023095119521912455,2
2024-06-27,16421,16435.0,-14.0,-0.0008518405841192,9,"cnbc_e6abbf5d,cnbc_18f3b7ee,cnbc_85994b89,cnbc_8f7c2c07,cnbc_4d01f1f8,cnbc_d22cbf3c,cnbc_093ee0ee,cnbc_46c93a82,cnbc_c03dfae6",True,0,-0.0016442360392180744,-0.0008518405841192,0.0034190121497038,-0.0031647495587608,0.00231425091352,-0.00023135745945146446,0.006367553057835096,0.002760293657176797,0.002816166680936939,6.0901339829388945e-05,0.020254737496116837,3
2024-06-28,16394,16421.0,-27.0,-0.001644236039218,11,"cnbc_fbc2656b,cnbc_94dc3064,cnbc_ca8b023a,cnbc_cfdb05cc,cnbc_b9ab0e17,cnbc_21ea68bb,cnbc_243fd11f,cnbc_4e276ade,cnbc_a0437507,cnbc_847d3aa0,cnbc_a418983a",True,0,-0.0023789191167500304,-0.001644236039218,-0.0008518405841192,0.0034190121497038,-0.0016405395552314,-0.0010967584694125954,0.003992944980647728,0.0024905453488806304,0.0027806474342311083,-0.003888686353141324,0.014480198019801938,4
2024-07-01,16355,16394.0,-39.0,-0.00237891911675,17,"cnbc_94e0ea95,cnbc_1219b931,cnbc_9762ded0,cnbc_bc4217ae,cnbc_a1dcfb9f,cnbc_03abeca1,cnbc_4b4c937b,cnbc_4fb7357a,cnbc_44c74087,cnbc_c25c7414,cnbc_2cd760d1,cnbc_8c40a8d4,cnbc_c95b0fa8,cnbc_23a37834,cnbc_95699b17,cnbc_7cf6abe2,cnbc_8ddcb52e",True,1,0.001773158055640477,-0.00237891911675,-0.001644236039218,-0.0008518405841192,-0.0031647495587608,-0.0025492779078843952,0.001291791917423346,0.0025750460956958316,0.002594500491707642,-0.004625403201265921,0.006275764474250822,0
2024-07-02,16384,16355.0,29.0,0.0017731580556404,3,"cnbc_96e128d8,cnbc_9de17dbe,cnbc_a0fd7db0",True,1,0.00018310546875,0.0017731580556404,-0.00237891911675,-0.001644236039218,0.0034190121497038,-0.0008415763090170447,0.002659029224842513,0.0024444843187918465,0.0026121960065224304,0.0003052689419378307,0.008184111746969425,1
2024-07-03,16387,16384.0,3.0,0.00018310546875,8,"cnbc_3d41c989,cnbc_c848b07e,cnbc_9f5a1b1e,cnbc_a578704c,cnbc_1785efed,cnbc_fde1d2df,cnbc_fbd60504,cnbc_9c17b8b2",True,0,-0.0028071031915542807,0.00018310546875,0.0017731580556404,-0.00237891911675,-0.0008518405841192,-7.322341684878886e-05,0.0023457594357945144,0.001624978326858073,0.0025700454830505878,-0.0029205962884089054,0.009984591679506938,2
2024-07-04,16341,16387.0,-46.0,-0.0028071031915542,8,"cnbc_4d635117,cnbc_3dce300d,cnbc_7abcb43e,cnbc_72ab9b18,cnbc_4666b20d,cnbc_5be840c2,cnbc_ea0a7a81,cnbc_c504b0ba",True,0,-0.0017746771923382902,-0.0028071031915542,0.00018310546875,0.0017731580556404,-0.001644236039218,-0.0019056693663649371,-0.0008376796884076443,0.0019150097023593142,0.002670197742334406,-0.004871810486572037,0.00745992601726253,3
2024-07-05,16312,16341.0,-29.0,-0.0017746771923382,8,"cnbc_ce8068f3,cnbc_7a4fecac,cnbc_6f30be30,cnbc_f7f17aa0,cnbc_1ccf2a66,cnbc_469ff4e7,cnbc_bad21525,cnbc_8940a3d7",True,0,-0.0028813143697891124,-0.0017746771923382,-0.0028071031915542,0.00018310546875,-0.00237891911675,-0.0026779491067387973,-0.0027023391741358704,0.001927258729644608,0.0025817146506705558,-0.005001829937782087,0.0018425254882692421,4
2024-07-08,16265,16312.0,-47.0,-0.0028813143697891,21,"cnbc_2a8101ef,cnbc_5f3625a8,cnbc_636d610b,cnbc_a957b4a9,cnbc_b27d74ff,cnbc_0efbbfad,cnbc_76f06df0,cnbc_64e736aa,cnbc_8a278e17,cnbc_d48ba7d7,cnbc_34e0e0f0,cnbc_23a3a484,cnbc_7552e991,cnbc_52583893,cnbc_3707fa3c,cnbc_a0acb20a,cnbc_d545fa61,cnbc_a952ad1c,cnbc_011f4eee,cnbc_69f55a7d,cnbc_9dde6c84",True,1,0.0009837073470642483,-0.0028813143697891,-0.0017746771923382,-0.0028071031915542,0.0017731580556404,-0.004455924298253033,-0.0055333068386781425,0.002027551419075597,0.002666138980579345,-0.005502904310608403,-0.0008600036857300264,0
2024-07-09,16281,16265.0,16.0,0.0009837073470642,15,"cnbc_69a51e2b,cnbc_d0f770c1,cnbc_50ba3a5f,cnbc_5835b0ab,cnbc_315bfde0,cnbc_9580c753,cnbc_ad51b789,cnbc_548a53c7,cnbc_e21ad86b,cnbc_f8e4beda,cnbc_b164fb3a,cnbc_e319b11a,cnbc_b69943b6,cnbc_d15cacbb,cnbc_c70113d2",True,0,-0.0015355322154658804,0.0009837073470642,-0.0028813143697891,-0.0017746771923382,0.00018310546875,-0.002218517882970117,-0.00474672421012734,0.001760955314007418,0.0025260763628967508,-0.00628662109375,0.0038845726970033745,1
2024-07-10,16256,16281.0,-25.0,-0.0015355322154658,8,"cnbc_9aa43bb4,cnbc_c9736fc9,cnbc_77500671,cnbc_d5eb31ec,cnbc_ecff19c7,cnbc_b433604c,cnbc_65e09483,cnbc_8786bd8c",True,0,-0.0034448818897637795,-0.0015355322154658,0.0009837073470642,-0.0028813143697891,-0.0028071031915542,-0.002148425511018348,-0.006171688487156879,0.0015659687083641922,0.0023447216388325963,-0.007994141697687196,-0.002087170042971098,2
2024-07-11,16200,16256.0,-56.0,-0.0034448818897637,7,"cnbc_28c7d374,cnbc_b8b2c6ba,cnbc_7bca4843,cnbc_8343e45e,cnbc_4ad8fef4,cnbc_2e3fb280,cnbc_78d13232",True,0,-0.002839506172839506,-0.0034448818897637,-0.0015355322154658,0.0009837073470642,-0.0017746771923382,-0.003861573652753525,-0.009307616100585947,0.0017080957638539384,0.0024576582324949137,-0.008628602900679239,-0.005830009205277653,3
2024-07-12,16154,16200.0,-46.0,-0.0028395061728395,11,"cnbc_19a02140,cnbc_bd0fe4b1,cnbc_da47f512,cnbc_a6acd65b,cnbc_8388b896,cnbc_36d90d89,cnbc_68fda68d,cnbc_1ca9c8c1,cnbc_319de738,cnbc_9ce7fd73,cnbc_9cf642a3",True,1,0.001238083446824316,-0.0028395061728395,-0.0034448818897637,-0.0015355322154658,-0.0028813143697891,-0.00475627187145744,-0.01168855402706015,0.00177984908058487,0.0025199809349084647,-0.009686120647376173,-0.008774621095907209,4
2024-07-15,16174,16154.0,20.0,0.0012380834468243,13,"cnbc_156220a7,cnbc_f245a0c5,cnbc_e8ee53d6,cnbc_79a14d4a,cnbc_cdedd51c,cnbc_dbc6291f,cnbc_7b8e316d,cnbc_fa37ee6b,cnbc_102a31f4,cnbc_72df81a6,cnbc_9dbef7f4,cnbc_00328fcc,cnbc_7d3db165",True,1,0.0017930011128972426,0.0012380834468243,-0.0028395061728395,-0.0034448818897637,0.0009837073470642,-0.0024054770862887986,-0.01012579982802364,0.002151777506294921,0.0025466612667589964,-0.005594835536427922,-0.00687707233206436,0
2024-07-16,16203,16174.0,29.0,0.0017930011128972,5,"cnbc_b0eb371b,cnbc_fb7b89bf,cnbc_78229c2b,cnbc_86c2c3a2,cnbc_d3b7c313",True,0,-0.0045670554835524286,0.0017930011128972,0.0012380834468243,-0.0028395061728395,-0.0015355322154658,0.0003457345005988266,-0.007831779020139762,0.002369017719933502,0.002225706019231562,-0.004790860512253525,-0.010443385855624765,1
2024-07-17,16129,16203.0,-74.0,-0.0045670554835524,4,"cnbc_21e80dd7,cnbc_7cc71806,cnbc_3f9c49a6,cnbc_66f03467",True,1,0.001922003844007688,-0.0045670554835524,0.0017930011128972,0.0012380834468243,-0.0034448818897637,-0.0026589166460548874,-0.011639842024149916,0.0028854853580755047,0.0024014691389616814,-0.0078125,-0.014601661779081176,2
2024-07-18,16160,16129.0,31.0,0.0019220038440076,8,"cnbc_db3e7a05,cnbc_f3a60b61,cnbc_73672dce,cnbc_ad772908,cnbc_fe3cbb82,cnbc_7f04f467,cnbc_0e9c58fc,cnbc_9d8adb5a",True,1,0.0024133663366336633,0.0019220038440076,-0.0045670554835524,0.0017930011128972,-0.0028395061728395,-0.0002474634991338487,-0.008950720442537863,0.0030066046998094183,0.002308544080388041,-0.0024691358024691024,-0.015834348355663774,3
2024-07-19,16199,16160.0,39.0,0.0024133663366336,16,"cnbc_09e4e944,cnbc_c07ad759,cnbc_c42f3a91,cnbc_f433cf09,cnbc_329716c9,cnbc_5fbc5b1a,cnbc_93fbb559,cnbc_220bd4a4,cnbc_53e2c16f,cnbc_4bc71209,cnbc_2ad57adc,cnbc_d4a24aff,cnbc_ebd0cae3,cnbc_d2387d11,cnbc_be17ee4c,cnbc_2acf7a71",True,1,0.0017902339650595716,0.0024133663366336,0.0019220038440076,-0.0045670554835524,0.0012380834468243,0.0016076176343289283,-0.005769348800098162,0.0028964119187957077,0.0023156658896561094,0.0027856877553547044,-0.015737027585368768,4
2024-07-22,16228,16199.0,29.0,0.0017902339650595,11,"cnbc_2ed55d19,cnbc_ece2c5b1,cnbc_1a04c434,cnbc_c236f8a9,cnbc_1fdc0c18,cnbc_0ea0b7ab,cnbc_a820ea34,cnbc_e70cb249,cnbc_8fce6d3f,cnbc_6f634891,cnbc_9de60573",True,0,-0.0014789253142716292,0.0017902339650595,0.0024133663366336,0.0019220038440076,0.0017930011128972,0.0027311261879163773,-0.003368574911640221,0.0029389473073961427,0.0023756575631508395,0.003338691727463816,-0.012354695392854942,0
2024-07-23,16204,16228.0,-24.0,-0.0014789253142716,6,"cnbc_351ea991,cnbc_2c4ad9ad,cnbc_8abb228d,cnbc_b457b579,cnbc_e2253387,cnbc_2f48bf33",True,1,0.0012342631449024932,-0.0014789253142716,0.0017902339650595,0.0024133663366336,-0.0045670554835524,0.0012357884330203017,-0.0043074578624932025,0.0029902893422026487,0.002309554202220284,6.171696599399645e-05,-0.01068441296782463,1
2024-07-24,16224,16204.0,20.0,0.0012342631449024,6,"cnbc_2f205358,cnbc_10297abb,cnbc_7eb43489,cnbc_60fd9cbe,cnbc_298d5e00,cnbc_752e13a2",True,1,0.0027120315581854043,0.0012342631449024,-0.0014789253142716,0.0017902339650595,0.0019220038440076,0.0012960562858730373,-0.0024318183914335822,0.001542473937469541,0.0021595168447594956,0.005890011780023574,-0.012838454517797415,2
2024-07-25,16268,16224.0,44.0,0.0027120315581854,9,"cnbc_3f3a1563,cnbc_5b2a8687,cnbc_fc5bca8c,cnbc_3ad08ba2,cnbc_50bac945,cnbc_16bcbf45,cnbc_feac3de6,cnbc_54c4d512,cnbc_1f75c9b4",True,1,0.001598229653307106,0.0027120315581854,0.0012342631449024,-0.0014789253142716,0.0024133663366336,0.0026749503839846867,0.0007443451300759296,0.0016729202140838572,0.002284835221030866,0.006683168316831578,-0.009317337555569072,3
2024-07-26,16294,16268.0,26.0,0.0015982296533071,12,"cnbc_0fd08d78,cnbc_d5294cda,cnbc_7f66b513,cnbc_8397895c,cnbc_0f04d212,cnbc_89ecd592,cnbc_dceef42e,cnbc_b8bed475,cnbc_367fe27e,cnbc_9ddfeaba,cnbc_1c24f468,cnbc_c0d8ca79",True,0,-0.0004909782742113662,0.0015982296533071,0.0027120315581854,0.0012342631449024,0.0017902339650595,0.003102760471816568,0.002652160803401582,0.001578516740599526,0.002311670500286106,0.0058645595407123,-0.006099792607051402,4
2024-07-29,16286,16294.0,-8.0,-0.0004909782742113,9,"cnbc_a1cd520e,cnbc_99771107,cnbc_11e441fd,cnbc_26e9f011,cnbc_8698b27c,cnbc_57350635,cnbc_6b219be9,cnbc_9b116399,cnbc_29261e0a",True,1,0.0020876826722338203,-0.0004909782742113,0.0015982296533071,0.0027120315581854,-0.0014789253142716,0.0018947782863329987,0.0023726800205570164,0.001681186763288913,0.0022604324217474496,0.0035740695094896857,-0.004218893304799742,0
2024-07-30,16320,16286.0,34.0,0.0020876826722338,5,"cnbc_3696210e,cnbc_8fdbe04b,cnbc_14e014b2,cnbc_1ae638bb,cnbc_05597317",True,0,-0.0015931372549019608,0.0020876826722338,-0.0004909782742113,0.0015982296533071,0.0012342631449024,0.002555533713387126,0.004663188512858296,0.0012075706696998416,0.002275988580271681,0.007158726240434454,-0.00390625,1
2024-07-31,16294,16320.0,-26.0,-0.0015931372549019,6,"cnbc_7fb52647,cnbc_e3aa3867,cnbc_12a41dda,cnbc_ccc5e9ff,cnbc_4b70ea8c,cnbc_9d165b86",True,0,-0.003129986498097459,-0.0015931372549019,0.0020876826722338,-0.0004909782742113,0.0027120315581854,9.820529817594625e-05,0.003349836202862111,0.0018251845866473395,0.002295106645445316,0.004314595660749543,-0.0056752303655336345,2
2024-08-01,16243,16294.0,-51.0,-0.0031299864980974,9,"cnbc_ca91ed6c,cnbc_4b0a9f5f,cnbc_85d2c8ac,cnbc_fd967df3,cnbc_fe39ef6d,cnbc_1c0c298d,cnbc_a3dfd73d,cnbc_cb3638e4,cnbc_eba1575c",True,0,-0.0005540848365449732,-0.0031299864980974,-0.0015931372549019,0.0020876826722338,0.0015982296533071,-0.0027260336210812586,0.0005112505928659417,0.0021806905826350915,0.0023148539528537403,-0.0015367592820260123,-0.005997184994798399,3
2024-08-02,16234,16243.0,-9.0,-0.0005540848365449,10,"cnbc_40fb1331,cnbc_711b0e8e,cnbc_83e7c387,cnbc_1f6cefb3,cnbc_9dc5a04e,cnbc_ae2b8f5e,cnbc_ec4dda24,cnbc_ccdcf7af,cnbc_eef069e7,cnbc_01922dcf",True,0,-0.004927929037821855,-0.0005540848365449,-0.0031299864980974,-0.0015931372549019,-0.0004909782742113,-0.0025437162834707205,0.00019715602434877688,0.0019060540510599678,0.0022898328281909584,-0.003682337056585272,-0.004781755762628737,4
2024-08-05,16154,16234.0,-80.0,-0.0049279290378218,11,"cnbc_8ee60660,cnbc_1f9bf1ac,cnbc_9477f7b0,cnbc_d01aceae,cnbc_913b2e60,cnbc_25327b75,cnbc_37a40dcb,cnbc_62a46f44,cnbc_b6aeaadc,cnbc_dcd2d5be,cnbc_d3c3287e",True,1,0.0017952209978952581,-0.0049279290378218,-0.0005540848365449,-0.0031299864980974,0.0020876826722338,-0.005846513631608152,-0.004391303677909408,0.0026507640572743336,0.002454059638935805,-0.008105120962790147,-0.006824469720258186,0
2024-08-06,16183,16154.0,29.0,0.0017952209978952,6,"cnbc_a67ecd80,cnbc_c9aa0882,cnbc_91097f1a,cnbc_da50b20f,cnbc_bd085f5f,cnbc_466a7c47",True,0,-0.00512883890502379,0.0017952209978952,-0.0049279290378218,-0.0005540848365449,-0.0015931372549019,-0.0023795433249494957,-0.0023026630128203385,0.0025496997513177254,0.0024836194543847094,-0.00839460784313728,-0.006019286284626224,1
2024-08-07,16100,16183.0,-83.0,-0.0051288389050237,8,"cnbc_bbde1770,cnbc_ee5fb53e,cnbc_a804386d,cnbc_06bd7390,cnbc_4c7eb99d,cnbc_b79a2a4b,cnbc_0e4a1a26,cnbc_25d6bb98",True,0,-0.009192546583850932,-0.0051288389050237,0.0017952209978952,-0.0049279290378218,-0.0031299864980974,-0.005116543490619629,-0.006942152838387505,0.00297390979246133,0.0026984638912603298,-0.011906223149625639,-0.009596456692913424,2
2024-08-08,15952,16100.0,-148.0,-0.0091925465838509,8,"cnbc_5c9d8401,cnbc_452dcf6c,cnbc_a0a21b62,cnbc_6c1875d5,cnbc_6cfcd2d4,cnbc_8a106778,cnbc_ef304b46,cnbc_19810e8a",True,0,-0.002382146439317954,-0.0091925465838509,-0.0051288389050237,0.0017952209978952,-0.0005540848365449,-0.010704141498083741,-0.01531775940346225,0.004294278654253526,0.0032753878858146645,-0.01791540971495409,-0.015308641975308679,3
2024-08-09,15914,15952.0,-38.0,-0.0023821464393179,8,"cnbc_1940df3b,cnbc_6398b81a,cnbc_68554ec5,cnbc_c9e1b634,cnbc_c4abdcdc,cnbc_7a4fa262,cnbc_7b94b513,cnbc_42e896af",True,1,0.00307904989317582,-0.0023821464393179,-0.0091925465838509,-0.0051288389050237,-0.0049279290378218,-0.00912792797280304,-0.016935227311335788,0.004040251931712878,0.0032617168647441643,-0.019711716151287417,-0.01485700136189183,4
2024-08-12,15963,15914.0,49.0,0.0030790498931758,10,"cnbc_c41732d6,cnbc_ab8e8b28,cnbc_aa3e1c0f,cnbc_8ea5c1ba,cnbc_022553ee,cnbc_563cec17,cnbc_cffbc7cf,cnbc_dd3752fe,cnbc_85adf9a4,cnbc_1ba88924",True,0,-0.004886299567750423,0.0030790498931758,-0.0023821464393179,-0.0091925465838509,0.0017952209978952,-0.0037073097663271604,-0.0132652556621502,0.005029900749701384,0.0033454709009589885,-0.011823696917172222,-0.013045628786942043,0
2024-08-13,15885,15963.0,-78.0,-0.0048862995677504,2,"cnbc_86a3f617,cnbc_0d943ad8",True,0,-0.01221277935158955,-0.0048862995677504,0.0030790498931758,-0.0023821464393179,-0.0051288389050237,-0.00487383165860622,-0.017120723686245953,0.0045085803605376725,0.003421179692058659,-0.018414385466229977,-0.01962599518607666,1
2024-08-14,15691,15885.0,-194.0,-0.0122127793515895,9,"cnbc_81d70851,cnbc_8dc57150,cnbc_bcaf191a,cnbc_d5f53765,cnbc_683066e3,cnbc_7b9711cc,cnbc_b3a353e1,cnbc_bcdd01c1,cnbc_e75b311d",True,0,-0.0002549232043846791,-0.0122127793515895,-0.0048862995677504,0.0030790498931758,-0.0091925465838509,-0.01196398211699512,-0.02780703602275114,0.005951218912944995,0.004184521037007143,-0.02540372670807456,-0.027156054312108657,2
2024-08-15,15687,15691.0,-4.0,-0.0002549232043846,5,"cnbc_6984936d,cnbc_317cd34a,cnbc_fd20ef79,cnbc_7c039711,cnbc_994bc0cb",True,1,0.001848664499266909,-0.0002549232043846,-0.0122127793515895,-0.0048862995677504,-0.0023821464393179,-0.00890826383623955,-0.02662856823745119,0.0057609953888201676,0.004122308469718682,-0.01661233701103315,-0.029269801980198018,3
2024-08-16,15716,15687.0,29.0,0.0018486644992669,10,"cnbc_6115b05f,cnbc_28b39597,cnbc_4026e87d,cnbc_ee00d159,cnbc_c30c0bdc,cnbc_5b1b4c79,cnbc_2c87897a,cnbc_362821e0,cnbc_f79267b6,cnbc_fa9e45fb",True,0,-0.007953677780605753,0.0018486644992669,-0.0002549232043846,-0.0122127793515895,0.0030790498931758,-0.004585645157204055,-0.023365647526721323,0.006227127590549618,0.004096116603667664,-0.012441875078547215,-0.02981665534909561,4
2024-08-19,15591,15716.0,-125.0,-0.0079536777806057,11,"cnbc_ecdc6bee,cnbc_47782549,cnbc_7bd83d3f,cnbc_5605dc40,cnbc_5b52bd5b,cnbc_1e8bb6ea,cnbc_a85bbebf,cnbc_ac818dea,cnbc_024641c1,cnbc_a7fcffd1,cnbc_040bcfab",True,0,-0.007119492014623821,-0.0079536777806057,0.0018486644992669,-0.0002549232043846,-0.0048862995677504,-0.007827415043909935,-0.029212055927248515,0.005694434974387132,0.004259833293679926,-0.02330389024619428,-0.03925314271629288,0
2024-08-20,15480,15591.0,-111.0,-0.0071194920146238,4,"cnbc_cbb225e5,cnbc_0f2a05b5,cnbc_81f1a825,cnbc_338aed87",True,0,-0.0015503875968992248,-0.0071194920146238,-0.0079536777806057,0.0018486644992669,-0.0122127793515895,-0.00978698906160047,-0.03394606198846106,0.005800102880211775,0.00440824321918041,-0.025495750708215303,-0.044680325845470215,1
2024-08-21,15456,15480.0,-24.0,-0.0015503875968992,7,"cnbc_abc1589e,cnbc_16ee5480,cnbc_2239b972,cnbc_9f4a7a9a,cnbc_9e49ace4,cnbc_b5fc9c9e,cnbc_1570bb53",True,1,0.00795807453416149,-0.0015503875968992,-0.0071194920146238,-0.0079536777806057,-0.0002549232043846,-0.008340818683433837,-0.03312679263459806,0.00432016580619847,0.004334985373076081,-0.01497673825759993,-0.047337278106508895,2
2024-08-22,15579,15456.0,123.0,0.0079580745341614,5,"cnbc_549736c7,cnbc_68465529,cnbc_2299e498,cnbc_cd4d4c32,cnbc_962f13f6",True,0,-0.001604724308363823,0.0079580745341614,-0.0015503875968992,-0.0071194920146238,0.0018486644992669,0.0009380380869163929,-0.02332754480882193,0.00659178592453568,0.0047956401766653615,-0.0068846815834767705,-0.0423530858126383,3
2024-08-23,15554,15579.0,-25.0,-0.0016047243083638,6,"cnbc_c1b11fd9,cnbc_68f45887,cnbc_f0f5711b,cnbc_e7ef33d3,cnbc_b39dd975,cnbc_7f1b72df",True,0,-0.011186832969011186,-0.0016047243083638,0.0079580745341614,-0.0015503875968992,-0.0079536777806057,0.0014164305949009304,-0.022627732639608933,0.006347490012474655,0.0047166948142799816,-0.010307966403665048,-0.04541549036455139,4
2024-08-26,15380,15554.0,-174.0,-0.0111868329690111,10,"cnbc_612412ce,cnbc_1f8ecea0,cnbc_6536fc6d,cnbc_1289e3a1,cnbc_6d3b60ad,cnbc_93ac7f6b,cnbc_4b9d1d32,cnbc_dd1e4da7,cnbc_f6b7c633,cnbc_6d61315b",True,1,0.008387516254876463,-0.0111868329690111,-0.0016047243083638,0.0079580745341614,-0.0071194920146238,-0.007088535681545216,-0.030802581165557563,0.007205449873948254,0.005091024544208878,-0.013533448784555202,-0.05563060297187772,0
2024-08-27,15509,15380.0,129.0,0.0083875162548764,7,"cnbc_083f7c5e,cnbc_518af23d,cnbc_c90518e6,cnbc_102b33f1,cnbc_fec1e736,cnbc_9228ae02,cnbc_b5c33b8e",True,0,-0.0021277967631697725,0.0083875162548764,-0.0111868329690111,-0.0016047243083638,-0.0015503875968992,0.0008647616097472444,-0.020169633408620657,0.008108676425745458,0.005583394006997434,0.0018733850129200036,-0.04969362745098038,1
2024-08-28,15476,15509.0,-33.0,-0.0021277967631697,10,"cnbc_86c0f597,cnbc_657d245f,cnbc_102294d7,cnbc_e140210a,cnbc_94bb5a09,cnbc_30ad1118,cnbc_39fd7795,cnbc_fe95ad55,cnbc_ada6c2c8,cnbc_c535721d",True,0,-0.004329284052726803,-0.0021277967631697,0.0083875162548764,-0.0111868329690111,0.0079580745341614,-0.0015226199385790506,-0.019721485873183342,0.008147429656221289,0.005579948837755617,0.0012939958592133038,-0.050202528538112134,2
2024-08-29,15409,15476.0,-67.0,-0.0043292840527268,4,"cnbc_caa04fe5,cnbc_30363cd5,cnbc_0c991d83,cnbc_e49f4486",True,1,0.004153416834317606,-0.0043292840527268,-0.0021277967631697,0.0083875162548764,-0.0016047243083638,-0.0036597351541486356,-0.021380508267362708,0.007031149032432061,0.005592857489347087,-0.01091212529687402,-0.051345194853167464,3
2024-08-30,15473,15409.0,64.0,0.0041534168343176,8,"cnbc_df3c1bce,cnbc_e399ac2a,cnbc_9be9db86,cnbc_098a035b,cnbc_cf9060aa,cnbc_e8eea213,cnbc_141c62ed,cnbc_008c37fe",True,1,0.004071608608543915,0.0041534168343176,-0.0043292840527268,-0.0021277967631697,-0.0111868329690111,0.0015275674136212558,-0.014935445262166058,0.007596194265557382,0.00578017234344752,-0.005207663623505221,-0.046876924972280354,4
2024-09-02,15536,15473.0,63.0,0.0040716086085439,11,"cnbc_0537bc56,cnbc_7e0277c1,cnbc_214dc831,cnbc_d6cb3669,cnbc_d969b7cb,cnbc_38cf4b29,cnbc_98c82408,cnbc_64b55725,cnbc_c429eae7,cnbc_fa941b59,cnbc_2cd8ccfc",True,1,0.0013516992790937178,0.0040716086085439,0.0041534168343176,-0.0043292840527268,0.0083875162548764,0.0035786726612663244,-0.008975103178602728,0.005167756750191652,0.005920132127778639,0.010143042912873934,-0.03825677850687137,0
2024-09-03,15557,15536.0,21.0,0.0013516992790937,9,"cnbc_c0a4f955,cnbc_88a45292,cnbc_cdf6f853,cnbc_f7323aa5,cnbc_821e6ce0,cnbc_a09d592b,cnbc_ae422da1,cnbc_cc4f47fc,cnbc_3ef3300b",True,0,-0.004306742945297937,0.0013516992790937,0.0040716086085439,0.0041534168343176,-0.0021277967631697,0.004312403971543199,-0.005650223068761395,0.003774246376970257,0.0059062507580714164,0.0030949771100652335,-0.038682568127046846,1
2024-09-04,15490,15557.0,-67.0,-0.0043067429452979,9,"cnbc_26a8b85a,cnbc_6235305a,cnbc_67d5cc0e,cnbc_ac023a76,cnbc_912421a7,cnbc_52516ad9,cnbc_1cd30cca,cnbc_f510f17c,cnbc_bde7c8f2",True,0,-0.005164622336991607,-0.0043067429452979,0.0013516992790937,0.0040716086085439,-0.0043292840527268,-0.0001936358355386636,-0.007998770405189926,0.0042652582502812906,0.005885817668186693,0.0009046265184802227,-0.03788819875776395,2
2024-09-05,15410,15490.0,-80.0,-0.0051646223369916,6,"cnbc_5c45231a,cnbc_7f6c5904,cnbc_0b262abf,cnbc_922a6cf7,cnbc_aa2cbb24,cnbc_00da07c8",True,0,-0.002465931213497729,-0.0051646223369916,-0.0043067429452979,0.0013516992790937,0.0041534168343176,-0.005370097849379141,-0.011406356252967043,0.004496529149249027,0.005689247560492292,6.489713803614627e-05,-0.03397693079237718,3
2024-09-06,15372,15410.0,-38.0,-0.0024659312134977,8,"cnbc_1f032231,cnbc_bbd8fb41,cnbc_6dfdc4ce,cnbc_9e196da7,cnbc_01616a46,cnbc_74cd2814,cnbc_9a822fc8,cnbc_710549a7",True,1,0.004813947436898257,-0.0024659312134977,-0.0051646223369916,-0.0043067429452979,0.0040716086085439,-0.0065274995152846405,-0.012126703811525252,0.003912187799530427,0.0056897982102207985,-0.0065274995152846405,-0.03405806208369988,4
2024-09-09,15446,15372.0,74.0,0.0048139474368982,18,"cnbc_bc1d1ecc,cnbc_0d4274fa,cnbc_6ecf9c9a,cnbc_9bd02e73,cnbc_c650faba,cnbc_c8093cf9,cnbc_f458d7b4,cnbc_3985d960,cnbc_198883bc,cnbc_0f70e32c,cnbc_3f9d9f8c,cnbc_c3dc3529,cnbc_77f1303d,cnbc_3110b4a7,cnbc_3a0e914a,cnbc_a2ff92d7,cnbc_d69e9665,cnbc_0f1312d7",True,1,6.474168069403081e-05,0.0048139474368982,-0.0024659312134977,-0.0051646223369916,0.0013516992790937,-0.0005823358136525236,-0.005719398642407225,0.004172558209915326,0.005779265808723691,-0.005792996910401693,-0.03238739585290984,0
2024-09-10,15447,15446.0,1.0,6.474168069403081e-05,6,"cnbc_6264f5a2,cnbc_142bfe41,cnbc_c34bdb85,cnbc_85597adb,cnbc_c0eeb324,cnbc_aafa8fb2",True,0,-0.0020715996633650547,6.474168069403081e-05,0.0048139474368982,-0.0024659312134977,-0.0043067429452979,0.0009071470226138523,-0.004251286828101719,0.004016082332848281,0.005738286754913857,-0.007070771999742931,-0.02757318224740324,1
2024-09-11,15415,15447.0,-32.0,-0.002071599663365,8,"cnbc_008a06be,cnbc_1b37bed2,cnbc_e6943338,cnbc_05e0d41e,cnbc_92303185,cnbc_e718a690,cnbc_9df7e270,cnbc_a57e9c70",True,1,0.0003892312682452157,-0.002071599663365,6.474168069403081e-05,0.0048139474368982,-0.0051646223369916,-0.0001945777662472059,-0.005429329995515819,0.0037272907731877103,0.005148559850266029,-0.004841833440929588,-0.017589701102542876,2
2024-09-12,15421,15415.0,6.0,0.0003892312682452,11,"cnbc_b6c39cbd,cnbc_5e197076,cnbc_716016a2,cnbc_20bad2c8,cnbc_dbd6d817,cnbc_d7c02d92,cnbc_d3cd0e74,cnbc_63fb199b,cnbc_11e7fce0,cnbc_dbb7850b,cnbc_0d5d1f5a",True,0,-0.0010375462032293625,0.0003892312682452,-0.002071599663365,6.474168069403081e-05,-0.0024659312134977,5.188000155631478e-05,-0.004187693927036662,0.0028980782657913994,0.005154649721496169,0.0007138221933808975,-0.0169567157518965,3
2024-09-13,15405,15421.0,-16.0,-0.0010375462032293,10,"cnbc_a9f31cd4,cnbc_e699873d,cnbc_cdf68c68,cnbc_f2fcd26e,cnbc_b850009b,cnbc_e5a10c6d,cnbc_81ea68c4,cnbc_eba86854,cnbc_1a64bbba,cnbc_c1021738",True,0,-0.004349237260629666,-0.0010375462032293,0.0003892312682452,-0.002071599663365,0.0048139474368982,-0.0014131252106722725,-0.004220991189569645,0.002634660708455675,0.005115607084895553,0.002146760343481713,-0.019788750318147086,4
2024-09-17,15338,15405.0,-67.0,-0.0043492372606296,26,"cnbc_5a162eb0,cnbc_23a8810e,cnbc_eff61043,cnbc_43a328f1,cnbc_1a134ec0,cnbc_c5079d89,cnbc_74bb5020,cnbc_af1c7fb4,cnbc_7f4e6d5d,cnbc_60f1684c,cnbc_575ccf04,cnbc_200674ee,cnbc_15a72995,cnbc_f8070d67,cnbc_1be00ed7,cnbc_81eba1c8,cnbc_5442ca0e,cnbc_cdfd51c6,cnbc_25558472,cnbc_7ab3b111,cnbc_1328be46,cnbc_d24fafb8,cnbc_43e34bad,cnbc_301a9a53,cnbc_0b507400,cnbc_3daa3106",True,1,0.0007823705828660843,-0.0043492372606296,-0.0010375462032293,0.0003892312682452,6.474168069403081e-05,-0.004362163425336907,-0.007740503892894379,0.0019122782299266653,0.004916864325813664,-0.006992101514955329,-0.016227310627926372,1
2024-09-18,15350,15338.0,12.0,0.000782370582866,6,"cnbc_2df4aa1d,cnbc_a72b7cdd,cnbc_d2f55191,cnbc_ff6223a8,cnbc_ec1a80c4,cnbc_205d07ee",True,0,-0.004104234527687297,0.000782370582866,-0.0043492372606296,-0.0010375462032293,-0.002071599663365,-0.0023268208347956287,-0.006546438291000989,0.0020701915964902963,0.004695347302346299,-0.006279536479575354,-0.008397932816537446,2
2024-09-19,15287,15350.0,-63.0,-0.0041042345276872,12,"cnbc_96ffc4eb,cnbc_811df422,cnbc_5f08e681,cnbc_7bfe3ced,cnbc_49916b26,cnbc_bbeaf83b,cnbc_fcf9838b,cnbc_1d25c4e0,cnbc_fe25d970,cnbc_20712be0,cnbc_f5a0d145,cnbc_09407bba",True,0,-0.012232615948191274,-0.0041042345276872,0.000782370582866,-0.0043492372606296,0.0003892312682452,-0.004765562948399138,-0.010082433771296473,0.0024371179524651887,0.004762211858760456,-0.00830360038923128,-0.010934265010351996,3
2024-09-20,15100,15287.0,-187.0,-0.0122326159481912,7,"cnbc_f3e29080,cnbc_ab5effef,cnbc_ccb8dc28,cnbc_cff8107c,cnbc_18cc3fdc,cnbc_450600ba,cnbc_3df3a985",True,1,0.006026490066225166,-0.0122326159481912,-0.0041042345276872,0.000782370582866,-0.0010375462032293,-0.012813807531380728,-0.020672882042967133,0.004984445866890621,0.005000315458182903,-0.020815770702289127,-0.03074651774825088,4
2024-09-23,15191,15100.0,91.0,0.0060264900662251,14,"cnbc_00ae7204,cnbc_66ce76e1,cnbc_51fd6f84,cnbc_91fa2d24,cnbc_5dcb5b1d,cnbc_ee7fa115,cnbc_9a0e7bce,cnbc_cd95b51c,cnbc_6c2b0732,cnbc_ab8e02df,cnbc_83cea6f8,cnbc_c84cae1f,cnbc_0187ff6a,cnbc_9a86a1e2",True,0,-0.0003291422552827332,0.0060264900662251,-0.0122326159481912,-0.0041042345276872,-0.0043492372606296,-0.0040778328481893,-0.013609859356129017,0.006778877094761841,0.005279169161516432,-0.013891593638429067,-0.02333804809052331,0
2024-09-24,15186,15191.0,-5.0,-0.0003291422552827,7,"cnbc_2dae3ccf,cnbc_74ee4a16,cnbc_14bb7877,cnbc_8a0213ec,cnbc_e476959d,cnbc_e042272f,cnbc_dc11eec0",True,0,-0.006189911760832345,-0.0003291422552827,0.0060264900662251,-0.0122326159481912,0.000782370582866,-0.002417426491841179,-0.013313061614330546,0.006783952466832727,0.004723560339762799,-0.009910027382970421,-0.012613784135240613,1
2024-09-25,15092,15186.0,-94.0,-0.0061899117608323,13,"cnbc_0a8b575e,cnbc_0dc4e5f6,cnbc_7aef4d07,cnbc_f14df465,cnbc_c4862e50,cnbc_3f70ddeb,cnbc_286b6357,cnbc_f9825d94,cnbc_8846d7ed,cnbc_c9c721fb,cnbc_91811b41,cnbc_876cc548,cnbc_6e22f331",True,1,0.005234561357010337,-0.0061899117608323,-0.0003291422552827,0.0060264900662251,-0.0041042345276872,-0.0052204176334107455,-0.018090377064485796,0.0067929691733578925,0.004371430025636413,-0.0168078175895765,-0.026887613643690744,2
2024-09-26,15171,15092.0,79.0,0.0052345613570103,8,"cnbc_b86ff074,cnbc_1c0859f7,cnbc_1a47b67d,cnbc_1a91928b,cnbc_5d0829c5,cnbc_1bc78fc2,cnbc_aa5ce177,cnbc_133463a2",True,0,-0.002175202689341507,0.0052345613570103,-0.0061899117608323,-0.0003291422552827,-0.0122326159481912,0.0015183522577237873,-0.011970198244197205,0.007754959333550581,0.004606405629669096,-0.007588146791391415,-0.01970793486689071,3
2024-09-27,15138,15171.0,-33.0,-0.0021752026893415,14,"cnbc_1434f7cd,cnbc_71fd7024,cnbc_0ca48ec2,cnbc_4849e2bf,cnbc_967cf209,cnbc_bc5a5c63,cnbc_55a10e7e,cnbc_7b658664,cnbc_6e74a1a6,cnbc_0c1ac7d3,cnbc_8c30b218,cnbc_9b989ffe,cnbc_fd58a17b,cnbc_696e80be",True,1,0.00039635354736424893,-0.0021752026893415,0.0052345613570103,-0.0061899117608323,0.0060264900662251,-0.0011612869170471996,-0.013248594475678277,0.005137031659061318,0.004548911241944592,0.0025165562913906925,-0.017587124407813626,4
2024-09-30,15144,15138.0,6.0,0.0003963535473642,21,"cnbc_db23b2f8,cnbc_edf63d47,cnbc_3cf575f4,cnbc_238ad486,cnbc_7c5df006,cnbc_6492e3c8,cnbc_a831246b,cnbc_d16a443d,cnbc_a266e98d,cnbc_e664b6c8,cnbc_c0c53ddc,cnbc_a01bb10f,cnbc_24f35686,cnbc_e831dca8,cnbc_75f77c9c,cnbc_af37de6f,cnbc_5711502a,cnbc_695dc470,cnbc_ec306863,cnbc_f75636f7,cnbc_132a86e8",True,1,0.003961965134706815,0.0003963535473642,-0.0021752026893415,0.0052345613570103,-0.0003291422552827,-0.00014525095403472577,-0.011797870119022669,0.004148366097259972,0.00440556058191534,-0.0030939371996576703,-0.021262844955729387,0
2024-10-01,15204,15144.0,60.0,0.0039619651347068,3,"cnbc_2692bfac,cnbc_6c1656c8,cnbc_9bda9cee",True,1,0.0028282031044461983,0.0039619651347068,0.0003963535473642,-0.0021752026893415,-0.0061899117608323,0.0035776049848843527,-0.006806809422401083,0.004636807337538234,0.004398895748983766,0.0011853022520742496,-0.021369721936148278,1
2024-10-02,15247,15204.0,43.0,0.0028282031044461,7,"cnbc_22d885f6,cnbc_d5de8b8d,cnbc_98960c2c,cnbc_14be8a5b,cnbc_aa8e9a33,cnbc_06a9eeb9,cnbc_c669f71d",True,1,0.00964124089984915,0.0028282031044461,0.0039619651347068,0.0003963535473642,0.0052345613570103,0.00436077150084313,-0.0029883539204980103,0.0029575971136578715,0.004453730254892548,0.010270341902995028,-0.01992672109018445,2
2024-10-03,15394,15247.0,147.0,0.0096412408998491,5,"cnbc_900e36b7,cnbc_04e2e8c0,cnbc_095466f8,cnbc_a97d1041,cnbc_be090809",True,1,0.006560997791347278,0.0096412408998491,0.0028282031044461,0.0039619651347068,-0.0021752026893415,0.011073600693577879,0.006940129121723704,0.004432790503692316,0.004970193039733521,0.014699096961307667,-0.006197546804389886,3
2024-10-04,15495,15394.0,101.0,0.0065609977913472,5,"cnbc_bf80375a,cnbc_61bf85bb,cnbc_d439f16b,cnbc_af00d3ef,cnbc_654bc98d",True,1,0.011939335269441756,0.0065609977913472,0.0096412408998491,0.0028282031044461,0.0003963535473642,0.012956958318079748,0.013264975820927782,0.0035512811573203936,0.005056863181917821,0.023583036068172802,0.0055158987670342885,4
2024-10-07,15680,15495.0,185.0,0.0119393352694417,11,"cnbc_c25d5fa6,cnbc_625f9190,cnbc_7dbdf31a,cnbc_939f7c2a,cnbc_4e9c758f,cnbc_c48adafa,cnbc_3b8132ab,cnbc_369d497b,cnbc_c8e0f468,cnbc_b58f32d4,cnbc_99b6cbc8",True,0,-0.0005739795918367347,0.0119393352694417,0.0065609977913472,0.0096412408998491,0.0039619651347068,0.017917424045702512,0.024331130716541916,0.003814397812539387,0.005636728230795644,0.03539355520338083,0.020036429872495543,0
2024-10-08,15671,15680.0,-9.0,-0.0005739795918367,4,"cnbc_0cbb7f3d,cnbc_b237ab8e,cnbc_81bc43d1,cnbc_7b3f851f",True,0,-0.0040839767723821075,-0.0005739795918367,0.0119393352694417,0.0065609977913472,0.0028282031044461,0.011201879024868688,0.022991357025354597,0.005052109196860992,0.00557363113913124,0.0307156011575902,0.014566878156156982,1
2024-10-09,15607,15671.0,-64.0,-0.0040839767723821,9,"cnbc_2a416789,cnbc_5be8af1d,cnbc_a278d570,cnbc_781a0900,cnbc_8e6440f2,cnbc_817ecbf1,cnbc_ff157d0a,cnbc_626c2fdb,cnbc_13bf0783",True,1,0.003267764464663292,-0.0040839767723821,-0.0005739795918367,0.0119393352694417,0.0096412408998491,0.002414993512916297,0.018281702638515585,0.00680551622857062,0.005676267981643905,0.023611202203712267,0.010357998316825379,2
2024-10-10,15658,15607.0,51.0,0.0032677644646632,10,"cnbc_48efa731,cnbc_96f358fc,cnbc_1a17cd28,cnbc_35c45e14,cnbc_39c8e681,cnbc_13c674cf,cnbc_33878bae,cnbc_d18af604,cnbc_93e6522c,cnbc_75d9d835",True,0,-0.00312939072678503,0.0032677644646632,-0.0040839767723821,-0.0005739795918367,0.0065609977913472,0.002291610656629528,0.02079998956903828,0.006219518390286515,0.005672996220191752,0.0171495387813434,0.015763866363931234,3
2024-10-11,15609,15658.0,-49.0,-0.003129390726785,9,"cnbc_dca7b770,cnbc_0231bdc8,cnbc_c29aaa9b,cnbc_f29a2215,cnbc_420a7842,cnbc_6624404a,cnbc_7bd0ddc1,cnbc_94598851,cnbc_a8df4c33",True,0,-0.0017938368889743098,-0.003129390726785,0.0032677644646632,-0.0040839767723821,0.0119393352694417,-0.002301054650047929,0.01698228148302583,0.006500324426245559,0.005740486531690355,0.007357212003872293,0.012191167887944943,4
2024-10-14,15581,15609.0,-28.0,-0.0017938368889743,13,"cnbc_b5b9d527,cnbc_35be3ddb,cnbc_cd544175,cnbc_6b0b5789,cnbc_4a40f59d,cnbc_b0c572b0,cnbc_60d813c1,cnbc_70e85a39,cnbc_0ce4df5f,cnbc_a8066845,cnbc_a98045a6,cnbc_e7fcf7ca,cnbc_16291899",True,0,-0.0016686990565432257,-0.0017938368889743,-0.003129390726785,0.0032677644646632,-0.0005739795918367,-0.0028287637918235076,0.01457627229010594,0.0028603184855702023,0.00575446578010211,-0.006313775510204067,0.011424862057773488,0
2024-10-15,15555,15581.0,-26.0,-0.0016686990565432,9,"cnbc_602a6bda,cnbc_6dd98416,cnbc_103d4ab3,cnbc_e8a0db6e,cnbc_06ed9de3,cnbc_18ce4f03,cnbc_8dd5511a,cnbc_6fd717c1,cnbc_909fe3e2",True,0,-0.0012214721954355513,-0.0016686990565432,-0.0017938368889743,-0.003129390726785,-0.0040839767723821,-0.0030124343032944534,0.012168141592920456,0.0028362184282443277,0.005664026895997301,-0.007402207899942614,0.01414786804016166,1
2024-10-16,15536,15555.0,-19.0,-0.0012214721954355,7,"cnbc_7dddb79a,cnbc_ecd88695,cnbc_2c39a5f6,cnbc_4eaa49ef,cnbc_3cb122e6,cnbc_92063064,cnbc_555d4f51",True,0,-0.0012873326467559218,-0.0012214721954355,-0.0016686990565432,-0.0017938368889743,0.0032677644646632,-0.0033231116642502556,0.010320407353696659,0.0024409636489456103,0.005680525875246813,-0.004549240725315595,0.012117263843648196,2
2024-10-17,15516,15536.0,-20.0,-0.0012873326467559,9,"cnbc_69bc3df4,cnbc_c306db29,cnbc_1aeba109,cnbc_0455ab3f,cnbc_4cc73fc9,cnbc_b452e44e,cnbc_e3a1bfd7,cnbc_8825386f,cnbc_b85f2607",True,0,-0.003222480020623872,-0.0012873326467559,-0.0012214721954355,-0.0016686990565432,-0.003129390726785,-0.002789310641798548,0.008269027698805997,0.0007713706136297908,0.005591510108225457,-0.009068846595989277,0.014980048407143398,3
2024-10-18,15466,15516.0,-50.0,-0.0032224800206238,11,"cnbc_feb06534,cnbc_ef5ab110,cnbc_3d3bc0ef,cnbc_63f9ed09,cnbc_0e473309,cnbc_b41a49a2,cnbc_d56f3241,cnbc_e36a0e87,cnbc_51929832,cnbc_42a72a0c,cnbc_5ae7a85d",True,0,-6.46579593948015e-05,-0.0032224800206238,-0.0012873326467559,-0.0012214721954355,-0.0017938368889743,-0.0041723542895407695,0.0038261704868876034,0.000810977229235235,0.004796124993043677,-0.009161381254404466,0.024238410596026494,4
2024-10-21,15465,15466.0,-1.0,-6.46579593948015e-05,12,"cnbc_b6de083e,cnbc_7214fa97,cnbc_210519dd,cnbc_68a5a493,cnbc_d3386821,cnbc_8d2086c7,cnbc_f26c4b19,cnbc_fc99a95f,cnbc_e5b0cdaf,cnbc_a8f9a3e4,cnbc_38530a9e,cnbc_cb8dd869",True,1,0.006142903330100227,-6.46579593948015e-05,-0.0032224800206238,-0.0012873326467559,-0.0016686990565432,-0.0027470401609533956,0.0028695102378288873,0.0011377783910278161,0.004665738953416091,-0.007444965021500494,0.018036995589493676,0
2024-10-22,15560,15465.0,95.0,0.0061429033301002,8,"cnbc_0bedb9d6,cnbc_fd0f8ea8,cnbc_a0e6f7fa,cnbc_d9aad5be,cnbc_47a1eb1a,cnbc_ce6b7721,cnbc_271d2deb,cnbc_d27f8bb1",True,1,0.0038560411311053984,0.0061429033301002,-6.46579593948015e-05,-0.0032224800206238,-0.0012214721954355,0.00331429013579565,0.007807920618933872,0.00357941904527842,0.0047982326119736084,0.00032144005143042165,0.024627946793098987,1
2024-10-23,15620,15560.0,60.0,0.0038560411311053,5,"cnbc_ee47b808,cnbc_c5c8f7af,cnbc_15387614,cnbc_b0a8e27b,cnbc_daa018d4",True,0,-0.0017285531370038413,0.0038560411311053,0.0061429033301002,-6.46579593948015e-05,-0.0012873326467559,0.0060932407538614175,0.00996712110876552,0.0038329203856225314,0.0044971945585147895,0.0054067971163749284,0.03498542274052485,2
2024-10-24,15593,15620.0,-27.0,-0.0017285531370038,14,"cnbc_f8f43590,cnbc_73d8138b,cnbc_b3ea80d0,cnbc_901057fa,cnbc_f7f040dd,cnbc_08d04792,cnbc_793d21f0,cnbc_03d393d9,cnbc_929ed24e,cnbc_708efc51,cnbc_2277750d,cnbc_d704b3b7,cnbc_f30660e4,cnbc_76550ba6",True,1,0.0023087282755082407,-0.0017285531370038,0.0038560411311053,0.0061429033301002,-0.0032224800206238,0.0033589004427057034,0.006847700806162482,0.0039055795290759386,0.00448113951587097,0.004962619231760668,0.02781622833036712,3
2024-10-25,15629,15593.0,36.0,0.0023087282755082,9,"cnbc_f0904553,cnbc_f63b57fc,cnbc_888e7f19,cnbc_09642026,cnbc_7b7930d4,cnbc_47fd7ba6,cnbc_45d12118,cnbc_0c5d83ce,cnbc_1ed4bb0b",True,1,0.006398362019323053,0.0023087282755082,-0.0017285531370038,0.0038560411311053,-6.46579593948015e-05,0.0035701901961036064,0.00757502498146545,0.0031151178412658206,0.004405314531934895,0.01053924738135259,0.0324349319593078,4
2024-10-28,15729,15629.0,100.0,0.006398362019323,17,"cnbc_83dd1aaf,cnbc_bceeb5c6,cnbc_9c1c4eec,cnbc_a5cefe6c,cnbc_d6bd8897,cnbc_8b5d741a,cnbc_32fd1bfb,cnbc_e9b347a8,cnbc_64156cf5,cnbc_e8944da1,cnbc_a75073b6,cnbc_b509454e,cnbc_565030a0,cnbc_3fb62c1f,cnbc_1a4d8ea7,cnbc_969091de,cnbc_5643d5f2",True,1,0.0019708818106681926,0.006398362019323,0.0023087282755082,-0.0017285531370038,0.0061429033301002,0.006578694756242731,0.01211331499445012,0.0033246991153600674,0.004521445484221987,0.017070805043646997,0.038629160063391454,0
2024-10-29,15760,15729.0,31.0,0.0019708818106681,5,"cnbc_7bf7dfaf,cnbc_883d8830,cnbc_a70f1f2e,cnbc_f5d3cdab,cnbc_84232ed3",True,0,-0.0017766497461928934,0.0019708818106681,0.006398362019323,0.0023087282755082,0.0038560411311053,0.005987412391007307,0.012297227423234691,0.0029670956073152015,0.004495653661124602,0.01285347043701801,0.03656932386214162,1
2024-10-30,15732,15760.0,-28.0,-0.0017766497461928,7,"cnbc_a47352ce,cnbc_afc9e456,cnbc_5a1b0ca7,cnbc_2253ecf3,cnbc_f503f81e,cnbc_0b04a255,cnbc_fe532c48",True,0,-0.0017162471395881006,-0.0017766497461928,0.0019708818106681,0.006398362019323,-0.0017285531370038,0.0027663398901112135,0.008927197167923673,0.0033914707169928064,0.004558084937395075,0.007170294494238227,0.031809536302223496,2
2024-10-31,15705,15732.0,-27.0,-0.0017162471395881,7,"cnbc_80cdab78,cnbc_8a81eb98,cnbc_a29e4a2e,cnbc_5dbb1e85,cnbc_84c1a251,cnbc_f02a9198,cnbc_15b9aadb",True,1,0.001146131805157593,-0.0017162471395881,-0.0017766497461928,0.0019708818106681,0.0023087282755082,-0.000381898033225081,0.006192198406621996,0.0033886046270647213,0.004193384982114177,0.00718271019047001,0.020202676367415906,3
2024-11-01,15723,15705.0,18.0,0.0011461318051575,6,"cnbc_ab43ad90,cnbc_211759d2,cnbc_55c4ef70,cnbc_ec51ab25,cnbc_709738c1,cnbc_addbc9ab",True,1,0.001780830630286841,0.0011461318051575,-0.0017162471395881,-0.0017766497461928,0.006398362019323,-0.0004323004742590175,0.0066102210342675605,0.003353541719742183,0.003985710904046106,0.006014460298163771,0.014714424007744364,4
2024-11-04,15751,15723.0,28.0,0.0017808306302868,15,"cnbc_ec8b681f,cnbc_349f60be,cnbc_16501839,cnbc_2239543c,cnbc_a81adde1,cnbc_80fdc5b2,cnbc_0b269e93,cnbc_9ef4a445,cnbc_b6e3ec2b,cnbc_c9a454c1,cnbc_ad079230,cnbc_32fda882,cnbc_d3fb82c6,cnbc_13074144,cnbc_5f2974d6",True,1,0.0009523204875880897,0.0017808306302868,0.0011461318051575,-0.0017162471395881,0.0019708818106681,0.0010677377941044064,0.008173689297395592,0.001875937372882863,0.003011317928227204,0.0013986903172484855,0.004528061224489788,0
2024-11-05,15766,15751.0,15.0,0.000952320487588,6,"cnbc_69766429,cnbc_5cc23a4a,cnbc_6d477a8a,cnbc_02840d8e,cnbc_01ca0a1d,cnbc_03d743de",True,1,0.004693644551566662,0.000952320487588,0.0017808306302868,0.0011461318051575,-0.0017766497461928,0.0019446598116348301,0.008827076954578406,0.001692927928950021,0.0030092042584630193,0.00038071065989853103,0.0060621530215045905,1
2024-11-06,15840,15766.0,74.0,0.0046936445515666,8,"cnbc_5f50fe6b,cnbc_17c3d836,cnbc_b1ad8c4b,cnbc_d04158dd,cnbc_aa8fbacf,cnbc_6d5aa66a,cnbc_7a785cdf,cnbc_67659ac7",True,0,-0.004608585858585859,0.0046936445515666,0.000952320487588,0.0017808306302868,-0.0017162471395881,0.0052675001586597325,0.012807151032308672,0.0022893711219968103,0.0029750606211007215,0.006864988558352492,0.0149291984365989,2
2024-11-07,15767,15840.0,-73.0,-0.0046085858585858,11,"cnbc_f3dcc334,cnbc_006a9b07,cnbc_f34ca6a3,cnbc_76075046,cnbc_7791af7d,cnbc_31a3afdc,cnbc_56fc3bab,cnbc_1bbde146,cnbc_d30404ba,cnbc_49892255,cnbc_4ae02593",True,0,-0.00608866620156022,-0.0046085858585858,0.0046936445515666,0.000952320487588,0.0011461318051575,-0.00015219348865525006,0.007788356135927099,0.0033733533784039917,0.003140314711545845,0.00394778732887624,0.006961297739174865,3
2024-11-08,15671,15767.0,-96.0,-0.0060886662015602,14,"cnbc_9b204051,cnbc_1316fc91,cnbc_eb331c4d,cnbc_17a6b443,cnbc_1594901b,cnbc_f91ff750,cnbc_e204508f,cnbc_0b6b5992,cnbc_9f0fa252,cnbc_bd224a15,cnbc_c406c259,cnbc_3c5246ff,cnbc_ec2a766f,cnbc_26d69bde",True,1,0.0003828728224108225,-0.0060886662015602,-0.0046085858585858,0.0046936445515666,0.0017808306302868,-0.005584110666920439,0.0014538366910037404,0.004535424840921107,0.003373985631993692,-0.003307256884818366,0.0039720673970145,4
2024-11-11,15677,15671.0,6.0,0.0003828728224108,5,"cnbc_b9ecb01c,cnbc_1e82708d,cnbc_d02f1a19,cnbc_55b67bdb,cnbc_6cab5f7f",True,1,0.005996045161701856,0.0003828728224108,-0.0060886662015602,-0.0046085858585858,0.000952320487588,-0.0042682384624179726,0.0015300532484086027,0.004388505058381169,0.003341108694468315,-0.00469811440543455,0.006161350362621221,0
2024-11-12,15771,15677.0,94.0,0.0059960451617018,5,"cnbc_a86217a2,cnbc_026ddc18,cnbc_6ea21833,cnbc_fb5bfd25,cnbc_614c31aa",True,1,0.0006974827214507641,0.0059960451617018,0.0003828728224108,-0.0060886662015602,0.0046936445515666,0.0016385946193124834,0.00684059155316219,0.005394724193485913,0.00353581480387133,0.00031713814537615015,0.013886210221793593,1
2024-11-13,15782,15771.0,11.0,0.0006974827214507,8,"cnbc_4dea89a8,cnbc_0388bff6,cnbc_bf7a4347,cnbc_66779f4d,cnbc_88c70e56,cnbc_c5c56015,cnbc_cabe4f4f,cnbc_911bf3a2",True,1,0.005766062602965404,0.0006974827214507,0.0059960451617018,0.0003828728224108,-0.0046085858585858,0.0030762190471347317,0.0067522956848460325,0.004802979235579014,0.0035069708949002913,-0.003661616161616199,0.01583419155509791,2
2024-11-14,15873,15782.0,91.0,0.0057660626029654,12,"cnbc_86fca092,cnbc_9f74ef65,cnbc_90540ecc,cnbc_541aa677,cnbc_59b1d257,cnbc_ed75732a,cnbc_7d6fd2ed,cnbc_b80cd5da,cnbc_c6d7542d,cnbc_fff6b69e,cnbc_a60044af,cnbc_74cf3885",True,1,0.000945000945000945,0.0057660626029654,0.0006974827214507,0.0059960451617018,-0.0060886662015602,0.007502475436057532,0.011405632725882464,0.004944244388906896,0.003639065048787358,0.006722902264222785,0.023008507347254348,3
2024-11-15,15888,15873.0,15.0,0.0009450009450009,6,"cnbc_76f1d538,cnbc_d882cb3e,cnbc_2d244884,cnbc_acd5e8a9,cnbc_a5e88de0,cnbc_bb8bb933",True,0,-0.0025176233635448137,0.0009450009450009,0.0057660626029654,0.0006974827214507,0.0003828728224108,0.0056841918699597205,0.011002157160947101,0.002859514904005935,0.0034922128175696103,0.01384723374385799,0.02728565886460621,4
2024-11-18,15848,15888.0,-40.0,-0.0025176233635448,17,"cnbc_edad213f,cnbc_4f1d2acd,cnbc_6416515b,cnbc_3f5cdfe2,cnbc_085095b1,cnbc_b99e5616,cnbc_567e297e,cnbc_bead5494,cnbc_b59e8bfa,cnbc_42c61e02,cnbc_6c046fba,cnbc_c4bc141b,cnbc_5b0d42f6,cnbc_a1a12851,cnbc_8a0c77eb,cnbc_1ea8cf3a,cnbc_6f7895c1",True,0,-0.0020191822311963654,-0.0025176233635448,0.0009450009450009,0.0057660626029654,0.0059960451617018,0.0009853212399888456,0.0072294516738962145,0.0036473537364454457,0.003586415096157005,0.010907699177138408,0.024765599741351396,0
2024-11-19,15816,15848.0,-32.0,-0.0020191822311963,8,"cnbc_ed824e53,cnbc_86b4eaad,cnbc_ef6352a4,cnbc_a26be02b,cnbc_3c95e537,cnbc_144e3a4f,cnbc_31e39e87,cnbc_74d3f978",True,1,0.002655538694992413,-0.0020191822311963,-0.0025176233635448,0.0009450009450009,0.0006974827214507,-0.0016033936394510562,0.004378597896113945,0.0032936731872265,0.0034601146757028403,0.0028533384059350464,0.01645244215938302,1
2024-11-20,15858,15816.0,42.0,0.0026555386949924,7,"cnbc_fc285225,cnbc_d0f1d6a0,cnbc_afde2e0b,cnbc_25fd4f4e,cnbc_3e25bbb6,cnbc_fff0a553,cnbc_7e522fc4",True,1,0.0052970109723798715,0.0026555386949924,-0.0020191822311963,-0.0025176233635448,0.0057660626029654,8.829131087373376e-05,0.006285317232429755,0.0034257308577437004,0.003414826370604579,0.004815612723355622,0.015236875800256122,2
2024-11-21,15942,15858.0,84.0,0.0052970109723798,10,"cnbc_129762e4,cnbc_1344600c,cnbc_65c0ebcb,cnbc_5d36ac91,cnbc_d03760d6,cnbc_dc7b9967,cnbc_7e9b4c8c,cnbc_c39065a6,cnbc_6cb22af5,cnbc_61b1c82a",True,0,-0.001944548990089073,0.0052970109723798,0.0026555386949924,-0.0020191822311963,0.0009450009450009,0.004511543502369264,0.010496691260363678,0.003264029053556806,0.003505307355189164,0.004347004347004413,0.022381838004232657,3
2024-11-22,15911,15942.0,-31.0,-0.001944548990089,4,"cnbc_f441de99,cnbc_4c7e7c01,cnbc_d930a9ed,cnbc_8934b4b2",True,0,-0.00295393124253661,-0.001944548990089,0.0052970109723798,0.0026555386949924,-0.0025176233635448,0.0022677165354330064,0.007631170640574947,0.0034955015042993673,0.0035575895049668963,0.001447633434038309,0.01804338089449109,4
2024-11-25,15864,15911.0,-47.0,-0.0029539312425366,6,"cnbc_ba29ffef,cnbc_33c4028b,cnbc_b478c761,cnbc_fdf9418e,cnbc_ec51c102,cnbc_72972e82",True,1,0.00416036308623298,-0.0029539312425366,-0.001944548990089,0.0052970109723798,-0.0020191822311963,-0.0008943079190336656,0.004225418981151696,0.00358748136373447,0.0034084256292250524,0.001009591115598285,0.00858287240129707,0
2024-11-26,15930,15864.0,66.0,0.0041603630862329,7,"cnbc_0abf852d,cnbc_9e42db35,cnbc_1fd55b72,cnbc_11e422e4,cnbc_63dd875f,cnbc_8b5357a4,cnbc_a66509fa",True,0,-0.004143126177024482,0.0041603630862329,-0.0029539312425366,-0.001944548990089,0.0026555386949924,0.001823784667631001,0.007861063220663267,0.0036917545033472946,0.0034944976047241645,0.007207890743550882,0.010786802030456899,1
2024-11-28,15864,15930.0,-66.0,-0.0041431261770244,10,"cnbc_8df5fc07,cnbc_e02257d4,cnbc_2c2d46c1,cnbc_9459f2ec,cnbc_62344601,cnbc_2f95416d,cnbc_a92fd0ed,cnbc_7d572e3f,cnbc_658cc2d7,cnbc_e6948106",True,0,-0.0005042864346949068,-0.0041431261770244,0.0041603630862329,-0.0029539312425366,0.0052970109723798,-0.002402183345700637,0.0032664341479919923,0.004330266988952631,0.0036151354283522528,0.0003783579265985715,0.008390541571319687,3
2024-11-29,15856,15864.0,-8.0,-0.0005042864346949,6,"cnbc_f08c0a04,cnbc_711a8b0f,cnbc_90efec98,cnbc_68052fe2,cnbc_07b6b2f5,cnbc_e8033965",True,1,0.0030903128153380423,-0.0005042864346949,-0.0041431261770244,0.0041603630862329,-0.001944548990089,-0.0018256216556500338,0.0022819360425792024,0.003218486241295728,0.003587421928219021,-0.005394555262827727,0.009614772365488689,4
2024-12-02,15905,15856.0,49.0,0.003090312815338,20,"cnbc_f9ee8023,cnbc_65d18452,cnbc_31476779,cnbc_7a1dd104,cnbc_4bbb6f34,cnbc_1dd66d0a,cnbc_b441d70b,cnbc_111bec7c,cnbc_72ce2cb8,cnbc_474c3a97,cnbc_a1c21a50,cnbc_7aa56b67,cnbc_61da9f5e,cnbc_6d615dd0,cnbc_c5cf7766,cnbc_ee077b8e,cnbc_e21d3f32,cnbc_9a6cd817,cnbc_1f5048ac,cnbc_89b08e6c",True,1,0.0028292989625903803,0.003090312815338,-0.0005042864346949,-0.0041431261770244,-0.0029539312425366,0.0013346932094335795,0.004801314043843652,0.0036393533016155382,0.003632348706946951,-0.0003770976054302544,0.011575399096864558,0
2024-12-03,15950,15905.0,45.0,0.0028292989625903,7,"cnbc_525e78fc,cnbc_ce202bd1,cnbc_8513e9bd,cnbc_bacffe73,cnbc_30eef078,cnbc_1adb002c,cnbc_e3af9ddf",True,1,0.00043887147335423197,0.0028292989625903,0.003090312815338,-0.0005042864346949,0.0041603630862329,0.003081567197031676,0.007011197080614595,0.003405173994353194,0.0036580382818022844,0.0054210791729703,0.012634118468668687,1
2024-12-04,15957,15950.0,7.0,0.0004388714733542,8,"cnbc_d98bbf4c,cnbc_cea8ed26,cnbc_619269c7,cnbc_5bce033a,cnbc_e2a95f89,cnbc_9f6f44dc,cnbc_3390c979,cnbc_2ab35bc0",True,0,-0.004073447389860249,0.0004388714733542,0.0028292989625903,0.003090312815338,-0.0041431261770244,0.00318110949051964,0.006846073760923721,0.0029403154961129664,0.00365749059290225,0.0016949152542373724,0.012114677153368003,2
2024-12-05,15892,15957.0,-65.0,-0.0040734473898602,8,"cnbc_762365c8,cnbc_f47251b1,cnbc_4128d969,cnbc_770b1334,cnbc_84a99766,cnbc_2ee5d031,cnbc_c6bc73a5,cnbc_f2688a86",True,0,-0.0027686886483765417,-0.0040734473898602,0.0004388714733542,0.0028292989625903,-0.0005042864346949,-0.0012569130216188995,0.00258026256852828,0.0029137878624094816,0.003667487889641501,0.0017650025214321907,0.0032828282828283317,3
2024-12-06,15848,15892.0,-44.0,-0.0027686886483765,12,"cnbc_f524fd7f,cnbc_0a447b23,cnbc_4a04777e,cnbc_282fd08a,cnbc_32c8cc5e,cnbc_194cb2e5,cnbc_3d58db1f,cnbc_12fdab9f,cnbc_59e38a20,cnbc_c5bd1933,cnbc_962e17a7,cnbc_5d26efde",True,1,0.0008202927814235235,-0.0027686886483765,-0.0040734473898602,0.0004388714733542,0.003090312815338,-0.003921962992759376,-0.0004509575752988937,0.0032388038128459994,0.003562890776719908,-0.0005045408678102659,0.005137312107566405,4
2024-12-09,15861,15848.0,13.0,0.0008202927814235,16,"cnbc_d11007d0,cnbc_2e0b96bf,cnbc_c237b79f,cnbc_5b05eca8,cnbc_316c9af3,cnbc_c69a276c,cnbc_a0b175b1,cnbc_9a9fd482,cnbc_902b3aec,cnbc_1707b350,cnbc_aa0d5b5e,cnbc_ad6dec68,cnbc_341aa13c,cnbc_3c2cce97,cnbc_71f94e1a,cnbc_81906cb0",True,1,0.0008196204526826808,0.0008202927814235,-0.0027686886483765,-0.0040734473898602,0.0028292989625903,-0.0025532021934899785,-0.00023007125905705195,0.002811249219912025,0.003234517486614512,-0.0027664256523105557,0.012124306043009403,0
2024-12-10,15874,15861.0,13.0,0.0008196204526826,6,"cnbc_749f6f3e,cnbc_414c157e,cnbc_a9b48893,cnbc_067e25aa,cnbc_967c994e,cnbc_c63bec26",True,1,0.0019528789215068666,0.0008196204526826,0.0008202927814235,-0.0027686886483765,0.0004388714733542,-0.0007805418471145131,-3.1497055025364595e-05,0.0023053184917360813,0.00323439391323775,-0.004764890282131673,0.012566179753779494,1
2024-12-11,15905,15874.0,31.0,0.0019528789215068,6,"cnbc_3a1861c3,cnbc_1b90e6a9,cnbc_f15d530d,cnbc_1d401d9b,cnbc_15a29e45,cnbc_3004c0f7",True,1,0.002137692549512732,0.0019528789215068,0.0008196204526826,0.0008202927814235,-0.0040734473898602,0.001826656588561404,0.0014986273077601808,0.002612726418507862,0.002999117167893166,-0.0032587579118882326,0.008496607697672909,2
2024-12-12,15939,15905.0,34.0,0.0021376925495127,8,"cnbc_184aa74a,cnbc_9500e504,cnbc_1ef2d687,cnbc_cc2ed57f,cnbc_69f8b989,cnbc_fd922d22,cnbc_b339c4ba,cnbc_32e78f8c",True,1,0.0030114812723508375,0.0021376925495127,0.0019528789215068,0.0008196204526826,-0.0027686886483765,0.003374167474536449,0.0031436744172874675,0.001977328570781357,0.0030231373740767587,0.002957462874402239,0.009948042073248065,3
2024-12-13,15987,15939.0,48.0,0.0030114812723508,3,"cnbc_a41a2360,cnbc_481ab946,cnbc_0645f2fb",True,1,0.0020016263213861263,0.0030114812723508,0.0021376925495127,0.0019528789215068,0.0008202927814235,0.004637659301711672,0.005803803142547137,0.0009371164649428078,0.0028269501302389498,0.008770822816759116,0.007182007182007233,4
2024-12-16,16019,15987.0,32.0,0.0020016263213861,15,"cnbc_455417f6,cnbc_6ca3c9c7,cnbc_b5c85e8a,cnbc_c0692a1e,cnbc_0e3a48ce,cnbc_d3bc05d0,cnbc_ad2e5fc9,cnbc_a46bd42e,cnbc_222fbc13,cnbc_c2ac2dbf,cnbc_138833a5,cnbc_641414fb,cnbc_20cee6f8,cnbc_cebfdacf,cnbc_718eac14",True,1,0.0019352019476871216,0.0020016263213861,0.0030114812723508,0.0021376925495127,0.0008196204526826,0.004653554763935697,0.007401910535616674,0.0007804479365062948,0.0028482186404405045,0.00996154088645107,0.008245216515609277,0
2024-12-17,16050,16019.0,31.0,0.0019352019476871,7,"cnbc_c96fb10e,cnbc_154ec15d,cnbc_1e71db20,cnbc_463ce231,cnbc_30190f07,cnbc_88836df5,cnbc_57aad94d",True,1,0.003115264797507788,0.0019352019476871,0.0020016263213861,0.0030114812723508,0.0019528789215068,0.004380475594493172,0.008710735698932881,0.0004562402545391914,0.002780177719490893,0.011087312586619547,0.012746087834426989,1
2024-12-18,16100,16050.0,50.0,0.0031152647975077,8,"cnbc_dfc8ac45,cnbc_e686a9f1,cnbc_622b80b3,cnbc_ebfcf98d,cnbc_71f2d94f,cnbc_5c811974,cnbc_58534139,cnbc_29173580",True,1,0.010993788819875776,0.0031152647975077,0.0019352019476871,0.0020016263213861,0.0021376925495127,0.005056495411698503,0.010950921786306411,0.000574664123801953,0.0027589587119569736,0.012260295504558316,0.01795649974709157,2
2024-12-19,16277,16100.0,177.0,0.0109937888198757,3,"cnbc_10370098,cnbc_37acb89d,cnbc_e1379403",True,0,-0.00043005467838053694,0.0109937888198757,0.0031152647975077,0.0019352019476871,0.0030114812723508,0.011835937985652523,0.0207223506024814,0.003831001588904403,0.003554491238398049,0.021205847292803837,0.026421995207466242,3
2024-12-20,16270,16277.0,-7.0,-0.0004300546783805,3,"cnbc_6f82f4a2,cnbc_1b3e9802,cnbc_f48921a6",True,0,-0.006822372464658881,-0.0004300546783805,0.0109937888198757,0.0031152647975077,0.0020016263213861,0.007854700431141337,0.019235166432269635,0.004371534492167783,0.003445472230788091,0.017701882779758593,0.020574582862877833,4
2024-12-23,16159,16270.0,-111.0,-0.0068223724646588,12,"cnbc_6347858e,cnbc_09a9285b,cnbc_1ee617d0,cnbc_80ca0133,cnbc_88eca7a0,cnbc_255979aa,cnbc_05fa4d29,cnbc_9ed2cd81,cnbc_32a29355,cnbc_19d6e624,cnbc_cf5f18f4,cnbc_67d88e81",True,1,0.003032365864224271,-0.0068223724646588,-0.0004300546783805,0.0109937888198757,0.0019352019476871,-0.0007544276244187964,0.011495835771986096,0.00643396723696568,0.0038190803435759735,0.008739621699232147,0.01558670102444859,0
2024-12-24,16208,16159.0,49.0,0.0030323658642242,5,"cnbc_43c5bb89,cnbc_bee29de5,cnbc_f58de09a,cnbc_d8a6cf77,cnbc_ba80cb4c",True,1,0.002653010858835143,0.0030323658642242,-0.0068223724646588,-0.0004300546783805,0.0031152647975077,0.00032093218456075157,0.01347189785243752,0.006460162329376988,0.003744854596536977,0.00984423676012458,0.021684316691880978,1
2024-12-27,16251,16208.0,43.0,0.0026530108588351,9,"cnbc_6af8baa7,cnbc_4713d2f4,cnbc_b0801c22,cnbc_f6d3d1d7,cnbc_f64b98ef,cnbc_5dd910ec,cnbc_09307954,cnbc_ef5142fc,cnbc_38e1abc9",True,0,-0.005476586056242693,0.0026530108588351,0.0030323658642242,-0.0068223724646588,0.0109937888198757,0.0011088523378304238,0.015141861249578392,0.006443099713425038,0.003694422997567705,0.009378881987577747,0.020150659133709947,4
2024-12-30,16162,16251.0,-89.0,-0.0054765860562426,9,"cnbc_bcc31d88,cnbc_f16b1f78,cnbc_db1afd10,cnbc_9716f177,cnbc_ae63dd28,cnbc_54f07709,cnbc_c290acd3,cnbc_dcb829a0,cnbc_7179caf9",True,0,-0.0003093676525182527,-0.0054765860562426,0.0026530108588351,0.0030323658642242,-0.0004300546783805,-0.0029611351017889698,0.008643554778918539,0.004556145692746693,0.003802657963299522,-0.007065184001965985,0.018784669692385236,0
2024-12-31,16157,16162.0,-5.0,-0.0003093676525182,6,"cnbc_8bab9075,cnbc_2b7efdb7,cnbc_374ada17,cnbc_590290fe,cnbc_8b5b28a3,cnbc_36a3c39f",True,1,0.004889521569598316,-0.0003093676525182,-0.0054765860562426,0.0026530108588351,-0.0068223724646588,-0.001878003879560608,0.0073853309681986,0.004562941287030509,0.0037990154751475916,-0.006945298094652719,0.01898335015136232,1
