trading_date,usd_idr_rate,previous_rate,rate_change,daily_return,geopolitical_news_count,article_ids,has_geopolitical_news,target_up,next_return,return_lag1,return_lag2,return_lag3,return_lag5,sma5_ratio,sma20_ratio,volatility_5d,volatility_20d,momentum_5d,momentum_20d,day_of_week,vader_compound_mean,vader_compound_min,vader_compound_max,vader_compound_std,vader_pos_mean,vader_neg_mean,lm_polarity_mean,lm_polarity_min,lm_polarity_max,lm_uncertainty_mean,lm_pos_ratio_mean,lm_neg_ratio_mean,news_volume,tfidf_airlines,tfidf_bank,tfidf_biden,tfidf_billion,tfidf_boeing,tfidf_china,tfidf_chinese,tfidf_covid,tfidf_deal,tfidf_election,tfidf_eu,tfidf_europe,tfidf_india,tfidf_israel,tfidf_military,tfidf_minister,tfidf_new,tfidf_oil,tfidf_putin,tfidf_russia,tfidf_russian,tfidf_say,tfidf_says,tfidf_taiwan,tfidf_trump,tfidf_uk,tfidf_ukraine,tfidf_war,tfidf_world,tfidf_year
2021-09-29,14307,14269.0,38.0,0.0026631158455392,11,"cnbc_af8a048e,cnbc_4d35303b,cnbc_3e1a16f7,cnbc_14683601,cnbc_ad36edb1,cnbc_313759b1,cnbc_fa991ecf,cnbc_730ef984,cnbc_afa7e946,cnbc_60f476ed,cnbc_2c679b9d",True,1,0.000978541972461033,0.0026631158455392,0.0007714967036049,0.0005614035087719,0.0004912625447399,0.0027333894028596095,0.0037781122067752637,0.001130698358371834,0.0018852998725449946,0.00407046108498843,0.0016101932231866734,2,-0.05291818181818182,-0.7269,0.3818,0.3432838936454252,0.07409090909090908,0.10063636363636363,-0.38971290147760734,-1.0,0.5,0.007454875957670004,0.009102717769599927,0.0229854761888265,11,0.27677059452162206,0.0,0.0,0.0,0.0,0.36937681809504214,0.0,0.28730702816229475,0.31733327314067833,0.32895936370741163,0.2844454235164195,0.4722439444062826,0.0,0.0,0.0,0.0,0.0,0.0,0.0,0.0,0.0,0.0,0.15186668896814728,0.0,0.3203275015920359,0.25671397534130397,0.0,0.0,0.0,0.0
2021-09-30,14321,14307.0,14.0,0.000978541972461,10,"cnbc_caa55c89,cnbc_7e32a51b,cnbc_4648e2a0,cnbc_854e061a,cnbc_5d582dc6,cnbc_31360ea8,cnbc_17fbf44f,cnbc_36faa9b8,cnbc_955bbd52,cnbc_b35e3177",True,0,-0.0004189651560645206,0.000978541972461,0.0026631158455392,0.0007714967036049,-0.0004208754208754,0.002800924305020658,0.004619383170292757,0.0011169201538433755,0.0018943171181677507,0.004559483726150448,0.002800924305020658,3,-0.02209000000000001,-0.6908,0.5719,0.3841483031041238,0.094,0.10369999999999999,-0.41764705882352937,-0.8823529411764706,0.45454545454545453,0.0047785951695103615,0.007466247177506449,0.02191276314737438,10,0.0,0.0,0.0,0.0,0.34120097891821644,0.3623492779349701,0.0,0.0,0.0,0.35287668932857935,0.30512631777345045,0.5065789214189318,0.0,0.0,0.3119765960584695,0.0,0.0,0.0,0.0,0.0,0.0,0.0,0.42509912371301767,0.0,0.0,0.0,0.0,0.0,0.0,0.0
2021-10-01,14315,14321.0,-6.0,-0.0004189651560645,17,"cnbc_58f70585,cnbc_1c6378f0,cnbc_92b1e97e,cnbc_5602ee25,cnbc_de5f54fb,cnbc_cc8183d8,cnbc_34c0e0e3,cnbc_3954880f,cnbc_2a4e5f2c,cnbc_f0e33ff4,cnbc_3a7f2c9a,cnbc_d812ec1b,cnbc_dd6decee,cnbc_488abaa1,cnbc_45399b92,cnbc_87b5f2c2,cnbc_4a22d311",True,0,-0.002724414949353825,-0.0004189651560645,0.000978541972461,0.0026631158455392,0.0005614035087719,0.0014691478942212566,0.0040083182246972715,0.0011163509726630823,0.0018647490588460023,0.004561403508771988,0.0037865507327676795,4,-0.034758823529411766,-0.5574,0.6369,0.2766113565519851,0.0618235294117647,0.08229411764705882,-0.49770166145974787,-1.0,0.2,0.009686535781952681,0.006980944172224479,0.02431837959679388,17,0.0,0.0,0.0,0.35513438196879,0.0,0.3386197818907564,0.2973302920993795,0.3274942626795525,0.36172044580890017,0.3749727424281365,0.32423238945084776,0.3179282591606918,0.0,0.0,0.0,0.0,0.0,0.0,0.0,0.0,0.0,0.0,0.2930992332739115,0.0,0.0,0.0,0.0,0.0,0.0,0.0
2021-10-04,14276,14315.0,-39.0,-0.0027244149493538,19,"cnbc_949b2aca,cnbc_314d99be,cnbc_238e28cb,cnbc_d10978a6,cnbc_5368eff0,cnbc_e37ad8ba,cnbc_1dc2304e,cnbc_183c0541,cnbc_0425af07,cnbc_1cd15f65,cnbc_3f3876fa,cnbc_7d264fa2,cnbc_45373648,cnbc_b8c0a94c,cnbc_ad9c343f,cnbc_5644387b,cnbc_cdd887d8,cnbc_7c3d1f02,cnbc_3f272e6c",True,0,-0.0011207621182404036,-0.0027244149493538,-0.0004189651560645,0.000978541972461,0.0007714967036049,-0.0015107430617726791,0.0011430815515052206,0.0019950213511991024,0.001939775458878332,0.0012624491513535396,0.0025984970854695533,0,-0.04028947368421053,-0.5423,0.6705,0.3951038328995681,0.08747368421052631,0.11894736842105262,-0.429258258459256,-1.0,0.5555555555555556,0.004285684003100063,0.007905190927641565,0.022465220609128016,19,0.3555014814047077,0.0,0.3837777673915146,0.0,0.0,0.1818210393804979,0.19788299176952834,0.4574095396492586,0.24073673588881558,0.0,0.0,0.21159160960891185,0.0,0.0,0.0,0.0,0.16263562101271634,0.0,0.0,0.0,0.0,0.2215403326164691,0.24178062309613138,0.24652286097944617,0.2430082303865441,0.0,0.0,0.18624779801498562,0.23165703910578253,0.0
2021-10-05,14260,14276.0,-16.0,-0.0011207621182404,9,"cnbc_e7dbd996,cnbc_a76c32a2,cnbc_6baede27,cnbc_2834632f,cnbc_74c78fa6,cnbc_98659e67,cnbc_888df2a3,cnbc_34c9a244,cnbc_8a82392a",True,0,-0.0010518934081346423,-0.0011207621182404,-0.0027244149493538,-0.0004189651560645,0.0026631158455392,-0.0025042320121992923,-0.00020682958294049314,0.002050994233019291,0.0018135042439623127,-0.0006307379634171717,0.0045790771398379615,1,-0.23197777777777778,-0.6486,0.296,0.35863002097488217,0.021777777777777778,0.11455555555555558,-0.7278247465603788,-1.0,-0.14285714285714285,0.004509565772924769,0.004556029971326029,0.028629937779889463,9,0.2871897791758813,0.0,0.0,0.5473675141498149,0.0,0.1468830564162114,0.2706641549938396,0.0,0.32927946263927016,0.0,0.0,0.49002183322835685,0.0,0.0,0.0,0.0,0.0,0.0,0.0,0.0,0.0,0.0,0.0,0.0,0.0,0.26637811728901745,0.0,0.0,0.0,0.3218283008107522
2021-10-06,14245,14260.0,-15.0,-0.0010518934081346,11,"cnbc_f24ab055,cnbc_f5862365,cnbc_a9a5a5a9,cnbc_1ac7ff59,cnbc_043edbb9,cnbc_f91c9bad,cnbc_8139d76e,cnbc_e974f124,cnbc_837ee474,cnbc_380458b0,cnbc_ed596aac",True,0,-0.0004914004914004914,-0.0010518934081346,-0.0011207621182404,-0.0027244149493538,0.000978541972461,-0.0026884355265552884,-0.00118497535391493,0.0013374724510187706,0.001442377137583126,-0.0043335430208988335,-0.0014720314033366266,2,0.10134545454545457,-0.4215,0.5106,0.26561360041848897,0.07,0.01790909090909091,-0.4335047305635541,-1.0,0.0,0.008884684759362793,0.008432473950269718,0.018949457607851397,11,0.2431668979173429,0.0,0.2117899519927462,0.0,0.0,0.2609993269392083,0.0,0.4273910954679602,0.0,0.0,0.0,0.24505083900463018,0.0,0.0,0.25552053363624233,0.24457675962627956,0.18835338251298325,0.27560410107970673,0.0,0.0,0.0,0.43441545409129495,0.28001367660220217,0.28550581012400744,0.0,0.0,0.0,0.0,0.0,0.0
2021-10-07,14238,14245.0,-7.0,-0.0004914004914004,12,"cnbc_9e9e9456,cnbc_2d8eaba2,cnbc_90405e54,cnbc_d179a801,cnbc_b551c00e,cnbc_b44e5d01,cnbc_bae0c00c,cnbc_43479f7f,cnbc_292bd556,cnbc_c6b06891,cnbc_6ec8eaf9,cnbc_fda4327c",True,0,-0.0009130495856159573,-0.0004914004914004,-0.0010518934081346,-0.0011207621182404,-0.0004189651560645,-0.0020186727226847445,-0.0015567804098119975,0.000929619231724996,0.0014403772906977565,-0.005795684658892575,-0.002382286995515681,3,-0.10775833333333334,-0.6369,0.6908,0.3975390831748687,0.09033333333333333,0.14733333333333334,-0.6268159376855029,-1.0,0.3333333333333333,0.009016591178869486,0.004817838717800515,0.02769942598705602,12,0.0,0.0,0.20628231655945262,0.0,0.27218908588055885,0.25421199294346997,0.0,0.2458597330860602,0.0,0.0,0.24341094734304214,0.23867824827895473,0.2741166289780241,0.0,0.24887567663642934,0.0,0.1834552192443843,0.0,0.23414960948112157,0.0,0.0,0.0,0.38284517404807444,0.4708323670132187,0.0,0.21968007486827476,0.0,0.0,0.0,0.0
2021-10-08,14225,14238.0,-13.0,-0.0009130495856159,8,"cnbc_199b44e6,cnbc_f08a6f24,cnbc_9abceb11,cnbc_c0a52491,cnbc_33666dc8,cnbc_b180ad96,cnbc_b41b7f8b,cnbc_dce9348b",True,0,-0.001054481546572935,-0.0009130495856159,-0.0004914004914004,-0.0010518934081346,-0.0027244149493538,-0.0016703160967940223,-0.002468408577719905,0.0008541554333712241,0.001250000210264379,-0.006287111421585778,0.0,4,0.28350000000000003,0.0,0.7184,0.29286873217486753,0.1585,0.039,-0.7186147186147186,-1.0,-0.14285714285714285,0.004264854505314535,0.003975688607992111,0.02113283626839447,8,0.3321790415524968,0.0,0.4898553288250273,0.0,0.0,0.16989279019834982,0.3130646217510682,0.0,0.0,0.0,0.0,0.3347526062526115,0.0,0.0,0.0,0.0,0.0,0.0,0.0,0.23262926851429616,0.0,0.35049217627535795,0.3086096608338707,0.0,0.0,0.0,0.0,0.0,0.0,0.37224380621955755
2021-10-11,14210,14225.0,-15.0,-0.0010544815465729,22,"cnbc_77d06615,cnbc_af7c2c85,cnbc_fb7676b8,cnbc_cbd5ea39,cnbc_8675fef7,cnbc_99d456ef,cnbc_af990b0c,cnbc_48d00128,cnbc_8f35edf5,cnbc_fb69ac12,cnbc_ce57e741,cnbc_48cac497,cnbc_c34823c1,cnbc_0fd0e096,cnbc_d35c4673,cnbc_35a9e07c,cnbc_8ee0264a,cnbc_0f310961,cnbc_58e096b8,cnbc_c7a26da1,cnbc_107f214d,cnbc_8ede58bc",True,1,0.0004926108374384236,-0.0010544815465729,-0.0009130495856159,-0.0004914004914004,-0.0011207621182404,-0.0017983084660990745,-0.0033455606444238173,0.00025462368459244056,0.0011270144387950892,-0.004623143737741642,-0.003506311360448766,0,-0.05706363636363636,-0.6808,0.9001,0.4025827670541852,0.09445454545454544,0.11113636363636363,-0.45090678857109767,-1.0,1.0,0.0063599634796884606,0.007034844444298609,0.025439366183261505,22,0.42834299958112093,0.0,0.3009920820799964,0.22976019404503548,0.0,0.27240128455125573,0.0,0.2118779514524801,0.2340211594224449,0.0,0.20976762740606497,0.20568906370653917,0.0,0.0,0.0,0.0,0.15809874821250103,0.0,0.0,0.14293927974778656,0.0,0.21536025777837614,0.2672551327865482,0.4057557378269975,0.0,0.0,0.0,0.18105224144716514,0.0,0.22872556790216741
2021-10-12,14217,14210.0,7.0,0.0004926108374384,8,"cnbc_f88ed42f,cnbc_6085d462,cnbc_a7881543,cnbc_6f884c93,cnbc_3e5cf21d,cnbc_94a4f703,cnbc_818132be,cnbc_589c77c1",True,1,0.00028135330941830204,0.0004926108374384,-0.0010544815465729,-0.0009130495856159,-0.0010518934081346,-0.0007028888732690808,-0.0027147035922473473,0.0006546539382617166,0.0011367733463075846,-0.003015427769985979,-0.0028056393350635034,1,-0.1687875,-0.9001,0.5267,0.4398212118496073,0.07225,0.16975,-0.6052655677655678,-0.9230769230769231,0.0,0.005774971888251258,0.005163460210537499,0.027778718832863737,8,0.3951710624113709,0.0,0.0,0.0,0.0,0.42415058216632245,0.0,0.0,0.0,0.0,0.0,0.0,0.0,0.0,0.41524698307940505,0.0,0.0,0.0,0.3906766633056519,0.2767433934336473,0.0,0.0,0.21683416523409452,0.4639761220693536,0.0,0.0,0.0,0.0,0.0,0.0
2021-10-13,14221,14217.0,4.0,0.0002813533094183,10,"cnbc_7ba72ea9,cnbc_139a6f2c,cnbc_b5900f15,cnbc_2fc63941,cnbc_082555e5,cnbc_4900aa69,cnbc_93d4d1f2,cnbc_d53b793a,cnbc_cd28b95d,cnbc_b892b9d7",True,0,-0.0046410238379860766,0.0002813533094183,0.0004926108374384,-0.0010544815465729,-0.0004914004914004,-8.437513183623402e-05,-0.0023256384982618394,0.0006966109680370067,0.0011393858835365134,-0.0016848016848016734,-0.0021751333146224905,2,-0.05665,-0.7096,0.5106,0.4364262474284108,0.0916,0.1353,-0.3642913165266107,-1.0,1.0,0.0035664098660187654,0.0075383605011220215,0.022783123012682448,10,0.280243875015608,0.0,0.2440827157979042,0.0,0.0,0.0,0.0,0.4925577361348757,0.0,0.0,0.0,0.2824150708285429,0.0,0.0,0.2944811366414581,0.0,0.0,0.0,0.0,0.0,0.0,0.29569380772187237,0.2603594941304218,0.0,0.0,0.545503958520007,0.0,0.0,0.0,0.0
2021-10-14,14155,14221.0,-66.0,-0.004641023837986,20,"cnbc_3a6209b4,cnbc_f629984a,cnbc_1c28132f,cnbc_369d06a6,cnbc_d5cf3098,cnbc_255344f0,cnbc_4e9b0ee0,cnbc_600e6402,cnbc_d8460acd,cnbc_1adf5d90,cnbc_11f35c51,cnbc_43460038,cnbc_500b7c78,cnbc_9708b82f,cnbc_f1901674,cnbc_0c86df09,cnbc_46d4bbbe,cnbc_adc1584d,cnbc_ebbff6da,cnbc_99045815",True,0,-0.005015895443306252,-0.004641023837986,0.0002813533094183,0.0004926108374384,-0.0009130495856159,-0.0035619755589345603,-0.00666666666666671,0.0020614332543999136,0.0015179369991740112,-0.00582947043124038,-0.00582947043124038,3,-0.13255,-0.875,0.4939,0.35560340786360656,0.04185,0.0912,-0.5912080974580974,-1.0,0.6666666666666666,0.006556685445732365,0.004909738640997881,0.018235783376602057,20,0.0,0.0,0.15716700833585334,0.0,0.20738153925660768,0.24082977410215195,0.0,0.48880288476469175,0.0,0.0,0.0,0.0,0.0,0.0,0.18961899496235046,0.0,0.0,0.2045227908322733,0.4257129283704994,0.3015620114827648,0.0,0.0,0.2764273846420419,0.3587283475645318,0.0,0.28339015988536054,0.0,0.0,0.0,0.0
2021-10-15,14084,14155.0,-71.0,-0.0050158954433062,13,"cnbc_015c30f8,cnbc_da96addf,cnbc_b51f7092,cnbc_310e0d3b,cnbc_16fb5ff8,cnbc_cacf9dd5,cnbc_5fbf2bad,cnbc_da258dba,cnbc_40258e2c,cnbc_c217220a,cnbc_d9cfdd87,cnbc_9fb19fab,cnbc_1027c042",True,1,0.0008520306731042318,-0.0050158954433062,-0.004641023837986,0.0002813533094183,-0.0010544815465729,-0.006587949835653917,-0.011132135748163074,0.0026637162132568254,0.0018497482602362549,-0.009912126537785615,-0.010468629241902616,4,0.03696153846153846,-0.7579,0.4767,0.3714268019822603,0.08561538461538462,0.08507692307692308,-0.3141124652913174,-1.0,1.0,0.0034939826785018446,0.007494835892836948,0.02058388854207531,13,0.20589829231965864,0.0,0.17933028639692503,0.39243052715215987,0.0,0.2209976611686279,0.0,0.0,0.0,0.24472314823396502,0.0,0.35131702441011015,0.0,0.23230214972671523,0.0,0.2070920737132742,0.2700327415764949,0.0,0.20355654923952587,0.0,0.0,0.2172495297391966,0.0,0.24174819539728654,0.0,0.19097754668889189,0.0,0.18264054249554998,0.0,0.3906633851790315
2021-10-18,14096,14084.0,12.0,0.0008520306731042,14,"cnbc_7b32cf77,cnbc_fbdf2ff5,cnbc_b0379c94,cnbc_9aa47c79,cnbc_c308d1ef,cnbc_909520b6,cnbc_fa675bb1,cnbc_3f7dffcb,cnbc_3754ad47,cnbc_9295ee10,cnbc_beff009d,cnbc_d5b431f4,cnbc_662c204c,cnbc_73f51576",True,0,-0.0011350737797956867,0.0008520306731042,-0.0050158954433062,-0.004641023837986,0.0004926108374384,-0.0041399968914699325,-0.009750751678983871,0.002951564890528629,0.0018309484561240448,-0.008022519352568591,-0.010876429724229864,0,0.0027071428571428524,-0.6249,0.5719,0.2959808295878577,0.046285714285714284,0.06057142857142857,-0.3559464811565652,-1.0,1.0,0.0065711110094432605,0.008873024391284245,0.024113148928136655,14,0.2967807693847117,0.3274421283180175,0.0,0.0,0.34107144481260593,0.31854492417072394,0.0,0.0,0.0,0.0,0.0,0.29908008516391227,0.0,0.0,0.0,0.0,0.0,0.0,0.0,0.2078394018129666,0.0,0.31314238626305313,0.34175159156939033,0.348454640488158,0.34348678746701167,0.0,0.0,0.0,0.0,0.0
2021-10-19,14080,14096.0,-16.0,-0.0011350737797956,9,"cnbc_2701c342,cnbc_0e47da4e,cnbc_37c90418,cnbc_27710f14,cnbc_d1f4071a,cnbc_9be55472,cnbc_b72fd813,cnbc_927114e9,cnbc_9b3e9279",True,1,0.0037642045454545454,-0.0011350737797956,0.0008520306731042,-0.0050158954433062,0.0002813533094183,-0.0033410725409139808,-0.010304640602814441,0.00274472548420766,0.0018356063644617486,-0.009636350847576858,-0.011513619769727645,1,0.021977777777777777,-0.6369,0.6369,0.4347587370536036,0.12311111111111112,0.11222222222222222,-0.37423574368018814,-0.8518518518518519,0.1111111111111111,0.005395504836694379,0.010255050915160512,0.026723475458373287,9,0.0,0.0,0.0,0.0,0.0,0.40165384419661465,0.0,0.3884573099158591,0.0,0.0,0.0,0.0,0.0,0.0,0.0,0.3763810307753299,0.0,0.0,0.0,0.2620650601513339,0.3489343473241627,0.0,0.20533338790818034,0.4393670570786038,0.0,0.34709356369297606,0.0,0.0,0.0,0.0
2021-10-21,14133,14080.0,53.0,0.0037642045454545,23,"cnbc_de858374,cnbc_1fefeb50,cnbc_a87be585,cnbc_113bdc02,cnbc_0dcf3713,cnbc_123e56da,cnbc_b1309bc1,cnbc_0a21f0c1,cnbc_4d7cb680,cnbc_7c490980,cnbc_f5f86498,cnbc_4852f3a0,cnbc_a86df70d,cnbc_b36ac704,cnbc_e8e84cbd,cnbc_5a65ee4e,cnbc_6f7a7327,cnbc_6e32dc2b,cnbc_24ad274b,cnbc_248ee209,cnbc_754a4217,cnbc_c0b0724e,cnbc_f9da9dca",True,1,0.0020519351871506404,0.0037642045454545,-0.0011350737797956,0.0008520306731042,-0.004641023837986,0.0016584453138288602,-0.0061740549054905,0.0037166482544939753,0.0020701335523559887,-0.006188031783981418,-0.00814092216997686,3,-0.0011217391304347846,-0.6808,0.5256,0.30439118216311084,0.07247826086956521,0.08282608695652174,-0.43163642268501606,-1.0,0.7142857142857143,0.0073905193308639585,0.006901959656501267,0.02351410702414176,23,0.31473917631192555,0.0,0.0,0.20925286818547204,0.0,0.1609731806030057,0.0,0.40496231176750946,0.0,0.0,0.19104474502043958,0.18733021493941243,0.0,0.0,0.0,0.18696780282849906,0.3021741248902112,0.0,0.31115955318891836,0.13018118472570198,0.17333362448209547,0.0,0.28475848117083447,0.0,0.0,0.44991723029953556,0.0,0.0,0.20509491377339725,0.0
2021-10-22,14162,14133.0,29.0,0.0020519351871506,13,"cnbc_2032c824,cnbc_5b8cee4b,cnbc_0abd749d,cnbc_578108e8,cnbc_736ac16d,cnbc_f2a85768,cnbc_9d48fc44,cnbc_10eeae12,cnbc_06aae36e,cnbc_8b86ee05,cnbc_a921b6c0,cnbc_b835af04,cnbc_d6575676",True,1,0.0014828414065809915,0.0020519351871506,0.0037642045454545,-0.0011350737797956,-0.0050158954433062,0.003614201686627405,-0.0038055444179486697,0.003372674395464923,0.002134183314544163,0.0004945249028611709,-0.0065937149270483,4,0.020184615384615377,-0.6369,0.8225,0.3834719543116416,0.11223076923076923,0.08038461538461537,-0.6600905326316138,-1.0,1.0,0.008866520294958382,0.004026146554989532,0.026615382594860307,13,0.46522888668353146,0.0,0.2393166189068588,0.309305247735613,0.0,0.29492181225951863,0.25896061977232865,0.2852320112981711,0.0,0.0,0.28239107401270336,0.0,0.0,0.0,0.0,0.4679262455709624,0.0,0.0,0.27164661418388364,0.0,0.0,0.0,0.15076986254269165,0.0,0.0,0.0,0.0,0.0,0.0,0.0
2021-10-25,14183,14162.0,21.0,0.0014828414065809,11,"cnbc_e34d3567,cnbc_77383de0,cnbc_0ee4fe2a,cnbc_e2e3686f,cnbc_eb11601a,cnbc_37edb02f,cnbc_cfaa9b4e,cnbc_b0c249b1,cnbc_01295257,cnbc_2d84a915,cnbc_3c97d9ea",True,0,-0.001269125008813368,0.0014828414065809,0.0020519351871506,0.0037642045454545,0.0008520306731042,0.0036940583689528683,-0.0020931909728940656,0.0017852285545334895,0.002171968125076016,0.007029253053109974,-0.004701754385964874,0,-0.17866363636363636,-0.8807,0.6486,0.5195692682842727,0.09327272727272727,0.1860909090909091,-0.6808080808080809,-1.0,0.0,0.0082805758410318,0.00324474620990429,0.021738729139943676,11,0.0,0.0,0.0,0.0,0.0,0.3059823621978701,0.0,0.3667965678930073,0.0,0.4199728992218968,0.0,0.0,0.0,0.0,0.0,0.0,0.0,0.0,0.0,0.2474520678964817,0.0,0.3728250290893449,0.19388380662698207,0.0,0.0,0.3277393027509582,0.0,0.3134320504653856,0.389850197132657,0.0
2021-10-26,14165,14183.0,-18.0,-0.0012691250088133,11,"cnbc_2eaf73c8,cnbc_f8bb763d,cnbc_1135c7ae,cnbc_e4ed400d,cnbc_f8ce63b3,cnbc_27cae0dc,cnbc_43b7c0e8,cnbc_49a3414c,cnbc_1d8b0ca1,cnbc_281c9239,cnbc_8d925fd4",True,1,0.0013413342746205436,-0.0012691250088133,0.0014828414065809,0.0020519351871506,-0.0011350737797956,0.0014422465110359717,-0.0030334809017391606,0.0021613528420313813,0.0021752802861955307,0.004895005675368935,-0.006522653948660362,1,-0.05996363636363636,-0.5719,0.25,0.23548185608546265,0.029363636363636366,0.048363636363636366,-0.24760592942411125,-1.0,0.3333333333333333,0.005631733383352929,0.0073311499293477415,0.01629691401529862,11,0.0,0.0,0.0,0.3827976186870314,0.0,0.29447696818516617,0.0,0.0,0.0,0.4041812906942103,0.0,0.0,0.0,0.0,0.3573347491476992,0.34203034020283435,0.0,0.0,0.0,0.0,0.0,0.0,0.3159302343925355,0.39926790066159457,0.0,0.31541581526457757,0.0,0.0,0.0,0.0
2021-10-27,14184,14165.0,19.0,0.0013413342746205,12,"cnbc_2bf49f72,cnbc_489d8a27,cnbc_44305693,cnbc_278cecfa,cnbc_2e19f4b6,cnbc_ba690ec3,cnbc_2481c0db,cnbc_b4798434,cnbc_5c119c6c,cnbc_3bb538b9,cnbc_a739c889,cnbc_85717d13",True,1,0.0010575296108291032,0.0013413342746205,-0.0012691250088133,0.0014828414065809,0.0037642045454545,0.001313058579355264,-0.0013975084220123613,0.0018111777132774826,0.002194047626467628,0.00738636363636358,-0.0059569696544957695,2,-0.09161666666666668,-0.4939,0.2023,0.23945627740336814,0.04158333333333333,0.08116666666666666,-0.4846287971287971,-1.0,0.45454545454545453,0.0053013165015865504,0.007456135969596063,0.027758112773795567,12,0.0,0.0,0.3080568051278107,0.0,0.0,0.30628613859787884,0.0,0.3671607200622034,0.0,0.0,0.0,0.35643607190694954,0.0,0.0,0.3716646540400088,0.0,0.0,0.0,0.0,0.0,0.0,0.0,0.19407629263948972,0.0,0.4093588552028796,0.3280646792361122,0.0,0.31374322284556405,0.0,0.0
2021-10-28,14199,14184.0,15.0,0.0010575296108291,7,"cnbc_192fc409,cnbc_659dbca7,cnbc_3d5ee2fb,cnbc_403b93eb,cnbc_26667336,cnbc_eb37d277,cnbc_db946fb8",True,0,-0.0019719698570321853,0.0010575296108291,0.0013413342746205,-0.0012691250088133,0.0020519351871506,0.0014387880326689473,3.8736622659518716e-05,0.0012831543688041677,0.0021077367747484106,0.004669921460411786,-0.007548752358985111,3,-0.12644285714285713,-0.7269,0.4939,0.40188451432861017,0.06285714285714286,0.14042857142857143,-0.27731511959622557,-0.8709677419354839,0.625,0.0032375319516488627,0.012100662127030764,0.028034528986392266,7,0.2846196455326497,0.3140246003389849,0.0,0.0,0.0,0.0,0.26824191332227754,0.5002486075931716,0.0,0.0,0.29251212815638555,0.28682474272745934,0.0,0.0,0.0,0.2862698468687872,0.22046205065273164,0.0,0.0,0.0,0.0,0.0,0.0,0.0,0.0,0.44698109035346123,0.0,0.0,0.0,0.0
2021-10-29,14171,14199.0,-28.0,-0.0019719698570321,6,"cnbc_43207703,cnbc_bc733ea8,cnbc_afe2630f,cnbc_36003324,cnbc_3fa21777,cnbc_b8fb2b6e",True,1,0.004516265612871357,-0.0019719698570321,0.0010575296108291,0.0013413342746205,0.0014828414065809,-0.0006628868015006173,-0.0014058255437444656,0.001622777881637997,0.0021111427251259813,0.0006355034599632159,-0.010474128901613033,4,0.20206666666666664,0.0,0.4576,0.18603641220649966,0.11266666666666668,0.0,-0.003703703703703709,-0.5555555555555556,0.3333333333333333,0.010071474585371906,0.008909488030996924,0.00929550057507064,6,0.0,0.0,0.0,0.0,0.0,0.16562723433556648,0.0,0.0,0.3712997812756878,0.0,0.0,0.5525549575417145,0.0,0.36536716287695,0.0,0.0,0.0,0.0,0.0,0.38398642216956375,0.0,0.34169225041843615,0.0,0.0,0.0,0.0,0.0,0.0,0.0,0.3628977548176656
2021-11-01,14235,14171.0,64.0,0.0045162656128713,19,"cnbc_5a2bb190,cnbc_06854759,cnbc_dd421ca3,cnbc_d1e0ddbe,cnbc_be1570cf,cnbc_e6ad4b7b,cnbc_04e5f300,cnbc_e710964b,cnbc_f7ff5bac,cnbc_dcff6dcf,cnbc_4d86fc78,cnbc_138b37ef,cnbc_5f8a3576,cnbc_e4513d09,cnbc_06d84ff9,cnbc_0e64a099,cnbc_12db6dab,cnbc_ce770043,cnbc_6d67d031",True,1,0.0018264840182648401,0.0045162656128713,-0.0019719698570321,0.0010575296108291,-0.0012691250088133,0.0031146940271162826,0.0033869154398935564,0.0025550850724079866,0.0023936214455831505,0.0036663611365719273,-0.005588543485854025,0,-0.0012736842105263216,-0.6542,0.6249,0.32205789307394417,0.09052631578947368,0.07694736842105263,-0.3548502159582492,-1.0,1.0,0.003925293292733216,0.009680690293890142,0.02291796911138892,19,0.27175801420124046,0.0,0.23669182472726621,0.30591282719381246,0.0,0.13899048861008578,0.0,0.2821036229459175,0.0,0.0,0.27929384469857066,0.2738634656139872,0.0,0.0,0.0,0.2733336448549211,0.21049962654544482,0.0,0.0,0.0,0.0,0.0,0.14911623790321749,0.31907505777612255,0.3145260640031456,0.0,0.0,0.0,0.29983419323973276,0.3045352804443901
2021-11-02,14261,14235.0,26.0,0.0018264840182648,9,"cnbc_e1613e66,cnbc_653aa139,cnbc_3112ec89,cnbc_812d02de,cnbc_e2fe49a8,cnbc_8eabc291,cnbc_b39b58e7,cnbc_56f1e609,cnbc_f7e507b2",True,1,0.0028048523946427317,0.0018264840182648,0.0045162656128713,-0.0019719698570321,0.0013413342746205,0.003589021815622706,0.005272729836037771,0.002311563082126946,0.0023649013406253205,0.006777267913872231,-0.001050714485850368,1,0.1781777777777778,0.0,0.4404,0.17560589951492075,0.11477777777777777,0.012666666666666666,-0.5145447145447145,-0.9090909090909091,0.23076923076923078,0.004792050928314206,0.0068131177267970085,0.02806009379461918,9,0.3672653565998313,0.0,0.3198754144131783,0.0,0.0,0.0,0.0,0.38124685295431415,0.0,0.0,0.0,0.0,0.0,0.0,0.0,0.0,0.0,0.0,0.0,0.0,0.0,0.0,0.20152203587930273,0.0,0.0,0.0,0.0,0.3257799917304628,0.6860779695130783,0.0
2021-11-03,14301,14261.0,40.0,0.0028048523946427,7,"cnbc_f1924078,cnbc_3710875e,cnbc_52832c25,cnbc_ae231a4c,cnbc_436e4487,cnbc_051d13f7,cnbc_77ad791b",True,1,0.001818054681490805,0.0028048523946427,0.0018264840182648,0.0045162656128713,0.0010575296108291,0.004749392274509212,0.007946716473137938,0.0024005176175047843,0.002433264921262688,0.008248730964466988,0.0028751753155680237,2,-0.1979,-0.8442,0.0772,0.33418637015892794,0.04357142857142857,0.1417142857142857,-0.5946445244764573,-0.8823529411764706,-0.2,0.004214874508011077,0.0058410211039042065,0.025827275730183265,7,0.0,0.0,0.0,0.0,0.0,0.4539641092953592,0.0,0.3531003374998845,0.39000259256665726,0.0,0.0,0.0,0.39368249933221283,0.0,0.0,0.34212322848065335,0.2634758405461728,0.0,0.0,0.0,0.0,0.0,0.18664416068287554,0.0,0.0,0.0,0.0,0.0,0.3752931412981251,0.0
2021-11-04,14327,14301.0,26.0,0.0018180546814908,5,"cnbc_95bf4a32,cnbc_589db17a,cnbc_7b5d2dc2,cnbc_71a826c3,cnbc_7e251e83",True,1,0.003280519299225239,0.0018180546814908,0.0028048523946427,0.0018264840182648,-0.0019719698570321,0.004768917876428969,0.009487505592801648,0.0023778458329242152,0.0024434834145249133,0.009014719346432942,0.00575640575640568,3,-0.04326,-0.4019,0.4588,0.33064412591183284,0.04,0.06659999999999999,-0.20055555555555554,-0.7777777777777778,1.0,0.002476889264809649,0.005674004700346026,0.017435401684567427,5,0.0,0.0,0.0,0.0,0.0,0.3072318979624226,0.33437256404967847,0.36829444975327297,0.40678463025183004,0.0,0.36462620287743003,0.0,0.4106228855391507,0.0,0.0,0.0,0.0,0.0,0.0,0.0,0.0,0.0,0.19467556713503167,0.0,0.0,0.0,0.0,0.0,0.3914422227665401,0.0
2021-11-05,14374,14327.0,47.0,0.0032805192992252,15,"cnbc_f4302e15,cnbc_fb3842a6,cnbc_15d53741,cnbc_aba6e0d1,cnbc_cea4f232,cnbc_4e32e33e,cnbc_cabe85c3,cnbc_b0eabdd4,cnbc_53475121,cnbc_f7e80fe7,cnbc_bb7a46cd,cnbc_66d9aedf,cnbc_14ae152d,cnbc_26d483a4,cnbc_2a138dd4",True,0,-0.007374426047029359,0.0032805192992252,0.0018180546814908,0.0028048523946427,0.0045162656128713,0.005202942739656935,0.012314117394351065,0.001126534447607726,0.00252423844070055,0.01432502999082641,0.00955190335721312,4,-0.042913333333333345,-0.6369,0.6705,0.4278102397536731,0.1,0.13566666666666669,-0.4488970288970289,-1.0,0.6,0.007750384172367413,0.007244394508621876,0.01977442499031899,15,0.0,0.4354158458254319,0.20300728242931812,0.2623771724285137,0.0,0.2018404255563434,0.0,0.5077725682951966,0.0,0.0,0.0,0.2348888812489941,0.26976462571126947,0.0,0.0,0.0,0.1805425987425513,0.2641751370172775,0.0,0.163231077537484,0.0,0.0,0.26840185285089413,0.0,0.26976462571126947,0.0,0.0,0.0,0.0,0.0
2021-11-08,14268,14374.0,-106.0,-0.0073744260470293,20,"cnbc_42f507ff,cnbc_5cb53f27,cnbc_423d0195,cnbc_eb2e9840,cnbc_a6635065,cnbc_cbe076b3,cnbc_ef287dfa,cnbc_50317806,cnbc_7088c28f,cnbc_e48a301f,cnbc_a03738c7,cnbc_856dfdff,cnbc_47cba813,cnbc_83421c65,cnbc_61eb3792,cnbc_344f4867,cnbc_33d00791,cnbc_2e58beec,cnbc_c964bd2b,cnbc_80d42c7d",True,0,-0.002453041771797028,-0.0073744260470293,0.0032805192992252,0.0018180546814908,0.0018264840182648,-0.002670170974822139,0.0046967531141515195,0.004431220733158171,0.0030668687323800467,0.0023182297154900056,0.0030228471001756407,0,-0.19493,-0.8555,0.7633,0.3753425159981073,0.04820000000000001,0.1446,-0.6116342154577449,-1.0,0.09090909090909091,0.0032437256011623693,0.005286132448200635,0.022946705694193697,20,0.3612906254842027,0.0,0.39002737507572877,0.0,0.0,0.10913516325930056,0.20110540633080884,0.22150742294756418,0.0,0.0,0.0,0.0,0.2469654843834952,0.0,0.47056058171969556,0.36338535886703804,0.16528405172749278,0.24184839099466351,0.0,0.0,0.0,0.0,0.1170858893361674,0.2505373487825916,0.0,0.1979208496088556,0.0,0.0,0.0,0.0
2021-11-09,14233,14268.0,-35.0,-0.002453041771797,8,"cnbc_75c2debe,cnbc_2eec1ae8,cnbc_d88673f5,cnbc_040d7ebb,cnbc_68c4eb6a,cnbc_9a1a740f,cnbc_18fd36a6,cnbc_18f7a891",True,1,0.0014051851331412914,-0.002453041771797,-0.0073744260470293,0.0032805192992252,0.0028048523946427,-0.004727074388487185,0.0021510373210256173,0.004516456382366087,0.0031115265507096193,-0.0019633966762498956,0.0016185784658691027,1,-0.152975,-0.6908,0.4215,0.4076872707287851,0.038625,0.13275,-0.5329775588396278,-0.9310344827586207,0.0,0.006088682815819466,0.006300302558857344,0.030625639176219986,8,0.0,0.0,0.4944316089227677,0.0,0.0,0.2903407880167897,0.0,0.0,0.0,0.0,0.0,0.0,0.0,0.0,0.0,0.33722623236768284,0.259704567333459,0.0,0.3314690270031906,0.0,0.0,0.0,0.0,0.0,0.38804750729283605,0.0,0.0,0.2974096541649344,0.0,0.3757213470804393
2021-11-10,14253,14233.0,20.0,0.0014051851331412,8,"cnbc_b8b726ff,cnbc_e590e04c,cnbc_ea6348d7,cnbc_f59dfef4,cnbc_5e3aa0b6,cnbc_f3f8375c,cnbc_3a3b8687,cnbc_2a3a5379",True,1,0.002455623377534554,0.0014051851331412,-0.002453041771797,-0.0073744260470293,0.0018180546814908,-0.002659016164019312,0.0034320713870847896,0.004307895092213491,0.0031244754619435683,-0.0033564086427522177,0.00253217978476461,2,-0.1314625,-0.8268,0.2732,0.37826039760045876,0.053875,0.11737500000000001,-0.49027777777777776,-1.0,0.0,0.010997298649205647,0.005432792940223579,0.0207343068275088,8,0.0,0.0,0.0,0.0,0.0,0.4590693700168738,0.0,0.0,0.0,0.0,0.0,0.43101771795053034,0.0,0.0,0.0,0.0,0.3312930713837524,0.48475757596952346,0.0,0.0,0.0,0.4512835304520987,0.23468534010668188,0.0,0.0,0.0,0.0,0.0,0.0,0.0
2021-11-11,14288,14253.0,35.0,0.0024556233775345,12,"cnbc_15f5bde3,cnbc_03e63a91,cnbc_09f912b8,cnbc_f31ad49c,cnbc_75c541cc,cnbc_cd463b09,cnbc_86f7825e,cnbc_13e35e0e,cnbc_a7877ce2,cnbc_1480f4e3,cnbc_59118b52,cnbc_29437664",True,0,-0.0031494960806270995,0.0024556233775345,0.0014051851331412,-0.002453041771797,0.0032805192992252,0.00033605914640966184,0.0056589431008755575,0.004408030799888403,0.0031675081041977163,-0.0027221330355273743,0.004711342380985917,3,-0.030350000000000016,-0.8481,0.6808,0.42171604082712943,0.09233333333333334,0.13258333333333333,-0.33877995642701525,-1.0,1.0,0.005781500414674024,0.005538551352670891,0.025789041493992002,12,0.31879119856499954,0.0,0.0,0.6075980363650013,0.0,0.16304558518128115,0.0,0.0,0.3655122924598411,0.0,0.3276312559354791,0.0,0.0,0.0,0.0,0.0,0.0,0.0,0.0,0.0,0.0,0.0,0.4174196747745091,0.0,0.0,0.2956894898061384,0.0,0.0,0.0,0.0
2021-11-12,14243,14288.0,-45.0,-0.003149496080627,13,"cnbc_fc6dfcf7,cnbc_75ac63ce,cnbc_71a0933e,cnbc_b37d2483,cnbc_3552dfd8,cnbc_b4e4d70c,cnbc_92d0213b,cnbc_58bd193f,cnbc_9786484d,cnbc_1d67d353,cnbc_027aafe1,cnbc_7aae3032,cnbc_fe0b523e",True,0,-0.002597767324299656,-0.003149496080627,0.0024556233775345,0.0014051851331412,-0.0073744260470293,-0.0009819737672722706,0.002181255277230454,0.003927552438714128,0.003062357645522736,-0.009113677473215565,0.006216884493112085,4,0.12346923076923076,-0.25,0.6369,0.23778811781575412,0.12715384615384615,0.05961538461538462,-0.4267969210276903,-1.0,1.0,0.005310895623092357,0.00634065124642569,0.024341643512149538,13,0.0,0.0,0.3799948857225873,0.0,0.0,0.2765776455802571,0.24285324291853289,0.26749055122294807,0.29544579085560374,0.0,0.0,0.25967723708020696,0.0,0.0,0.27077183845375763,0.2591748612318857,0.19959566824726804,0.0,0.0,0.3055406383109789,0.0,0.2718868748246043,0.23939740143837676,0.0,0.2982334978743427,0.0,0.0,0.0,0.0,0.0
2021-11-15,14206,14243.0,-37.0,-0.0025977673242996,25,"cnbc_c53e1523,cnbc_2d6821e3,cnbc_2a9cc51a,cnbc_9347d39f,cnbc_f80c2a3a,cnbc_cdc82868,cnbc_e3228837,cnbc_c8dc83e9,cnbc_3ef47f6b,cnbc_4c9c6cd5,cnbc_8b192a4c,cnbc_d4cbbd11,cnbc_875a505c,cnbc_3bd3360d,cnbc_a37f732d,cnbc_766b67e7,cnbc_294ade47,cnbc_08c0ba96,cnbc_f3cc38d5,cnbc_566ef9ef,cnbc_7266b5b5,cnbc_fefffed6,cnbc_db5e9c77,cnbc_1304b0dd,cnbc_3b0497a3",True,1,0.0003519639588906096,-0.0025977673242996,-0.003149496080627,0.0024556233775345,-0.002453041771797,-0.002709798800949126,-0.00085102791512226,0.0025943939434399377,0.0028833368373457962,-0.00434538828146902,0.0086623118432263,0,-0.072604,-0.8316,0.4939,0.3810060262865492,0.06524,0.1182,-0.5159506283190494,-1.0,0.42857142857142855,0.0072206839369062335,0.006140978583608967,0.022383505812320327,25,0.0,0.0,0.3215859261666015,0.19805200913190077,0.3423483518596836,0.18884211594349123,0.0,0.3832855442495807,0.4813750810536449,0.0,0.3061523807169178,0.0,0.20362833252724669,0.0,0.0,0.0,0.0,0.0,0.0,0.12321286398446805,0.0,0.0,0.20259966109028585,0.0,0.0,0.34247249844366373,0.13097768956340267,0.0,0.0,0.0
2021-11-16,14211,14206.0,5.0,0.0003519639588906,10,"cnbc_48afffff,cnbc_d42a55f0,cnbc_3ac1bdaa,cnbc_48f914a9,cnbc_3145273f,cnbc_5aa2d1dd,cnbc_859706d5,cnbc_c5c194f1,cnbc_56f6b600,cnbc_78737770",True,1,0.0033776651889381466,0.0003519639588906,-0.0025977673242996,-0.003149496080627,0.0014051851331412,-0.002050532998132071,-0.0009034122266474709,0.00246603417484409,0.0028817006141040897,-0.001545703646455454,0.008158342792281559,1,-0.06964999999999999,-0.872,0.4019,0.40892695422151976,0.0627,0.101,-0.1685894660894661,-1.0,0.6,0.007923177196299013,0.01074461476191135,0.021569055656487514,10,0.2653584162396202,0.0,0.23111799639506803,0.0,0.30495971355445395,0.13571741771203663,0.0,0.2754603974437121,0.0,0.0,0.2727167863384721,0.26741428662120986,0.0,0.0,0.0,0.0,0.2055425952508148,0.5092239243151953,0.0,0.0,0.0,0.0,0.3799464685323914,0.31156119624254563,0.0,0.0,0.0,0.0,0.0,0.0
2021-11-17,14259,14211.0,48.0,0.0033776651889381,8,"cnbc_b0af309e,cnbc_9af0df7f,cnbc_925117a1,cnbc_fa7c5219,cnbc_80661751,cnbc_3211c22b,cnbc_4740aa9b,cnbc_fb686e7c",True,0,-0.0019636720667648502,0.0033776651889381,0.0003519639588906,-0.0025977673242996,0.0024556233775345,0.0012358335556896805,0.0018408183913214415,0.002923693753985509,0.0029305887099773894,0.0004209640075774068,0.012713068181818166,2,-0.015587500000000004,-0.4522,0.3182,0.29615962123490097,0.073,0.073875,-0.3308479532163743,-1.0,0.4,0.0031440976770557845,0.00997752953274589,0.017527570506694425,8,0.0,0.0,0.44940618006353256,0.0,0.0,0.1558641202220085,0.0,0.31635138088661985,0.0,0.0,0.0,0.0,0.0,0.0,0.32023204037835284,0.0,0.0,0.5848161591741465,0.0,0.2134202177298889,0.0,0.3215507534844548,0.28312663075181455,0.0,0.0,0.0,0.0,0.0,0.0,0.0
2021-11-18,14231,14259.0,-28.0,-0.0019636720667648,16,"cnbc_4823a7dc,cnbc_77c8ea18,cnbc_56a4dbab,cnbc_2c4699b6,cnbc_27cc9921,cnbc_a1198729,cnbc_c1ee070b,cnbc_95a8af75,cnbc_9eec431a,cnbc_b646a45b,cnbc_7c501561,cnbc_3a4d43a8,cnbc_d656cb82,cnbc_6b2c6408,cnbc_22e64c20,cnbc_0972fc14",True,1,0.0004216147846251142,-0.0019636720667648,0.0033776651889381,0.0003519639588906,-0.003149496080627,7.027406886850329e-05,-0.00047058162484114874,0.0026872881017352902,0.002888362065220933,-0.003989361702127714,0.006934125804853863,3,0.04958750000000001,-0.4767,0.6124,0.31118940186538063,0.0738125,0.0611875,-0.2702361772214713,-1.0,1.0,0.007244778858284181,0.009644128575617033,0.021052802946742805,16,0.0,0.0,0.4340336790183431,0.0,0.0,0.25487383516310863,0.0,0.41736049243473095,0.0,0.0,0.24404466898539473,0.0,0.0,0.0,0.0,0.0,0.18393284584296887,0.269135844343488,0.234759219183135,0.0,0.0,0.0,0.3637566124662839,0.0,0.0,0.2202520130631558,0.17677617036348453,0.0,0.2619926569404554,0.266100428352211
2021-11-19,14237,14231.0,6.0,0.0004216147846251,10,"cnbc_00d342e2,cnbc_341207d0,cnbc_5364c422,cnbc_89e1f56c,cnbc_b5f3549a,cnbc_9d51382a,cnbc_3c41f190,cnbc_27973c2e,cnbc_366be643,cnbc_069f8e44",True,1,0.0012643113015382455,0.0004216147846251,-0.0019636720667648,0.0033776651889381,-0.0025977673242996,0.000576295963117035,-0.00031246818266406073,0.002360138278664767,0.002860660707373883,-0.0004212595661026164,0.0052958621663605765,4,-0.17095,-0.5994,0.0,0.2578823342792858,0.0,0.0824,-0.17347319347319348,-0.6923076923076923,0.6,0.004883774220598859,0.00890484147905406,0.01705732118190787,10,0.0,0.0,0.0,0.0,0.2621835449833567,0.244867281403231,0.21500947138608706,0.40097458054964297,0.261572143536981,0.0,0.0,0.2299045497792449,0.0,0.0,0.0,0.22945977266082312,0.29919856603932243,0.43779597019937094,0.0,0.0,0.0,0.24071432001615758,0.21194985134184602,0.0,0.0,0.0,0.0,0.20236726885888554,0.0,0.2556531094262458
2021-11-22,14255,14237.0,18.0,0.0012643113015382,27,"cnbc_a8fd96f1,cnbc_8d37519a,cnbc_9d0c3431,cnbc_8582171a,cnbc_765a1f3c,cnbc_b58d907d,cnbc_64417c89,cnbc_12c4fa4d,cnbc_9a7351a2,cnbc_2c25dc52,cnbc_4f52cd45,cnbc_c7e58436,cnbc_1561f4fc,cnbc_99eb0f1f,cnbc_d6456a5a,cnbc_91ef86ed,cnbc_d954607c,cnbc_047ba25f,cnbc_42802a4c,cnbc_5690a576,cnbc_a780910c,cnbc_d9e8401f,cnbc_98fa5fbe,cnbc_4e968c65,cnbc_d3f123dc,cnbc_d2330692,cnbc_6b71a6fe",True,1,0.0011925640126271484,0.0012643113015382,0.0004216147846251,-0.0019636720667648,0.0003519639588906,0.001151798631887857,0.0006984882467946374,0.0019223456606766202,0.0028561902513523406,0.0034492467971278806,0.005076500035253506,0,-0.0661037037037037,-0.5106,0.743,0.317137336764958,0.06207407407407407,0.091,-0.35447765073668064,-1.0,1.0,0.006089893484080864,0.0075023731944007166,0.02180799365520382,27,0.1769527078759881,0.0,0.1541196841635125,0.4180274028253842,0.0,0.18992937793450101,0.1667704027927619,0.4383363946770571,0.20288637265981946,0.0,0.0,0.1783236530158469,0.204800726434948,0.0,0.18594245652720398,0.37350821379944316,0.23207101088023682,0.0,0.0,0.0,0.0,0.0,0.25336508035989397,0.20776276149619627,0.0,0.0,0.0,0.15696457798859237,0.0,0.19829532047766302
2021-11-23,14272,14255.0,17.0,0.0011925640126271,10,"cnbc_711165d9,cnbc_11fc40d8,cnbc_1a7bdc1e,cnbc_4f735957,cnbc_36c99480,cnbc_d8b7b935,cnbc_6f74e899,cnbc_850b9bce,cnbc_86632329,cnbc_5ac03e64",True,0,0.0,0.0011925640126271,0.0012643113015382,0.0004216147846251,0.0033776651889381,0.00148763578185096,0.0015157469264019952,0.0019221081324895947,0.0028399535768424597,0.004292449510942209,0.0075538298623367695,1,0.027259999999999996,-0.6249,0.5267,0.3499350835035931,0.0902,0.06999999999999999,-0.4455555555555556,-1.0,1.0,0.005078419514854457,0.00402597632529757,0.021173993558173027,10,0.0,0.3300109193324535,0.0,0.0,0.0,0.2590162103062233,0.0,0.5257151914480358,0.34294555362716367,0.0,0.0,0.3014263752986369,0.0,0.0,0.0,0.0,0.2316853008818038,0.0,0.0,0.0,0.0,0.31559899547275855,0.0,0.0,0.0,0.2774336126997456,0.0,0.0,0.3300109193324535,0.0
2021-11-24,14272,14272.0,0.0,0.0,10,"cnbc_ce711f8f,cnbc_72ee86d7,cnbc_181d75d4,cnbc_87be33c1,cnbc_bda49569,cnbc_61a619a7,cnbc_c58e305a,cnbc_36f60b22,cnbc_dc3a43a5,cnbc_9e421037",True,1,0.0005605381165919282,0.0,0.0011925640126271,0.0012643113015382,-0.0019636720667648,0.001304951800973786,0.0012066111064343854,0.0013121623944346065,0.0028318875026649005,0.0009117048881408518,0.006204173716864103,2,-0.10266,-0.4939,0.7964,0.3738299976073497,0.0759,0.1395,-0.308500864759446,-0.9130434782608695,0.8333333333333334,0.007554233313713045,0.009814262935582688,0.02780643118900509,10,0.0,0.0,0.0,0.0,0.0,0.4861263215991299,0.0,0.5827442635719815,0.0,0.0,0.0,0.0,0.0,0.0,0.0,0.0,0.0,0.0,0.0,0.39313692029354536,0.0,0.0,0.30803089778181947,0.0,0.0,0.0,0.41791225231653695,0.0,0.0,0.0
2021-11-25,14280,14272.0,8.0,0.0005605381165919,13,"cnbc_fc280739,cnbc_e9128aba,cnbc_d5da1f74,cnbc_61e8af47,cnbc_619ea332,cnbc_822eefa7,cnbc_ba034d49,cnbc_882efd79,cnbc_ee712807,cnbc_5c36b124,cnbc_d2b50ed8,cnbc_520569ac,cnbc_a05f36fa",True,0,0.0,0.0005605381165919,0.0,0.0011925640126271,0.0004216147846251,0.0011778563015312216,0.001483289325576731,0.0005355536819353915,0.0028271881400830927,0.0034431874077718305,0.005704627086414504,3,-0.07559999999999999,-0.9468,0.5106,0.4145681367399091,0.09123076923076923,0.1123076923076923,-0.3488085988085988,-1.0,0.5,0.005688051393282067,0.0076254438074349305,0.0214838023505569,13,0.0,0.0,0.29172198127958066,0.0,0.0,0.29004520498475783,0.0,0.588693542720261,0.0,0.0,0.0,0.0,0.0,0.0,0.0,0.3368829173518189,0.25944017367396216,0.0,0.0,0.0,0.0,0.0,0.3856941453321256,0.39325907491144724,0.0,0.0,0.0,0.0,0.0,0.0
2021-11-26,14280,14280.0,0.0,0.0,13,"cnbc_a42ad40f,cnbc_7cb3eeb9,cnbc_f171039e,cnbc_7418cb71,cnbc_86f9fcbf,cnbc_54106b23,cnbc_0ef6b60e,cnbc_dbd8f3b5,cnbc_484ceece,cnbc_4a3f9749,cnbc_369cabad,cnbc_bf787758,cnbc_eb77adcc",True,1,0.004201680672268907,0.0,0.0005605381165919,0.0,0.0012643113015382,0.0005745596210708914,0.0011006498741614745,0.0006152109819281664,0.0027781750051003727,0.003020299220341416,0.007691764871921469,4,-0.07127692307692308,-0.7184,0.4767,0.38011061143182645,0.09346153846153846,0.13938461538461538,-0.5123508969662816,-1.0,0.5,0.006346234223404553,0.0060017692903500805,0.02185134503409531,13,0.0,0.33956446754283026,0.0,0.0,0.0,0.15740776843508905,0.6087197840793842,0.31948446400488734,0.0,0.0,0.31630236911382564,0.0,0.0,0.0,0.0,0.30955239818993063,0.4036334237520741,0.0,0.0,0.0,0.0,0.0,0.1688752552818788,0.0,0.0,0.0,0.0,0.0,0.0,0.0
2021-11-29,14340,14280.0,60.0,0.0042016806722689,14,"cnbc_a1f00ccf,cnbc_909dfaf1,cnbc_93c345d9,cnbc_2f5ed23d,cnbc_24b658ce,cnbc_f439eeff,cnbc_9f76bbf9,cnbc_93f8edfa,cnbc_ad8da75c,cnbc_3807c3dc,cnbc_fc4ca71b,cnbc_678dfb87,cnbc_0baa4172,cnbc_dfeddbe4",True,0,-0.001394700139470014,0.0042016806722689,0.0,0.0005605381165919,0.0011925640126271,0.0035832260231789537,0.004937086313163475,0.0017534711812220113,0.00275435339528286,0.005962820063135643,0.007376185458377149,0,-0.03484285714285714,-0.6124,0.5574,0.3233390735489859,0.06285714285714286,0.10692857142857141,-0.5882549989692848,-1.0,0.5,0.0150543282050772,0.005048828699630016,0.021025180592477617,14,0.0,0.2395995531209482,0.0,0.0,0.2495725463891686,0.26504153728756774,0.20466754034857973,0.629348942458429,0.0,0.0,0.0,0.0,0.0,0.0,0.0,0.21842278378102115,0.4389379619644953,0.0,0.0,0.0,0.0,0.22913598869289542,0.1191598048863006,0.25497505947920296,0.0,0.0,0.0,0.0,0.0,0.0
2021-11-30,14320,14340.0,-20.0,-0.00139470013947,10,"cnbc_e982561f,cnbc_401c8452,cnbc_2632df17,cnbc_85f108d5,cnbc_366e0228,cnbc_472effc5,cnbc_9c10aa84,cnbc_537a2600,cnbc_be081fbf,cnbc_26458a36",True,1,0.002304469273743017,-0.00139470013947,0.0042016806722689,0.0,0.0,0.0015106585352206992,0.0033280784725870927,0.002100325900908541,0.002758948184129447,0.0033632286995515237,0.0041371572820980695,1,-0.08862,-0.7579,0.7096,0.4624898624714805,0.06739999999999999,0.11099999999999999,-0.5667629102923221,-1.0,0.0,0.02099237524861224,0.0059407851834300095,0.021627318045720864,10,0.23575883846874815,0.0,0.34766709784507493,0.0,0.0,0.0,0.0,0.5840073345476329,0.0,0.0,0.24229641437122848,0.0,0.0,0.0,0.0,0.0,0.38323852859092633,0.26720784491753374,0.0,0.0,0.21983392266292068,0.24875629716091888,0.30869854036693434,0.0,0.0,0.0,0.0,0.0,0.0,0.0
2021-12-01,14353,14320.0,33.0,0.002304469273743,11,"cnbc_bab64058,cnbc_3891a24f,cnbc_b1760117,cnbc_d868a4ca,cnbc_10229310,cnbc_646981e4,cnbc_e1c9bbd4,cnbc_cc68f04f,cnbc_2620ca77,cnbc_ea792f71,cnbc_0917fc5a",True,1,0.0017417961401797533,0.002304469273743,-0.00139470013947,0.0042016806722689,0.0005605381165919,0.002682575831668421,0.005457054591561539,0.0021673602125914905,0.0027363556587056137,0.0056754484304932795,0.003636109362981532,2,-0.0747909090909091,-0.6124,0.4215,0.29132683520247654,0.03818181818181818,0.08754545454545455,-0.43585409805505504,-1.0,0.0,0.015728599372471803,0.007736218306794774,0.019800395439457122,11,0.0,0.0,0.23256015983277914,0.3005728485513462,0.0,0.1365642868470143,0.25164956533205596,0.5816917906999063,0.0,0.0,0.27441852391080335,0.0,0.0,0.0,0.0,0.0,0.2068251696084441,0.0,0.0,0.1869935158361183,0.0,0.0,0.30747457456434296,0.0,0.0,0.2476646286290786,0.19877777267347452,0.0,0.29460032252280827,0.0
2021-12-02,14378,14353.0,25.0,0.0017417961401797,9,"cnbc_2326469f,cnbc_65a6c98a,cnbc_fcfb8ac3,cnbc_671b4744,cnbc_ebb90c70,cnbc_0fa8d77d,cnbc_284eca44,cnbc_53b2377d,cnbc_46e6508e",True,1,0.002086521073862846,0.0017417961401797,0.002304469273743,-0.00139470013947,0.0,0.0030556291945138536,0.007028467569943242,0.0021535055942041893,0.0027340125483220064,0.006862745098039191,0.0035597124310742245,3,-0.16728888888888888,-0.6486,0.4767,0.33379690473566576,0.04088888888888889,0.12155555555555554,-0.622434875066454,-1.0,0.0,0.012485141704501053,0.00787396785554648,0.028891735595776784,9,0.0,0.0,0.0,0.0,0.0,0.14145617024802226,0.0,0.602528632315864,0.0,0.0,0.0,0.0,0.0,0.0,0.29063005621890065,0.2781825647766266,0.0,0.3134731845268569,0.0,0.3279487756059377,0.0,0.0,0.31848865300513096,0.32473542719383974,0.0,0.0,0.20589821176543144,0.0,0.0,0.0
2021-12-03,14408,14378.0,30.0,0.0020865210738628,15,"cnbc_a99f19e2,cnbc_91895295,cnbc_9cb7d2fc,cnbc_af2c309a,cnbc_bac5a6a3,cnbc_5fd47f9e,cnbc_b4583676,cnbc_44a31ef2,cnbc_af06e5cb,cnbc_ebd8900d,cnbc_4bef5f3d,cnbc_43de31e0,cnbc_cf15b34a,cnbc_95522a38,cnbc_4433b7e3",True,1,0.0022903942254303166,0.0020865210738628,0.0017417961401797,0.002304469273743,0.0042016806722689,0.003356592710204831,0.009009513738370334,0.002019494038957162,0.002675177841641487,0.008963585434173638,0.0023653819396132203,4,-0.06672000000000002,-0.7964,0.5719,0.3274023086575379,0.044000000000000004,0.09206666666666667,-0.581717364760843,-1.0,0.5,0.012075740794029443,0.00521104470746846,0.020544716703618595,15,0.0,0.0,0.0,0.0,0.3172054783926944,0.2962552174857544,0.0,0.4851232507922399,0.0,0.0,0.0,0.0,0.0,0.0,0.0,0.27761428339591526,0.21379623064529346,0.3128328101947634,0.0,0.19329614918996238,0.25736992798248154,0.2912307141225985,0.15145152566259804,0.0,0.3194518110418378,0.0,0.205477595469216,0.0,0.0,0.0
2021-12-06,14441,14408.0,33.0,0.0022903942254303,21,"cnbc_577eecee,cnbc_05a74197,cnbc_5fe82563,cnbc_7f956f0b,cnbc_75fd8766,cnbc_8bb2e5c5,cnbc_a317f9a5,cnbc_72916077,cnbc_d3b9587b,cnbc_d986a9b4,cnbc_c47625d8,cnbc_593188a1,cnbc_140ddb2a,cnbc_1403c01b,cnbc_a1aa37e4,cnbc_2899f200,cnbc_4711bf74,cnbc_9007982f,cnbc_d56f1e1b,cnbc_bb145046,cnbc_a6d72487",True,0,-0.0022851603074579324,0.0022903942254303,0.0020865210738628,0.0017417961401797,-0.00139470013947,0.004242002781641219,0.01070828667413215,0.001581865115224885,0.0020496329417226352,0.007043235704323525,0.012125035043453858,0,-0.11722380952380952,-0.765,0.4588,0.3891418056502821,0.05452380952380952,0.11885714285714286,-0.4273568634913173,-1.0,1.0,0.00690971443804693,0.005007255573512794,0.021472830600234444,21,0.18979896541126248,0.0,0.34691809247005245,0.21365308499945207,0.0,0.2533048644221708,0.0,0.3335914075499646,0.21761533965258376,0.0,0.0,0.191269437224348,0.21966867000458482,0.0,0.0,0.0,0.14701539329102215,0.0,0.31770268690863795,0.1329186642300983,0.29965068772063663,0.0,0.34394613604745705,0.0,0.0,0.0,0.33717180889354137,0.16835975479577778,0.0,0.0
2021-12-07,14408,14441.0,-33.0,-0.0022851603074579,4,"cnbc_0cc4635f,cnbc_ccd90720,cnbc_72de47c1,cnbc_6783d973",True,0,-0.00416435313714603,-0.0022851603074579,0.0022903942254303,0.0020865210738628,0.002304469273743,0.0007223426126576893,0.007781488799902148,0.001976790774058394,0.002036754121352161,0.0061452513966480105,0.012295369914986365,1,0.088075,-0.3182,0.6705,0.4162501921921478,0.064,0.04325,-0.4458333333333333,-1.0,0.75,0.01328130627213657,0.006702475531445067,0.028050028656154476,4,0.0,0.0,0.0,0.0,0.0,0.3417088423734938,0.0,0.6935532308016005,0.0,0.0,0.0,0.0,0.0,0.0,0.0,0.0,0.5175144315715224,0.0,0.0,0.0,0.0,0.0,0.36660304991043435,0.0,0.0,0.0,0.0,0.0,0.0,0.0
2021-12-08,14348,14408.0,-60.0,-0.004164353137146,8,"cnbc_0e1a8a92,cnbc_761201ff,cnbc_7c80ae24,cnbc_db23b091,cnbc_8b471b16,cnbc_9bd4b82c,cnbc_4da5486d,cnbc_4b8a0ad0",True,1,0.00020908837468636745,-0.004164353137146,-0.0022851603074579,0.0022903942254303,0.0017417961401797,-0.0033757970631954626,0.0032514071950495715,0.002965435818805644,0.002288018038487284,-0.0003483592280359993,0.006665263453307979,2,-0.1935125,-0.7579,0.3213,0.38602834254753887,0.031125,0.113625,-0.40458603896103895,-1.0,1.0,0.008647324014753141,0.006945120556390023,0.018731450233918895,8,0.31739228719697715,0.0,0.27643769708805205,0.0,0.36475896396886665,0.0,0.0,0.0,0.36390836078489014,0.0,0.0,0.0,0.36734205293057937,0.0,0.0,0.0,0.0,0.0,0.3137824894475275,0.3763424502306068,0.0,0.0,0.0,0.0,0.0,0.0,0.2362815271096254,0.0,0.0,0.355673592466134
2021-12-09,14351,14348.0,3.0,0.0002090883746863,15,"cnbc_138d2fe0,cnbc_0bbb2d30,cnbc_49be04f2,cnbc_dae76129,cnbc_3d4dd006,cnbc_148b01e6,cnbc_6a8d7332,cnbc_1b0cee56,cnbc_09c0f8c9,cnbc_719d5406,cnbc_bd444280,cnbc_99a46366,cnbc_fb632cc8,cnbc_790a36bb,cnbc_8d7e8ef9",True,1,0.0018814019928924813,0.0002090883746863,-0.004164353137146,-0.0022851603074579,0.0020865210738628,-0.0027933737283896143,0.0032402051081292793,0.002806797765986321,0.002232895442890793,-0.0018778689664765702,0.00440929451287797,3,-0.20328,-0.8555,0.6369,0.38898535631636766,0.04486666666666667,0.15553333333333336,-0.44051280161187284,-1.0,1.0,0.008064170058847185,0.007375736800579768,0.024730332274370714,15,0.22838738562459424,0.0,0.41745072737053485,0.0,0.0,0.0,0.0,0.401414566576157,0.2618591644446999,0.0,0.0,0.0,0.2643299616374086,0.0,0.23999017609057738,0.0,0.1769053969685952,0.0,0.38229547727907276,0.15994263276644852,0.0,0.0,0.21218242212671795,0.0,0.0,0.0,0.3568105811730734,0.20258932475679223,0.0,0.0
2021-12-10,14378,14351.0,27.0,0.0018814019928924,11,"cnbc_950b1def,cnbc_c83fad20,cnbc_84412170,cnbc_940a405f,cnbc_2bfe0994,cnbc_8f62dbc4,cnbc_46d99d46,cnbc_af8f2a47,cnbc_62c1d5d4,cnbc_fa9ab54a,cnbc_567417c5",True,0,-0.0022256224787870356,0.0018814019928924,0.0002090883746863,-0.004164353137146,0.0022903942254303,-0.0005005144175959098,0.004653632768282678,0.0027630258201689667,0.002113216548322678,-0.002082176568573013,0.009478340237309535,4,-0.05452727272727273,-0.5574,0.2732,0.2285609331924819,0.07990909090909092,0.09463636363636363,-0.4819094580692251,-1.0,0.3333333333333333,0.007580645629758109,0.006410492793897088,0.024335389907853486,11,0.35543509267480433,0.0,0.0,0.0,0.40847916408812623,0.18178708490068396,0.3349824610403904,0.36896622040897503,0.0,0.0,0.0,0.0,0.0,0.0,0.0,0.0,0.2753146194753522,0.0,0.0,0.0,0.0,0.0,0.19503065620431057,0.0,0.0,0.5581932511241314,0.0,0.0,0.0,0.0
2021-12-13,14346,14378.0,-32.0,-0.002225622478787,14,"cnbc_14b17523,cnbc_8357248c,cnbc_9846b2db,cnbc_4c4b2e9b,cnbc_698633db,cnbc_77954dab,cnbc_312d633f,cnbc_3624221e,cnbc_125323e1,cnbc_4125b3c8,cnbc_878329e2,cnbc_3843f547,cnbc_14da17be,cnbc_af10049a",True,1,0.00013941168269901018,-0.002225622478787,0.0018814019928924,0.0002090883746863,-0.0022851603074579,-0.0014060781556709534,0.0019275896748240928,0.0023679669596445903,0.0020862121686694712,-0.006578491794197117,0.00985499084893715,0,-0.11048571428571428,-0.5574,0.5719,0.3359988023264892,0.03321428571428571,0.1155,-0.6523723125613882,-1.0,0.0,0.007855245831804506,0.005057205211369043,0.025412113267391463,14,0.0,0.0,0.24062288095748277,0.0,0.0,0.14129888868609644,0.26037410468516003,0.0,0.0,0.0,0.0,0.0,0.0,0.0,0.0,0.0,0.2139956740719837,0.31312464156830094,0.0,0.4060320949272327,0.0,0.0,0.2566689384682471,0.32437436203060127,0.0,0.4338706795315478,0.431620075715966,0.0,0.0,0.0
2021-12-14,14348,14346.0,2.0,0.000139411682699,7,"cnbc_fea485cc,cnbc_58139626,cnbc_2a66dd8c,cnbc_d7838e32,cnbc_4efe0da6,cnbc_9bca1314,cnbc_0881ba92",True,0,-0.0007666573738500139,0.000139411682699,-0.002225622478787,0.0018814019928924,-0.004164353137146,-0.0004319293307882832,0.0015881049196349029,0.002368375871729841,0.0020875068956385354,-0.004164353137146026,0.009640419393427635,1,-0.3268857142857143,-0.7269,0.4601,0.4546267092482631,0.03457142857142857,0.19014285714285714,-0.554945054945055,-1.0,0.0,0.0045484647777104354,0.0048439445050463496,0.020659957398206075,7,0.0,0.0,0.24593020822838413,0.0,0.0,0.3030720684228968,0.26611707717777283,0.29311448679316776,0.0,0.0,0.0,0.28455270562133667,0.0,0.0,0.0,0.28400220528297054,0.0,0.0,0.2791536529971566,0.1977439055769532,0.0,0.0,0.3251515057519517,0.331528963832125,0.0,0.44344039991873385,0.0,0.0,0.0,0.0
2021-12-15,14337,14348.0,-11.0,-0.00076665737385,10,"cnbc_9cb54537,cnbc_ac1527c5,cnbc_d6fff2ec,cnbc_72eee8b9,cnbc_4ed45060,cnbc_62db03da,cnbc_8a9898d3,cnbc_e01156aa,cnbc_d7a851a1,cnbc_b70dbf5f",True,1,0.0004184975936388366,-0.00076665737385,0.000139411682699,-0.002225622478787,0.0002090883746863,-0.0010451505016721985,0.0005478343097811145,0.0015023100536187552,0.001988263769201888,-0.0007666573738500659,0.005470229328844889,2,0.006830000000000003,-0.498,0.529,0.3189458680995535,0.0795,0.061,-0.43380952380952387,-1.0,0.16666666666666666,0.008591138999137129,0.00698438168906001,0.025203545411150413,10,0.2587768713343774,0.0,0.0,0.0,0.2973959585490872,0.3158291373685352,0.0,0.45482724609566577,0.0,0.0,0.0,0.0,0.0,0.0,0.27192354231764615,0.0,0.0,0.0,0.0,0.0,0.0,0.0,0.24041565693280306,0.0,0.0,0.40639629035736624,0.0,0.0,0.0,0.4909931375466502
2021-12-16,14343,14337.0,6.0,0.0004184975936388,10,"cnbc_a4b585e4,cnbc_bdf442da,cnbc_b90ab2bb,cnbc_00f71720,cnbc_ab886b21,cnbc_3dcac8f3,cnbc_6403b32c,cnbc_b74d9b84,cnbc_3f65e109,cnbc_3075fed8",True,0,0.0,0.0004184975936388,-0.00076665737385,0.000139411682699,0.0018814019928924,-0.0005156650685694819,0.0005755245121121799,0.001517749436511797,0.001917198946168206,-0.000557452442338513,0.007870142646335454,3,0.12918000000000002,0.0,0.5574,0.20217190595024712,0.07980000000000001,0.0077,-0.6354786390080507,-1.0,-0.14285714285714285,0.00708816386631205,0.005316577014621918,0.028972108621792926,10,0.26605902935762477,0.0,0.0,0.29949758836168683,0.0,0.3247167851509823,0.2507493218115557,0.27618768233889157,0.0,0.0,0.0,0.0,0.0,0.0,0.27957565664759954,0.2676016177650966,0.0,0.0,0.2630330601575608,0.18632457090555626,0.0,0.0,0.3063746243494285,0.31238379634787494,0.0,0.24677864070024497,0.0,0.0,0.0,0.29814892987916397
2021-12-17,14343,14343.0,0.0,0.0,17,"cnbc_7d608086,cnbc_845e7adf,cnbc_b55afef5,cnbc_42aaeb16,cnbc_f79e473f,cnbc_fafac8fc,cnbc_d439c3df,cnbc_1f07612c,cnbc_97dc69b7,cnbc_8274e520,cnbc_4b5f19ff,cnbc_f0632ba6,cnbc_8fbb2145,cnbc_410ce583,cnbc_643edcfc,cnbc_ed56f538,cnbc_09c803aa",True,1,0.002858537265565084,0.0,0.0004184975936388,-0.00076665737385,-0.002225622478787,-2.7887390716241356e-05,0.00020571755328613328,0.0010665953754311823,0.0019191938055500657,-0.0024342745861732906,0.0074453887757253145,4,-0.13318823529411766,-0.6808,0.3818,0.35496289750189547,0.061294117647058825,0.15011764705882352,-0.6730679021700693,-1.0,0.6666666666666666,0.01534724806720465,0.00451278876242142,0.02774537873748232,17,0.20495310587785434,0.3828670692708125,0.0,0.23071181265998894,0.0,0.0,0.19315958727702223,0.3602263843924689,0.0,0.0,0.35663849619586674,0.0,0.0,0.0,0.21536536195035924,0.20614140715808474,0.0,0.0,0.0,0.3425079421307939,0.0,0.0,0.19041089466752842,0.0,0.0,0.3218687261210253,0.25833462301719246,0.0,0.22612745877425341,0.0
2021-12-20,14384,14343.0,41.0,0.002858537265565,19,"cnbc_959ab531,cnbc_97718550,cnbc_5302820a,cnbc_fe6efadb,cnbc_b26a164e,cnbc_fbc14c99,cnbc_a29a4382,cnbc_255b1fe5,cnbc_7fe02e0c,cnbc_b24d435c,cnbc_f2c67833,cnbc_92de4a38,cnbc_d6ab44ee,cnbc_c127123e,cnbc_5d2caaa3,cnbc_36195649,cnbc_5e920481,cnbc_4fb1770f,cnbc_ee961fc5",True,0,-0.0024332591768631813,0.002858537265565,0.0,0.0004184975936388,0.000139411682699,0.002299491324646352,0.0026138779493256603,0.0013737993079077134,0.0019899762220130235,0.0026488219712812455,0.009049456331111871,0,-0.2861578947368421,-0.7351,0.5574,0.30931368169579976,0.04131578947368421,0.2014736842105263,-0.5095051731893837,-1.0,0.3333333333333333,0.00853089869405314,0.005836613837420779,0.020201663352320865,19,0.0,0.19086770734438807,0.0,0.0,0.0,0.23087842335229827,0.3421587377594161,0.3768705258744141,0.0,0.34813739623281825,0.0,0.0,0.0,0.3304675758250179,0.0,0.1739980539572115,0.3197618464512007,0.0,0.0,0.20512589924139588,0.0,0.18253231386381438,0.24769840186620393,0.0,0.20022022200895323,0.27168016725429933,0.0,0.0,0.0,0.19386031378157842
2021-12-21,14349,14384.0,-35.0,-0.0024332591768631,9,"cnbc_d0a91472,cnbc_0b88ec18,cnbc_6489c1dc,cnbc_1962391d,cnbc_3c0a36ab,cnbc_a2c6add3,cnbc_cd21fc53,cnbc_373409c5,cnbc_17d2180e",True,0,-0.00592375775315353,-0.0024332591768631,0.002858537265565,0.0,-0.00076665737385,-0.00015329728524449138,-9.407436055564045e-05,0.001927024898546427,0.0020820297019366668,6.96961248953798e-05,0.005395179372197356,1,-0.09682222222222223,-0.6124,0.5859,0.38636107068963926,0.058222222222222224,0.1451111111111111,-0.6763347763347762,-1.0,-0.2727272727272727,0.006019224128706365,0.004042072906163718,0.026414913997126317,9,0.0,0.3132309815526,0.0,0.0,0.32626877911829605,0.14520067475760942,0.0,0.4989843541161502,0.0,0.3374335178391688,0.4940144236724325,0.0,0.0,0.0,0.0,0.0,0.0,0.0,0.0,0.0,0.0,0.0,0.0,0.0,0.0,0.26332705292724323,0.0,0.0,0.3132309815526,0.0
2021-12-22,14264,14349.0,-85.0,-0.0059237577531535,7,"cnbc_e4287f0d,cnbc_a0611a00,cnbc_82d1042f,cnbc_25a3f87a,cnbc_f5451151,cnbc_d5ac3f56,cnbc_90c2007f",True,0,-0.0009113853056646102,-0.0059237577531535,-0.0024332591768631,0.002858537265565,0.0004184975936388,-0.0050639621667619705,-0.005989567907902171,0.0033240332469149612,0.002501690731641834,-0.005091720722605886,-0.0005605381165919576,2,0.11261428571428571,-0.4404,0.7184,0.44157880545670597,0.11142857142857143,0.04914285714285714,-0.46825396825396826,-0.7777777777777778,0.3333333333333333,0.008055726233729585,0.006535139748916938,0.018409551228409184,7,0.0,0.0,0.0,0.3873727535157993,0.3954789276364145,0.0,0.0,0.6048319971236193,0.0,0.0,0.0,0.0,0.0,0.0,0.0,0.0,0.0,0.0,0.0,0.0,0.0,0.0,0.18882362076922646,0.0,0.0,0.5404282219908514,0.0,0.0,0.0,0.0
2021-12-23,14251,14264.0,-13.0,-0.0009113853056646,12,"cnbc_29a9f88a,cnbc_cfcef56d,cnbc_a687956e,cnbc_fbc843c7,cnbc_11ded6e0,cnbc_b483d6c7,cnbc_5dbf5ee9,cnbc_2bb0bd62,cnbc_028eb13a,cnbc_78419fef,cnbc_055ba873,cnbc_2c072f4f",True,0,-0.002245456459195846,-0.0009113853056646,-0.0059237577531535,-0.0024332591768631,0.0,-0.004693327373552547,-0.006795135380004869,0.0032325006120190957,0.002505205077409896,-0.006414278742243651,-0.0020308123249299648,3,-0.20259166666666664,-0.6808,0.4019,0.306758547212427,0.02766666666666667,0.15083333333333335,-0.6597471688480461,-1.0,-0.2,0.009777154125393792,0.005560843782056273,0.02772476354492948,12,0.0,0.0,0.0,0.0,0.0,0.28716026107642706,0.0,0.7247073698588605,0.0,0.0,0.0,0.0,0.0,0.30184910379317825,0.0,0.0,0.0,0.0,0.2644976037951694,0.1873620088028549,0.0,0.0,0.30808048978910707,0.0,0.0,0.24815268124069548,0.19916948792010333,0.0,0.0,0.0
2021-12-24,14219,14251.0,-32.0,-0.0022454564591958,8,"cnbc_693d9e44,cnbc_708a2efe,cnbc_7a7403e5,cnbc_7a28f1dd,cnbc_54ef5256,cnbc_eb0f1cf2,cnbc_732ec983,cnbc_d5534aee",True,1,0.00042197060271467756,-0.0022454564591958,-0.0009113853056646,-0.0059237577531535,0.002858537265565,-0.005205199602613786,-0.008814641576249005,0.0031651489504856837,0.0025504583454670376,-0.008645332217806612,-0.004271708683473374,4,0.14525,-0.4767,0.8957,0.40302030434493713,0.132,0.034875,-0.44712301587301584,-1.0,0.5,0.004131934704580466,0.005960167171311526,0.022842786552084406,8,0.0,0.0,0.0,0.4235354115706233,0.0,0.32581556893211433,0.0,0.819658439439021,0.0,0.0,0.0,0.0,0.0,0.0,0.0,0.0,0.0,0.0,0.0,0.0,0.0,0.0,0.20645099380611917,0.0,0.0,0.0,0.0,0.0,0.0,0.0
2021-12-27,14225,14219.0,6.0,0.0004219706027146,11,"cnbc_5dc602ea,cnbc_3a00e142,cnbc_89f4781a,cnbc_88c6b595,cnbc_b3387ed6,cnbc_5a369226,cnbc_7ccea978,cnbc_41469792,cnbc_9981d053,cnbc_f7f5640d,cnbc_8bea351e",True,1,0.0008435852372583479,0.0004219706027146,-0.0022454564591958,-0.0009113853056646,-0.0024332591768631,-0.002566331968362645,-0.007998772638200258,0.0023694101019612816,0.002337419347700702,-0.011053948832035587,-0.008019525801952532,0,-0.015981818181818187,-0.6249,0.4019,0.35606176941138123,0.09,0.08618181818181819,-0.48223796405614583,-1.0,1.0,0.008739550642354618,0.007043815378903892,0.024226846660172108,11,0.320205169935302,0.0,0.0,0.0,0.0,0.27728461437607305,0.3017797569046492,0.697568489574842,0.0,0.0,0.0,0.32268596679198597,0.0,0.0,0.0,0.0,0.0,0.0,0.0,0.22424381173600663,0.0,0.0,0.2974853814651893,0.0,0.0,0.0,0.0,0.0,0.0,0.0
2021-12-28,14237,14225.0,12.0,0.0008435852372583,7,"cnbc_56645797,cnbc_3411cd43,cnbc_e8271a87,cnbc_a9f8ad12,cnbc_345eb972,cnbc_bd34ec3a,cnbc_9fe97b23",True,1,0.001966706469059493,0.0008435852372583,0.0004219706027146,-0.0022454564591958,-0.0059237577531535,-0.0001545030619698462,-0.006874518243108918,0.0027220542567934526,0.002340864057174361,-0.007805421980625837,-0.005796089385474823,1,0.031142857142857146,-0.1681,0.3089,0.14308943423773887,0.07028571428571428,0.026857142857142857,-0.6259811616954474,-1.0,0.0,0.011947279442759461,0.004765726279096839,0.02047026198677921,7,0.0,0.0,0.0,0.0,0.0,0.451347001004754,0.0,0.6499872532691207,0.0,0.0,0.0,0.0,0.0,0.41723843615115713,0.0,0.0,0.28645261691639495,0.0,0.0,0.0,0.0,0.0,0.0,0.0,0.0,0.34301521967919235,0.0,0.0,0.0,0.0
2021-12-29,14265,14237.0,28.0,0.0019667064690594,4,"cnbc_a161e0ba,cnbc_adb68e4f,cnbc_4e1e8fcb,cnbc_bf5b2b26",True,1,0.00028040658955485456,0.0019667064690594,0.0008435852372583,0.0004219706027146,-0.0009113853056646,0.0017978285601920607,-0.0046158193864414,0.0016301219134887128,0.002322321286706881,7.010656197414811e-05,-0.006131122413432721,2,-0.0053500000000000075,-0.5106,0.3612,0.36853191177969924,0.093,0.0995,-0.684640522875817,-1.0,-0.29411764705882354,0.005477061449139176,0.005152099294339899,0.02801882509238103,4,0.0,0.0,0.4965441849653872,0.641759535313222,0.0,0.49369011988935124,0.0,0.0,0.0,0.0,0.0,0.0,0.0,0.0,0.0,0.0,0.0,0.0,0.0,0.0,0.0,0.0,0.31282365117627314,0.0,0.0,0.0,0.0,0.0,0.0,0.0
2021-12-30,14269,14265.0,4.0,0.0002804065895548,7,"cnbc_43c040ea,cnbc_56b01c73,cnbc_8f9922d9,cnbc_4c324f9f,cnbc_0fa85edb,cnbc_98eb5f7e,cnbc_38f486ac",True,1,0.0006307379634171982,0.0002804065895548,0.0019667064690594,0.0008435852372583,-0.0022454564591958,0.0018254581197780784,-0.003957921776946427,0.0015457333752798244,0.002277085170019384,0.0012630692582975556,-0.007581026568368343,3,0.009614285714285718,-0.4215,0.5106,0.330297544791417,0.08285714285714287,0.078,-0.5046527546527547,-1.0,0.25,0.009714337076614793,0.006112334375649023,0.029790254441300564,7,0.0,0.0,0.0,0.0,0.0,0.0,0.0,0.5099797093739424,0.0,0.0,0.0,0.0,0.0,0.0,0.0,0.0,0.644303180061811,0.0,0.0,0.3440477493961705,0.0,0.0,0.269568518385875,0.0,0.0,0.0,0.36572950143484584,0.0,0.0,0.0
2021-12-31,14278,14269.0,9.0,0.0006307379634171,8,"cnbc_dae2b9f9,cnbc_5c9136f4,cnbc_134e359d,cnbc_2b179c56,cnbc_37219c71,cnbc_37ad1edd,cnbc_3fee6379,cnbc_90f95f6f",True,0,-0.0005603025633842274,0.0006307379634171,0.0002804065895548,0.0019667064690594,0.0004219706027146,0.0016275219575161426,-0.002877255712609661,0.0006709179768526402,0.002216624627141377,0.004149377593360981,-0.009022765130483057,4,-0.0542875,-0.7845,0.5267,0.36072684734138816,0.044000000000000004,0.071375,-0.4469476247436774,-0.8947368421052632,0.2727272727272727,0.006570755799407889,0.006173757766788729,0.021876979311298377,8,0.0,0.0,0.5429617313778861,0.0,0.0,0.15192835422378426,0.0,0.3083631087518182,0.0,0.0,0.0,0.0,0.0,0.0,0.312145776687467,0.0,0.0,0.33668001144771464,0.2936759939755935,0.20803108753701013,0.0,0.0,0.2759773255434217,0.34877601256426904,0.0,0.0,0.22114112375794068,0.0,0.0,0.0
2022-01-03,14270,14278.0,-8.0,-0.0005603025633842,13,"cnbc_99565ebd,cnbc_197c1d50,cnbc_a483895b,cnbc_5e822ef0,cnbc_30bf7a78,cnbc_c4196c04,cnbc_8a13de39,cnbc_59f35062,cnbc_1d916ad1,cnbc_49ca196e,cnbc_4b9d9b70,cnbc_515ee656,cnbc_264beb0b",True,1,0.002803083391730904,-0.0005603025633842,0.0006307379634171,0.0002804065895548,0.0008435852372583,0.00043466677883885474,-0.0028405418342283273,0.0009180705767775608,0.002120661528157637,0.0031634446397188487,-0.011841285229554743,0,-0.12326153846153846,-0.7783,0.4019,0.3858067511472152,0.07946153846153846,0.1513846153846154,-0.659132375379515,-1.0,-0.1111111111111111,0.0070617034735508625,0.005619929903579794,0.026212483975018262,13,0.46338783516136334,0.0,0.4035947664069297,0.0,0.0,0.23699945635220127,0.0,0.0,0.0,0.0,0.0,0.0,0.0,0.3087808802089735,0.2875883360443432,0.0,0.0,0.0,0.4581175862234938,0.191664660483827,0.0,0.0,0.1501732205609135,0.0,0.0,0.0,0.34496737870633765,0.0,0.0,0.0
2022-01-04,14310,14270.0,40.0,0.0028030833917309,5,"cnbc_e668bad3,cnbc_535d6963,cnbc_8e4f6fcb,cnbc_74ad2270,cnbc_65a2c8dd",True,1,0.003843466107617051,0.0028030833917309,-0.0005603025633842,0.0006307379634171,0.0019667064690594,0.0022131331241594943,0.0002970833406148454,0.0013482798229144406,0.002210325299077865,0.005127484722905029,-0.006801776790671843,1,0.059199999999999996,-0.0258,0.296,0.13362641954344207,0.0916,0.034,-0.6766666666666666,-1.0,0.2,0.007840632259676347,0.0051821615197103,0.030865268950852086,5,0.0,0.0,0.4515132169610288,0.0,0.0,0.26513819271805106,0.0,0.0,0.0,0.0,0.5327808108394658,0.0,0.0,0.0,0.0,0.0,0.401548991648296,0.0,0.0,0.3630460348269787,0.0,0.0,0.0,0.0,0.0,0.0,0.38592505124129295,0.0,0.0,0.0
2022-01-05,14365,14310.0,55.0,0.003843466107617,6,"cnbc_9cce67d0,cnbc_32e92097,cnbc_957ac855,cnbc_d8455701,cnbc_dc27b3d6,cnbc_b08150d4",True,1,0.0021580229725026105,0.003843466107617,0.0028030833917309,-0.0005603025633842,0.0002804065895548,0.004657863816930563,0.004082032069114838,0.0018457524135165524,0.0022061701740549457,0.007010164738871394,0.0011848341232227888,2,-0.11639999999999999,-0.5574,0.34,0.3858408169180653,0.10316666666666667,0.13683333333333333,-0.6106739665563196,-1.0,-0.2727272727272727,0.006186217115150099,0.005201904614244939,0.02708640238360051,6,0.33576027815131426,0.0,0.0,0.0,0.0,0.40978499532953305,0.0,0.5901335844753671,0.0,0.0,0.0,0.0,0.0,0.0,0.0,0.0,0.26007480724122733,0.0,0.0,0.23513725470892752,0.0,0.35427084757084404,0.18423489611675753,0.0,0.0,0.0,0.0,0.29783364718153027,0.0,0.0
2022-01-06,14396,14365.0,31.0,0.0021580229725026,12,"cnbc_a88d6f30,cnbc_d4e26791,cnbc_1b73ef95,cnbc_742fd877,cnbc_60b3434a,cnbc_7e3bf7da,cnbc_fe6a2b44,cnbc_b7b6b378,cnbc_cf9308b3,cnbc_29ea074b,cnbc_793f07b3,cnbc_3e0ac3b9",True,0,-0.0025006946373992774,0.0021580229725026,0.003843466107617,0.0028030833917309,0.0006307379634171,0.005040561862075688,0.006090636214650447,0.0017496562353130347,0.0022555215375472315,0.008900413483776015,0.003135669988154177,3,-0.12546666666666667,-0.7351,0.7096,0.41612172024613914,0.06225,0.13016666666666665,-0.555920186338143,-1.0,0.42857142857142855,0.010900017341798017,0.005462774858758672,0.02351019973147801,12,0.0,0.0,0.0,0.0,0.35485729716533887,0.2673877881983462,0.29100865153783184,0.0,0.0,0.0,0.0,0.3111686782092134,0.0,0.0,0.0,0.0,0.23917352542380788,0.0,0.0,0.21624011477223568,0.0,0.32579936698677436,0.40430650475645197,0.3625389160804278,0.0,0.0,0.0,0.0,0.34067709390576106,0.0
2022-01-07,14360,14396.0,-36.0,-0.0025006946373992,10,"cnbc_6ceee09a,cnbc_9a0c2b2f,cnbc_cf2da61a,cnbc_a962f391,cnbc_f3bf41bc,cnbc_a3488d19,cnbc_7ecb4ea5,cnbc_1802f9cd,cnbc_66379045,cnbc_378c5482",True,0,-0.0025766016713091922,-0.0025006946373992,0.0021580229725026,0.003843466107617,-0.0005603025633842,0.0013807338809779246,0.0036378377056112132,0.002610376056453191,0.0022919432158277696,0.005743101274688245,-0.0012519126443176765,4,-0.17499,-0.5809,0.2732,0.27271761321109345,0.0385,0.13799999999999998,-0.4886939943441492,-1.0,0.5,0.0069105670706794495,0.006544257368603948,0.021491221683180822,10,0.0,0.0,0.29450943783926264,0.38063931810269497,0.0,0.17294222439971463,0.0,0.0,0.0,0.0,0.3475180154148639,0.34076113695783405,0.3913565430580397,0.0,0.0,0.0,0.0,0.0,0.0,0.23680477029290467,0.0,0.0,0.0,0.0,0.3913565430580397,0.0,0.0,0.0,0.37307583309129033,0.0
2022-01-10,14323,14360.0,-37.0,-0.0025766016713091,16,"cnbc_38fbbdf4,cnbc_d2965870,cnbc_175731a3,cnbc_1de9bb45,cnbc_606e66ee,cnbc_a0dfa821,cnbc_c4711f79,cnbc_8a8d985c,cnbc_7d578ffd,cnbc_b7e47b60,cnbc_b4417a46,cnbc_56c0d2ce,cnbc_046a73c0,cnbc_f1f484de,cnbc_75e140ca,cnbc_ec3ca8f6",True,0,-0.0016756266145360609,-0.0025766016713091,-0.0025006946373992,0.0021580229725026,0.0028030833917309,-0.001937174234188932,0.0011323286828641699,0.00305779347300024,0.0023106638281516607,0.0037140854940433954,-0.001603234351038596,0,-0.1021875,-0.7184,0.5859,0.3672884059790979,0.0795625,0.12512500000000001,-0.5080960705960706,-1.0,1.0,0.0043313708778149685,0.004419708917558849,0.022221903040137565,16,0.0,0.0,0.427292445574013,0.0,0.0,0.31100297138569083,0.0,0.0,0.0,0.0,0.0,0.29199898698875815,0.0,0.0,0.0,0.0,0.3800084786310668,0.0,0.28645864994112,0.20291854187641706,0.0,0.305728345375926,0.4148768015471275,0.0,0.0,0.0,0.0,0.0,0.3196895230048602,0.0
2022-01-11,14299,14323.0,-24.0,-0.001675626614536,6,"cnbc_ae74353d,cnbc_a76faad3,cnbc_6890c7ae,cnbc_9ee5dfc0,cnbc_b53337fb,cnbc_7c7fe7de",True,1,0.00020980488146024197,-0.001675626614536,-0.0025766016713091,-0.0025006946373992,0.003843466107617,-0.0034567832401767307,-0.0003740121012140163,0.002958734471846968,0.002337179467754601,-0.0007686932215233977,-0.0034151101198773848,1,-0.11026666666666667,-0.5759,0.4019,0.39274787671821554,0.0805,0.18666666666666665,-0.3797313797313797,-1.0,-0.047619047619047616,0.013172212796907522,0.010943708715281166,0.019617540633509945,6,0.0,0.0,0.0,0.0,0.0,0.0,0.0,0.0,0.0,0.5731091640226864,0.0,0.0,0.0,0.0,0.0,0.0,0.0,0.5465076779612763,0.0,0.3376814266601218,0.0,0.5087695923808501,0.0,0.0,0.0,0.0,0.0,0.0,0.0,0.0
2022-01-12,14302,14299.0,3.0,0.0002098048814602,11,"cnbc_fd4e6b86,cnbc_fd70604d,cnbc_cc126db9,cnbc_33a2d067,cnbc_86ca0385,cnbc_6041c22d,cnbc_21e97439,cnbc_3872dfde,cnbc_8e3da902,cnbc_81108a63,cnbc_d4453eef",True,1,0.0006292826178156901,0.0002098048814602,-0.001675626614536,-0.0025766016713091,0.0021580229725026,-0.0023716517857143016,-4.195041460997029e-05,0.0020344129299540827,0.0023342222143096355,-0.0043856595892795,-0.002441235962893251,2,-0.20662727272727271,-0.4939,0.4215,0.2912158171903068,0.06536363636363636,0.1539090909090909,-0.5844155844155844,-1.0,0.7142857142857143,0.010372014383792195,0.00456645456356016,0.02466988489920062,11,0.0,0.0,0.0,0.0,0.0,0.34511448665461747,0.0,0.7004655353756584,0.0,0.0,0.0,0.3240261019028005,0.0,0.0,0.0,0.0,0.0,0.0,0.0,0.22517511038675964,0.0,0.0,0.42101236366115796,0.0,0.0,0.0,0.2393655560945304,0.0,0.0,0.0
2022-01-13,14311,14302.0,9.0,0.0006292826178156,12,"cnbc_f679e827,cnbc_f034d637,cnbc_99444636,cnbc_9b3fbf8a,cnbc_073512b3,cnbc_d405985a,cnbc_bb8ff352,cnbc_e3922b5c,cnbc_d272ab04,cnbc_767e768a,cnbc_7be7cade,cnbc_655f311b",True,0,-6.987631891551953e-05,0.0006292826178156,0.0002098048814602,-0.001675626614536,-0.0025006946373992,-0.0005586982331168278,0.0006992518005732862,0.0015120680548890454,0.0023372536041989522,-0.005904417893859426,-0.0022310534755629607,3,-0.05398333333333333,-0.7269,0.3818,0.35063496126399896,0.08416666666666667,0.12183333333333334,-0.5669612794612794,-1.0,0.09090909090909091,0.009416472820277381,0.006340500927330792,0.024613960990973818,12,0.23507851971510096,0.0,0.0,0.0,0.0,0.1202307810975623,0.0,0.5823220906579836,0.0,0.0,0.0,0.23689979590780255,0.0,0.0,0.0,0.0,0.1820882477167397,0.0,0.0,0.3454914357623275,0.0,0.0,0.218398794516181,0.0,0.0,0.36917920006642646,0.29630641853377326,0.2085246452804969,0.25936522429315784,0.0
2022-01-14,14310,14311.0,-1.0,-6.987631891551953e-05,13,"cnbc_fa0d8cd6,cnbc_5e036acf,cnbc_c9672f1b,cnbc_48990cef,cnbc_1dfb07a4,cnbc_be1caf42,cnbc_86e600c2,cnbc_0d353736,cnbc_49502342,cnbc_1ce6c383,cnbc_57195149,cnbc_4d189b50,cnbc_d3c1c266",True,1,0.0009084556254367575,-6.987631891551953e-05,0.0006292826178156,0.0002098048814602,-0.0025766016713091,6.988608568025967e-05,0.0007447890988052652,0.0013661274184559801,0.0023371341985840306,-0.0034818941504177747,-0.0023007738966743796,4,0.02616153846153846,-0.4767,0.8957,0.41217217385145727,0.0943076923076923,0.06953846153846154,-0.509819173179497,-1.0,0.05263157894736842,0.007847787296488112,0.006686033179775499,0.016494098684816178,13,0.0,0.0,0.21523401894692765,0.0,0.0,0.21399688453824636,0.0,0.6121534986858326,0.0,0.0,0.0,0.0,0.0,0.0,0.25967573466316135,0.0,0.19141633075163944,0.0,0.244310624022639,0.29301972530058595,0.0,0.0,0.3235762298622564,0.0,0.2860120280747371,0.0,0.31148571159916916,0.0,0.0,0.0
2022-01-17,14323,14310.0,13.0,0.0009084556254367,13,"cnbc_79243e27,cnbc_53a07cc4,cnbc_83315b0b,cnbc_1d9f742b,cnbc_b49b75aa,cnbc_a9baa329,cnbc_a0ac9fd8,cnbc_cd1504c0,cnbc_e7057914,cnbc_fe0d0a93,cnbc_716c9dee,cnbc_3f1a2686,cnbc_eb914aee",True,1,0.00013963555121133841,0.0009084556254367,-6.987631891551953e-05,0.0006292826178156,-0.001675626614536,0.0009784051995247456,0.0018676160964725685,0.001009692124309118,0.002245540744954856,0.0,-0.004240823136818728,0,-0.053746153846153846,-0.5423,0.4767,0.3886787225446929,0.10346153846153847,0.11376923076923078,-0.5895564580347189,-1.0,0.3333333333333333,0.007371885223632861,0.00506930054180438,0.025676270617156383,13,0.0,0.0,0.0,0.0,0.0,0.2821066456721746,0.0,0.3381755362273055,0.0,0.0,0.0,0.0,0.0,0.0,0.0,0.0,0.0,0.0,0.0,0.3862804451508569,0.5143246296738928,0.0,0.0,0.0,0.0,0.0,0.5089574733515241,0.0,0.0,0.3650657892619768
2022-01-18,14325,14323.0,2.0,0.0001396355512113,12,"cnbc_1fff9dcb,cnbc_5038189a,cnbc_1f8ea813,cnbc_664be83a,cnbc_ad28c241,cnbc_c13ab107,cnbc_07018a59,cnbc_9d2c7b12,cnbc_6117a784,cnbc_bf9c7cb8,cnbc_2020e627,cnbc_d5e44fab",True,1,0.0031413612565445027,0.0001396355512113,0.0009084556254367,-6.987631891551953e-05,0.0002098048814602,0.000754495535901345,0.002091625801848185,0.00039660104024909394,0.0021843384616750242,0.0018183089726553359,-0.0016725904244198064,1,-0.29799166666666665,-0.8591,0.0,0.3944355678649806,0.02808333333333333,0.17016666666666666,-0.7118892001244942,-1.0,0.5714285714285714,0.010364349410418,0.0057055755254230905,0.029043808767293,12,0.0,0.0,0.0,0.0,0.0,0.32353092723486593,0.228469314135958,0.4260760552246925,0.4706049485672288,0.0,0.0,0.0,0.0,0.0,0.0,0.0,0.0,0.0,0.0,0.16976894140300447,0.0,0.0,0.2252181583216676,0.0,0.0,0.22485144277503152,0.18046771242484252,0.4512765521138799,0.0,0.2716572911453563
2022-01-19,14370,14325.0,45.0,0.0031413612565445,18,"cnbc_acbbd745,cnbc_b4dc5bbe,cnbc_d5b2d0a0,cnbc_4d26edd0,cnbc_6e4b3201,cnbc_de541fca,cnbc_ca36ac1a,cnbc_2ff92eb1,cnbc_b434aa7e,cnbc_e50c2658,cnbc_9a8e4dbf,cnbc_2f355c6a,cnbc_f2d6b29a,cnbc_7d0d1ac6,cnbc_d1cd8918,cnbc_b60fce4b,cnbc_c8f8c548,cnbc_23daa221",True,0,-0.0011134307585247043,0.0031413612565445,0.0001396355512113,0.0009084556254367,0.0006292826178156,0.0029453230782117146,0.004866996727364237,0.0012848626109650935,0.0018180393600070567,0.004754579779051804,0.0074312955692652505,2,-0.060855555555555566,-0.7003,0.4588,0.2997283872838722,0.0805,0.09955555555555556,-0.5669844210445233,-1.0,0.3333333333333333,0.010447778965025644,0.0055772214152343446,0.02613693236195598,18,0.0,0.0,0.16045414716030226,0.43520871960015894,0.0,0.15953187963289728,0.0,0.40133641228151173,0.0,0.0,0.18933419314278765,0.1856529217436678,0.0,0.2078502413998491,0.0,0.0,0.14269837200262467,0.20880037308918545,0.0,0.12901558516972528,0.1717816521586152,0.0,0.28220884729008067,0.2163020050843952,0.21321822761501455,0.0,0.2322085256401239,0.16341596877927542,0.0,0.3495425204246649
2022-01-20,14354,14370.0,-16.0,-0.0011134307585247,10,"cnbc_e7b5b603,cnbc_ca23e4f8,cnbc_00e810df,cnbc_922e90ee,cnbc_927c33e6,cnbc_91537153,cnbc_96095fac,cnbc_0bf80bef,cnbc_48170fc2,cnbc_318831d6",True,0,-0.0004876689424550648,-0.0011134307585247,0.0031413612565445,0.0001396355512113,-6.987631891551953e-05,0.0012276443179599639,0.0033867974317660643,0.00159296649593301,0.0018260885948268885,0.0030046817133673187,0.007227562978036728,3,-0.01607,-0.5267,0.5574,0.32866764384574143,0.0644,0.08560000000000001,-0.6567307692307692,-1.0,-0.25,0.009308062768681815,0.004954981371139264,0.027816760965844723,10,0.4550503528389862,0.0,0.0,0.0,0.0,0.0,0.0,0.27899154824085226,0.30814874856400726,0.0,0.0,0.2708422936237849,0.31105631555523017,0.0,0.0,0.0,0.0,0.30461126830558954,0.0,0.18821614371805595,0.0,0.0,0.14747123644153096,0.0,0.0,0.0,0.20007745007722494,0.0,0.0,0.5099348669641066
2022-01-21,14347,14354.0,-7.0,-0.000487668942455,11,"cnbc_77453070,cnbc_95e4e4f3,cnbc_5512ec3a,cnbc_574d79ab,cnbc_5388a7ab,cnbc_8a16ddfc,cnbc_2fec4278,cnbc_808725cf,cnbc_2be8424c,cnbc_e82b727b,cnbc_d80e52f9",True,0,-0.001394019655677145,-0.000487668942455,-0.0011134307585247,0.0031413612565445,0.0009084556254367,0.00022309290425126527,0.002449002407079348,0.001647010574712703,0.001733978848767638,0.002585604472396863,0.009002039524579786,4,-0.20633636363636362,-0.6249,0.2732,0.3051270793381908,0.06209090909090909,0.16918181818181818,-0.512646589736373,-1.0,0.2,0.008236682957300628,0.00698736707183531,0.02866104279721228,11,0.25994022753335816,0.0,0.38332672957960284,0.0,0.0,0.0,0.0,0.2698359426568542,0.29803629741326826,0.0,0.26714835164291345,0.2619541203743787,0.0,0.0,0.0,0.0,0.0,0.0,0.25698384930303586,0.43439982052538834,0.0,0.27427081378726925,0.24149646853463827,0.0,0.0,0.24110324753447862,0.1935115514659246,0.0,0.0,0.0
2022-01-24,14327,14347.0,-20.0,-0.0013940196556771,20,"cnbc_df6ccc54,cnbc_a1204f3d,cnbc_c8abace1,cnbc_a7d1df89,cnbc_cb56d6ac,cnbc_848ad6d2,cnbc_3bab2725,cnbc_7f81f1f1,cnbc_a03e2521,cnbc_a0f84afe,cnbc_043ea3dc,cnbc_ed0203a3,cnbc_61a309d7,cnbc_64720c52,cnbc_6d4c519a,cnbc_a32a496e,cnbc_bb9524f1,cnbc_ad1bf5e2,cnbc_49bb5fde,cnbc_fb8e797f",True,1,0.002163746771829413,-0.0013940196556771,-0.000487668942455,-0.0011134307585247,0.0001396355512113,-0.001226942542838394,0.0006949755710847771,0.0018229195881709723,0.0017823743336029291,0.0002792711024226513,0.007170474516696057,0,-0.16139,-0.8885,0.4215,0.36367784457068447,0.03345,0.1096,-0.6105155138978668,-1.0,0.2,0.0062924611141612396,0.005204202211936515,0.027077051991917796,20,0.1836205888574605,0.0,0.27078025005259504,0.0,0.0,0.0,0.0,0.1906108767993637,0.21053147852961157,0.0,0.0,0.0,0.0,0.0,0.0,0.44071326555389995,0.0,0.20811462318768797,0.1815322167855868,0.2698644731844159,0.40857530826240046,0.1937436494994617,0.2114443891261723,0.0,0.21251796843242196,0.170314232267284,0.3816214468941905,0.0,0.0,0.0
2022-01-25,14358,14327.0,31.0,0.0021637467718294,13,"cnbc_e4882cd9,cnbc_c0c04350,cnbc_ac29f546,cnbc_ccd54ebe,cnbc_b3c10e86,cnbc_4115d6a8,cnbc_77d7cc98,cnbc_1b0e8110,cnbc_d7782276,cnbc_f37a518a,cnbc_c469f6e7,cnbc_56136ac0,cnbc_aef59d38",True,0,-0.0008357709987463436,0.0021637467718294,-0.0013940196556771,-0.000487668942455,0.0031413612565445,0.0004738279725737815,0.0024366233566754936,0.0020556982363607555,0.0018252027803733982,0.002303664921466053,0.008498981527007121,1,-0.23790769230769232,-0.7906,0.296,0.3841738765661943,0.02246153846153846,0.1539230769230769,-0.47818399549168783,-0.9047619047619048,0.25,0.009713402670426223,0.0066764813097694945,0.026869305576494633,13,0.0,0.0,0.0,0.2647872332036966,0.2703281789666194,0.12030521001127512,0.0,0.0,0.0,0.0,0.0,0.0,0.0,0.0,0.2471741592303739,0.0,0.18220096952020556,0.0,0.23254877149832734,0.27891286928690545,0.37136686572691313,0.2481920205376988,0.21853399437834306,0.0,0.0,0.0,0.41786801436279436,0.35328147897454604,0.0,0.2635948778659546
2022-01-26,14346,14358.0,-12.0,-0.0008357709987463,11,"cnbc_1bc8d9e8,cnbc_980ba0d0,cnbc_0b907f93,cnbc_91d311fb,cnbc_1aa07ba0,cnbc_b379550f,cnbc_08deed2f,cnbc_2f521d3b,cnbc_3cd210b5,cnbc_169f66c2,cnbc_f03e1938",True,1,0.0027185278126306985,-0.0008357709987463,0.0021637467718294,-0.0013940196556771,-0.0011134307585247,-2.7881559136799794e-05,0.001315683858967187,0.0014357297413837588,0.001808095033265661,-0.001670146137787043,0.005678233438485725,2,-0.04811818181818183,-0.4404,0.4019,0.23620877976138743,0.10018181818181819,0.10990909090909091,-0.6533266097507583,-0.8823529411764706,-0.125,0.007426671847544252,0.006302801379573956,0.0329205975851467,11,0.0,0.0,0.25453369416235466,0.0,0.335856677854815,0.14946761494665345,0.0,0.0,0.0,0.0,0.0,0.4986442716502837,0.0,0.0,0.0,0.0,0.2263671236898278,0.0,0.0,0.429505492823726,0.0,0.0,0.0,0.0,0.0,0.0,0.456572757792025,0.0,0.0,0.3274912009470424
2022-01-27,14385,14346.0,39.0,0.0027185278126306,15,"cnbc_2984e5ff,cnbc_066da1d3,cnbc_a14bea2f,cnbc_4897df8e,cnbc_5ed84db5,cnbc_f5b216ce,cnbc_7b38ac16,cnbc_6ed67e50,cnbc_ee205e49,cnbc_5fd8c517,cnbc_794148b7,cnbc_4042b88c,cnbc_4ffcb7fe,cnbc_b8573503,cnbc_c1238fef",True,0,-0.00027806743135210286,0.0027185278126306,-0.0008357709987463,0.0021637467718294,-0.000487668942455,0.0022574307094185286,0.0036314924701474904,0.0018717995174932155,0.001888207450548893,0.0021596767451581567,0.008129511528488287,3,-0.09976666666666668,-0.7506,0.4019,0.3010349497190998,0.034,0.0884,-0.5290957190957191,-1.0,0.4666666666666667,0.010053660309068378,0.0056571630707097885,0.01809172544753817,15,0.0,0.0,0.3222333912091694,0.2459745983362164,0.2511218703249275,0.26668689132843104,0.4321842232580127,0.3840572322216927,0.0,0.0,0.0,0.0,0.0,0.0,0.0,0.0,0.0,0.0,0.21602661869606737,0.0,0.3449819484396569,0.23055844431536646,0.11989953824464374,0.0,0.0,0.0,0.2754248011853614,0.0,0.24108696561089638,0.0
2022-01-28,14381,14385.0,-4.0,-0.0002780674313521,12,"cnbc_d92e373d,cnbc_77fd4107,cnbc_efff1d70,cnbc_1ce1e89c,cnbc_84454eee,cnbc_2b1ba214,cnbc_f57b76c9,cnbc_6f9d8bb2,cnbc_5b1e3c5c,cnbc_c6498817,cnbc_4a1e4557,cnbc_d022be10",True,1,0.0007648981294763925,-0.0002780674313521,0.0027185278126306,-0.0008357709987463,-0.0013940196556771,0.0015042411242809361,0.0029920282324715775,0.0018482253838440175,0.0018934578160301884,0.0023698334146511346,0.007213895503571877,4,-0.16510833333333333,-0.7096,0.4939,0.33990966837016445,0.027583333333333335,0.10425,-0.6872895622895623,-1.0,0.3333333333333333,0.0073524190540507454,0.0038442417271422626,0.023611819724176877,12,0.1988325539551342,0.0,0.17317627282915474,0.2238220237859823,0.0,0.10169280161633297,0.0,0.34946887827825646,0.0,0.0,0.0,0.4205052688713972,0.0,0.0,0.0,0.1999853687778438,0.15401267364884103,0.0,0.196571171638244,0.3633511895201982,0.0,0.0,0.22896140444291946,0.0,0.23012392394393635,0.1844238382379859,0.3862494366616525,0.0,0.21937457329514576,0.0
2022-01-31,14392,14381.0,11.0,0.0007648981294763,15,"cnbc_6e6e35cb,cnbc_3eb43a05,cnbc_55900097,cnbc_502ed068,cnbc_768d08d5,cnbc_52fc489f,cnbc_dcd91792,cnbc_48d8a221,cnbc_349aa841,cnbc_d65cafb6,cnbc_fda5b22a,cnbc_d03b8169,cnbc_ea3c4fac,cnbc_232ba85c,cnbc_2fa34119",True,0,-0.0031267370761534187,0.0007648981294763,-0.0002780674313521,0.0027185278126306,0.0021637467718294,0.0013637249172024912,0.0033323573290946484,0.001526669039284933,0.0018826710311024746,0.004536888392545624,0.008549404344779354,0,-0.15198,-0.7845,0.5719,0.37349477372514867,0.05113333333333333,0.1164,-0.37005759940542554,-1.0,1.0,0.009630240042025845,0.0050403454049770145,0.019442389926781226,15,0.2224454839485834,0.0,0.19374231760150123,0.0,0.0,0.11376962182327971,0.0,0.0,0.2550464352572382,0.0,0.0,0.37955091629879334,0.0,0.0,0.3957670704933189,0.0,0.172302890258917,0.0,0.21991554469131813,0.3269248492860276,0.3511923371189649,0.0,0.20666212123003386,0.0,0.0,0.20632561988697784,0.28038301733266635,0.0,0.0,0.24927506935528934
2022-02-02,14347,14392.0,-45.0,-0.0031267370761534,16,"cnbc_c01cd928,cnbc_ddb7e26b,cnbc_73981169,cnbc_effbfaca,cnbc_404b0a3f,cnbc_0e1c1e9c,cnbc_aab0eec9,cnbc_37548d23,cnbc_fd0d7ddd,cnbc_53d3c588,cnbc_885916d1,cnbc_c8224429,cnbc_b3947ff3,cnbc_7f6a7193,cnbc_d4427a16,cnbc_c8d012d8",True,1,0.0023698334146511468,-0.0031267370761534,0.0007648981294763,-0.0002780674313521,-0.0008357709987463,-0.0016144521301025838,6.622031848491083e-05,0.0021455259801585916,0.001954411304587241,-0.0007661234155175167,0.002585604472396863,2,-0.09526249999999999,-0.7964,0.6705,0.4760126607209798,0.091125,0.1308125,-0.4013845001616741,-0.8333333333333334,0.6666666666666666,0.00473727346584352,0.009669505113641272,0.026532163028109373,16,0.0,0.0,0.0,0.0,0.0,0.22785652333886486,0.17595292670501617,0.40671786131987603,0.21405747339005157,0.22189986428555525,0.0,0.0,0.0,0.0,0.19618061044883292,0.31793634284118544,0.0,0.0,0.1845725301290388,0.22137142947755495,0.17408504197954475,0.19698848071021058,0.26731558278703044,0.0,0.0,0.2931966524373843,0.29167576260587086,0.2803973377366553,0.0,0.2092136338683008
2022-02-03,14381,14347.0,34.0,0.0023698334146511,13,"cnbc_c162ae6e,cnbc_c993bf47,cnbc_2a484b4c,cnbc_873d163e,cnbc_550e9501,cnbc_9d1c952a,cnbc_c95577bc,cnbc_5de1ce6f,cnbc_6dbcdcc5,cnbc_ffbcc78f,cnbc_661fbbbf,cnbc_e4f4fb89,cnbc_d2dac3a5",True,0,-0.00034768096794381473,0.0023698334146511,-0.0031267370761534,0.0007648981294763,0.0027185278126306,0.00026430737556681905,0.0023803134485966826,0.002358304106753664,0.0018309610324693981,0.002439704447232627,0.0011138183083885256,3,-0.21013846153846152,-0.9118,0.0258,0.3008841597095177,0.019923076923076925,0.12938461538461538,-0.34260902496196616,-1.0,1.0,0.006046659852570657,0.007026938108370324,0.01881621185101534,13,0.20355562918244022,0.22458560434625285,0.0,0.0,0.0,0.0,0.0,0.3577701738602812,0.0,0.0,0.0,0.2051326810618279,0.23559029543477036,0.0,0.2138968890865988,0.0,0.3308904994652811,0.23070889451248533,0.2012405299133311,0.29916270814099205,0.18980595906365777,0.21477771484862956,0.1116929328355731,0.0,0.0,0.18880464834367447,0.3616100833489247,0.18056250065535037,0.22458560434625285,0.0
2022-02-04,14376,14381.0,-5.0,-0.0003476809679438,10,"cnbc_606475cd,cnbc_724dc8a8,cnbc_85bcce41,cnbc_536e96d0,cnbc_fccd9e35,cnbc_c964b89f,cnbc_a307f7e5,cnbc_d83cf191,cnbc_a6f8f206,cnbc_c1c8fc69",True,1,0.0019476905954368391,-0.0003476809679438,0.0023698334146511,-0.0031267370761534,-0.0002780674313521,4.173796903050864e-05,0.00210165309131205,0.002006211845305842,0.0017641571853200667,-0.0006256517205421863,-0.0013892747985551068,4,0.13163,-0.6908,0.9001,0.4566701387945863,0.1488,0.0747,-0.5355827505827506,-1.0,-0.1111111111111111,0.009411649307938879,0.005874791956921112,0.018693557561025836,10,0.2629132658455694,0.0,0.22898835502937895,0.0,0.0,0.0,0.24778457346555177,0.4620973893452907,0.0,0.0,0.0,0.0,0.0,0.0,0.0,0.0,0.0,0.0,0.0,0.3117448868725845,0.24515413685588006,0.2774077566338945,0.3027521871909338,0.0,0.0,0.24386083991993024,0.467057031818778,0.0,0.0,0.0
2022-02-07,14404,14376.0,28.0,0.0019476905954368,13,"cnbc_2beb616a,cnbc_d9c96e36,cnbc_e7510e30,cnbc_ec0a87ab,cnbc_d518a02d,cnbc_a66a9238,cnbc_40d60743,cnbc_1d2ae04e,cnbc_f4f946ce,cnbc_284e0972,cnbc_c6cba105,cnbc_2bc4db80,cnbc_a0925810",True,0,-0.001319078033879478,0.0019476905954368,-0.0003476809679438,0.0023698334146511,0.0007648981294763,0.0016689847009736525,0.0038994845989526183,0.0022008469722973184,0.0017212088705215254,0.0015993324525416241,0.0030640668523675973,0,-0.009500000000000001,-0.802,0.5423,0.35557099150521265,0.07638461538461538,0.07692307692307693,-0.5403869634638865,-1.0,0.09090909090909091,0.009560409120230755,0.006002068753938729,0.0254084390744345,13,0.0,0.26821438386039204,0.0,0.2736519793630597,0.0,0.2105138623826908,0.22911052009811445,0.0,0.0,0.0,0.0,0.0,0.0,0.0,0.0,0.0,0.0,0.0,0.40692119714411873,0.35727909485388726,0.22667832389115083,0.256501179684936,0.22585023981781027,0.0,0.0,0.0,0.4722409398433279,0.0,0.26821438386039204,0.0
2022-02-08,14385,14404.0,-19.0,-0.0013190780338794,10,"cnbc_5926a92b,cnbc_8e53d79b,cnbc_48e84676,cnbc_4cd1f5e0,cnbc_c381b747,cnbc_6e4e0c41,cnbc_a6cc40ec,cnbc_423a019a,cnbc_0ecc8e9c,cnbc_1403e66a",True,0,-0.0013208202989224887,-0.0013190780338794,0.0019476905954368,-0.0003476809679438,-0.0031267370761534,0.0004451059212997599,0.0023586959930039786,0.002291376924754719,0.0016371086402842832,-0.0004863813229571967,0.004328702087551539,1,-0.05508,-0.7506,0.4404,0.4099150746733334,0.0731,0.0895,-0.4063006438006438,-1.0,0.5,0.011012458156134183,0.011406640824132789,0.02569963456651097,10,0.0,0.0,0.20145248626171838,0.4408407914144444,0.0,0.2002945661351132,0.0,0.2401032494103998,0.4490163039612283,0.0,0.0,0.23308990966527823,0.0,0.0,0.0,0.0,0.0,0.0,0.3871673993848288,0.16198092015026408,0.21567433147692738,0.0,0.2663462114611103,0.0,0.0,0.2145365536052608,0.17218889317685232,0.20517109584311952,0.0,0.0
2022-02-09,14366,14385.0,-19.0,-0.0013208202989224,12,"cnbc_60d876ce,cnbc_da5eaddb,cnbc_bcdff2a9,cnbc_650d035b,cnbc_16baf2e8,cnbc_7f86c8cd,cnbc_35331d49,cnbc_ab8b84f3,cnbc_4e571cd3,cnbc_6d12de01,cnbc_575dc607,cnbc_8ab04a44",True,0,-0.0015313935681470138,-0.0013208202989224,-0.0013190780338794,0.0019476905954368,0.0023698334146511,-0.0011402825675825845,0.0008011424988678684,0.0017791341756418523,0.0016173197998169053,0.0013243186728932876,0.0046856423526120405,2,0.03795833333333334,-0.6249,0.5106,0.4143444865816439,0.11966666666666666,0.11341666666666667,-0.4616147741147741,-1.0,0.0,0.006184018323523586,0.0053980364446376,0.015466211718226493,12,0.0,0.0,0.2567809865936348,0.3318771050457251,0.3388219755244296,0.255305046147211,0.2778585279107497,0.0,0.0,0.0,0.30299884279428074,0.0,0.0,0.0,0.0,0.0,0.0,0.0,0.0,0.43329762119554127,0.0,0.0,0.2739045554834958,0.0,0.0,0.0,0.46060386458239067,0.0,0.0,0.0
2022-02-10,14344,14366.0,-22.0,-0.001531393568147,9,"cnbc_5ff6e280,cnbc_160ae0e2,cnbc_f9061bff,cnbc_7fb4eaec,cnbc_0ad9857d,cnbc_161ed38f,cnbc_67c3540b,cnbc_427501cc,cnbc_50c9d348",True,1,0.001045733407696598,-0.001531393568147,-0.0013208202989224,-0.0013190780338794,-0.0003476809679438,-0.0021565217391303904,-0.0008776451248903028,0.0014510152986044178,0.0016649115862230185,-0.0025728391627842795,0.0029366522164733233,3,-0.1638888888888889,-0.5563,0.1779,0.25328000535200385,0.030888888888888893,0.10133333333333333,-0.5606220939554274,-1.0,-0.09090909090909091,0.008218418741718091,0.005410151161070726,0.024449611844153334,9,0.0,0.0,0.0,0.0,0.0,0.17990071631160787,0.0,0.0,0.0,0.0,0.0,0.3544719795449411,0.0,0.0,0.0,0.0,0.46131104444345783,0.39866801385887835,0.34774629100445964,0.41707773893198424,0.0,0.0,0.326789023712408,0.0,0.0,0.0,0.2618566282328581,0.0,0.0,0.0
2022-02-11,14359,14344.0,15.0,0.0010457334076965,9,"cnbc_7efa0744,cnbc_03e2da5a,cnbc_3f4d8dd5,cnbc_648f18cb,cnbc_96c2f274,cnbc_f8b96e1b,cnbc_589612c0,cnbc_b6a0cc17,cnbc_e2697b18",True,0,-0.0014624973883975206,0.0010457334076965,-0.001531393568147,-0.0013208202989224,0.0019476905954368,-0.0008767291046229975,0.0,0.0016154938750003985,0.001673828707197417,-0.001182526432943809,0.0033540633079449655,4,-0.4321333333333333,-0.743,0.0,0.3006352150031662,0.028777777777777777,0.23833333333333334,-0.5669363434708703,-1.0,-0.07692307692307693,0.007110321607584559,0.007049982587297551,0.023293255821919587,9,0.0,0.0,0.0,0.0,0.0,0.17157262874269488,0.0,0.34823433351940075,0.0,0.0,0.3447658872616591,0.0,0.0,0.0,0.3525060988833829,0.0,0.0,0.0,0.3316481807655124,0.3977700896680793,0.0,0.35395771631688255,0.18407205544149435,0.0,0.0,0.0,0.4228374021783961,0.0,0.0,0.0
2022-02-14,14338,14359.0,-21.0,-0.0014624973883975,27,"cnbc_b04c8084,cnbc_17530b64,cnbc_81817bbb,cnbc_80cdaebe,cnbc_48cffa5b,cnbc_450eef22,cnbc_17a2915c,cnbc_8e8b2ee0,cnbc_4c8a608f,cnbc_04d962f2,cnbc_324852f6,cnbc_5b37b881,cnbc_514781d3,cnbc_91349395,cnbc_60868f82,cnbc_aec23837,cnbc_55b79744,cnbc_2a6821f0,cnbc_6f9f4491,cnbc_ff240bee,cnbc_90d68bff,cnbc_962f7468,cnbc_6ed108b8,cnbc_ae6c6395,cnbc_6dfcb3f0,cnbc_6b421dc7,cnbc_b2e0e924",True,0,-0.0032082577765378713,-0.0014624973883975,0.0010457334076965,-0.001531393568147,-0.0013190780338794,-0.0014207711165589165,-0.0015598451296621185,0.0011013747089983002,0.0017127916773784658,-0.004582060538739219,0.0019566736547869112,0,-0.1955851851851852,-0.7096,0.5499,0.34962523419722497,0.049888888888888885,0.16648148148148148,-0.48765218579759195,-1.0,0.09090909090909091,0.008809358751930292,0.007194274104012497,0.02184885801007434,27,0.0,0.0,0.3845858958798563,0.0,0.0,0.19861103452585535,0.17439346449282128,0.1920855714597686,0.0,0.0,0.0,0.18647481285449655,0.0,0.0,0.19444187126165713,0.0,0.14333010201999882,0.0,0.18293667279187728,0.27195232726871843,0.4117363231823521,0.330574426236691,0.17191181688861532,0.0,0.0,0.17163189835818551,0.4549418162486846,0.0,0.0,0.0
2022-02-15,14292,14338.0,-46.0,-0.0032082577765378,11,"cnbc_128ef567,cnbc_1115d860,cnbc_8a8be451,cnbc_1f0d36bc,cnbc_b0d962a7,cnbc_988c126a,cnbc_3727c6ef,cnbc_98262faf,cnbc_8ad28df6,cnbc_31eaabf9,cnbc_039e0f16",True,0,-0.0009795689896445563,-0.0032082577765378,-0.0014624973883975,0.0010457334076965,-0.0013208202989224,-0.0033333798239862933,-0.00465566532138717,0.001518567679410709,0.001852110305558559,-0.006465067778936406,-0.0021643510437757696,1,-0.21114545454545455,-0.743,0.631,0.45485699151191766,0.05045454545454546,0.15254545454545454,-0.33225882851551297,-0.8823529411764706,1.0,0.009183629205931621,0.006089629910753355,0.02392290199212003,11,0.0,0.0,0.0,0.29581551517577714,0.0,0.1344028080479168,0.0,0.0,0.30130149447477383,0.0,0.0,0.0,0.0,0.0,0.0,0.0,0.0,0.29784261919618454,0.2597992879488701,0.43915897580214047,0.41488435592251516,0.0,0.3440901289155738,0.0,0.0,0.0,0.33123310295426395,0.2331041819494825,0.0,0.0
2022-02-16,14278,14292.0,-14.0,-0.0009795689896445,8,"cnbc_1f0137ae,cnbc_178ba019,cnbc_96004134,cnbc_c62b2888,cnbc_32841c81,cnbc_951247f8,cnbc_5781e29e,cnbc_ab6d69a3",True,1,0.001610869869729654,-0.0009795689896445,-0.0032082577765378,-0.0014624973883975,-0.001531393568147,-0.0030861180544888844,-0.005467906523177635,0.0015247980107978946,0.0018611616021454575,-0.006125574272588086,-0.0032809773123909647,2,-0.0746125,-0.7351,0.743,0.49938242842678054,0.0685,0.108,-0.32773692810457516,-0.7777777777777778,0.5,0.008795929944469452,0.00736415958593856,0.015298020872516261,8,0.0,0.0,0.0,0.0,0.0,0.17049673236643292,0.0,0.0,0.0,0.0,0.0,0.0,0.0,0.0,0.0,0.0,0.0,0.0,0.0,0.6091895348539635,0.0,0.0,0.3097067196757308,0.3914027159302473,0.0,0.0,0.5922032055189376,0.0,0.0,0.0
2022-02-17,14301,14278.0,23.0,0.0016108698697296,13,"cnbc_c1f41f07,cnbc_30e605d5,cnbc_20ad654c,cnbc_09e849be,cnbc_c0ba78c6,cnbc_91b40d90,cnbc_a1e2386a,cnbc_2d6dea6d,cnbc_6b663777,cnbc_ea3b7de7,cnbc_da918d36,cnbc_0a2d9b1c,cnbc_7348c038",True,1,0.0026571568421788687,0.0016108698697296,-0.0009795689896445,-0.0032082577765378,0.0010457334076965,-0.0008802816901408717,-0.00362640693093097,0.001954952629628907,0.0017460671467968952,-0.002997769102063619,-0.004801670146137749,3,0.03977692307692308,-0.6249,0.4939,0.33627232058220846,0.09607692307692309,0.053769230769230764,-0.48943665421398214,-1.0,0.4,0.008619889157445342,0.007410626791077916,0.02315183277837502,13,0.0,0.24174030330044147,0.3231066330236882,0.0,0.2518024022737892,0.0,0.2064961834659419,0.0,0.0,0.0,0.2251797168223436,0.0,0.0,0.0,0.0,0.0,0.28735181565401763,0.24833131355815813,0.0,0.3220138887027088,0.2043040570024201,0.23118325006101273,0.20355770890517633,0.0,0.0,0.3440919731605924,0.3423070756225923,0.0,0.0,0.2455305389450701
2022-02-18,14339,14301.0,38.0,0.0026571568421788,9,"cnbc_0293a23d,cnbc_300e937c,cnbc_07d7ab2d,cnbc_9b25f739,cnbc_feb4cda6,cnbc_3b90df45,cnbc_2f6a08ec,cnbc_d17da341,cnbc_302ea4ed",True,0,-0.0006973987028384127,0.0026571568421788,0.0016108698697296,-0.0009795689896445,-0.0014624973883975,0.002054564767708378,-0.0009266807410658329,0.0023803679838627365,0.0018473292237745178,-0.001392854655616671,-0.0010450048766894593,4,-0.17635555555555554,-0.6249,0.2732,0.334123839732782,0.04655555555555555,0.15433333333333332,-0.437962221243955,-1.0,0.45454545454545453,0.010661447102456317,0.009751949079693938,0.026030882176309326,9,0.0,0.0,0.0,0.0,0.0,0.144356885425591,0.2660091324661986,0.0,0.0,0.0,0.0,0.0,0.0,0.0,0.0,0.28388700585097304,0.0,0.31990129877965723,0.27904042027689213,0.41481945931462005,0.26318522720543236,0.0,0.3250196149846302,0.0,0.0,0.0,0.5482960916371286,0.0,0.0,0.0
2022-02-21,14329,14339.0,-10.0,-0.0006973987028384,25,"cnbc_be3715f6,cnbc_c6821f24,cnbc_afb7eb19,cnbc_baf35b19,cnbc_5c48f947,cnbc_38590ee6,cnbc_319fa12e,cnbc_d90d8bfb,cnbc_dea2dcbc,cnbc_312acb24,cnbc_df6335c9,cnbc_d67e724b,cnbc_7254936a,cnbc_670243a8,cnbc_b8622efb,cnbc_e936c81a,cnbc_738f1cc3,cnbc_621ceeba,cnbc_3eec0b95,cnbc_98a19655,cnbc_f7150178,cnbc_b4679184,cnbc_b888860a,cnbc_6e058c9f,cnbc_856db87e",True,1,0.002303021843813246,-0.0006973987028384,0.0026571568421788,0.0016108698697296,-0.0032082577765378,0.001481709277457055,-0.0015608233343088473,0.0023085729183249313,0.0018505330209657009,-0.000627702608453018,-0.001254617690109483,0,-0.205316,-0.9042,0.5574,0.37959251252713966,0.06484,0.17132000000000003,-0.5400245424836009,-1.0,1.0,0.007924497600424733,0.0050258381674828925,0.025416925340714523,25,0.16743568840060163,0.0,0.24691282091486016,0.18847916946375923,0.0,0.08563489179874743,0.0,0.4147614177525117,0.0,0.0,0.17207866818796635,0.1687329002150294,0.19378596138585558,0.0,0.17594194282322165,0.0,0.0,0.0,0.39500662746018916,0.361087224907048,0.15612582931752936,0.0,0.2564889193359533,0.0,0.0,0.0,0.3985240864851496,0.0,0.18473399836502233,0.0
2022-02-22,14362,14329.0,33.0,0.0023030218438132,11,"cnbc_a8ce442c,cnbc_18e13360,cnbc_4d32da72,cnbc_c8961b5b,cnbc_3c253f56,cnbc_ade27c33,cnbc_b62615c4,cnbc_5bdb8493,cnbc_eec553cb,cnbc_78f03aed,cnbc_d8dfeda5",True,0,-0.000487397298426403,0.0023030218438132,-0.0006973987028384,0.0026571568421788,-0.0009795689896445,0.002806909745981745,0.0006165893897855934,0.0017040252852606808,0.0018945111383486507,0.004897844948222874,0.002442939903678276,1,-0.2546,-0.6705,0.2023,0.30376293058897097,0.03436363636363637,0.14663636363636365,-0.7365350388233683,-1.0,-0.23076923076923078,0.012783063923096067,0.004154342343570927,0.030633768498168814,11,0.0,0.0,0.33500758263912256,0.0,0.0,0.0,0.0,0.3992822856714553,0.0,0.0,0.0,0.0,0.0,0.0,0.0,0.0,0.0,0.0,0.3802647553919503,0.37964280219300073,0.2118291649392676,0.0,0.21105532668802188,0.0,0.0,0.35676587340627197,0.47213959800404504,0.0,0.0,0.0
2022-02-23,14355,14362.0,-7.0,-0.0004873972984264,18,"cnbc_da14e4d3,cnbc_f0469fd2,cnbc_5e035d5b,cnbc_604f5c7f,cnbc_2df53e73,cnbc_f9d6e200,cnbc_6334e7f0,cnbc_366024ad,cnbc_32781296,cnbc_23fd98c8,cnbc_3c2d4c86,cnbc_de869ece,cnbc_338852f6,cnbc_f27e3050,cnbc_c16e2d50,cnbc_0b4070b0,cnbc_010096a6,cnbc_0f3dd59a",True,1,0.001114594218042494,-0.0004873972984264,0.0023030218438132,-0.0006973987028384,0.0016108698697296,0.0012415255419466753,0.00013934369121448853,0.0015716926858785527,0.0018361079036822224,0.005392912172573094,-0.00020894274968663584,2,-0.031772222222222216,-0.6251,0.5994,0.354855917414636,0.08677777777777777,0.09727777777777777,-0.6246637168205795,-1.0,0.3333333333333333,0.007308950676889152,0.004634574999314124,0.023128511785630787,18,0.0,0.0,0.25280962484360875,0.0,0.0,0.1484552046646918,0.0,0.17796077906493774,0.0,0.0,0.1761882732010431,0.0,0.0,0.0,0.0,0.17242837179856468,0.13279048720365935,0.19430287032502935,0.4992865039317367,0.3536792810314041,0.15985444656910655,0.0,0.22447324657310772,0.0,0.0,0.15901114337790928,0.43365203067108543,0.0,0.32025174505104437,0.0
2022-02-24,14371,14355.0,16.0,0.0011145942180424,9,"cnbc_516b45e6,cnbc_470f2bb5,cnbc_63db53ff,cnbc_5d356b95,cnbc_fb6ed5f0,cnbc_dfc00427,cnbc_58b969ac,cnbc_6e7bc96f,cnbc_0ef833d9",True,0,-0.0001391691601141187,0.0011145942180424,-0.0004873972984264,0.0023030218438132,0.0026571568421788,0.0013796755671999783,0.0011669017886688504,0.0015450128335407034,0.00184166218446312,0.004894762604013669,0.0017426460337375271,3,-0.07777777777777778,-0.7717,0.34,0.3174035474666981,0.07833333333333332,0.10477777777777778,-0.7725749559082893,-1.0,-0.42857142857142855,0.008000445112724588,0.003680596039618596,0.028319998323713298,9,0.0,0.0,0.0,0.0,0.0,0.0,0.0,0.0,0.0,0.0,0.27813887954380195,0.2727309567314885,0.0,0.0,0.0,0.0,0.0,0.0,0.45301203900717824,0.39774711268500396,0.25235355254371505,0.2855543609729078,0.2514316736709354,0.0,0.0,0.0,0.5257303688343484,0.0,0.0,0.0
2022-02-25,14369,14371.0,-2.0,-0.0001391691601141,22,"cnbc_f1f22309,cnbc_0358a062,cnbc_af3fe680,cnbc_38f530ac,cnbc_daaccde4,cnbc_86acf956,cnbc_6919ad7e,cnbc_bbbb88f7,cnbc_8dd804bf,cnbc_d0ce3a43,cnbc_a5b4591f,cnbc_e933f5fd,cnbc_7ec88606,cnbc_c6a8d7a7,cnbc_bb9003ad,cnbc_755f4f85,cnbc_ef7ed341,cnbc_b76bd7c0,cnbc_f3220499,cnbc_e3757907,cnbc_907abedc,cnbc_7946ae08",True,0,-0.001322291043218039,-0.0001391691601141,0.0011145942180424,-0.0004873972984264,-0.0006973987028384,0.0008218872760705764,0.0010833632332296617,0.0012661797066097886,0.001734633551081134,0.0020921961085151874,-0.0011122697254084546,4,-0.2237590909090909,-0.7506,0.34,0.257768764333076,0.015818181818181818,0.13622727272727272,-0.6457552681236892,-1.0,-0.2,0.006763274900099597,0.005741474311981022,0.02781158774003085,22,0.0,0.0,0.0,0.0,0.0,0.07306116854119131,0.1346311816253946,0.0,0.0,0.0,0.14681245360093556,0.34352602730384946,0.0,0.0,0.1501084857826616,0.0,0.0,0.1619068092095535,0.36852181038427967,0.3566394529384381,0.3718678363257055,0.0,0.16449726522968838,0.0,0.0,0.0,0.4011961484117785,0.12671509005225462,0.33076146168801474,0.27104029235067423
2022-03-01,14350,14369.0,-19.0,-0.001322291043218,77,"cnbc_39afddee,cnbc_bd809c3e,cnbc_2c34a467,cnbc_da83d675,cnbc_06d27501,cnbc_6bec935b,cnbc_5c4536a4,cnbc_1196fae4,cnbc_2674da5c,cnbc_349a92c3,cnbc_a9c0bad8,cnbc_9b6f862f,cnbc_c027ab3e,cnbc_1a5548b6,cnbc_46abb93b,cnbc_382d8bd5,cnbc_02c40e15,cnbc_49f98198,cnbc_12fc1126,cnbc_ce999ffc,cnbc_e4b637eb,cnbc_aa926b2f,cnbc_5bc9e315,cnbc_24112344,cnbc_fb8558d5,cnbc_eb9b5b5e,cnbc_e886fe60,cnbc_798d6d18,cnbc_a05f6921,cnbc_550bd8c6,cnbc_883d43c9,cnbc_ff316d7b,cnbc_f166d784,cnbc_853317d7,cnbc_af8d39d6,cnbc_5e61dd23,cnbc_9bf7efbd,cnbc_c80e923b,cnbc_00ba320f,cnbc_1cb50075,cnbc_1b44710c,cnbc_c0bc6e55,cnbc_9f4e0c86,cnbc_9df54c66,cnbc_44e2c9e2,cnbc_8552995d,cnbc_b6eb7350,cnbc_0f6a8674,cnbc_04ba35da,cnbc_0fb5bdd1,cnbc_79943487,cnbc_d0a6302c,cnbc_8fe11c74,cnbc_971dc798,cnbc_48e86f74,cnbc_8725fa00,cnbc_c4fea118,cnbc_cd97101d,cnbc_b6b1b432,cnbc_134514b6,cnbc_14335b59,cnbc_d242e889,cnbc_7ce1b4c8,cnbc_c28ac36f,cnbc_fe3b1bbf,cnbc_e2dae857,cnbc_cd8a589d,cnbc_af62b772,cnbc_acd59994,cnbc_f8fe3a2d,cnbc_28f66402,cnbc_ce86939b,cnbc_4aeafc01,cnbc_4ac2a209,cnbc_c04d8f35,cnbc_90bcfb41,cnbc_b8237888",True,1,0.001602787456445993,-0.001322291043218,-0.0001391691601141,0.0011145942180424,0.0023030218438132,-0.0007937944768615646,-0.0001323866526382611,0.0014247944875505154,0.0017572931886960484,0.0014655593551538004,-0.0021556220012516336,1,-0.043796103896103895,-0.6933,0.7906,0.35517400866615945,0.0724025974025974,0.08376623376623377,-0.6042168381388758,-1.0,1.0,0.008388019348305185,0.005069155024809999,0.023950068364885908,77,0.1008160075533254,0.29025202667287053,0.2095339534173332,0.11348666197638763,0.0,0.05156229225011328,0.16087404110779802,0.10465399177032352,0.0,0.0,0.24724784437422392,0.21321288450742268,0.0,0.0,0.22232231584577333,0.10140053048763376,0.1638817812477039,0.0,0.2600811028208778,0.315293239083284,0.3657188326583531,0.0,0.2013079703338617,0.11836954847268852,0.0,0.1583265585793826,0.34605910922748895,0.21340173872624366,0.2654314062245705,0.0
2022-03-02,14373,14350.0,23.0,0.0016027874564459,25,"cnbc_42b17acc,cnbc_eafd966a,cnbc_a0802987,cnbc_f0075063,cnbc_833d9c6f,cnbc_0357e01d,cnbc_26a59d90,cnbc_0173ed32,cnbc_e5880cfb,cnbc_b1aae20a,cnbc_2d33d70b,cnbc_cd47bcec,cnbc_823ec4da,cnbc_bb8728e2,cnbc_b9ebf0d8,cnbc_2a38baf6,cnbc_ed6d8969,cnbc_15c17d7d,cnbc_716f27ee,cnbc_d9f56f14,cnbc_51346ac7,cnbc_da422366,cnbc_7c7e37ea,cnbc_1fac1f26,cnbc_15b6f8e9",True,1,0.0006957489737702637,0.0016027874564459,-0.001322291043218,-0.0001391691601141,-0.0004873972984264,0.0006544320365367007,0.0015364836474240917,0.0011935765376835503,0.0017888633159089526,0.0007659100403842878,-0.0013201778765981054,2,-0.191188,-0.8779,0.4588,0.41597836213758355,0.05804,0.15167999999999998,-0.6098263958263959,-1.0,1.0,0.0073233759928889785,0.003881880980387977,0.021639908704023783,25,0.0,0.18134896549316107,0.0,0.1850255107439643,0.0,0.0,0.0,0.0,0.0,0.0,0.0,0.16564106861474232,0.0,0.0,0.17271801401062195,0.1653206166825752,0.0,0.1862934156964282,0.16249822432435454,0.4268290962821016,0.4278790358167854,0.17342926547835955,0.21522012395708787,0.0,0.0,0.0,0.4362174646797334,0.24686268024623145,0.3070504896222085,0.0
2022-03-04,14383,14373.0,10.0,0.0006957489737702,56,"cnbc_4e154a59,cnbc_f2151381,cnbc_715c77b8,cnbc_01016503,cnbc_e16f8726,cnbc_bff85e5f,cnbc_01fc0802,cnbc_ddf47287,cnbc_d990331d,cnbc_74fffa7d,cnbc_a5c8dc68,cnbc_791d5a45,cnbc_1d3d4a2a,cnbc_d811bab4,cnbc_81a5585f,cnbc_4923f6b9,cnbc_191adcc8,cnbc_a9e3d5ca,cnbc_0c336b3b,cnbc_da754af9,cnbc_16ee352a,cnbc_e85d4729,cnbc_4ab5c205,cnbc_98ac04b4,cnbc_0e4b2ecc,cnbc_7773ab4b,cnbc_fedea1c7,cnbc_0c7c1890,cnbc_f88a2995,cnbc_9147e45a,cnbc_ab1eb02d,cnbc_41654fab,cnbc_8d4ca199,cnbc_d0e3abde,cnbc_c83f1bf0,cnbc_36baf4f5,cnbc_e7013bb5,cnbc_566e12e6,cnbc_a62afa44,cnbc_dbe839fe,cnbc_7aa550dd,cnbc_3b654581,cnbc_1a858c47,cnbc_c426eed9,cnbc_1a0d1a39,cnbc_69a4b813,cnbc_7490baba,cnbc_cadd749f,cnbc_9b645b27,cnbc_de153a84,cnbc_39e55441,cnbc_f0631f41,cnbc_779e441f,cnbc_d5b0e192,cnbc_2dbae3ed,cnbc_aa783bcf",True,1,0.00194674268233331,0.0006957489737702,0.0016027874564459,-0.001322291043218,0.0011145942180424,0.0009603874954764446,0.0021076100398877973,0.0011512311549942633,0.001642702367138567,0.0019505398815744535,0.002509235380218966,4,-0.17406607142857142,-0.8479,0.6997,0.37200028850271594,0.06494642857142857,0.14573214285714284,-0.6237933139456249,-1.0,1.0,0.007086794866730197,0.004802144856437913,0.023315523657573677,56,0.0,0.0,0.1612332420410976,0.12307626407271105,0.0,0.09467959916783229,0.10304353339253852,0.19216752319823563,0.12535874691171808,0.0,0.23581433025901982,0.18655437080868126,0.0,0.0,0.19452482829616827,0.0,0.14339125263608068,0.32336064821742605,0.31842767768861024,0.32303371197371633,0.35528498435766503,0.11536261129681644,0.20385038907971803,0.0,0.0,0.17170512370426413,0.3252286221231911,0.31008200545216574,0.0,0.1225220430906762
2022-03-07,14411,14383.0,28.0,0.0019467426823333,45,"cnbc_43e72596,cnbc_7a00a4c5,cnbc_7d5f80aa,cnbc_4b2e72bf,cnbc_890e3f48,cnbc_551b18be,cnbc_5b86bac8,cnbc_77386872,cnbc_f3e07116,cnbc_e10f59ec,cnbc_e7a53d3c,cnbc_3d4e77e2,cnbc_3092b7a3,cnbc_825b9816,cnbc_358d374e,cnbc_b05c79c3,cnbc_7cd21b5c,cnbc_39156e96,cnbc_14d6747d,cnbc_e68de9f6,cnbc_b6f26c57,cnbc_81810e32,cnbc_622448b4,cnbc_ba6dbd2c,cnbc_f456c1d1,cnbc_d142e04d,cnbc_4079147b,cnbc_c352648f,cnbc_3c159bef,cnbc_ef2d2f80,cnbc_7c367f30,cnbc_f5070723,cnbc_0889413c,cnbc_0acbc831,cnbc_47f8abce,cnbc_537fff39,cnbc_d5c1ae9c,cnbc_08275c09,cnbc_5f9e5f0d,cnbc_5abfdcd0,cnbc_db09428c,cnbc_8c90bd91,cnbc_938489e3,cnbc_6c466f30,cnbc_811b3f6f",True,0,-0.0011796544306432587,0.0019467426823333,0.0006957489737702,0.0016027874564459,-0.0001391691601141,0.002350944551094747,0.003953532925788483,0.0013285982698411029,0.0016147807131978804,0.00278338320228233,0.0020860858076627853,0,-0.20388,-0.8542,0.4767,0.36763525130215674,0.047599999999999996,0.14462222222222224,-0.5569290477133615,-1.0,0.6666666666666666,0.006130893015904409,0.00541248283692665,0.021537389652330444,45,0.12520482186386386,0.13814012758231553,0.0,0.14094068632069592,0.14389001544522864,0.13438660654839604,0.11800022064915791,0.0,0.0,0.25196375542460586,0.12867674271148902,0.12617484907667964,0.0,0.0,0.13156561674508835,0.0,0.09698175165688264,0.29780671595039493,0.20957916305747443,0.358713043148558,0.35951725986010125,0.22367727684258504,0.11632105815461492,0.0,0.0,0.19662798641143314,0.3626148274678209,0.26502662951144446,0.13814012758231553,0.23755874319801043
2022-03-08,14394,14411.0,-17.0,-0.0011796544306432,16,"cnbc_efd36aa1,cnbc_3932f59f,cnbc_a57927d1,cnbc_80e0e6fd,cnbc_0b625e0e,cnbc_c2b37b64,cnbc_259c2f9d,cnbc_ae7ef67b,cnbc_c49a3759,cnbc_52bd9542,cnbc_b7a09617,cnbc_5d861148,cnbc_d7f387f5,cnbc_d8f36653,cnbc_3eff0501,cnbc_7ba5e139",True,0,-0.0015978880088925941,-0.0011796544306432,0.0019467426823333,0.0006957489737702,-0.001322291043218,0.0008204586224638266,0.0027063458062088763,0.001530930850807373,0.0016376227597857135,0.0017398566358131085,0.0012520868113523598,1,-0.2540625,-0.9062,0.4019,0.45790014613814367,0.0598125,0.1790625,-0.7684941520467836,-1.0,-0.3333333333333333,0.006144748456017725,0.003748597359816859,0.024816819357850833,16,0.0,0.0,0.0,0.0,0.2168122722228208,0.1633697669091652,0.0,0.0,0.0,0.0,0.0,0.1901192076534281,0.0,0.0,0.0,0.0,0.14613129254185014,0.0,0.1865119194895467,0.42241518958133184,0.2978486900415276,0.0,0.2701243918595002,0.0,0.0,0.0,0.3664836671274391,0.4366823794837535,0.3524258584225039,0.21141193875859904
2022-03-09,14371,14394.0,-23.0,-0.0015978880088925,21,"cnbc_4d250ec7,cnbc_36859abb,cnbc_e8e56a1e,cnbc_0c39a1f4,cnbc_daf0f7c3,cnbc_1b258cc9,cnbc_b3d41454,cnbc_686778db,cnbc_c9331258,cnbc_c3be4aac,cnbc_786d90c8,cnbc_5a39da5d,cnbc_4e5a1372,cnbc_27d84b20,cnbc_58c3dc5f,cnbc_0b2741b0,cnbc_d56df08b,cnbc_bf7e65e0,cnbc_029f9733,cnbc_91de26a7,cnbc_6575c9b9",True,0,-0.005079674344165333,-0.0015978880088925,-0.0011796544306432,0.0019467426823333,0.0016027874564459,-0.001070455430128403,0.0012192148256522373,0.0016090977139920325,0.0016147063461015854,0.0014634146341463428,-0.0022910302693696094,2,-0.24415238095238095,-0.7506,0.5106,0.3982794529209957,0.06847619047619047,0.17295238095238097,-0.4398014683728969,-1.0,0.3333333333333333,0.008837589529673328,0.007230831246157469,0.022269652163056864,21,0.0,0.0,0.12296171096208992,0.0,0.0,0.15153185266078215,0.0,0.0,0.0,0.0,0.14509351577684773,0.14227242677564317,0.0,0.0,0.0,0.0,0.0,0.4713784434859716,0.2929095604074657,0.2760190936382357,0.4208902537167766,0.25221436145029374,0.18485686902652845,0.0,0.16339669955463137,0.0,0.34710144093252726,0.29883912694714315,0.0,0.15820647449446276
2022-03-10,14298,14371.0,-73.0,-0.0050796743441653,19,"cnbc_7c4c830a,cnbc_acf9b739,cnbc_29c42a07,cnbc_8a2c8e25,cnbc_1e0fd63e,cnbc_e4233c75,cnbc_35c97f84,cnbc_b9b6e865,cnbc_99b24c62,cnbc_8bc88464,cnbc_21925aab,cnbc_dd432554,cnbc_6ceae03b,cnbc_aa4d3630,cnbc_4d4b2662,cnbc_97215d09,cnbc_eb5759b5,cnbc_a41b73bf,cnbc_b1236469",True,1,0.0005595188138201147,-0.0050796743441653,-0.0015978880088925,-0.0011796544306432,0.0006957489737702,-0.005107366018620274,-0.0035646710780777857,0.002673159375248271,0.0019472124019324771,-0.005218117303276926,-0.006047966631908208,3,-0.18274736842105263,-0.7351,0.7717,0.3884780479546947,0.03721052631578948,0.13605263157894737,-0.5714115023039509,-1.0,0.42857142857142855,0.009135750782688223,0.0076163677045293435,0.028975463046314556,19,0.0,0.0,0.0,0.21291148093409196,0.0,0.1637876630798626,0.0,0.0,0.0,0.0,0.3291224212046514,0.0,0.0,0.0,0.0,0.0,0.24805468529420213,0.21437047715589572,0.31659991975604623,0.3160820954505134,0.42085694145258684,0.0,0.17571993866389318,0.0,0.0,0.0,0.3674211240634023,0.35209544669416254,0.0,0.21195272571886967
2022-03-11,14306,14298.0,8.0,0.0005595188138201,20,"cnbc_da715634,cnbc_f98a5ea1,cnbc_f9d9cc13,cnbc_92f17fae,cnbc_f992de01,cnbc_a1b8eaa0,cnbc_819d21f1,cnbc_b1c6b870,cnbc_6574dfbf,cnbc_09c03fd5,cnbc_2380a426,cnbc_1279073e,cnbc_ce5eb612,cnbc_803c870d,cnbc_53c2ac27,cnbc_20eee8fd,cnbc_a070f6c6,cnbc_aa84fb6c,cnbc_0ed341d6,cnbc_a225451a",True,1,0.001537816300852789,0.0005595188138201,-0.0050796743441653,-0.0015978880088925,0.0019467426823333,-0.0034828643076065813,-0.0027986602677373407,0.0026516148845486544,0.001940788245266292,-0.005353542376416609,-0.00417652791312817,4,-0.17153000000000002,-0.7906,0.4215,0.3808974500750618,0.06165,0.1303,-0.5074786324786325,-1.0,0.0,0.01242667861198482,0.006511819718881887,0.020859455701331294,20,0.17418854383413834,0.40332077989353976,0.0,0.0,0.0,0.08908863603874437,0.0,0.0,0.0,0.0,0.17901877982467218,0.0,0.2016015507311609,0.0,0.0,0.17519847470955982,0.1349237980464077,0.19742439227114422,0.0,0.3900181866555674,0.34086195177483997,0.0,0.24940728478277283,0.0,0.0,0.16156569531479348,0.3820080240641163,0.36871265806410636,0.0,0.0
2022-03-14,14328,14306.0,22.0,0.0015378163008527,34,"cnbc_b4c34183,cnbc_c207c906,cnbc_7a273369,cnbc_3b3ecd95,cnbc_d34e5987,cnbc_635605b0,cnbc_4d176507,cnbc_1c9f5874,cnbc_98b0868d,cnbc_844341df,cnbc_397947be,cnbc_fbe0bb0e,cnbc_8b88b10b,cnbc_fab26f33,cnbc_6daab0f8,cnbc_5ab8483d,cnbc_ef60046d,cnbc_09fdc45b,cnbc_3217ba86,cnbc_f8fb7474,cnbc_68fd1b74,cnbc_c3949537,cnbc_d7b3efa7,cnbc_b2393dd2,cnbc_dbb07206,cnbc_65ee7335,cnbc_b8c7ef0b,cnbc_5cc2028b,cnbc_d008d5c5,cnbc_2aec9d1f,cnbc_427d6524,cnbc_667a4006,cnbc_3c8cff99,cnbc_f07206d4",True,0,-0.0004885538805136795,0.0015378163008527,0.0005595188138201,-0.0050796743441653,-0.0011796544306432,-0.0007950123436126777,-0.0012094511461901991,0.002539223061165326,0.0019519039526957607,-0.005759489279022922,-0.001115448968209698,0,-0.26676764705882355,-0.9169,0.5574,0.41074993625524747,0.050176470588235295,0.18932352941176472,-0.6566250424703186,-1.0,0.38461538461538464,0.008016090707379174,0.005630752011439461,0.028487549582012023,34,0.0,0.15157354566562753,0.251106364717921,0.15464644436096303,0.0,0.07026310423369345,0.1294751361979266,0.0,0.15751440479205656,0.0,0.0,0.1384447052648161,0.15900064702458142,0.0,0.14435969740838014,0.0,0.18017241211947999,0.0,0.2850290718932253,0.3429810329618947,0.37737300895394804,0.14495416954408658,0.2220683605034501,0.0,0.0,0.12742486354326374,0.3792308129972163,0.2907991083685875,0.25663632149123144,0.15395006066011152
2022-03-15,14321,14328.0,-7.0,-0.0004885538805136,16,"cnbc_d8038ab1,cnbc_503d941e,cnbc_0e190814,cnbc_0abd3090,cnbc_2a9b808e,cnbc_1d2dfa70,cnbc_f86242ee,cnbc_5180c450,cnbc_916fceaa,cnbc_642d91b7,cnbc_15f8cbab,cnbc_e2f8efff,cnbc_29592fdc,cnbc_58a8a786,cnbc_d00822f6,cnbc_48f265a1",True,0,-0.0006982752601075344,-0.0004885538805136,0.0015378163008527,0.0005595188138201,-0.0015978880088925,-0.0002652742097620786,-0.0015651743478730662,0.0025560934205259805,0.0019364971503898426,-0.005071557593441689,-0.002646423845671708,1,-0.215925,-0.836,0.5719,0.47990898651028957,0.0685,0.1708125,-0.7201629426794321,-1.0,-0.3333333333333333,0.003944347901992942,0.004987580080804132,0.0315912409474565,16,0.0,0.19381004564656576,0.1529954034224589,0.0,0.0,0.1885438706715514,0.0,0.18234916921731734,0.0,0.0,0.0,0.29972566797687494,0.0,0.0,0.0,0.0,0.0,0.0,0.4144134440672101,0.3434374184700721,0.2773313231800417,0.0,0.20227968802328808,0.0,0.0,0.0,0.402701131576719,0.4590303765613332,0.0,0.0
2022-03-16,14311,14321.0,-10.0,-0.0006982752601075,18,"cnbc_a56085cc,cnbc_9ccbe603,cnbc_9deec8ee,cnbc_e9407fbe,cnbc_a5a6524c,cnbc_a7aa1a6d,cnbc_a26739e8,cnbc_3f2eba37,cnbc_00e51b09,cnbc_3a90737d,cnbc_668417c2,cnbc_8d206ae4,cnbc_0cbd7f28,cnbc_45f60ced,cnbc_e6e09536,cnbc_d99a67f4,cnbc_d401d094,cnbc_fac529b7",True,0,-0.00146740269722591,-0.0006982752601075,-0.0004885538805136,0.0015378163008527,-0.0050796743441653,-0.0001257615560895653,-0.0021684411627307387,0.0025362823174052427,0.0019162692078258292,-0.004175074803423606,-0.0018831078253591649,2,-0.18190555555555557,-0.8074,0.5719,0.38843296260475696,0.07433333333333333,0.14766666666666667,-0.5875118708452042,-1.0,0.42857142857142855,0.009174448523501097,0.0054326471872931945,0.02473212395410387,18,0.2870492216931708,0.0,0.0,0.19084333146431856,0.0,0.24207078639467672,0.0,0.36933475447850134,0.0,0.0,0.0,0.0,0.0,0.0,0.0,0.0,0.13131992656351135,0.0,0.16760771183606968,0.3497625333721916,0.33175738545375844,0.17888246147365142,0.15750667062291512,0.0,0.19621668838584055,0.0,0.3523490134924851,0.3924217531228844,0.18705118333770948,0.0
2022-03-17,14290,14311.0,-21.0,-0.0014674026972259,22,"cnbc_22fc4988,cnbc_3a8d9be5,cnbc_9d4832d8,cnbc_1cc5ffce,cnbc_456bb204,cnbc_337bf7c9,cnbc_571377b8,cnbc_23222b98,cnbc_9360a1a1,cnbc_47d77c88,cnbc_472fb8f4,cnbc_e79a2838,cnbc_2abe4cee,cnbc_61ff7e22,cnbc_d0c3be78,cnbc_74ef5d3c,cnbc_1bcdf316,cnbc_c80f857f,cnbc_2a118f14,cnbc_fe090924,cnbc_c8723a8b,cnbc_e9c76600",True,1,0.0034989503149055285,-0.0014674026972259,-0.0006982752601075,-0.0004885538805136,0.0005595188138201,-0.0014813572586506174,-0.003625714684144521,0.0011721195966068712,0.0018035130286167096,-0.0005595188138201035,-0.00013993842709203452,3,-0.12502727272727274,-0.7579,0.5994,0.4400723059440056,0.09177272727272728,0.1548181818181818,-0.6354949519317659,-1.0,0.1111111111111111,0.009509910625969164,0.004931102101715607,0.023784758739852405,22,0.0,0.0,0.25915262106944775,0.19782233503528104,0.0,0.2509231412016877,0.28042483499186793,0.30887375761229624,0.0,0.0,0.18060883888418366,0.0,0.2033921917603624,0.0,0.18466362123176677,0.0,0.0,0.0,0.1737370054846847,0.37898680361203896,0.16386519636511873,0.18542406461916444,0.16326657644877446,0.0,0.0,0.0,0.3854010497570862,0.37198759325741726,0.0,0.0
2022-03-18,14340,14290.0,50.0,0.0034989503149055,17,"cnbc_497a3442,cnbc_7d903648,cnbc_04907b45,cnbc_7713f6b2,cnbc_ab237515,cnbc_87509fd8,cnbc_dc5261c9,cnbc_72340212,cnbc_55a16e3d,cnbc_4e6e0add,cnbc_4ebb5cd3,cnbc_270ccd4e,cnbc_53889933,cnbc_42b7b3e3,cnbc_fd0fe31b,cnbc_ea7a3745,cnbc_a0527e36",True,1,6.97350069735007e-05,0.0034989503149055,-0.0014674026972259,-0.0006982752601075,0.0015378163008527,0.0015365274479675062,-0.00035552209465250506,0.002021866822804065,0.0019484081245578616,0.002376625192227033,0.004342344866227865,4,-0.28913529411764705,-0.8807,0.4585,0.43118160028747815,0.04864705882352941,0.19058823529411767,-0.8081300571785001,-1.0,-0.5714285714285714,0.009802836588809594,0.003244471452216853,0.02975219669555101,17,0.0,0.21756052329557676,0.2907882847881622,0.0,0.0,0.17075708394815356,0.0,0.20469517225015013,0.0,0.0,0.0,0.0,0.0,0.0,0.0,0.0,0.25860979956629354,0.0,0.19494568729669326,0.3855240022897897,0.38586930645704776,0.0,0.28233898064409196,0.0,0.0,0.18289880250275498,0.38305546673211605,0.36707765785510943,0.0,0.0
2022-03-21,14341,14340.0,1.0,6.97350069735007e-05,24,"cnbc_c066a40a,cnbc_5d30f098,cnbc_d8fd3bf6,cnbc_c5f2b8e8,cnbc_ab623f36,cnbc_a0e5217b,cnbc_97b0944c,cnbc_dfb6506b,cnbc_44e1549d,cnbc_293ae175,cnbc_7857248e,cnbc_32b59e23,cnbc_7275efb5,cnbc_14278f12,cnbc_bf188d40,cnbc_841c5f17,cnbc_dc460cad,cnbc_445df4d2,cnbc_9e987cc8,cnbc_5073f878,cnbc_322266dd,cnbc_6c09d293,cnbc_cb07568e,cnbc_09dfe200",True,1,0.0011854124538037793,6.97350069735007e-05,0.0034989503149055,-0.0014674026972259,-0.0004885538805136,0.0014245213189392203,-0.00042517303148370544,0.001933896012674425,0.0019207207506796728,0.000907314349525512,0.002797007202293589,0,-0.090325,-0.8074,0.8225,0.3799502693431247,0.04729166666666667,0.10762500000000001,-0.5844091910268381,-1.0,0.3333333333333333,0.007724695531446599,0.005188499963285019,0.02349180433809631,24,0.17762002488017486,0.3318069178722772,0.26193138280771705,0.0,0.0,0.1538116955273367,0.1673993206935644,0.0,0.20365148966774085,0.0,0.0,0.17899614007374243,0.0,0.0,0.18664367531345627,0.0,0.0,0.20131361509367832,0.29731647393828287,0.42266281699090696,0.16562223951604005,0.0,0.097461817139988,0.0,0.0,0.0,0.36915038402786604,0.3306500417987988,0.0,0.19904312389244966
2022-03-22,14358,14341.0,17.0,0.0011854124538037,12,"cnbc_f28ff8d5,cnbc_5949a566,cnbc_505b997e,cnbc_e8179467,cnbc_a240d8c8,cnbc_2d33d41f,cnbc_0a3f81f7,cnbc_1faebc7b,cnbc_1b42cd3e,cnbc_017cc555,cnbc_db0b28fe,cnbc_f829aa34",True,0,-0.00048753308260203373,0.0011854124538037,6.97350069735007e-05,0.0034989503149055,-0.0006982752601075,0.0020938023450587373,0.0006934740260873262,0.0019334938936099032,0.0018460039043484739,0.002583618462397963,0.001325057535392915,1,-0.264875,-0.8074,0.4215,0.42745576086888804,0.05641666666666667,0.16741666666666666,-0.6640289449112978,-1.0,0.0,0.006304844399665489,0.003678362547745794,0.029573791037074113,12,0.0,0.0,0.30401162720101266,0.0,0.2369213449194848,0.17852211269444987,0.0,0.21400350581968508,0.0,0.0,0.0,0.0,0.0,0.0,0.0,0.0,0.2703698535639123,0.23365539114217343,0.34508146395729195,0.3767330139973853,0.0,0.21752074655649184,0.23739380101867105,0.0,0.0,0.0,0.3662283833676575,0.3837701926505238,0.0,0.0
2022-03-23,14351,14358.0,-7.0,-0.000487533082602,15,"cnbc_f6d52286,cnbc_476e212d,cnbc_82a46f39,cnbc_fb643f7f,cnbc_acabb914,cnbc_469b438c,cnbc_fc0a6d03,cnbc_69383be3,cnbc_8d32f6c8,cnbc_3c8bdfd7,cnbc_7507d3c6,cnbc_90454b92,cnbc_fbaf872e,cnbc_74965f14,cnbc_f4f5e71f",True,1,0.0006968155529231412,-0.000487533082602,0.0011854124538037,6.97350069735007e-05,-0.0014674026972259,0.0010463169642858094,0.00012892749744763954,0.001902407459619092,0.0018420173209336111,0.0027950527566207306,0.0015353478958755051,2,-0.2249,-0.7845,0.4019,0.37826021466709925,0.023733333333333332,0.1534,-0.655079365079365,-1.0,0.2,0.008956221603419355,0.004317461531106096,0.027304012569357862,15,0.0,0.0,0.21201427437978584,0.0,0.2797523922533218,0.12449930462243211,0.0,0.0,0.0,0.0,0.0,0.0,0.0,0.0,0.0,0.0,0.18855288149758923,0.2758960137471888,0.24065591456620367,0.4448394548088905,0.4763466796119408,0.2568445204233793,0.3485409015547181,0.0,0.0,0.0,0.181216444237482,0.21592784391041067,0.0,0.0
2022-03-24,14361,14351.0,10.0,0.0006968155529231,20,"cnbc_31c1977f,cnbc_262048e0,cnbc_fb413a02,cnbc_5642ac5d,cnbc_869878ba,cnbc_c8531ade,cnbc_7ee00d99,cnbc_1a44918c,cnbc_9a536740,cnbc_1f1d5adc,cnbc_a91fadb5,cnbc_1839fbc0,cnbc_1d9da50d,cnbc_f9da64a3,cnbc_ff91c208,cnbc_d66b486a,cnbc_2d39a15e,cnbc_60505459,cnbc_d5d623b7,cnbc_0fa7ae07",True,0,-0.0013926606782257503,0.0006968155529231,-0.000487533082602,0.0011854124538037,0.0034989503149055,0.0007526027511810529,0.0008293203058031828,0.0015369556508850995,0.0017736638588112207,0.00496850944716587,-6.96281854895009e-05,3,-0.022700000000000005,-0.5994,0.4019,0.262280015090341,0.07275000000000001,0.0824,-0.35775446775446773,-1.0,1.0,0.006086445733956158,0.006492735086521821,0.01739594014409397,20,0.0,0.0,0.2438999543052248,0.0,0.32182548032184743,0.1432232560626993,0.15587550537179512,0.17168897706687858,0.0,0.0,0.0,0.28220360726902355,0.0,0.0,0.0,0.0,0.0,0.31738912553309095,0.3901866984097255,0.27639631729448216,0.26111844320299427,0.0,0.21656222390976954,0.0,0.0,0.0,0.37915909154312355,0.3078880018930351,0.0,0.0
2022-03-25,14341,14361.0,-20.0,-0.0013926606782257,25,"cnbc_00f23aaf,cnbc_8eb6c795,cnbc_e84b1000,cnbc_1172980f,cnbc_44cdbd7e,cnbc_0a1c4078,cnbc_b894b3af,cnbc_d550a787,cnbc_03fad2aa,cnbc_180d29fd,cnbc_666f79a9,cnbc_b8af411b,cnbc_49f86ec2,cnbc_65f65d8d,cnbc_1fb80ade,cnbc_6654011d,cnbc_885349a1,cnbc_e9621542,cnbc_84cdef42,cnbc_b4bec8eb,cnbc_7d873257,cnbc_8234d51f,cnbc_298ae424,cnbc_6048f0a9,cnbc_3dfc7239",True,1,0.001324872742486577,-0.0013926606782257,0.0006968155529231,-0.000487533082602,6.97350069735007e-05,-0.0006550340060207382,-0.0005157369462797101,0.001008932564372107,0.0017980861649067926,6.973500697360357e-05,-0.0009752699407872267,4,-0.13306800000000002,-0.8143,0.6602,0.39192802562035123,0.0782,0.11903999999999999,-0.49260427728193845,-1.0,0.3333333333333333,0.00680019381393081,0.006073054894910827,0.0215139228718048,25,0.1559002452959762,0.17200679218821763,0.1357837178895774,0.17549394058857254,0.3760006664110113,0.19027140923946306,0.0,0.27401088384743855,0.0,0.0,0.0,0.15710808600187315,0.18043512230611702,0.0,0.0,0.0,0.12075796001675536,0.0,0.2609599410245696,0.3048013763753344,0.4058368912956839,0.0,0.22322166556063291,0.0,0.0,0.14460268727531989,0.3028497131036795,0.29021740458787154,0.0,0.0
2022-03-28,14360,14341.0,19.0,0.0013248727424865,37,"cnbc_df28d603,cnbc_aef0a8d9,cnbc_53266050,cnbc_acf3964c,cnbc_32187b97,cnbc_39c4daed,cnbc_7259bd59,cnbc_cd26a739,cnbc_af2a2931,cnbc_4de9e6f4,cnbc_563258ab,cnbc_76557175,cnbc_01b76a84,cnbc_b99bc2ed,cnbc_6fd86b57,cnbc_6f43fb98,cnbc_a612f3c8,cnbc_a11712aa,cnbc_3d83e63e,cnbc_6cf26763,cnbc_f80ddef9,cnbc_ef93450c,cnbc_7a43e5b6,cnbc_6892e683,cnbc_99c1bbec,cnbc_31486cc0,cnbc_ce13e084,cnbc_606fdd31,cnbc_801f9662,cnbc_db5a0c83,cnbc_f4a5af30,cnbc_7443772d,cnbc_0dd4a8ac,cnbc_fed7aecd,cnbc_0ed43aed,cnbc_6345330e,cnbc_7a2a6647",True,1,0.0002785515320334262,0.0013248727424865,-0.0013926606782257,0.0006968155529231,0.0011854124538037,0.00040406292235029007,0.0008468167704569485,0.001169518942167492,0.0018058354364790666,0.0013248727424866047,-0.0007654303806277074,0,-0.014545945945945953,-0.8934,0.6908,0.41450631317708975,0.09027027027027026,0.08827027027027028,-0.5235383323618618,-1.0,1.0,0.007014080845061505,0.005617030981151677,0.021529670094050834,37,0.1992478899694722,0.0,0.21509589796308956,0.0,0.13524107795807347,0.16802725723446074,0.2327517716965825,0.0,0.32197243999616976,0.13986895349005507,0.28860379546372106,0.0,0.13619880558138542,0.0,0.0,0.24839449292910323,0.26852670641252396,0.1333767836727488,0.30358361098140607,0.24277873444045733,0.306340024873643,0.21023248862206387,0.21325322774985903,0.0,0.13619880558138542,0.0,0.22860166395657455,0.17674135275790026,0.0,0.0
2022-03-29,14364,14360.0,4.0,0.0002785515320334,9,"cnbc_a313467b,cnbc_9bda989f,cnbc_b8652b6e,cnbc_dbf9cdb7,cnbc_e53f8852,cnbc_b373aeb7,cnbc_93e65d4e,cnbc_7fb58a62,cnbc_deb39732",True,0,-0.0010442773600668337,0.0002785515320334,0.0013248727424865,-0.0013926606782257,-0.000487533082602,0.0005990776989843738,0.0011430483147008008,0.0010559752821762728,0.0018070036154111066,0.0004178854993732717,-0.0003479713271626883,1,0.008966666666666666,-0.6369,0.5927,0.3966078069075292,0.094,0.067,-0.5431024141550458,-0.7777777777777778,0.0,0.007455269395761918,0.005665497165843981,0.021387636204118127,9,0.0,0.0,0.0,0.0,0.0,0.13850694252291743,0.0,0.28112218814116485,0.3105020600641644,0.32187787652278993,0.2783221850754934,0.0,0.0,0.0,0.0,0.2723827206889385,0.20976730110516237,0.0,0.0,0.45256916803527425,0.25251986443149976,0.0,0.25159737800073606,0.0,0.0,0.0,0.3413476624403379,0.24022226916284353,0.0,0.0
2022-03-30,14349,14364.0,-15.0,-0.0010442773600668,15,"cnbc_c5fac63a,cnbc_7455a5dc,cnbc_77cc16b0,cnbc_0a91f93b,cnbc_2eca2cec,cnbc_89070f70,cnbc_f291aedd,cnbc_dbd458fe,cnbc_ee002a83,cnbc_d4ae0146,cnbc_5810c4fd,cnbc_8a650b4e,cnbc_994cfc2d,cnbc_851a9122,cnbc_79b11096",True,1,0.0005575301414732734,-0.0010442773600668,0.0002785515320334,0.0013248727424865,0.0006968155529231,-0.0004179728317659226,0.0001010625507491536,0.0011559316960607596,0.001797468816792959,-0.0001393631105846005,-6.968641114979413e-05,2,-0.010819999999999998,-0.5267,0.6124,0.3214564005095737,0.07953333333333333,0.0922,-0.5650029113187007,-1.0,0.0,0.006911604057730108,0.005275106945520964,0.02316566807708608,15,0.22206700286793737,0.0,0.19341267367962403,0.0,0.0,0.23835208978008343,0.0,0.23052091482901568,0.0,0.0,0.0,0.0,0.0,0.0,0.0,0.3781720912410666,0.0,0.2516895894509723,0.46073221315371643,0.26331213248046026,0.20706693607556073,0.0,0.37523088103786845,0.0,0.0,0.20597456603686762,0.16531696791273992,0.0,0.0,0.24885093893037358
2022-03-31,14357,14349.0,8.0,0.0005575301414732,15,"cnbc_d426a75b,cnbc_926b1b2d,cnbc_4f1f122f,cnbc_820d527b,cnbc_e59616b0,cnbc_c3e550b6,cnbc_2921412a,cnbc_43590cf2,cnbc_38361673,cnbc_9d73f9cf,cnbc_74078487,cnbc_6d7feb06,cnbc_4dcf6a66,cnbc_9650c101,cnbc_d54c244a",True,1,0.00048756704046806434,0.0005575301414732,-0.0010442773600668,0.0002785515320334,-0.0013926606782257,0.000195064859065619,0.0007144475229581282,0.0011356170322672176,0.0017632237183096958,-0.00027853213564510426,-0.0011131983580324745,3,-0.23393333333333333,-0.7269,0.5423,0.39184110056914406,0.05926666666666667,0.17793333333333333,-0.558463478958835,-1.0,0.0,0.008340762603193845,0.0056211635792146435,0.02207645459762131,15,0.0,0.0,0.17473251115655566,0.22583338715719783,0.0,0.10260665795999181,0.0,0.0,0.0,0.0,0.20618251133507995,0.0,0.0,0.0,0.0,0.2017825254594553,0.15539669942628845,0.2273809319733531,0.33581482754486996,0.2948473032759027,0.3925832435253116,0.21167955866021274,0.18638463630717167,0.0,0.0,0.0,0.3563938786867652,0.3734646294352893,0.22134596991572053,0.0
2022-04-01,14364,14357.0,7.0,0.000487567040468,17,"cnbc_239c3ea1,cnbc_b4413855,cnbc_036749a5,cnbc_54839886,cnbc_eabbb7bb,cnbc_368d2be5,cnbc_7b79a5af,cnbc_b3ebec4b,cnbc_518283f5,cnbc_6d1f1b73,cnbc_4be5a5ba,cnbc_72d40c30,cnbc_d7c54247,cnbc_26f62842,cnbc_1846ce37,cnbc_59a20fcd,cnbc_fd476863",True,0,-0.0001392369813422445,0.000487567040468,0.0005575301414732,-0.0010442773600668,0.0013248727424865,0.0003621472546453397,0.0012686639992194326,0.0008598307388620992,0.0017591731928077925,0.0016037933198522758,-0.0013210039630119352,4,0.039317647058823534,-0.4588,0.5267,0.3054345229245012,0.08852941176470587,0.0746470588235294,-0.5400237017884076,-1.0,0.25,0.006716277655659341,0.00589037177426922,0.01945108011116085,17,0.17630343996550882,0.0,0.0,0.19846142871762715,0.0,0.1526715867013915,0.1661584953952954,0.18301516994184408,0.0,0.0,0.0,0.3728590914864834,0.0,0.0,0.18526020378483052,0.0,0.13656196443919796,0.19982140457896846,0.41592702186516245,0.2946299747667847,0.2783442307954954,0.18602310389464316,0.2308486711781813,0.0,0.0,0.16352733215073142,0.22222294463430828,0.0,0.0,0.33451126718770646
2022-04-04,14362,14364.0,-2.0,-0.0001392369813422,26,"cnbc_4ce27784,cnbc_2d6dfa3a,cnbc_14169736,cnbc_63053af3,cnbc_ca0afdfb,cnbc_17e4d47f,cnbc_59d2ca72,cnbc_1de6978f,cnbc_a1f12551,cnbc_ecb2a4de,cnbc_f9c07814,cnbc_5f568a57,cnbc_c8a33a45,cnbc_6120ee19,cnbc_3beabe3f,cnbc_c2261230,cnbc_1a67abeb,cnbc_2db32331,cnbc_05d3c32c,cnbc_ff5b1159,cnbc_e18eb1de,cnbc_580e5c0f,cnbc_c73bbd72,cnbc_25729c0c,cnbc_6582d028,cnbc_8465454e",True,0,-0.000974794596852806,-0.0001392369813422,0.000487567040468,0.0005575301414732,0.0002785515320334,0.00019499693576241484,0.0013002541247337795,0.0006580514886478271,0.0016942866365041971,0.0001392757660167998,-0.003400180417736487,0,-0.1393769230769231,-0.7579,0.4939,0.3731435512589677,0.08296153846153846,0.13765384615384615,-0.41586295532783824,-1.0,1.0,0.009040369035253936,0.006705053021478586,0.023179708073112017,26,0.13347302032246988,0.0,0.0,0.0,0.15339213514159794,0.20110168337984394,0.12579264611618476,0.13855423071578712,0.15303443087265084,0.15864112989776433,0.13717421772808533,0.13450710559140852,0.3241902725249578,0.0,0.23747043682455266,0.22729973642066767,0.10338617249008522,0.0,0.2769223669220844,0.2988537834220589,0.2611875225257119,0.0,0.17476726140799345,0.0,0.0,0.0,0.33762677272864966,0.36459431788894286,0.24933715397337325,0.0
2022-04-05,14348,14362.0,-14.0,-0.0009747945968528,16,"cnbc_19ca9ed1,cnbc_49b6bbe9,cnbc_14025ee5,cnbc_8db2ae76,cnbc_256449e7,cnbc_4645c140,cnbc_aa897cea,cnbc_69aedff7,cnbc_86e2ba97,cnbc_f3286a46,cnbc_762768a4,cnbc_80ea109d,cnbc_6c9e3553,cnbc_1534bb81,cnbc_ab2e3809,cnbc_b464bb59",True,1,0.001115137998327293,-0.0009747945968528,-0.0001392369813422,0.000487567040468,-0.0010442773600668,-0.0005572582892170441,0.0004846228135317876,0.0007682512678958845,0.0016884637685305134,-0.001113895850737956,-0.0031957760177852013,1,-0.16753125000000002,-0.8555,0.5574,0.35824547955975666,0.029625,0.108875,-0.439964865631594,-1.0,0.6,0.006772078880945968,0.008601832940372391,0.027100038994776685,16,0.0,0.2084344984040315,0.16454007873583995,0.0,0.0,0.09662144421670801,0.0,0.0,0.0,0.3801787351515886,0.19415554909888016,0.0,0.0,0.0,0.0,0.19001222157717357,0.2477618781130383,0.0,0.31622620083213027,0.34523108943103087,0.17615603629934853,0.19933194468608484,0.10366051955389406,0.0,0.0,0.0,0.3669874150870553,0.28373307116405083,0.3529102833042124,0.0
2022-04-06,14364,14348.0,16.0,0.0011151379983272,11,"cnbc_3cb46b32,cnbc_6b80106f,cnbc_43c28214,cnbc_931f2c05,cnbc_ccc24fb3,cnbc_f0853dfc,cnbc_d5dc22bf,cnbc_6fc8b4b9,cnbc_ff4259d3,cnbc_183bd741,cnbc_54301a36",True,0,-0.00034809245335561123,0.0011151379983272,-0.0009747945968528,-0.0001392369813422,0.0005575301414732,0.00034821366390414,0.0016247463512937266,0.0007973075442612235,0.0016756858036988708,0.0010453690152623096,-0.00048709206039943,2,-0.26675454545454547,-0.765,0.6249,0.42137904875215704,0.05018181818181819,0.19454545454545455,-0.6053863842633895,-1.0,0.2,0.009921804994879475,0.004873571606361049,0.02396392040294738,11,0.0,0.0,0.0,0.0,0.0,0.0,0.0,0.2844875406192056,0.3142191230401718,0.0,0.28165401833074394,0.0,0.0,0.0,0.2879773286886921,0.0,0.2122784543914042,0.3106119562100231,0.0,0.3249554212472515,0.5362852908922162,0.0,0.15037634520421397,0.0,0.0,0.0,0.20401887463878726,0.24309800307112472,0.0,0.0
2022-04-07,14359,14364.0,-5.0,-0.0003480924533556,14,"cnbc_e669f786,cnbc_94f6cc6f,cnbc_c302efa2,cnbc_235cc70c,cnbc_c7e08252,cnbc_379bafe1,cnbc_b25f41ba,cnbc_41a4fe47,cnbc_ab48cedb,cnbc_be4a675c,cnbc_fe91a9e6,cnbc_6ca9e8c3,cnbc_8c39cfe3,cnbc_b9aef4ba",True,1,0.0004178563966850059,-0.0003480924533556,0.0011151379983272,-0.0009747945968528,0.000487567040468,-2.7856317116325968e-05,0.0010631808278867005,0.0008012617502186998,0.0011869267859007167,0.0001393048687050591,0.004266330955378317,3,-0.26644285714285715,-0.8555,0.2023,0.3934667842774919,0.028714285714285713,0.16178571428571425,-0.7737083344536761,-1.0,0.0,0.006987232089199976,0.003166416209762627,0.029556166334758043,14,0.34036825126090237,0.0,0.0,0.22629223870444046,0.0,0.10281513565390146,0.0,0.2086799071770216,0.0,0.0,0.0,0.0,0.0,0.0,0.0,0.0,0.3715757096322523,0.0,0.19874063214309537,0.3359467731851854,0.18744810652746613,0.21210965225369574,0.18676333531101857,0.0,0.0,0.1864592345266478,0.314065291300843,0.3742234402790442,0.2217957038636113,0.2252732290058072
2022-04-08,14365,14359.0,6.0,0.000417856396685,14,"cnbc_d045c1cc,cnbc_0c7ba736,cnbc_b7425933,cnbc_645daa3e,cnbc_062804ed,cnbc_72855b92,cnbc_a911bd51,cnbc_f7cdf898,cnbc_300a1300,cnbc_c34ff95c,cnbc_bfe1e88e,cnbc_61c6cdaa,cnbc_29670201,cnbc_2739deb1",True,1,0.0003480682213713888,0.000417856396685,-0.0003480924533556,0.0011151379983272,-0.0001392369813422,0.00037605504331583717,0.0012755546571685539,0.0007918194240150543,0.0011851749398831047,6.961849067121939e-05,0.004124143715923401,4,-0.09872857142857143,-0.7845,0.4754,0.4489195618003664,0.0905,0.1315,-0.5957126207126207,-1.0,0.7142857142857143,0.0045501836385497115,0.004638965412656858,0.022885304524786997,14,0.0,0.0,0.3840294509784283,0.0,0.0,0.22551028576360424,0.0,0.2181010345893876,0.24089461237447604,0.0,0.2159287280577888,0.0,0.0,0.0,0.0,0.0,0.0,0.23812919489475234,0.20771303798112342,0.3087846915598346,0.33170564345991355,0.37534638246431856,0.0,0.24668453203801022,0.0,0.0,0.32824417974857995,0.18636994035318774,0.0,0.0
2022-04-11,14370,14365.0,5.0,0.0003480682213713,18,"cnbc_dda04e72,cnbc_c3066ef5,cnbc_8f5aeee2,cnbc_5d411a25,cnbc_0077fb4b,cnbc_d0cef1b2,cnbc_37ddf917,cnbc_37d8c153,cnbc_61359c9b,cnbc_4639dcea,cnbc_29de075f,cnbc_0bec4039,cnbc_ea117ba0,cnbc_fe07f9af,cnbc_ee077276,cnbc_72930e49,cnbc_a7de87ad,cnbc_d295af1f",True,0,-0.0004175365344467641,0.0003480682213713,0.000417856396685,-0.0003480924533556,-0.0009747945968528,0.0006127621647216142,0.0014774754683319902,0.0007981805998478475,0.0011439761541313439,0.0005570254839157851,0.002931323283082099,0,-0.26066666666666666,-0.8648,0.7506,0.5367755900910985,0.0913888888888889,0.21283333333333332,-0.6843767343767344,-1.0,0.0,0.007494076619670571,0.004366093949866651,0.02629424988618971,18,0.0,0.19269752032999063,0.0,0.0,0.200718282672914,0.0,0.0,0.0,0.20025021573779012,0.0,0.0,0.1760066460818845,0.0,0.0,0.0,0.17566614073328415,0.13528395686766884,0.0,0.29235085952809103,0.29187269648583974,0.2757393617464237,0.18428221699225425,0.28231854196484135,0.0,0.20213969580213484,0.1619969706807656,0.36298503959815537,0.36969688114583993,0.32626526324761645,0.0
2022-04-12,14364,14370.0,-6.0,-0.0004175365344467,9,"cnbc_f15d09bf,cnbc_522060e9,cnbc_ff0db84b,cnbc_2629d160,cnbc_9b262a04,cnbc_867466a4,cnbc_e5936cac,cnbc_10f9fd23,cnbc_cc05fd05",True,0,-0.00034809245335561123,-0.0004175365344467,0.0003480682213713,0.000417856396685,0.0011151379983272,-2.784662081256606e-05,0.0009093474648018685,0.0006296735042899693,0.0011420081646489229,0.001115137998327187,0.0030025836184623955,1,-0.12463333333333332,-0.8934,0.4822,0.46330537445620035,0.06955555555555555,0.13811111111111113,-0.6810132882062707,-0.8571428571428571,-0.2,0.004629829575684375,0.005046647711092243,0.02881669257933761,9,0.0,0.0,0.0,0.0,0.0,0.13421259578416023,0.24731606023034897,0.2724061185359423,0.0,0.3118981947527225,0.0,0.0,0.0,0.0,0.0,0.26393761442221964,0.48504668308720533,0.0,0.0,0.0,0.2446905972731882,0.0,0.1439902655404216,0.0,0.0,0.0,0.19535474076459833,0.39412112186327825,0.2895271883851333,0.2940666725113801
2022-04-13,14359,14364.0,-5.0,-0.0003480924533556,12,"cnbc_cd7a108b,cnbc_ecf690e1,cnbc_1174933a,cnbc_0704b6c4,cnbc_0023e3b9,cnbc_baa42507,cnbc_f4fb06f6,cnbc_1f1af1d8,cnbc_975c8e5e,cnbc_b189aeeb,cnbc_173a9171,cnbc_d435ae76",True,0,-0.0006964273278083432,-0.0003480924533556,-0.0004175365344467,0.0003480682213713,-0.0003480924533556,-0.00030633415486580606,0.0003936363288012945,0.0004148000719356309,0.0011309402195276805,-0.00034809245335565286,0.0033540633079449655,2,-0.2512583333333333,-0.7269,0.2732,0.3404171357142275,0.049833333333333334,0.16833333333333333,-0.5167267917267917,-1.0,0.2,0.009219948354394112,0.005480317448986675,0.018340210811040696,12,0.0,0.2541577721600513,0.0,0.0,0.0,0.19948122655435768,0.0,0.5018375008623183,0.0,0.0,0.0,0.23214339747044607,0.0,0.0,0.0,0.0,0.3021122100686861,0.0,0.2277387497741182,0.1613231614490293,0.45077885357366787,0.0,0.21401385327561703,0.0,0.0,0.21366538134166413,0.29035727290157853,0.20433795405452188,0.0,0.0
2022-04-14,14349,14359.0,-10.0,-0.0006964273278083,13,"cnbc_ed7a39cb,cnbc_73f797bc,cnbc_6ff0a994,cnbc_920b7b12,cnbc_1f0cb328,cnbc_f54c2ee7,cnbc_7b150d5c,cnbc_3edffea6,cnbc_00974247,cnbc_2311e8a3,cnbc_599945a1,cnbc_a6392a64,cnbc_2e20a2c0",True,1,0.00048783887378911424,-0.0006964273278083,-0.0003480924533556,-0.0004175365344467,0.000417856396685,-0.0008634255713231287,-0.0005084875629514096,0.0004948110052106395,0.0010844449265669288,-0.000696427327808391,0.004128761371588574,3,-0.07117692307692308,-0.5859,0.2732,0.2763999461946588,0.05392307692307692,0.07784615384615384,-0.4956043956043956,-1.0,1.0,0.006790278566946613,0.004597420766815017,0.016004780520373275,13,0.0,0.0,0.4173404260540929,0.0,0.0,0.0,0.26672063145141994,0.2937792712671597,0.0,0.0,0.0,0.0,0.0,0.0,0.0,0.0,0.0,0.0,0.5871639626712409,0.3355688851629295,0.0,0.0,0.2629251531176492,0.0,0.0,0.0,0.21068239468650615,0.0,0.3122436708578972,0.0
2022-04-18,14356,14349.0,7.0,0.0004878388737891,31,"cnbc_9e59e7e6,cnbc_ca0c600d,cnbc_5e6a7c06,cnbc_c284a842,cnbc_a020e56c,cnbc_9bddc004,cnbc_6b1441ba,cnbc_1fb83bdd,cnbc_759843d4,cnbc_dc3ebacb,cnbc_a549d22f,cnbc_2b4a45d2,cnbc_513d9fbf,cnbc_f573ae63,cnbc_d09cf015,cnbc_c08ec8f9,cnbc_9659cc19,cnbc_a43fa3ef,cnbc_ea206b64,cnbc_b8ea07cd,cnbc_de383b1a,cnbc_9d627a98,cnbc_7021e8fa,cnbc_5b9ad00f,cnbc_42dba667,cnbc_536407ca,cnbc_558b9f4f,cnbc_e5cd1fd9,cnbc_628ccc5e,cnbc_b3ae4591,cnbc_6464f1b8",True,0,-0.0006269155753691836,0.0004878388737891,-0.0006964273278083,-0.0003480924533556,0.0003480682213713,-0.00025070336221066913,-7.661714413076393e-05,0.0005150829595447191,0.0007653872046479483,-0.0006265227984685318,0.0011157601115761029,0,-0.12489032258064516,-0.908,0.4019,0.36244184209777136,0.0693225806451613,0.12858064516129034,-0.6488951468577955,-1.0,0.1111111111111111,0.008636419034027096,0.004151064588216979,0.020814961678345987,31,0.2193567665652006,0.2420192071540869,0.23680421752948427,0.2469257395086874,0.14889013666453635,0.18498522542656642,0.12210068172232692,0.22770750201287912,0.0,0.0,0.0,0.13055937525981431,0.2538781445066006,0.0,0.2305007734585372,0.0,0.23946900422455294,0.14683769050604775,0.1280821648039565,0.21650726127046394,0.2882750560441957,0.13669808304175515,0.18550083539114576,0.25754998678178936,0.0,0.12016718548357194,0.2841248508508247,0.24117538439151706,0.1429404424688278,0.0
2022-04-19,14347,14356.0,-9.0,-0.0006269155753691,6,"cnbc_0c1170a0,cnbc_b45179bd,cnbc_ee2e63be,cnbc_78d1a0e5,cnbc_0207764b,cnbc_f97079fa",True,1,0.000278803931135429,-0.0006269155753691,0.0004878388737891,-0.0006964273278083,-0.0004175365344467,-0.0005572971090211931,-0.0007243651357488057,0.00047402548831040734,0.0007804352357618954,-0.0016005567153792866,0.0004183808660482846,1,-0.13611666666666666,-0.4767,0.0,0.21525631620620722,0.023666666666666666,0.07966666666666666,-0.778888888888889,-1.0,-0.3333333333333333,0.00472481442626349,0.0034945499658584635,0.04332953044546864,6,0.0,0.3529627213738584,0.0,0.0,0.0,0.16361863393503426,0.0,0.33209041766895125,0.0,0.0,0.3287827663102963,0.0,0.0,0.0,0.0,0.0,0.0,0.0,0.0,0.0,0.0,0.0,0.0,0.0,0.0,0.0,0.23815704949213626,0.28377523036215435,0.3529627213738584,0.6069878604633459
2022-04-20,14351,14347.0,4.0,0.0002788039311354,8,"cnbc_2352212d,cnbc_58c32c51,cnbc_b9fdf05b,cnbc_3235b65a,cnbc_78fd5adc,cnbc_688d20b3,cnbc_4f3a2c5b,cnbc_13e1c7cc",True,0,-0.00020904466587694237,0.0002788039311354,-0.0006269155753691,0.0004878388737891,-0.0003480924533556,-9.75446615200104e-05,-0.0004213957602710039,0.0005364678471606671,0.0007342157933030927,-0.0009050403787246308,-0.0004875330826020763,2,-0.1649,-0.8402,0.5106,0.5207232580061807,0.101625,0.17825,-0.7464962121212121,-1.0,0.09090909090909091,0.00689711589066237,0.003840590396088995,0.027588919208096963,8,0.0,0.0,0.0,0.0,0.0,0.0,0.3384148899858394,0.0,0.0,0.0,0.0,0.0,0.0,0.0,0.0,0.0,0.0,0.0,0.0,0.5277303090553876,0.0,0.0,0.33359919059364374,0.0,0.0,0.0,0.4526013140756812,0.539295571715928,0.0,0.0
2022-04-21,14348,14351.0,-3.0,-0.0002090446658769,15,"cnbc_a0f0dcee,cnbc_fbc062ca,cnbc_8dc64465,cnbc_98e51a24,cnbc_38ec6d5b,cnbc_a836f062,cnbc_97410f97,cnbc_b4e169d4,cnbc_cb1aaae3,cnbc_e877ce28,cnbc_1aacd0bb,cnbc_41faaf24,cnbc_011b0a02,cnbc_015593c2,cnbc_c3fcd551",True,1,0.0009060496236409256,-0.0002090446658769,0.0002788039311354,-0.0006269155753691,-0.0006964273278083,-0.00015330796783330491,-0.0006199109835688388,0.0005291925981927731,0.0007275754588794374,-0.0007660700605891524,-0.00020904466587690074,3,-0.18248,-0.802,0.4939,0.45016440679251524,0.09473333333333332,0.16706666666666664,-0.4845639740376582,-1.0,1.0,0.00864759467321408,0.0069366931185457816,0.025948835918485177,15,0.0,0.23214957752243906,0.0,0.0,0.0,0.18220761881359868,0.0,0.0,0.0,0.0,0.0,0.0,0.0,0.0,0.37435631408979547,0.21163126690158182,0.1629814093020546,0.0,0.20801824825666324,0.3516294504645849,0.33219304652243925,0.0,0.24229468580597902,0.0,0.0,0.0,0.40874219009257834,0.4453870222221674,0.0,0.0
2022-04-22,14361,14348.0,13.0,0.0009060496236409,16,"cnbc_925b2ef3,cnbc_4e0b5e1e,cnbc_5ee38604,cnbc_0365f67e,cnbc_ec7d66f0,cnbc_3637714c,cnbc_7e0da01b,cnbc_2deb48d7,cnbc_a161838c,cnbc_517d39d9,cnbc_db0d8169,cnbc_23687730,cnbc_1825771a,cnbc_811cc2c4,cnbc_a795935c,cnbc_17615974",True,1,0.006336606085927164,0.0009060496236409,-0.0002090446658769,0.0002788039311354,0.0004878388737891,0.0005852598135529519,0.00028557696995878956,0.0005986115141744388,0.0007396801980437269,0.0008362952122098477,0.0,4,0.08149374999999999,-0.5994,0.6486,0.3710017600474873,0.128375,0.086625,-0.4511540950879186,-1.0,0.25,0.007505399738597962,0.0073804820565495565,0.027509007179013036,16,0.0,0.0,0.3844560205917002,0.23677120516025071,0.0,0.10757621965676024,0.0,0.21834329536845537,0.0,0.24999761395886635,0.0,0.0,0.0,0.0,0.22102169676899022,0.0,0.3419123108749183,0.0,0.0,0.35150353724965333,0.0,0.0,0.11541337341483528,0.0,0.0,0.1950936449472932,0.3736551500671767,0.18657695508390545,0.0,0.39908326964836155
2022-04-25,14452,14361.0,91.0,0.0063366060859271,20,"cnbc_2643287b,cnbc_95a2ac71,cnbc_8df5a869,cnbc_8da48a76,cnbc_262366b5,cnbc_7f993da8,cnbc_aaa8c8a4,cnbc_c1fcf924,cnbc_78e14d4f,cnbc_2fa2e3a8,cnbc_47072e01,cnbc_eb32242d,cnbc_24ab78d1,cnbc_1b07083e,cnbc_1e01514c,cnbc_96612898,cnbc_5e2100c2,cnbc_91f69fa4,cnbc_c9085437,cnbc_c09c4c8b",True,0,-0.0027677830058123443,0.0063366060859271,0.0009060496236409,-0.0002090446658769,-0.0006269155753691,0.005580372674264922,0.006235008651030993,0.0028525767565338016,0.0015494886461111228,0.0066870994706045295,0.007740046021895264,0,-0.074705,-0.8316,0.5106,0.35227855974767286,0.07780000000000001,0.1078,-0.5836369332421965,-1.0,0.0,0.009103897380160231,0.004662680467827897,0.02280755899077708,20,0.0,0.0,0.0,0.0,0.0,0.10412908720475879,0.0,0.44353495777367724,0.4898884681064162,0.40971923972907326,0.20924175028951914,0.0,0.23563707325780642,0.0,0.0,0.0,0.0,0.0,0.0,0.34024008837486813,0.189843646140487,0.0,0.23444670292112,0.0,0.23563707325780642,0.0,0.15156633189372143,0.0,0.0,0.0
2022-04-26,14412,14452.0,-40.0,-0.0027677830058123,11,"cnbc_9ecee31f,cnbc_b00c175d,cnbc_cd427591,cnbc_24cc63c9,cnbc_f6d2bde5,cnbc_fec4f8cb,cnbc_12eca849,cnbc_1a91596c,cnbc_8b59a06a,cnbc_6f486a6e,cnbc_3834bf6a",True,1,0.00041631973355537054,-0.0027677830058123,0.0063366060859271,0.0009060496236409,0.0002788039311354,0.0018908848228686992,0.003268349222592448,0.0033400905950872984,0.0016835219938275317,0.004530563880950744,0.0036211699164345745,1,-0.1261,-0.7506,0.5106,0.40589811775863166,0.05290909090909091,0.11327272727272727,-0.4875130217376207,-1.0,0.42857142857142855,0.005723084733336021,0.006287211406762193,0.01774759734224848,11,0.2566125950948235,0.0,0.2235006888739462,0.0,0.0,0.22221603882688226,0.0,0.2663816299312399,0.49815941770304223,0.5164104080563897,0.0,0.0,0.0,0.0,0.0,0.0,0.0,0.0,0.0,0.30427397480546037,0.0,0.0,0.0,0.0,0.0,0.0,0.3234491994221966,0.22762628602352253,0.0,0.0
2022-04-27,14418,14412.0,6.0,0.0004163197335553,11,"cnbc_795bfa70,cnbc_433e5f9d,cnbc_0ea0909b,cnbc_59b82040,cnbc_03164b3e,cnbc_b94c0adc,cnbc_4ca3bca5,cnbc_8105ae99,cnbc_720655e1,cnbc_029a2f49,cnbc_73af319e",True,1,0.004300180330142877,0.0004163197335553,-0.0027677830058123,0.0063366060859271,-0.0002090446658769,0.0013751718964869486,0.003497416088114047,0.003334165773403506,0.001684219159774633,0.004668664204585005,0.003759398496240518,2,0.06453636363636363,-0.7351,0.6486,0.37904277139322223,0.12136363636363635,0.0890909090909091,-0.4174865538501902,-1.0,0.1111111111111111,0.00817901333445057,0.005442704880365749,0.016014629175080647,11,0.3260942732124679,0.0,0.0,0.0,0.0,0.3500081078310054,0.0,0.0,0.0,0.0,0.0,0.3286206960310988,0.37741351823219116,0.0,0.0,0.0,0.0,0.0,0.0,0.22836802674117193,0.3040674262895712,0.0,0.178931066177202,0.0,0.0,0.30246333559060967,0.41102788258604644,0.28925948968898163,0.0,0.0
2022-04-28,14480,14418.0,62.0,0.0043001803301428,12,"cnbc_674c1665,cnbc_c414dec2,cnbc_9df0a5cd,cnbc_ae667049,cnbc_5f8e3002,cnbc_a81fc53b,cnbc_07ae42e9,cnbc_442afbb7,cnbc_bec543ff,cnbc_b9f8374b,cnbc_07ff81b0,cnbc_bee37e97",True,1,0.003729281767955801,0.0043001803301428,0.0004163197335553,-0.0027677830058123,0.0009060496236409,0.003840661092855191,0.007353401556945416,0.0035497440646547977,0.0018896976180583184,0.009199888486200125,0.009129556066624911,3,-0.17355,-0.743,0.5574,0.38021710185820756,0.05716666666666667,0.14441666666666667,-0.648128723128723,-1.0,0.2727272727272727,0.00599927980131948,0.005358430529291088,0.026142458875510432,12,0.2660356322376577,0.29352061391621775,0.0,0.0,0.3057379952449413,0.28554511963004825,0.0,0.2761633945094098,0.0,0.0,0.0,0.0,0.0,0.0,0.0,0.0,0.0,0.0,0.0,0.31544717916485737,0.42001156321096644,0.0,0.24715938082930744,0.0,0.0,0.0,0.0,0.0,0.0,0.5047656272294602
2022-05-09,14534,14480.0,54.0,0.0037292817679558,100,"cnbc_86e7d0a4,cnbc_ae909631,cnbc_f257a91c,cnbc_6693ad94,cnbc_07615052,cnbc_882ee4d9,cnbc_5f845299,cnbc_452b2d99,cnbc_04f0b37b,cnbc_60ba1dc7,cnbc_acd67cf6,cnbc_5b13966f,cnbc_f8be4af0,cnbc_92f93866,cnbc_8ec17f0b,cnbc_6ae5a646,cnbc_428d4a2c,cnbc_a8c591b2,cnbc_3c491046,cnbc_afe5bbbf,cnbc_f4637d5b,cnbc_f88d7147,cnbc_ad361e7e,cnbc_ab0cb1c0,cnbc_1f98c92f,cnbc_a0d2f0c8,cnbc_57518e42,cnbc_625b4586,cnbc_6b76bff0,cnbc_5dd93523,cnbc_5bb26b73,cnbc_41d2c299,cnbc_13960527,cnbc_0ddb09bf,cnbc_564ef592,cnbc_185a2596,cnbc_6fdf5221,cnbc_1d22f8fb,cnbc_870ba9b7,cnbc_b0cb2cd0,cnbc_40ea94c7,cnbc_da36e528,cnbc_aeb8abfc,cnbc_ce2ae9d7,cnbc_77b0e2de,cnbc_1524dbc9,cnbc_ed9a0b57,cnbc_ebb0f84b,cnbc_e37352aa,cnbc_a37b2197,cnbc_f6c65e90,cnbc_245d362f,cnbc_083afde1,cnbc_66a4ae3a,cnbc_1ebb817b,cnbc_4880f406,cnbc_0b4f7c7f,cnbc_322f56e2,cnbc_33913b44,cnbc_4b1dcf87,cnbc_f8a3ef72,cnbc_d5c481f7,cnbc_7e040aa4,cnbc_5e1fe3be,cnbc_331341f1,cnbc_cc1ea9d2,cnbc_60e209a4,cnbc_296d9a96,cnbc_87db803b,cnbc_e700e6c1,cnbc_b9095c69,cnbc_eac49730,cnbc_e73f70e8,cnbc_8464c2f9,cnbc_33fa0af2,cnbc_1fc3fe63,cnbc_4348ac2b,cnbc_a455afd7,cnbc_68676333,cnbc_8bf21ccc,cnbc_ab3d0eff,cnbc_03b517d1,cnbc_d894c873,cnbc_c1765821,cnbc_e44110d0,cnbc_9e508baa,cnbc_86564546,cnbc_7a528dfb,cnbc_f23c3d3c,cnbc_17ebf16c,cnbc_86b3ce6e,cnbc_525c72d4,cnbc_f7736d48,cnbc_91892b6a,cnbc_e6d1969b,cnbc_80d46d7d,cnbc_f0b9e8eb,cnbc_cda2f10c,cnbc_f7ca3b23,cnbc_7d0f3e42",True,1,0.0008256501995321315,0.0037292817679558,0.0043001803301428,0.0004163197335553,0.0063366060859271,0.005173176939249791,0.010487966822288586,0.003588713861378284,0.0020267678401216863,0.012046514866652647,0.012328480880406723,0,-0.110275,-0.886,0.6808,0.3813009769529218,0.06295,0.11559,-0.5009746978197913,-1.0,1.0,0.008234544981576915,0.006347592486276187,0.02328526075632066,100,0.17443127653147378,0.2188340815403797,0.17274960374814255,0.2232705744699824,0.16173218868098202,0.14814466556323982,0.1869295356769771,0.2408776184326616,0.22741118808482136,0.167266575496226,0.22290413220426064,0.17578268682448708,0.0,0.09377620028362758,0.1832929286177907,0.08359934595755655,0.06438150383151511,0.24582176729308702,0.21442304085773015,0.20285019243039223,0.2559604647215466,0.1840477275034316,0.16911429928611024,0.097589399049691,0.0961980851322707,0.13053182938289795,0.22517203101785482,0.22704322936770582,0.1552693222627549,0.2222651715356755
2022-05-10,14546,14534.0,12.0,0.0008256501995321,8,"cnbc_da997571,cnbc_258f8426,cnbc_3aa187ce,cnbc_b890ed2f,cnbc_4cf591d9,cnbc_1cf2a742,cnbc_2cb51efa,cnbc_dfd2cfcf",True,0,0.0,0.0008256501995321,0.0037292817679558,0.0043001803301428,-0.0027677830058123,0.004696781323387134,0.010682832774583595,0.002848475310903362,0.0020270607638695386,0.006504290063658935,0.012670565302144166,1,-0.083775,-0.765,0.765,0.44374023852442573,0.0725,0.139875,-0.6905483405483406,-1.0,-0.42857142857142855,0.004773799642477828,0.004489108743505046,0.02786556455288098,8,0.0,0.0,0.0,0.0,0.0,0.0,0.0,0.26882282518952844,0.0,0.0,0.0,0.260970595746873,0.0,0.0,0.0,0.26046571774563043,0.0,0.29350875410670785,0.4334778241422837,0.1813560153330742,0.24147188033007602,0.0,0.14209618414741762,0.0,0.0,0.40669058160010046,0.32641337774083845,0.22971231654389238,0.2857186805097513,0.0
2022-05-11,14546,14546.0,0.0,0.0,13,"cnbc_bfba6971,cnbc_28c73291,cnbc_df7624ba,cnbc_a1016cd5,cnbc_4469d31f,cnbc_d3fdfd34,cnbc_dc43d172,cnbc_b4f02f96,cnbc_5e79c337,cnbc_9c88795e,cnbc_6f46771d,cnbc_6b4ca138,cnbc_8efc2f15",True,1,0.0026811494568953665,0.0,0.0008256501995321,0.0037292817679558,0.0004163197335553,0.0028404390270806434,0.010037183755802426,0.002003885186787728,0.002024511182041574,0.009297807382736556,0.0128115861300655,2,0.12773846153846155,-0.2732,0.5719,0.22839032575272514,0.07107692307692308,0.01146153846153846,-0.2537569268338499,-1.0,1.0,0.00963939909067956,0.00699939845498033,0.019581375868831293,13,0.0,0.0,0.38492015298309756,0.0,0.0,0.1823622633733485,0.0,0.37013363792510706,0.0,0.0,0.21642954420732302,0.0,0.0,0.0,0.22128852398244941,0.0,0.38925170633562783,0.23868150188767345,0.0,0.30950087398564285,0.0,0.3762169453194708,0.0,0.0,0.0,0.0,0.37410624316773916,0.0,0.0,0.0
2022-05-12,14585,14546.0,39.0,0.0026811494568953,12,"cnbc_d1e3d054,cnbc_f1c56607,cnbc_fdb96085,cnbc_640604e3,cnbc_d8ad0c13,cnbc_c06025dd,cnbc_ca7d0ff8,cnbc_166723c8,cnbc_fd921115,cnbc_2dbd0aa7,cnbc_c95f0716,cnbc_be9fdc9a",True,1,0.002331162152896812,0.0026811494568953,0.0,0.0008256501995321,0.0043001803301428,0.003219105528882382,0.011912608493544141,0.0018474500659668755,0.0020361797338505155,0.011582743792481587,0.016517981600222997,3,-0.141325,-0.9042,0.4767,0.4468384376015361,0.04533333333333334,0.12741666666666665,-0.30033068783068784,-1.0,1.0,0.003996569204854263,0.006231972937156578,0.018000322308865117,12,0.0,0.24332497191624222,0.3252246784382062,0.24825797645513073,0.0,0.2367133854340939,0.0,0.38762242914201506,0.0,0.0,0.0,0.3763001009557955,0.0,0.0,0.23174439288515603,0.0,0.17082713337033237,0.0,0.21803199021642009,0.2615018243088574,0.20564332158839246,0.0,0.2048920809912634,0.0,0.25524789172161005,0.0,0.2779815650491379,0.0,0.0,0.0
2022-05-13,14619,14585.0,34.0,0.0023311621528968,13,"cnbc_289249af,cnbc_30e2947f,cnbc_9c69d9cc,cnbc_980e34c9,cnbc_d023e01e,cnbc_c15e2223,cnbc_f0084f9b,cnbc_6b523d31,cnbc_0c9a34ff,cnbc_05eb7c76,cnbc_8313789a,cnbc_fb0c8ba5,cnbc_aff83661",True,1,0.002188932211505575,0.0023311621528968,0.0026811494568953,0.0,0.0037292817679558,0.0036386104627215143,0.013375109610739067,0.0014921201540678813,0.0020633846302655604,0.009599447513812143,0.017752715121136076,4,-0.0635076923076923,-0.6249,0.6249,0.35539180130652626,0.05107692307692308,0.09684615384615383,-0.2004884004884005,-0.7777777777777778,0.3333333333333333,0.005619314854227592,0.012858812725585013,0.017268570965401575,13,0.0,0.0,0.3861304129584002,0.0,0.30091788789358354,0.2810433627281282,0.24677443434035623,0.27180954504106264,0.0,0.0,0.0,0.0,0.0,0.0,0.0,0.0,0.20281840809112853,0.0,0.0,0.3848245226646322,0.0,0.2762768531854295,0.24326279366310347,0.0,0.0,0.24286669661205232,0.33003994968247913,0.23226450434818263,0.0,0.0
2022-05-17,14651,14619.0,32.0,0.0021889322115055,27,"cnbc_e9a904e1,cnbc_7e9cf173,cnbc_71c24835,cnbc_7511c5f6,cnbc_b60c8b3e,cnbc_a2e5da81,cnbc_7e4cb172,cnbc_057dd4a3,cnbc_4c663b81,cnbc_05d12d4e,cnbc_89f74abe,cnbc_68fd535b,cnbc_ec585639,cnbc_382fbdcb,cnbc_d4a65a7d,cnbc_2bec6c1f,cnbc_687805b3,cnbc_7dd04292,cnbc_99bf3f75,cnbc_c05baa63,cnbc_c507c48f,cnbc_bd2238d4,cnbc_3a419534,cnbc_d271312b,cnbc_a4cee4f7,cnbc_eb7324e3,cnbc_13885afa",True,1,0.002115896525834414,0.0021889322115055,0.0023311621528968,0.0026811494568953,0.0008256501995321,0.004222243546684545,0.014566518820136265,0.0011412489153922354,0.0020617493682432084,0.00805008944543828,0.02033567797200364,1,-0.14652592592592592,-0.8779,0.4588,0.35996733248426926,0.060037037037037035,0.13096296296296298,-0.4764199284133924,-1.0,0.25,0.0077444355040119225,0.007103213242511986,0.023215359471826586,27,0.31606792493489283,0.0,0.22209757810420486,0.16953662797213453,0.0,0.16165276836378997,0.0,0.32810037629692307,0.29237389268385916,0.17900720842713794,0.0,0.2569772425142995,0.29513261451357437,0.0,0.15825941821571185,0.0,0.11665871353376894,0.0,0.14889514906694692,0.2752246378570026,0.0,0.0,0.21564418886800885,0.0,0.17431007646716823,0.1396940083181605,0.2352956104684392,0.31879879588462495,0.16616785421817,0.0
2022-05-18,14682,14651.0,31.0,0.0021158965258344,8,"cnbc_be00e77f,cnbc_aff53cb4,cnbc_48c3d23c,cnbc_016704c5,cnbc_dcdf3424,cnbc_2ceb39ae,cnbc_2c348449,cnbc_7a07743f",True,1,0.0033374199700313308,0.0021158965258344,0.0021889322115055,0.0023311621528968,0.0,0.0044743647633511685,0.015598519697022084,0.0010641312041146313,0.0020710618220764,0.009349649388147974,0.02206752523494604,2,-0.07319999999999999,-0.743,0.5844,0.366916557271541,0.0705,0.112625,-0.6011217948717948,-1.0,0.25,0.003939026823633375,0.004385346019883738,0.014809239385559999,8,0.39530767307345405,0.0,0.0,0.0,0.7692005047496365,0.3423203182828775,0.0,0.0,0.0,0.0,0.0,0.0,0.0,0.0,0.0,0.0,0.0,0.0,0.0,0.0,0.0,0.0,0.3672590731253145,0.0,0.0,0.0,0.0,0.0,0.0,0.0
2022-05-19,14731,14682.0,49.0,0.0033374199700313,13,"cnbc_ae40ccc7,cnbc_9887ea10,cnbc_8871da1c,cnbc_9f19edc0,cnbc_8142f0d8,cnbc_fde05f41,cnbc_6bb771df,cnbc_95214f40,cnbc_1936792e,cnbc_99f68ac0,cnbc_3b147ff3,cnbc_c284516f,cnbc_f1911b15",True,0,-0.004751883782499491,0.0033374199700313,0.0021158965258344,0.0021889322115055,0.0026811494568953,0.005281978489927397,0.01771730381946246,0.0005005283259046701,0.002121646708762302,0.012718273064760144,0.025121781489213735,3,-0.07255384615384614,-0.743,0.4449,0.35205583746375757,0.0663076923076923,0.09007692307692307,-0.49001041693349384,-1.0,1.0,0.006396786957756522,0.006319378947635944,0.0233259202799487,13,0.0,0.0,0.0,0.0,0.0,0.3138999358993339,0.0,0.26698741717972263,0.0,0.0,0.0,0.0,0.0,0.0,0.2702625325016409,0.0,0.0,0.0,0.0,0.18011779353053897,0.4060559968366583,0.27137547155445124,0.14112601178812062,0.0,0.29767253815100003,0.23855803900347688,0.324184765912245,0.22814393846647857,0.2837679147799848,0.28821709950721797
2022-05-20,14661,14731.0,-70.0,-0.0047518837824994,7,"cnbc_1503536c,cnbc_ddada43c,cnbc_d04bd294,cnbc_a35b0ccd,cnbc_08f24fa8,cnbc_4ef2a8d0,cnbc_d446cd33",True,1,0.0002728326853557056,-0.0047518837824994,0.0033374199700313,0.0021158965258344,0.0023311621528968,-0.0005317408376962485,0.011843140502712401,0.003277524288684725,0.0024896876354318412,0.005210833047651686,0.020676691729323293,4,0.15710000000000002,-0.25,0.7506,0.37512289986083225,0.1444285714285714,0.06285714285714286,-0.7274509803921568,-1.0,-0.2,0.004623988447848309,0.0043595266429036,0.026824667871340146,7,0.36319980158021753,0.40072312057370946,0.31633445670140725,0.0,0.41740265495449574,0.0,0.0,0.0,0.0,0.0,0.0,0.0,0.0,0.0,0.0,0.0,0.0,0.0,0.0,0.2543535069860534,0.5734123475735917,0.0,0.1992912267114656,0.0,0.0,0.0,0.0,0.0,0.0,0.0
2022-05-23,14665,14661.0,4.0,0.0002728326853557,21,"cnbc_8343c54d,cnbc_afd596eb,cnbc_7f01d74c,cnbc_747e6792,cnbc_78b75bd3,cnbc_fbd43872,cnbc_ab6d282e,cnbc_34aed2d8,cnbc_af7331f6,cnbc_dc6e0595,cnbc_ab7231d5,cnbc_d8b6f47d,cnbc_3ff1fa3c,cnbc_25a812e7,cnbc_bc28e79b,cnbc_61f844f3,cnbc_cb9b970d,cnbc_dfe87acb,cnbc_87e401bb,cnbc_d67be4bd,cnbc_62362db0",True,0,-0.0008182748039549949,0.0002728326853557,-0.0047518837824994,0.0033374199700313,0.0021889322115055,-0.0008856792478538766,0.011051590174219417,0.0032039228971402207,0.0024754718754660095,0.0031465900540392777,0.02131067623093541,0,-0.1126952380952381,-0.6808,0.34,0.2895274243939432,0.04080952380952381,0.09233333333333334,-0.60649831232538,-1.0,0.25,0.007231653220649108,0.006673479737480446,0.028594934211087275,21,0.0,0.20625404818854057,0.4545509590787655,0.44162253068171947,0.0,0.0,0.1761835870719548,0.19405730084536177,0.0,0.22219075745271208,0.0,0.18838894865024633,0.0,0.0,0.19643778770890905,0.1880244882957052,0.14480136387400067,0.0,0.0,0.27474387684259416,0.1743132536973802,0.0,0.26766601236821863,0.0,0.2163604933130095,0.0,0.23563065747689357,0.16582428254749085,0.0,0.0
2022-05-24,14653,14665.0,-12.0,-0.0008182748039549,18,"cnbc_759df095,cnbc_08e49e79,cnbc_5733939e,cnbc_a95d880b,cnbc_f2096b19,cnbc_a94e0d97,cnbc_96c898f0,cnbc_ae10a9b8,cnbc_1a868bc1,cnbc_97568e22,cnbc_75e45e7d,cnbc_3ae5e68c,cnbc_4e6c4bcf,cnbc_6656d0a6,cnbc_2cf93d67,cnbc_c5d7fadc,cnbc_f3fdf1d1,cnbc_1d22244e",True,0,-0.0005459632839691531,-0.0008182748039549,0.0002728326853557,-0.0047518837824994,0.0021158965258344,-0.0017304338347503556,0.009166729798414597,0.0031198932018034384,0.0024801619299144933,0.00013650945327969843,0.02118614537598429,1,-0.20996666666666666,-0.8074,0.4019,0.33104192377117075,0.031000000000000003,0.12177777777777779,-0.5176753964034666,-1.0,0.6,0.007818892430662132,0.005941289502786261,0.02596384123023211,18,0.0,0.0,0.29439334177827614,0.0,0.0,0.2664293489369129,0.0,0.0,0.22889064288039926,0.0,0.0,0.0,0.0,0.0,0.20977499797206087,0.0,0.0,0.226263028345863,0.0,0.2933977056028382,0.1861483112152401,0.0,0.32269664394271497,0.3968602322663508,0.0,0.0,0.35464169126127826,0.3716285147692016,0.2202577367883794,0.0
2022-05-25,14645,14653.0,-8.0,-0.0005459632839691,10,"cnbc_ee56da79,cnbc_416a5b57,cnbc_275a1e6a,cnbc_1094af02,cnbc_7f7e1b51,cnbc_387689ea,cnbc_f455955c,cnbc_62b67ecb,cnbc_dda11f59,cnbc_057a5d10",True,0,-0.004574940252645954,-0.0005459632839691,-0.0008182748039549,0.0002728326853557,0.0033374199700313,-0.0017722036670984043,0.007612999549343469,0.0028941744362857265,0.0025031983220259835,-0.002520092630431847,0.02013095569796608,2,-0.13040000000000002,-0.5994,0.4939,0.3590306826875819,0.0618,0.11080000000000001,-0.589852235827468,-0.9230769230769231,0.14285714285714285,0.007192673458911457,0.005387654038570052,0.0271336665796295,10,0.0,0.0,0.20590827909722031,0.0,0.0,0.2047247477096178,0.22280999879921665,0.2454139326308277,0.2710619611855598,0.0,0.24296958710168806,0.23824546951359418,0.0,0.0,0.0,0.0,0.0,0.2679502291374164,0.0,0.0,0.46262793078201025,0.0,0.21963937597042382,0.0,0.0,0.0,0.29798954251081006,0.44009817429912423,0.0,0.0
2022-05-27,14578,14645.0,-67.0,-0.0045749402526459,28,"cnbc_a50cf4f4,cnbc_def3fd89,cnbc_776e80bb,cnbc_06589c45,cnbc_1db5ecfb,cnbc_3d98065c,cnbc_ff5558c2,cnbc_239b819f,cnbc_b2f4ba80,cnbc_268e5bd9,cnbc_772ca88d,cnbc_9ac1e8a6,cnbc_87239a9e,cnbc_66f8c0b2,cnbc_f0656638,cnbc_f3d7c6a3,cnbc_91874d28,cnbc_83dab48c,cnbc_5078e6ab,cnbc_b3d3061f,cnbc_a91634ad,cnbc_89b7b00e,cnbc_6387c63d,cnbc_1a75ff18,cnbc_aa38ad8b,cnbc_7bd2b296,cnbc_4d4ca1b9,cnbc_d9894905",True,0,-0.002332281520098779,-0.0045749402526459,-0.0005459632839691,-0.0008182748039549,-0.0047518837824994,-0.004262178628999136,0.0022068074165229046,0.0023898046003136006,0.0027787536033943437,-0.010386260267463143,0.016100927023070977,4,-0.15330714285714286,-0.8271,0.6808,0.37258239648339825,0.054142857142857145,0.14139285714285715,-0.5901631923165536,-1.0,0.3333333333333333,0.00771749640505426,0.005579724934498802,0.02543120191473864,28,0.0,0.187363094693377,0.14790612201479314,0.0,0.19516181909728583,0.25586299007903557,0.0,0.0,0.0,0.20184014953515286,0.0,0.17113427220044714,0.1965438833930409,0.0,0.0,0.28919494470327106,0.22271472614057564,0.0,0.16788720083841793,0.3320132212104315,0.0,0.0,0.28694574879015333,0.3375906897181869,0.0,0.1575124252025811,0.3298873187055087,0.35946260040790795,0.0,0.0
2022-05-30,14544,14578.0,-34.0,-0.0023322815200987,8,"cnbc_ee2063d7,cnbc_79e18f9c,cnbc_d96d3cf9,cnbc_05c85f92,cnbc_630e6986,cnbc_c9d03bf5,cnbc_c4b4b54a,cnbc_e1e37672",True,1,0.0033003300330033004,-0.0023322815200987,-0.0045749402526459,-0.0005459632839691,0.0002728326853557,-0.004994184853253092,-0.0007935117532487101,0.0019115501106936052,0.002864669492713921,-0.007980356046654369,0.013448540171416612,0,0.1348375,-0.8555,0.7351,0.5782081457584531,0.1685,0.116875,-0.40633355614973266,-0.8823529411764706,0.0,0.009385181748996276,0.009699597651430058,0.02736309090147905,8,0.0,0.0,0.0,0.0,0.0,0.1823054144548139,0.0,0.0,0.0,0.0,0.0,0.359210138060963,0.41254480812562555,0.0,0.0,0.0,0.0,0.0,0.3523945485402261,0.0,0.0,0.0,0.0,0.0,0.0,0.0,0.0,0.31618501963366863,0.6658713910220652,0.0
2022-05-31,14592,14544.0,48.0,0.0033003300330033,6,"cnbc_e03e3312,cnbc_3efb7616,cnbc_48546ea1,cnbc_401312e6,cnbc_6473b37a,cnbc_57f9aba2",True,0,-0.004523026315789474,0.0033003300330033,-0.0023322815200987,-0.0045749402526459,-0.0008182748039549,-0.0007122116912288146,0.0016646359252459053,0.0028847450901486158,0.002914897567397664,-0.004977838390726186,0.017005854474491322,1,0.09571666666666667,-0.2732,0.3612,0.2559234918225888,0.1495,0.0835,-0.2397306397306397,-0.6666666666666666,0.2727272727272727,0.006524157246476439,0.009413014775021851,0.014618163367400487,6,0.0,0.0,0.0,0.0,0.0,0.25092908998091473,0.0,0.5093010758795296,0.0,0.0,0.5042283899302569,0.0,0.0,0.0,0.0,0.0,0.0,0.5560700589364594,0.0,0.20292974328698707,0.2701968644183806,0.0,0.0,0.0,0.0,0.0,0.0,0.0,0.0,0.0
2022-06-02,14526,14592.0,-66.0,-0.0045230263157894,16,"cnbc_f269f8fe,cnbc_cc1f0efc,cnbc_12f120d9,cnbc_3d323619,cnbc_ab5e507f,cnbc_5322c87c,cnbc_00d65226,cnbc_20f33f38,cnbc_78fadbd2,cnbc_ff453408,cnbc_de20bc84,cnbc_566406ed,cnbc_ae9fc7fc,cnbc_4c4df827,cnbc_e44264c3,cnbc_2b448f87",True,0,-0.006539997246316949,-0.0045230263157894,0.0033003300330033,-0.0023322815200987,-0.0005459632839691,-0.0034986622761885577,-0.003430296377607056,0.0032773256356504587,0.0031522897419783164,-0.0086671671330103,0.011489450595362438,3,-0.14566875,-0.5994,0.34,0.3088547074138043,0.0565625,0.1,-0.48492861305361307,-1.0,0.2,0.007899021286651913,0.006754647535426926,0.023829473396400114,16,0.0,0.2200335825997635,0.1736965007362417,0.0,0.22919216995715372,0.24339794556166722,0.0,0.0,0.47986386555284427,0.0,0.20496003001883392,0.0,0.23081522469413845,0.22500421614075342,0.0,0.0,0.26154947520819477,0.38270673476041656,0.0,0.23647052255227655,0.0,0.0,0.26112999758815325,0.0,0.0,0.0,0.2513728006326677,0.17690276283744258,0.0,0.0
2022-06-03,14431,14526.0,-95.0,-0.0065399972463169,9,"cnbc_7635ecf8,cnbc_4b24d492,cnbc_29b3996b,cnbc_ae1d3145,cnbc_2de15e0b,cnbc_776f49a6,cnbc_0774124e,cnbc_30347116,cnbc_5a1d7d1c",True,1,0.002148153281130899,-0.0065399972463169,-0.0045230263157894,0.0033003300330033,-0.0045749402526459,-0.007100494007238112,-0.009876534739398868,0.00378978369348096,0.00322789030982962,-0.01461249573233181,-0.001453086078051502,4,-0.0666,-0.5994,0.4215,0.2904059271089349,0.034777777777777776,0.05899999999999999,-0.3417989417989418,-1.0,0.6,0.004795125672961678,0.006578786027903098,0.013237677316341297,9,0.24761836996104997,0.0,0.2156670300757764,0.0,0.0,0.0,0.0,0.0,0.0,0.0,0.2544848098323314,0.2495367989295163,0.0,0.0,0.26019815432317267,0.0,0.0,0.2806493764095107,0.2448021319153754,0.36392106885244596,0.23089237266984478,0.0,0.0,0.2907323485343258,0.0,0.22967431287310702,0.31211236337224724,0.37189643558193464,0.0,0.0
2022-06-06,14462,14431.0,31.0,0.0021481532811308,12,"cnbc_72b806c9,cnbc_0898e21a,cnbc_77bc7707,cnbc_3f02983c,cnbc_04ae94aa,cnbc_30126f09,cnbc_bb17d217,cnbc_9bfda1dd,cnbc_ead1b53c,cnbc_23a3f597,cnbc_319d0030,cnbc_baa5abab",True,1,0.00013829345871940258,0.0021481532811308,-0.0065399972463169,-0.0045230263157894,-0.0023322815200987,-0.0033767486734201935,-0.007919766488652003,0.004229220191933419,0.00319850266322541,-0.00795719577445464,0.003469331112961438,0,-0.056458333333333326,-0.6597,0.4019,0.35576848564591534,0.09625,0.12133333333333333,-0.22387057387057388,-1.0,1.0,0.0047724774750620156,0.007646996356675072,0.017665696429091434,12,0.0,0.0,0.3502379981557842,0.0,0.0,0.0,0.3789868396291395,0.0,0.0,0.0,0.2440881281423956,0.0,0.0,0.2679588695263988,0.0,0.23887922701261552,0.0,0.0,0.0,0.16632586096862484,0.0,0.0,0.27349062405562813,0.6654296742754908,0.0,0.0,0.0,0.0,0.0,0.0
2022-06-07,14464,14462.0,2.0,0.0001382934587194,10,"cnbc_70a7e5b2,cnbc_6e84a402,cnbc_3ecbbca0,cnbc_e76eb39a,cnbc_eca4223d,cnbc_07730280,cnbc_89148cea,cnbc_9cd98450,cnbc_6d0da879,cnbc_3a88fca7",True,1,0.000898783185840708,0.0001382934587194,0.0021481532811308,-0.0065399972463169,0.0033003300330033,-0.002138668506381558,-0.007939093605857428,0.004264895695749688,0.003198016720902936,-0.005500550055005493,0.0031904563739770797,1,-0.077,-0.7003,0.2263,0.25165182737707714,0.011899999999999999,0.046200000000000005,-0.5028438228438229,-1.0,0.0,0.007043063299005324,0.005431590625464463,0.016278464602480856,10,0.0,0.0,0.22600195264530207,0.0,0.0,0.22470292569122374,0.2445530360328292,0.26936278727647534,0.503734470335489,0.0,0.0,0.0,0.0,0.0,0.0,0.44189260936442126,0.20099269032715805,0.0,0.25653322997571065,0.18172029010196922,0.24195690484520083,0.0,0.0,0.0,0.0,0.0,0.19317223035532669,0.0,0.28629257989831325,0.0
2022-06-08,14477,14464.0,13.0,0.0008987831858407,5,"cnbc_8c594d80,cnbc_bfb331d7,cnbc_4064a605,cnbc_1f49283f,cnbc_3d34ff3e",True,1,0.0053878566001243355,0.0008987831858407,0.0001382934587194,0.0021481532811308,-0.0045230263157894,0.0003454947484797799,-0.007037230102334813,0.003750296766079792,0.0030536720168095484,-0.007881030701754388,-0.00020718232044203422,2,0.005979999999999997,-0.5106,0.7184,0.44952211514006746,0.0948,0.08020000000000001,-0.35739348370927315,-0.9047619047619048,-0.047619047619047616,0.012616746480809873,0.01399362644424092,0.030363941744593143,5,0.0,0.0,0.32843203766603274,0.0,0.0,0.0,0.3553909645538916,0.0,0.0,0.0,0.0,0.0,0.0,0.0,0.0,0.3792759891298605,0.0,0.0,0.0,0.2640807500328161,0.0,0.0,0.35033369283613225,0.0,0.0,0.5922006701734706,0.2807230136443294,0.0,0.0,0.0
2022-06-09,14555,14477.0,78.0,0.0053878566001243,11,"cnbc_5717f694,cnbc_b1b71ce9,cnbc_79c872bd,cnbc_1f137661,cnbc_b1f7158f,cnbc_16a241af,cnbc_3b080f41,cnbc_f1987daa,cnbc_3f17d469,cnbc_8b623db1,cnbc_1bb1c8a5",True,1,0.0009618687736173136,0.0053878566001243,0.0008987831858407,0.0001382934587194,-0.0065399972463169,0.005332301869068523,-0.001759180832130225,0.004370794296714298,0.003180341812363361,0.0019964202120335006,0.0014448878491812867,3,-0.09295454545454546,-0.4782,0.5106,0.27344017394536735,0.08063636363636363,0.10481818181818182,-0.5988783943329398,-1.0,-0.09090909090909091,0.010378355102402996,0.005676972519817512,0.024655020735048418,11,0.2610315283051721,0.28799952019651787,0.22734942675930186,0.0,0.0,0.22604265471641558,0.0,0.2709687883701895,0.2992875359940837,0.0,0.0,0.0,0.0,0.0,0.0,0.0,0.0,0.29585178051851135,0.0,0.1828037470545967,0.24339950594738735,0.0,0.0,0.0,0.0,0.0,0.407810663729732,0.3920415717398852,0.28799952019651787,0.0
2022-06-10,14569,14555.0,14.0,0.0009618687736173,3,"cnbc_e637b6de,cnbc_90551c80,cnbc_81095424",True,1,0.0070698057519390485,0.0009618687736173,0.0053878566001243,0.0008987831858407,0.0021481532811308,0.004384574020709575,-0.0008778065808061619,0.002074404407524927,0.0031821748059377556,0.009562746864389071,0.0015811907053484564,4,0.06743333333333333,0.0,0.2023,0.1167979594570613,0.04066666666666666,0.0,-0.24835164835164836,-0.7142857142857143,0.2,0.006487185475495205,0.007217267848221079,0.01293977924838681,3,0.0,0.0,0.0,0.0,0.0,0.0,0.0,0.0,0.0,0.0,0.0,0.0,0.0,0.0,0.0,0.0,0.7015182815651444,0.6062566751131591,0.0,0.374599712373921,0.0,0.0,0.0,0.0,0.0,0.0,0.0,0.0,0.0,0.0
2022-06-13,14672,14569.0,103.0,0.007069805751939,30,"cnbc_ca3b04e3,cnbc_24b20460,cnbc_757f2871,cnbc_c46295ef,cnbc_0f1b6731,cnbc_9ae6b378,cnbc_415fce89,cnbc_c1f6d6dd,cnbc_4dc1b3c9,cnbc_61400ed4,cnbc_7d644d72,cnbc_9dc17ba0,cnbc_50f95ff7,cnbc_6498e57e,cnbc_1b5c41a5,cnbc_3bdd92ca,cnbc_dbb8711e,cnbc_30afd05d,cnbc_dbaddaa6,cnbc_f8c09ede,cnbc_c4bc9722,cnbc_b9960beb,cnbc_e7193361,cnbc_d703dd66,cnbc_4fcc4887,cnbc_d06f537c,cnbc_743597a0,cnbc_30c9126a,cnbc_5fbbb692,cnbc_503b4acc",True,1,0.0038849509269356596,0.007069805751939,0.0009618687736173,0.0053878566001243,0.0001382934587194,0.008565104417284308,0.005751263015745689,0.0031210806743286273,0.00354442794516104,0.014520813165537216,0.008662175168431263,0,-0.16039,-0.8777,0.7579,0.4356865326403123,0.09716666666666667,0.15746666666666667,-0.5660632808310827,-1.0,0.5,0.006202831940921386,0.006655433140819899,0.022341591705886874,30,0.1626414721155772,0.0,0.14165509313317992,0.0,0.0,0.1984988672818363,0.2595301233002567,0.28585929059976967,0.18647772457208217,0.0,0.2830121055542829,0.16390154062999965,0.0,0.0,0.0,0.34330034543565446,0.0,0.0,0.16079170183541397,0.2972147728477395,0.25677499803925447,0.0,0.294732406860125,0.0,0.18823725297870664,0.1508554004240138,0.3566844640076387,0.14426990318767074,0.17944447644876108,0.0
2022-06-14,14729,14672.0,57.0,0.0038849509269356,9,"cnbc_da5ab2d5,cnbc_4e7265fd,cnbc_22fd08bb,cnbc_ee36b578,cnbc_fcbee891,cnbc_85c3a889,cnbc_6dc10172,cnbc_7696aea0,cnbc_f47072dd",True,1,0.0011541856202050378,0.0038849509269356,0.007069805751939,0.0009618687736173,0.0008987831858407,0.008807977863620309,0.009160483169239564,0.002718695712232147,0.0035944063653780317,0.01832134955752207,0.009873157353445405,1,-0.1730888888888889,-0.5106,0.0772,0.24628846625676795,0.014,0.10977777777777778,-0.5431254904939116,-0.8,-0.05263157894736842,0.00869139919233393,0.007453029405833399,0.025708000840969254,9,0.0,0.0,0.3157140830933012,0.0,0.0,0.0,0.5784283014504598,0.0,0.0,0.0,0.37253927208603904,0.36529589916636257,0.0,0.0,0.0,0.0,0.0,0.0,0.0,0.0,0.0,0.0,0.19890039032055173,0.4256018957131563,0.0,0.0,0.26985250734287264,0.0,0.0,0.0
2022-06-15,14746,14729.0,17.0,0.001154185620205,10,"cnbc_3fb7dd9c,cnbc_931b126a,cnbc_c3da86e9,cnbc_99febaad,cnbc_26dc4da3,cnbc_9c14ba6d,cnbc_628d5333,cnbc_b67a0dd8,cnbc_3eaf6260,cnbc_13e16ae7",True,0,-0.00033907500339075,0.001154185620205,0.0038849509269356,0.007069805751939,0.0053878566001243,0.006264415662403877,0.009885869062743025,0.0026559767200960024,0.0035723722848152516,0.018581197761967205,0.008687324714412803,2,-0.04003000000000001,-0.5994,0.3612,0.2626722082748763,0.028699999999999996,0.044199999999999996,-0.5632830568124685,-1.0,0.0,0.009012191253337685,0.006634626807440912,0.0225265901050805,10,0.5143955032067403,0.0,0.0,0.0,0.0,0.2630873004414581,0.0,0.3153760830036334,0.0,0.0,0.0,0.0,0.0,0.0,0.0,0.0,0.23532681714746034,0.0,0.0,0.0,0.2832886519972039,0.0,0.28225376336361024,0.0,0.0,0.47711901892661684,0.22617044459080365,0.2694926316551692,0.0,0.0
2022-06-16,14741,14746.0,-5.0,-0.0003390750033907,15,"cnbc_7d5db209,cnbc_9726172e,cnbc_382a956f,cnbc_ee73d26d,cnbc_ee8dbeee,cnbc_8acc88e7,cnbc_a12138e0,cnbc_1c7b8823,cnbc_abbadd5c,cnbc_adf99f70,cnbc_4dd04a06,cnbc_d116a56f,cnbc_ba845a49,cnbc_09ca1bf0,cnbc_d6cdcc29",True,1,0.005901906247880062,-0.0003390750033907,0.001154185620205,0.0038849509269356,0.0009618687736173,0.0033761248077106565,0.009232412374239551,0.002959217981520856,0.003551847878690885,0.012779113706629985,0.006142925397583765,3,0.0009733333333333371,-0.5106,0.4404,0.3027766538147188,0.09266666666666667,0.09040000000000001,-0.4661186090597855,-1.0,0.0,0.00913134024072277,0.007303647380761604,0.02519659217294555,15,0.3396561570041579,0.37474710769278513,0.1747212295104668,0.3823444749856916,0.0,0.17371695683084085,0.0,0.20824332191136233,0.0,0.0,0.3490747981952232,0.0,0.0,0.0,0.210797827668538,0.0,0.37079832534980334,0.0,0.19832484112202747,0.0,0.0,0.2116658915192254,0.18637260233885464,0.0,0.0,0.0,0.14934069905109465,0.0,0.22133167866059433,0.0
2022-06-17,14828,14741.0,87.0,0.00590190624788,7,"cnbc_454734fa,cnbc_ba8356ed,cnbc_618b6614,cnbc_c1def710,cnbc_0316f2d1,cnbc_09edf47e,cnbc_02d53ad4",True,1,0.0005395198273536552,0.00590190624788,-0.0003390750033907,0.001154185620205,0.007069805751939,0.0057518042216071485,0.014681680232936145,0.0031183447012152364,0.003748482437996238,0.01777747271604091,0.009944149298460658,4,-0.06595714285714285,-0.4588,0.34,0.2912933679136485,0.08957142857142857,0.10257142857142856,-0.512354638825227,-1.0,0.1111111111111111,0.01486075012104108,0.007700023274120384,0.02140802374935417,7,0.0,0.6454438189155518,0.0,0.0,0.0,0.0,0.0,0.0,0.0,0.0,0.355094495690858,0.3481903058597808,0.0,0.0,0.0,0.0,0.2676294524569277,0.0,0.0,0.24196751464514688,0.3221748704218644,0.0,0.18958654586429557,0.0,0.0,0.0,0.257216210976276,0.0,0.0,0.0
2022-06-20,14836,14828.0,8.0,0.0005395198273536,24,"cnbc_ccad7c2d,cnbc_e7d388de,cnbc_080fea5e,cnbc_4d4855c5,cnbc_84432456,cnbc_a79d96cf,cnbc_adbfb3c2,cnbc_cdbe41a1,cnbc_3995940d,cnbc_e65abefc,cnbc_8251602d,cnbc_df6c3348,cnbc_8ef89f9c,cnbc_ce1bfbbc,cnbc_7cebed7f,cnbc_0cfdf365,cnbc_c7a994d6,cnbc_a45f2e06,cnbc_b18836a5,cnbc_ac67b47b,cnbc_95139b24,cnbc_162afdc3,cnbc_468a3b00,cnbc_d5eec229",True,0,-0.0021569156106767324,0.0005395198273536,0.00590190624788,-0.0003390750033907,0.0038849509269356,0.004060638873849554,0.014864522837187977,0.002590221503008491,0.003688810581052451,0.011177753544165725,0.007127825673749255,0,-0.1854625,-0.8625,0.6705,0.39264656284655974,0.07312500000000001,0.16016666666666665,-0.519833488951136,-1.0,0.0,0.009519636706895792,0.007173693284308021,0.024247591823943013,24,0.17936622895623242,0.19789712075876528,0.0,0.20190915202398205,0.0,0.2189109137620541,0.0,0.0,0.0,0.0,0.18434004178869798,0.3060462965799433,0.0,0.0,0.0,0.0,0.23523631014915555,0.0,0.17732624299648647,0.29974836294587764,0.3509939375963246,0.0,0.16663950508293957,0.0,0.0,0.28168580015411615,0.3933630605044042,0.3339007025907178,0.19789712075876528,0.0
2022-06-21,14804,14836.0,-32.0,-0.0021569156106767,11,"cnbc_c1dd7cc9,cnbc_687cc34e,cnbc_670f64e5,cnbc_92f0a7d6,cnbc_f1ef16a2,cnbc_2fc5a1f6,cnbc_6b50201a,cnbc_c45d68a6,cnbc_420e1a99,cnbc_ca2a51ca,cnbc_bd0fb17e",True,1,0.0037827614158335585,-0.0021569156106767,0.0005395198273536,0.00590190624788,0.001154185620205,0.000878912852410263,0.012180488655360255,0.0030009062474339616,0.003542207066142936,0.005091995383257553,0.009753768501466586,1,-0.2579181818181818,-0.8074,0.25,0.3395861004758052,0.04409090909090909,0.18063636363636365,-0.580534498181557,-1.0,0.23076923076923078,0.005216602627004326,0.006940051881170846,0.026835980514020405,11,0.0,0.0,0.0,0.0,0.0,0.25077912692456295,0.0,0.0,0.0,0.0,0.2976274319751933,0.0,0.0,0.3267340809201194,0.0,0.49317311926372814,0.0,0.0,0.0,0.3433845826359356,0.27003538633862534,0.0,0.26904891353069704,0.0,0.0,0.0,0.36502454216970154,0.0,0.31951610336635616,0.0
2022-06-22,14860,14804.0,56.0,0.0037827614158335,6,"cnbc_a4f9566b,cnbc_9d11d112,cnbc_17d1a067,cnbc_0ecbac5a,cnbc_5a86b2fe,cnbc_5b6a1667",True,0,-0.0016823687752355316,0.0037827614158335,-0.0021569156106767,0.0005395198273536,-0.0003390750033907,0.0031187136318837627,0.01533247697395379,0.003250196699723069,0.0036169679877704774,0.007730910077309083,0.013296965564268737,2,-0.31011666666666665,-0.8243,0.1531,0.43326742511602073,0.03933333333333333,0.19383333333333333,-0.4590246354952237,-0.8823529411764706,0.14285714285714285,0.003952639379050857,0.0068493805712736555,0.022979120281601106,6,0.0,0.0,0.3495731180258521,0.0,0.0,0.34756382165729605,0.0,0.0,0.0,0.0,0.0,0.4044723796369416,0.0,0.0,0.0,0.0,0.0,0.0,0.0,0.4759090571163944,0.0,0.0,0.372884576743908,0.0,0.0,0.3722774206761566,0.29879307718770465,0.0,0.0,0.0
2022-06-23,14835,14860.0,-25.0,-0.0016823687752355,5,"cnbc_fa8d0732,cnbc_f6455bf3,cnbc_91b5a356,cnbc_ec128421,cnbc_f2c78fe9",True,1,0.000741489720256151,-0.0016823687752355,0.0037827614158335,-0.0021569156106767,0.00590190624788,0.0001618057521943772,0.012994462160371922,0.0034914937722633904,0.003640724860130409,0.006376772267824515,0.012420664710298235,3,-0.16720000000000002,-0.7184,0.3412,0.4192953135917453,0.027600000000000003,0.0972,-0.7142857142857143,-1.0,-0.3333333333333333,0.008051613061526592,0.004097523462954758,0.03323401598103605,5,0.0,0.0,0.0,0.0,0.0,0.2642272903910379,0.0,0.0,0.0,0.0,0.0,0.0,0.0,0.0,0.0,0.0,0.4001694396978488,0.0,0.5107487179566778,0.3617987626986344,0.0,0.0,0.47996795140882254,0.0,0.0,0.0,0.3845991765205498,0.0,0.0,0.0
2022-06-24,14846,14835.0,11.0,0.0007414897202561,10,"cnbc_799f73a2,cnbc_b2dacdfe,cnbc_d6a8dd46,cnbc_6ece72f7,cnbc_d6825726,cnbc_3ba674f7,cnbc_47021045,cnbc_7e23e7cd,cnbc_ddcf825f,cnbc_21b15ca3",True,0,-0.0029637612825003366,0.0007414897202561,-0.0016823687752355,0.0037827614158335,0.0005395198273536,0.0006605465011255696,0.013050376157901056,0.0023628874682382396,0.0036303224286119993,0.0012139196115457107,0.013724820757937906,4,0.09315999999999999,-0.4939,0.5859,0.4184249652632543,0.1293,0.0955,-0.5152625152625152,-1.0,0.14285714285714285,0.005887192011323733,0.006527873324951002,0.02435167560096694,10,0.5015768247260589,0.0,0.0,0.0,0.0,0.2565311943019492,0.2791929931961699,0.0,0.0,0.0,0.30445404893919104,0.0,0.34286016502086875,0.0,0.0,0.0,0.0,0.0,0.2928701335835609,0.35126072161089783,0.0,0.0,0.16254938393365376,0.0,0.0,0.0,0.22053430237539037,0.0,0.0,0.3319693610727151
2022-06-27,14802,14846.0,-44.0,-0.0029637612825003,24,"cnbc_b8cffd1f,cnbc_8c0f431f,cnbc_07aadd01,cnbc_aec608cd,cnbc_f24ed010,cnbc_ee2faafa,cnbc_cddfed2e,cnbc_c0c9682f,cnbc_b92b3316,cnbc_9b48b403,cnbc_58f40195,cnbc_baaf93f0,cnbc_b45fa6ef,cnbc_fe4af959,cnbc_4e5e6482,cnbc_9b581de8,cnbc_af05ee22,cnbc_3c579193,cnbc_afc512d0,cnbc_f0b52de1,cnbc_5d777478,cnbc_4ee9029f,cnbc_5f3fbb19,cnbc_9b904b09",True,1,0.002364545331711931,-0.0029637612825003,0.0007414897202561,-0.0016823687752355,-0.0021569156106767,-0.0018476809580967313,0.009276589651539657,0.0027425827525058926,0.0035236971745697845,-0.0022917228363440456,0.015365619426533028,0,-0.09324583333333332,-0.802,0.8689,0.49681981072589093,0.10870833333333334,0.17174999999999999,-0.617111592111592,-1.0,0.2727272727272727,0.006736916801729522,0.006254908393456962,0.027225445484165778,24,0.37123615151104156,0.0,0.0,0.0,0.0,0.09047337084452166,0.0,0.1836303041351928,0.0,0.0,0.0,0.1782665212061296,0.0,0.0,0.0,0.0,0.2319966593480072,0.0,0.2961045611621296,0.259981466526171,0.34616008439393775,0.0,0.20370084926364856,0.0,0.0,0.27780645164893525,0.36764566395366616,0.40945809538871186,0.19517170151798321,0.0
2022-06-28,14837,14802.0,35.0,0.0023645453317119,16,"cnbc_02c92d43,cnbc_676a9254,cnbc_28c0adc2,cnbc_1811bb17,cnbc_84b7bdcc,cnbc_030b0541,cnbc_eba5a308,cnbc_3347d333,cnbc_8bc71915,cnbc_6cc943f3,cnbc_33853f38,cnbc_2564464b,cnbc_638dc239,cnbc_174a8d0a,cnbc_441551f1,cnbc_ffcd3f00",True,1,0.0007413897688211903,0.0023645453317119,-0.0029637612825003,0.0007414897202561,0.0037827614158335,6.74036128336386e-05,0.010653515523888712,0.002786507700969641,0.0034621314923791884,0.002229127262901809,0.02014576457645756,1,-0.14365625,-0.7096,0.4215,0.3457524913744898,0.054625,0.11800000000000001,-0.5106822344322344,-1.0,0.6,0.006685592298339922,0.005122479472551644,0.02041537208540481,16,0.0,0.0,0.186012674536865,0.0,0.0,0.10923061052631881,0.0,0.0,0.0,0.0,0.21949298457573724,0.21522532835889768,0.0,0.0,0.22442074051932506,0.0,0.0,0.0,0.2111416811086324,0.356909232341922,0.4179271425972454,0.22534490342149527,0.0,0.2507564633604521,0.0,0.0,0.37940150990959404,0.45207459155182056,0.0,0.0
2022-06-29,14848,14837.0,11.0,0.0007413897688211,10,"cnbc_5099e267,cnbc_b995c0a5,cnbc_09d8b805,cnbc_fbf15bfd,cnbc_3707ac26,cnbc_9e32b217,cnbc_24ba09f0,cnbc_f8d6b986,cnbc_79df9b47,cnbc_8154d731",True,1,0.0022898706896551722,0.0007413897688211,0.0023645453317119,-0.0029637612825003,-0.0016823687752355,0.0009707690648257383,0.010521730845141297,0.0021317363840721824,0.0034198062590807326,-0.0008075370121130021,0.01754385964912286,2,-0.10977,-0.7003,0.1779,0.30266135843362774,0.0766,0.1069,-0.6328754578754578,-1.0,0.3333333333333333,0.005504302597459994,0.004352340304446608,0.024160478655727007,10,0.5199520821743175,0.0,0.0,0.0,0.0,0.2659292097333481,0.0,0.3187828237289514,0.0,0.0,0.0,0.30947127857822804,0.0,0.0,0.0,0.0,0.0,0.0,0.30359942536541906,0.215060542672849,0.28634877938095415,0.0,0.168504377527044,0.0,0.0,0.0,0.0,0.4612196113437177,0.0,0.0
2022-06-30,14882,14848.0,34.0,0.0022898706896551,14,"cnbc_ea93f0ba,cnbc_f5d3453c,cnbc_0d16750c,cnbc_2cfc3fdc,cnbc_b1d7a05e,cnbc_1845c701,cnbc_d9651d14,cnbc_d76ffacf,cnbc_ddc61d65,cnbc_ebf9d3b8,cnbc_c418a49e,cnbc_a14f9026,cnbc_0f3a5a77,cnbc_6a802fc2",True,1,0.004972449939524257,0.0022898706896551,0.0007413897688211,0.0023645453317119,0.0007414897202561,0.002627501179006897,0.011610201751046878,0.0021623867158814137,0.0031850122101463652,0.0031681833501853163,0.024507779154619325,3,0.04964999999999999,-0.5423,0.5719,0.34618910961407295,0.09157142857142857,0.05864285714285714,-0.41554755235427504,-1.0,0.3333333333333333,0.00695503231222068,0.009644199894421144,0.02348067877438349,14,0.1827218641014443,0.2015994371726115,0.0,0.348257562720489,0.0,0.15822968016313838,0.0,0.0,0.43966145563741366,0.21717649685341647,0.0,0.3864332327089577,0.0,0.3490484494053926,0.0,0.18378127046714846,0.0,0.0,0.1806437134959783,0.12796247887532666,0.2884775062970155,0.0,0.23925284459152224,0.0,0.0,0.0,0.13602662329161316,0.1620820649326951,0.0,0.0
2022-07-01,14956,14882.0,74.0,0.0049724499395242,13,"cnbc_7046a63e,cnbc_6359a372,cnbc_34d9d7f6,cnbc_835842a9,cnbc_429d1fa9,cnbc_29436224,cnbc_83fb028c,cnbc_43c950ba,cnbc_52446634,cnbc_1e0668a3,cnbc_fb0a869d,cnbc_87516bb3,cnbc_938a5584",True,1,0.0002674511901577962,0.0049724499395242,0.0022898706896551,0.0007413897688211,-0.0029637612825003,0.00612176252943164,0.014829566851795928,0.002912390466924808,0.002715129128503106,0.007409403206250831,0.03638001524495871,4,-0.04276153846153847,-0.8225,0.34,0.3149482643717365,0.05753846153846154,0.10176923076923076,-0.7575638037176499,-1.0,0.0,0.0056098415507351085,0.003936181865728535,0.030502515073667243,13,0.0,0.0,0.0,0.0,0.0,0.2688708366783793,0.0,0.2600369533119231,0.4862942586415528,0.0,0.0,0.0,0.0,0.0,0.0,0.25195297920489,0.0,0.48071170687802023,0.0,0.0,0.4901936754280334,0.26431077378865137,0.13745208866432151,0.0,0.0,0.0,0.0,0.0,0.0,0.0
2022-07-04,14960,14956.0,4.0,0.0002674511901577,31,"cnbc_532fee02,cnbc_7174854e,cnbc_6a65df93,cnbc_596b353a,cnbc_26979d74,cnbc_e1fab4dc,cnbc_c6b278aa,cnbc_608c557b,cnbc_8b2d219b,cnbc_e265635a,cnbc_c639e481,cnbc_bf4ecee1,cnbc_665ffd1e,cnbc_0cd144e8,cnbc_26031a1a,cnbc_137fcac5,cnbc_a87a0fb8,cnbc_2c2e99d3,cnbc_5d771e4b,cnbc_a1bed79e,cnbc_d8d7001a,cnbc_2b08db1d,cnbc_633b177d,cnbc_48071567,cnbc_3c5113ce,cnbc_4710c611,cnbc_04381a62,cnbc_48d155f4,cnbc_038bdcf5,cnbc_54222516,cnbc_4e1bc81f",True,1,0.002005347593582888,0.0002674511901577,0.0049724499395242,0.0022898706896551,0.0023645453317119,0.004256004725910589,0.01338878972521318,0.0018410172048008882,0.002734634994931597,0.010674233211728223,0.03443507122113121,0,-0.12569677419354838,-0.6908,0.743,0.3674279462097487,0.05164516129032258,0.11274193548387097,-0.5406928699115161,-1.0,0.25,0.0051755387524572245,0.005630605131617562,0.021145701993718635,31,0.34031816266339693,0.17891704402746844,0.0,0.0,0.0,0.19791542921638994,0.3207353973065073,0.0,0.0,0.0,0.0,0.0,0.18768397637704773,0.0,0.17040183511959833,0.0,0.2997408265432083,0.0,0.1603190946072554,0.3170465571900494,0.44545018038133144,0.0,0.24841252654918689,0.0,0.0,0.0,0.38597525176053715,0.14384585767864302,0.0,0.0
2022-07-05,14990,14960.0,30.0,0.0020053475935828,6,"cnbc_0e382928,cnbc_978457d4,cnbc_7ff25672,cnbc_8dbe4e1d,cnbc_e55bdd58,cnbc_14dac2fe",True,1,0.001667778519012675,0.0020053475935828,0.0002674511901577,0.0049724499395242,0.0007413897688211,0.00420708505278955,0.013615171094048417,0.0018364398903484703,0.0027103578917002085,0.010312057693603771,0.03636615044247793,1,-0.052066666666666685,-0.886,0.5859,0.6088922882305758,0.16949999999999998,0.20516666666666664,-0.657834870443566,-0.92,-0.3333333333333333,0.006494900110428199,0.006158101367519368,0.03436399396618237,6,0.0,0.0,0.0,0.0,0.0,0.0,0.0,0.0,0.0,0.0,0.0,0.0,0.0,0.0,0.0,0.0,0.0,0.5445912565758317,0.0,0.0,0.758596581427026,0.0,0.0,0.0,0.0,0.0,0.3577032148421174,0.0,0.0,0.0
2022-07-06,15015,14990.0,25.0,0.0016677785190126,9,"cnbc_17e7ec50,cnbc_ee98df95,cnbc_01f58711,cnbc_d4983a98,cnbc_529ab880,cnbc_9b54b4ac,cnbc_e20bfd66,cnbc_07085d24,cnbc_c659311d",True,0,-0.0019314019314019314,0.0016677785190126,0.0020053475935828,0.0002674511901577,0.0022898706896551,0.003636217798751451,0.013462206937980836,0.0017133458539099469,0.002702476102038297,0.011247306034482651,0.03716239552393441,2,-0.13106666666666664,-0.7845,0.7269,0.46094392012478047,0.10544444444444445,0.1408888888888889,-0.3435786435786436,-1.0,1.0,0.008443107319468953,0.008881951062486744,0.023166734668507594,9,0.0,0.0,0.0,0.0,0.0,0.5343566195143956,0.0,0.516800070387684,0.5708104634419775,0.0,0.0,0.0,0.0,0.0,0.0,0.0,0.0,0.0,0.0,0.3486489713932727,0.0,0.0,0.0,0.0,0.0,0.0,0.0,0.0,0.0,0.0
2022-07-07,14986,15015.0,-29.0,-0.0019314019314019,10,"cnbc_b5f578e7,cnbc_34af8802,cnbc_87a04c1e,cnbc_a50b27c0,cnbc_6d60ac9d,cnbc_39fe7a45,cnbc_f5226368,cnbc_9caf225b,cnbc_823d0941,cnbc_20d10072",True,0,-0.00033364473508608035,-0.0019314019314019,0.0016677785190126,0.0020053475935828,0.0049724499395242,0.000307047405449401,0.01003565386766958,0.002528902317414165,0.0026908112918234742,0.006988308023115231,0.029611817244933114,3,-0.13355,-0.4874,0.0,0.19389618786006768,0.023299999999999998,0.0874,-0.4067748917748918,-0.8,0.25,0.012238314047147337,0.010379943086594791,0.025384800891273936,10,0.0,0.0,0.28712689193861735,0.371097731734189,0.0,0.1686070359617556,0.0,0.0,0.0,0.0,0.0,0.0,0.0,0.0,0.0,0.0,0.0,0.37364071432087126,0.3259157194871762,0.0,0.0,0.0,0.30627409274762174,0.0,0.0,0.6417040044725975,0.0,0.0,0.0,0.0
2022-07-08,14981,14986.0,-5.0,-0.000333644735086,12,"cnbc_6a73382f,cnbc_d2324065,cnbc_45ed83a6,cnbc_a70246cf,cnbc_7ea0f1c2,cnbc_c7207e6c,cnbc_1cd94a27,cnbc_da083c15,cnbc_606d2bb3,cnbc_39272641,cnbc_dd5434a7,cnbc_ce846566",True,0,-0.000801014618516788,-0.000333644735086,-0.0019314019314019,0.0016677785190126,0.0002674511901577,-0.00036032669620456037,0.00829872725926628,0.001593313053510347,0.0027189709095308792,0.0016715699384861615,0.028279223007756205,4,0.03784166666666666,-0.5994,0.5574,0.3580151074982307,0.07341666666666667,0.0765,-0.42264137539073604,-0.8666666666666667,0.0,0.006137595503584405,0.00790003739071348,0.02111681413397168,12,0.23677575271771506,0.2612378037995043,0.20622348572369031,0.0,0.2721114587156384,0.12109882999397427,0.0,0.41615799354677596,0.27147690577508404,0.0,0.0,0.23861017826181155,0.0,0.0,0.0,0.40322056138023504,0.0,0.0,0.0,0.0,0.2207821469153567,0.0,0.12992113434352226,0.0,0.0,0.46089182281637475,0.0,0.0,0.0,0.0
2022-07-11,14969,14981.0,-12.0,-0.0008010146185167,24,"cnbc_72dc506c,cnbc_5bf41d6a,cnbc_e98c7c59,cnbc_42cbe33c,cnbc_8cdb891f,cnbc_ca1cb0a2,cnbc_b5e91b2a,cnbc_de84e882,cnbc_8720fb73,cnbc_c41993d7,cnbc_9d7ddce9,cnbc_b683d5be,cnbc_f96e240a,cnbc_53f2bebf,cnbc_cd47e6ca,cnbc_9f4e8954,cnbc_0f061c23,cnbc_a636f9a6,cnbc_521340ac,cnbc_6cef3b33,cnbc_25b08580,cnbc_376af976,cnbc_d9c8e038,cnbc_9cf3be9f",True,1,0.0016033135145968336,-0.0008010146185167,-0.000333644735086,-0.0019314019314019,0.0020053475935828,-0.0012810077260778652,0.0064851017478508854,0.001674250225290386,0.0024066231557510246,0.0006016042780747632,0.020242639040348953,0,-0.09656666666666668,-0.8126,0.5106,0.38044563305437606,0.07404166666666666,0.12133333333333333,-0.6404213977743389,-1.0,0.0,0.008223135386749089,0.0048789983207961395,0.022081890970199882,24,0.0,0.0,0.0,0.20421216179331486,0.0,0.24211180454776346,0.1709732000028883,0.18831832329480436,0.2079993319542031,0.0,0.0,0.0,0.20996192954580367,0.0,0.19062841053612778,0.18246392287207305,0.14051906285804872,0.2056115451013247,0.0,0.37426386610525053,0.35499743352089225,0.19141341688050348,0.09954257093446325,0.21299861114194807,0.0,0.0,0.3222728283567218,0.337709230200017,0.20015436862426145,0.0
2022-07-12,14993,14969.0,24.0,0.0016033135145968,8,"cnbc_329ce1da,cnbc_7a361b97,cnbc_4240ef6a,cnbc_c1c64b9a,cnbc_fdc88cd6,cnbc_aaaaef6a,cnbc_d46824fb,cnbc_cdb2e194",True,0,-0.0005335823384245981,0.0016033135145968,-0.0008010146185167,-0.000333644735086,0.0016677785190126,0.00028020922288640726,0.007204877147607647,0.001567398205781234,0.002315277411993562,0.00020013342228142328,0.017923823749066425,1,-0.10955000000000001,-0.4588,0.296,0.2593106851415333,0.035,0.0885,-0.6404671717171717,-1.0,0.25,0.009824966061933928,0.005175922794861903,0.024574515797536257,8,0.0,0.0,0.0,0.0,0.0,0.25018216617311223,0.0,0.0,0.0,0.0,0.2969189523755426,0.4929528325869281,0.3343745348896147,0.0,0.0,0.0,0.0,0.0,0.0,0.20232569591813146,0.4561213000190234,0.0,0.26840846293352033,0.0,0.0,0.2679714219909075,0.0,0.0,0.31875551943935504,0.0
2022-07-13,14985,14993.0,-8.0,-0.0005335823384245,7,"cnbc_4d03da0d,cnbc_577baecd,cnbc_a25872be,cnbc_4a1b06b2,cnbc_96c49fe1,cnbc_f7752aa7,cnbc_5851116e",True,1,0.0009342676009342676,-0.0005335823384245,0.0016033135145968,-0.0008010146185167,-0.0019314019314019,0.00014683503750978488,0.0058599649610342475,0.0012788192020602672,0.002335854025150329,-0.0019980019980020414,0.01620778516207788,2,-0.329,-0.8316,0.0,0.343311457231865,0.023142857142857142,0.1777142857142857,-0.6998953427524857,-1.0,-0.3333333333333333,0.009364455132031832,0.005521783994430226,0.035306221992276766,7,0.0,0.0,0.0,0.0,0.0,0.17175659842562527,0.0,0.0,0.0,0.39914713423747983,0.0,0.0,0.38867355176317225,0.0,0.0,0.0,0.0,0.0,0.0,0.23518132704518385,0.0,0.0,0.18426942770258325,0.0,0.0,0.0,0.4232907918791888,0.5043707176917378,0.3705181673763188,0.0
2022-07-14,14999,14985.0,14.0,0.0009342676009342,8,"cnbc_2d5302c0,cnbc_f5f222b7,cnbc_e304febf,cnbc_352c9214,cnbc_fbb265d4,cnbc_0c0e1edc,cnbc_dc6675c3,cnbc_d6271085",True,0,0.0,0.0009342676009342,-0.0005335823384245,0.0016033135145968,-0.000333644735086,0.0009075500153483684,0.005928668195780196,0.0010404293957062974,0.0023202791045158553,0.0008674763112237471,0.017502204735092564,3,0.14978749999999996,-0.8555,0.6597,0.4769141115771566,0.17775,0.107,-0.2769570707070707,-1.0,0.8181818181818182,0.008732495383029249,0.008908037999683833,0.018176291521089946,8,0.3342328476308833,0.0,0.0,0.0,0.0,0.17094320820049902,0.31500024664803655,0.0,0.38321702387914575,0.0,0.0,0.0,0.0,0.0,0.0,0.0,0.0,0.0,0.0,0.0,0.0,0.0,0.0,0.0,0.6549650420461307,0.3100121353327702,0.0,0.2964787513456645,0.0,0.0
2022-07-15,14999,14999.0,0.0,0.0,13,"cnbc_a23c526d,cnbc_61264c57,cnbc_39ee110b,cnbc_5192051f,cnbc_69083a76,cnbc_7de4cad7,cnbc_f24af2fa,cnbc_3cf458a6,cnbc_d156034c,cnbc_ea26ad33,cnbc_07604563,cnbc_ed9c1391,cnbc_5a767e9b",True,0,-0.0008667244482965531,0.0,0.0009342676009342,-0.0005335823384245,-0.0008010146185167,0.0006671559143371919,0.005352181592114924,0.0010099963527206992,0.001999880930546303,0.0012015219277752287,0.011532236309684363,4,-0.0569846153846154,-0.7845,0.5267,0.3934379702192664,0.05161538461538462,0.09623076923076922,-0.7118365294835883,-1.0,-0.058823529411764705,0.010111945009970372,0.005068411346817449,0.030180440579326066,13,0.264191176360117,0.2914856014746006,0.0,0.29739498177277157,0.0,0.13512043351028577,0.0,0.0,0.3029102527100024,0.0,0.27151717897973365,0.0,0.0,0.0,0.0,0.0,0.0,0.2994329092386192,0.2611864508128407,0.31326014730461205,0.24634572773344723,0.0,0.24544579619094334,0.0,0.0,0.0,0.1966761547690543,0.3967870268105741,0.0,0.0
2022-07-18,14986,14999.0,-13.0,-0.0008667244482965,31,"cnbc_0be77e10,cnbc_ef09fa13,cnbc_cd98fb1f,cnbc_b032e9e9,cnbc_d421e04e,cnbc_6341c938,cnbc_3a2b3c07,cnbc_f543b0c6,cnbc_9461a4b4,cnbc_10bad012,cnbc_471a9a10,cnbc_15a9ff55,cnbc_0a58b53e,cnbc_163ad6d2,cnbc_e56af164,cnbc_08279feb,cnbc_0b4aaeb9,cnbc_0db844f1,cnbc_1a3a569b,cnbc_0e284e29,cnbc_6209170b,cnbc_61b9b4eb,cnbc_02ed6f39,cnbc_67d0b9ba,cnbc_af6cd8fe,cnbc_4a0bad4e,cnbc_dc45e8e0,cnbc_a6c74e75,cnbc_bcf9e644,cnbc_877029c8,cnbc_edc09899",True,1,0.0004003736821032964,-0.0008667244482965,0.0,0.0009342676009342,0.0016033135145968,-0.00042688295403003895,0.003976109843802922,0.0010272186935608495,0.002025760928902068,0.0011356804061728454,0.010110541925047123,0,-0.04789354838709678,-0.8591,0.7909,0.44838183351208144,0.08683870967741936,0.1094193548387097,-0.46490900934124746,-1.0,0.5,0.00560267066624807,0.006596454301555482,0.021486561925558926,31,0.15765882051377972,0.0,0.3276749075377997,0.0,0.18118735190143426,0.1924176956953299,0.1485867343682659,0.0,0.30606146278155655,0.0,0.0,0.15888028582128275,0.0,0.1778765744781875,0.0,0.2684872812542672,0.12212012564667342,0.3750003784109257,0.1558657194258559,0.26347196809559376,0.3085156583317963,0.0,0.2765884202102484,0.18510952625337507,0.0,0.0,0.28007586651206756,0.13985007929614582,0.0,0.0
2022-07-19,14992,14986.0,6.0,0.0004003736821032,11,"cnbc_7cb5c2d0,cnbc_5a3f508a,cnbc_b3e7285e,cnbc_f5c928e2,cnbc_42cea2d9,cnbc_0ac6811d,cnbc_bce17652,cnbc_e5c250c7,cnbc_f5898c5b,cnbc_db7640d8,cnbc_ffb64033",True,0,-0.0005336179295624333,0.0004003736821032,-0.0008667244482965,0.0,-0.0005335823384245,-1.3340270273887178e-05,0.0037459703201314642,0.0007190643269128999,0.0019272052979153582,-6.669779230306094e-05,0.012699270467441126,1,-0.003945454545454555,-0.7184,0.5559,0.44503116377089,0.11981818181818182,0.10472727272727274,-0.36163836163836166,-1.0,1.0,0.004261022551410712,0.006326026965474354,0.02677087817369612,11,0.0,0.28921401108088546,0.0,0.0,0.3012521361442019,0.0,0.0,0.0,0.3005496283198682,0.0,0.45613589145594585,0.0,0.3033854930851786,0.0,0.0,0.0,0.20304369113618842,0.0,0.0,0.18357462849313017,0.41384905569620284,0.0,0.14383451338653444,0.0,0.0,0.24313646378689285,0.33040654562194866,0.0,0.0,0.0
2022-07-20,14984,14992.0,-8.0,-0.0005336179295624,14,"cnbc_9160810c,cnbc_5328b2ab,cnbc_d69e5f4a,cnbc_339dac48,cnbc_f0cce147,cnbc_081129f3,cnbc_323b7cd5,cnbc_61f1698b,cnbc_10eb2766,cnbc_33d80bd6,cnbc_aa2896a4,cnbc_9905e3cf,cnbc_64647d74,cnbc_71d4b855",True,1,0.002202349172450614,-0.0005336179295624,0.0004003736821032,-0.0008667244482965,0.0009342676009342,-0.0005336179295624133,0.002794090582074249,0.0007190707671587977,0.0017929114663902852,-6.673340006668749e-05,0.008344549125168133,2,-0.18112142857142857,-0.6814,0.6124,0.3433697204036924,0.04164285714285714,0.13371428571428573,-0.42906644316418757,-1.0,1.0,0.0046980987349351565,0.006680457034599041,0.023871290112457783,14,0.2052846913404483,0.0,0.17879586118098204,0.0,0.0,0.104992743774065,0.19347209247584504,0.0,0.0,0.24399384464577076,0.0,0.35027005861081817,0.2375914695917627,0.0,0.0,0.0,0.159010401182362,0.48828119279193655,0.0,0.24341279498689075,0.3240992320763925,0.0,0.11264168588287812,0.0,0.402277326864387,0.19040841127579405,0.0,0.0,0.0,0.0
2022-07-21,15017,14984.0,33.0,0.0022023491724506,15,"cnbc_966d1229,cnbc_f35a5ea5,cnbc_a4fe34dc,cnbc_e584906f,cnbc_7951835b,cnbc_7068335e,cnbc_5ad8bed9,cnbc_6616d06d,cnbc_be276673,cnbc_301db010,cnbc_c3ca0293,cnbc_68b18fb1,cnbc_e3daac4f,cnbc_a435c41a,cnbc_6996c649",True,1,0.00046613837650662585,0.0022023491724506,-0.0005336179295624,0.0004003736821032,0.0,0.001427085278348228,0.004390907844442182,0.0011997350295578396,0.0017636808109899162,0.0012000800053337812,0.01226828446242001,3,-0.018579999999999996,-0.7233,0.5187,0.37081949440202233,0.09000000000000001,0.10886666666666667,-0.5526185687950395,-1.0,0.3333333333333333,0.007181832832469839,0.00685250348255698,0.021934296732929515,15,0.0,0.0,0.0,0.25845203710670483,0.0,0.2802149929289631,0.0,0.23833670753322653,0.0,0.0,0.23596285182241378,0.2313749679159209,0.0,0.0,0.0,0.39099398496750104,0.17784170016644277,0.0,0.22698490026582313,0.33743410186746015,0.0,0.0,0.2643865889340188,0.2695722158127484,0.0,0.36056943503589317,0.0,0.0,0.0,0.25728820959785587
2022-07-22,15024,15017.0,7.0,0.0004661383765066,15,"cnbc_c5335de3,cnbc_01b19502,cnbc_d7f75bfa,cnbc_79826540,cnbc_c05bad98,cnbc_56238086,cnbc_c71ad562,cnbc_f3cc7732,cnbc_854d4888,cnbc_1fd27681,cnbc_4b910001,cnbc_0e55517a,cnbc_4e703225,cnbc_5a0d143e,cnbc_48372a81",True,0,-0.002129925452609159,0.0004661383765066,0.0022023491724506,-0.0005336179295624,-0.0008667244482965,0.0015599376024959533,0.004261292424926122,0.0011944762743661395,0.0017636861203180491,0.001666777785185758,0.011989761551933098,4,0.029953333333333342,-0.6486,0.7391,0.39283999990302615,0.10646666666666667,0.07933333333333333,-0.3036461927766275,-0.9,0.42857142857142855,0.009517412081992024,0.008580899678825226,0.020987522431778042,15,0.44628483467673136,0.39725870952907033,0.1852169869702156,0.23938406911039833,0.0,0.1841523861753495,0.20042028822426972,0.2207528000412831,0.2438235118721104,0.0,0.0,0.0,0.0,0.0,0.0,0.21389008342789412,0.16472096842393216,0.0,0.35596472646155175,0.1489265212538414,0.0,0.0,0.24488078401608288,0.24968382784972862,0.0,0.0,0.15831181126511285,0.0,0.0,0.0
2022-07-25,14992,15024.0,-32.0,-0.0021299254526091,13,"cnbc_8966e52c,cnbc_4e68a54f,cnbc_a6acedf1,cnbc_c7dd2c53,cnbc_7a0778af,cnbc_4f32f991,cnbc_a385af82,cnbc_d74bec6b,cnbc_94c74bef,cnbc_c3caaa83,cnbc_b3244c8e,cnbc_6e84a305,cnbc_3940d3b0",True,0,-0.0005336179295624333,-0.0021299254526091,0.0004661383765066,0.0022023491724506,0.0004003736821032,-0.0006532549427401557,0.0014863307670469617,0.0015824348300533455,0.0016830824172010181,0.00040037368210321667,0.012836103229293405,0,-0.0044923076923076895,-0.6908,0.7096,0.418119294104642,0.12138461538461537,0.0883076923076923,-0.5962879186959454,-1.0,-0.23076923076923078,0.005562818710746374,0.006333705744987874,0.023841379508658698,13,0.21187872840472732,0.0,0.18453903924198917,0.0,0.0,0.10836526044545364,0.0,0.21994478096195488,0.41131801783446126,0.0,0.0,0.0,0.0,0.0,0.2226428276703492,0.0,0.0,0.0,0.20946896802993606,0.3540817151141007,0.4146162274160551,0.0,0.27743033778990916,0.0,0.0,0.0,0.41159275912826454,0.0,0.23376858924516633,0.0
2022-07-26,14984,14992.0,-8.0,-0.0005336179295624,11,"cnbc_94d6be32,cnbc_0b3f44a4,cnbc_51f0014f,cnbc_8d7d5a1c,cnbc_9f283cc2,cnbc_722174f0,cnbc_0dd12948,cnbc_116573e5,cnbc_a764c898,cnbc_cb51f812,cnbc_e81248d9",True,1,0.002402562733582488,-0.0005336179295624,-0.0021299254526091,0.0004661383765066,-0.0005336179295624,-0.0010799856001920682,0.0004607033404331329,0.0015904249665678446,0.001651182593656742,-0.0005336179295624133,0.009907663274246747,1,0.03485454545454546,-0.8126,0.743,0.38316086794879345,0.11690909090909091,0.10600000000000001,-0.5871572871572872,-1.0,0.3333333333333333,0.005782742116603224,0.00432819509875834,0.022643444206655993,11,0.0,0.0,0.0,0.0,0.0,0.3512316823795631,0.0,0.0,0.0,0.0,0.0,0.32976950347525974,0.37873289788328623,0.0,0.3438587676223582,0.0,0.0,0.0,0.0,0.38801238691631695,0.3051303992765655,0.0,0.30401572002715344,0.0,0.0,0.0,0.4124647728883782,0.0,0.0,0.0
2022-07-27,15020,14984.0,36.0,0.0024025627335824,7,"cnbc_99607f06,cnbc_fe52ced3,cnbc_fbcf6e10,cnbc_55c6c529,cnbc_d3542b84,cnbc_59236766,cnbc_10312e5e",True,0,-0.004127829560585885,0.0024025627335824,-0.0005336179295624,-0.0021299254526091,0.0022023491724506,0.0008395858043366289,0.0022888487024295134,0.001904077676041834,0.0017051611170802831,0.002402562733582414,0.0115840517241379,2,-0.1037,-0.6908,0.4588,0.37779259301015067,0.048428571428571425,0.09485714285714285,-0.45634920634920634,-1.0,0.06666666666666667,0.005061231817459405,0.007697645177805072,0.026329611242277017,7,0.0,0.0,0.0,0.5047458755029826,0.0,0.388288818597923,0.0,0.0,0.5141065252397549,0.0,0.0,0.0,0.0,0.0,0.0,0.0,0.0,0.0,0.0,0.0,0.0,0.0,0.24603677702107452,0.0,0.0,0.0,0.3338034735411778,0.39774240486197643,0.0,0.0
2022-07-28,14958,15020.0,-62.0,-0.0041278295605858,8,"cnbc_cf105ea5,cnbc_76e23529,cnbc_5d5e3d24,cnbc_542473cf,cnbc_3d8688ca,cnbc_9433ed74,cnbc_ce299b34,cnbc_364adaa5",True,0,-0.006551678031822436,-0.0041278295605858,0.0024025627335824,-0.0005336179295624,0.0004661383765066,-0.00250740217130363,-0.002101471029720803,0.0024885954483984413,0.0019519415379281723,-0.003928880601984375,0.005106840478430241,3,-0.138325,-0.7579,0.128,0.3082134823694216,0.01525,0.0885,-0.6418160643704122,-1.0,-0.2727272727272727,0.006341828526185161,0.004943929193576605,0.025330271577592375,8,0.0,0.0,0.0,0.3460125031617048,0.35325317141491047,0.3299220923148692,0.0,0.0,0.3524293992748488,0.0,0.0,0.30976204604065016,0.0,0.0,0.0,0.0,0.40312538432911,0.0,0.3038846758575225,0.21526260539268327,0.0,0.0,0.35395761033090845,0.0,0.0,0.0,0.0,0.0,0.0,0.0
2022-07-29,14860,14958.0,-98.0,-0.0065516780318224,10,"cnbc_86642841,cnbc_7b81930d,cnbc_692f6dad,cnbc_0f6eac9f,cnbc_d851cbcc,cnbc_856a10fc,cnbc_905c925e,cnbc_99fdd7ca,cnbc_f73e06a7,cnbc_0a0673e3",True,1,0.0009421265141318977,-0.0065516780318224,-0.0041278295605858,0.0024025627335824,-0.0021299254526091,-0.0068703718555349624,-0.008321821591356526,0.003413877690429594,0.0021747721429113695,-0.01091586794462196,-0.00641882856378706,4,0.03663999999999999,-0.7579,0.5994,0.3740447245985432,0.0756,0.06659999999999999,-0.31112910481331535,-0.8888888888888888,0.42857142857142855,0.005135691037427081,0.0077348478217802415,0.020146980484555724,10,0.0,0.0,0.515937369983516,0.3938371714741398,0.0,0.466929234019364,0.0,0.36318481295077454,0.0,0.0,0.0,0.0,0.0,0.0,0.0,0.0,0.0,0.0,0.0,0.2450154686820323,0.0,0.0,0.0,0.41078244215918763,0.0,0.0,0.0,0.0,0.0,0.0
2022-08-01,14874,14860.0,14.0,0.0009421265141318,26,"cnbc_76dc73f5,cnbc_9cfe6d14,cnbc_7a330e39,cnbc_feefed40,cnbc_96f22dfc,cnbc_f4de46a1,cnbc_243c2f74,cnbc_9cdca360,cnbc_5c6122ca,cnbc_f0a0ef20,cnbc_582f05cb,cnbc_e45ffa17,cnbc_32a75abd,cnbc_a4bbaa01,cnbc_c206f8c1,cnbc_f3335ba8,cnbc_022741db,cnbc_ad8f182d,cnbc_6807a6ba,cnbc_2005fa46,cnbc_be23c301,cnbc_4a9518b9,cnbc_77cbf430,cnbc_c3c43dc4,cnbc_010b4e96,cnbc_eaef1719",True,1,0.0009412397472098965,0.0009421265141318,-0.0065516780318224,-0.0041278295605858,-0.0005336179295624,-0.004364356859805074,-0.007102614082400982,0.0036920746940467936,0.0021895410128589658,-0.007870864461045901,-0.005748663101604268,0,-0.11500384615384615,-0.8555,0.875,0.48796058732710723,0.07703846153846154,0.14857692307692308,-0.531295132125687,-1.0,0.4,0.007572485807030808,0.007546524536678776,0.023837328266783704,26,0.0,0.0,0.3257380692427671,0.0,0.0,0.19128034293168666,0.0,0.0,0.0,0.21181548922274257,0.0,0.0,0.0,0.0,0.18726506260842643,0.0,0.0,0.0,0.1761845185991251,0.29781841725221503,0.1661736407635076,0.0,0.25516726261730854,0.5460002894858174,0.34922425570490395,0.0,0.3461910029343122,0.15808106482684092,0.0,0.0
2022-08-02,14888,14874.0,14.0,0.0009412397472098,6,"cnbc_e3a7629e,cnbc_f82eb6b6,cnbc_e039ea1c,cnbc_18bf2cf0,cnbc_d40df15e,cnbc_aba2abcb",True,1,0.0019478774852229985,0.0009412397472098,0.0009421265141318,-0.0065516780318224,0.0024025627335824,-0.00214477211796249,-0.005829599407023545,0.003851419698521092,0.0021433749127911044,-0.006406833956219993,-0.006804536357571722,1,-0.009216666666666646,-0.6808,0.5106,0.44588183374821033,0.143,0.1065,-0.49862637362637363,-1.0,0.25,0.005938707267707596,0.006601260711071192,0.019615254669517468,6,0.0,0.0,0.0,0.0,0.0,0.2634454864753898,0.0,0.0,0.0,0.0,0.0,0.5190865551161007,0.0,0.0,0.0,0.0,0.0,0.0,0.0,0.0,0.0,0.5434932334496241,0.0,0.6047815549005416,0.0,0.0,0.0,0.0,0.0,0.0
2022-08-03,14917,14888.0,29.0,0.0019478774852229,12,"cnbc_ed88aef2,cnbc_1f706a6f,cnbc_795c166e,cnbc_902a3c2b,cnbc_cbb68fb8,cnbc_ded1a2d5,cnbc_93c64906,cnbc_35777b3b,cnbc_5a42d727,cnbc_120a1d91,cnbc_6abeb161,cnbc_f8856912",True,1,0.0008044512971777167,0.0019478774852229,0.0009412397472098,0.0009421265141318,-0.0041278295605858,0.0011812556210317737,-0.003567038956874824,0.003746714550818095,0.002158043351390948,-0.006857523302263635,-0.006526806526806483,2,-0.20309166666666667,-0.8885,0.6369,0.41012036028980864,0.05991666666666667,0.17225000000000001,-0.5470269496585286,-1.0,-0.1111111111111111,0.007508738224386594,0.007447964612347334,0.0228897184713419,12,0.0,0.0,0.38839352993927967,0.23919616089932666,0.0,0.2835884682267194,0.20026296523296688,0.0,0.0,0.0,0.0,0.0,0.0,0.0,0.22328534969789057,0.0,0.16459166816340287,0.2408352753965393,0.0,0.14880961908782034,0.0,0.22420483706929561,0.11659541040298592,0.5953514130754891,0.24593093301270377,0.0,0.0,0.18848783296157565,0.0,0.0
2022-08-04,14929,14917.0,12.0,0.0008044512971777,8,"cnbc_fd1fcb9b,cnbc_9738cfe3,cnbc_435e0e01,cnbc_35c9e416,cnbc_078d6880,cnbc_d4d11506,cnbc_7a9744b5,cnbc_88b6761c",True,0,-0.0016745930738830464,0.0008044512971777,0.0019478774852229,0.0009412397472098,-0.0065516780318224,0.0023768598592683876,-0.0025755718203713807,0.0034786919268551407,0.0021374791133841795,-0.001938761866559724,-0.0038035499799813355,3,0.19030000000000002,-0.5719,0.4939,0.3648500944615081,0.12575,0.0395,-0.6706867328577855,-1.0,-0.2,0.0052076388380216995,0.003706951152882377,0.025132997439645484,8,0.0,0.27746726721946297,0.3708587821789207,0.0,0.0,0.2699279718535179,0.23701439493246107,0.0,0.0,0.0,0.0,0.0,0.0,0.0,0.2642617520137299,0.0,0.0,0.48260174917758564,0.0,0.0,0.0,0.0,0.13799251707083232,0.4999403231897519,0.2910631589588895,0.0,0.0,0.0,0.0,0.0
2022-08-05,14904,14929.0,-25.0,-0.001674593073883,10,"cnbc_cc54c0a2,cnbc_45d308dd,cnbc_41befeb2,cnbc_7a5ec747,cnbc_4929db85,cnbc_722c71cb,cnbc_9ef836d9,cnbc_05a7a877,cnbc_0ec22ae2,cnbc_c412a363",True,1,0.0007380568974771874,-0.001674593073883,0.0008044512971777,0.0019478774852229,0.0009421265141318,0.00010736525660304252,-0.0039896549650153545,0.0013477333012546432,0.002163153543008717,0.002960969044414563,-0.00513984380214938,4,-0.024960000000000003,-0.5267,0.6597,0.38101189016150716,0.0829,0.07669999999999999,-0.4124748617395676,-1.0,1.0,0.00511920659547385,0.007944331801296393,0.023576932361114356,10,0.0,0.0,0.0,0.0,0.32181008088150875,0.24248644859272847,0.0,0.0,0.0,0.0,0.0,0.282190103746527,0.0,0.0,0.29424655793493015,0.0,0.21689972892255122,0.0,0.0,0.0,0.4420908007191051,0.0,0.1536500188145271,0.5566667069694522,0.0,0.0,0.0,0.0,0.30895045422500866,0.0
2022-08-08,14915,14904.0,11.0,0.0007380568974771,28,"cnbc_801aeae0,cnbc_df402159,cnbc_f99bce84,cnbc_58d0abdb,cnbc_7d4b5b05,cnbc_ab357a6f,cnbc_00924e14,cnbc_7b8aae79,cnbc_2c6e63d5,cnbc_6eb52a52,cnbc_c8237a66,cnbc_72942ac1,cnbc_8fc60d07,cnbc_89e89602,cnbc_f51e339f,cnbc_d1892840,cnbc_b505e212,cnbc_de682b94,cnbc_371f8ef9,cnbc_7987f1f4,cnbc_47c332f9,cnbc_e6571b75,cnbc_9705c7ca,cnbc_bdc9e14a,cnbc_c57b1683,cnbc_cbc1a9c1,cnbc_c9bab577,cnbc_a11d8baf",True,0,-0.003553469661414683,0.0007380568974771,-0.001674593073883,0.0008044512971777,0.0009412397472098,0.0002950920821429559,-0.003074660784706862,0.0013375392813282047,0.0021700865618608186,0.0027564878311145957,-0.0036074554078429077,0,-0.189675,-0.802,0.7178,0.36155144055399185,0.047678571428571424,0.1475,-0.65391586932736,-1.0,0.0,0.00834255323105837,0.004473436691119174,0.024254616079153576,28,0.25657709665788203,0.0,0.13198484663930957,0.2888239570873142,0.0,0.22832075539698832,0.2418130034326464,0.0,0.0,0.0,0.0,0.0,0.0,0.0,0.33417713979562585,0.0,0.11737946994682143,0.0,0.0,0.17968425110171232,0.23924595993987494,0.15989293521577544,0.17450101770888862,0.5241470761654373,0.0,0.0,0.36068635885528205,0.1344211537031751,0.0,0.16981592977292942
2022-08-09,14862,14915.0,-53.0,-0.0035534696614146,9,"cnbc_17aa05db,cnbc_f2001d7a,cnbc_e6b3e285,cnbc_d1e4ce61,cnbc_77e338b2,cnbc_a137f16b,cnbc_946151e9,cnbc_09459649,cnbc_9ad8c8a4",True,1,0.0008747140357959897,-0.0035534696614146,0.0007380568974771,-0.001674593073883,0.0019478774852229,-0.0029116964321654892,-0.006182106329554182,0.0022256235563762245,0.0022520492535752427,-0.001746372917786121,-0.00873741079170276,1,0.009011111111111102,-0.5994,0.3182,0.2653226829939557,0.0811111111111111,0.06466666666666668,-0.532538050185109,-1.0,0.0,0.008008853656602956,0.005088077199645973,0.02138832650376182,9,0.0,0.0,0.23789223952697794,0.0,0.0,0.33335434001549313,0.0,0.0,0.0,0.0,0.0,0.0,0.0,0.3081625516567916,0.28701244520767494,0.0,0.0,0.0,0.0,0.401424353318824,0.0,0.0,0.3145242727443571,0.5429809403865259,0.0,0.0,0.20333529845988788,0.2422834901770033,0.0,0.0
2022-08-10,14875,14862.0,13.0,0.0008747140357959,12,"cnbc_e56bde21,cnbc_81774311,cnbc_4c76b597,cnbc_b72ddcb9,cnbc_09954833,cnbc_0c833393,cnbc_97457aee,cnbc_cf0345ed,cnbc_e00cce0e,cnbc_5270165d,cnbc_cfa06e2e,cnbc_bea2337b",True,0,-0.0051092436974789915,0.0008747140357959,-0.0035534696614146,0.0007380568974771,0.0008044512971777,-0.0014768074108880702,-0.004946835730937682,0.001987978762890592,0.002270785430284915,-0.002815579540122015,-0.00734067400734062,2,0.0014416666666666699,-0.34,0.4767,0.25574148331445723,0.08991666666666666,0.08875,-0.5252314814814815,-1.0,0.3333333333333333,0.007252354982659239,0.005740013363607705,0.01822942516725105,12,0.27162895279268573,0.0,0.4005637723764417,0.3057675452212141,0.3121660462502627,0.235219592000075,0.0,0.0,0.0,0.0,0.0,0.0,0.0,0.0,0.0,0.27320383515891616,0.0,0.3078628464763214,0.0,0.19022526014929378,0.0,0.0,0.31278855137980227,0.0,0.3143766914925805,0.0,0.34237667597032206,0.0,0.0,0.0
2022-08-11,14799,14875.0,-76.0,-0.0051092436974789,11,"cnbc_07d98eed,cnbc_28171770,cnbc_e4a3c12d,cnbc_dd4eedb5,cnbc_b6718a01,cnbc_29d11e65,cnbc_42e36ec9,cnbc_035bc16e,cnbc_a7401451,cnbc_f8de6089,cnbc_eefa54e4",True,0,-0.0075005067909993915,-0.0051092436974789,0.0008747140357959,-0.0035534696614146,-0.001674593073883,-0.004841638087553002,-0.009368128282108201,0.002627837915941128,0.0024810434887013177,-0.008707883984191866,-0.013334222281485397,3,-0.13652727272727272,-0.7579,0.1779,0.2993901070206198,0.029545454545454545,0.08818181818181818,-0.5447304613545022,-1.0,0.4666666666666667,0.005610256164001909,0.007505538175056391,0.02922422297074975,11,0.0,0.0,0.2398157059460695,0.0,0.31643632314187525,0.14082489830066822,0.0,0.0,0.0,0.0,0.0,0.0,0.0,0.0,0.48988347293223294,0.27694112830143736,0.0,0.0,0.0,0.0,0.2567458611078685,0.0,0.25580793658632656,0.0,0.31867720891613827,0.0,0.0,0.0,0.0,0.5224282935489537
2022-08-12,14688,14799.0,-111.0,-0.0075005067909993,4,"cnbc_7ae99ae3,cnbc_ef6e3596,cnbc_16f1c315,cnbc_a2e851ec",True,1,0.0026552287581699347,-0.0075005067909993,-0.0051092436974789,0.0008747140357959,0.0007380568974771,-0.009428236151013625,-0.01577388530763768,0.0036727325679898727,0.002905343503406739,-0.01449275362318836,-0.0207347156477099,4,-0.0683,-0.2732,0.0,0.13659999999999997,0.0,0.03475,-0.42121212121212126,-1.0,0.3333333333333333,0.004722698138356599,0.005172953936565552,0.01222440599538641,4,0.0,0.0,0.0,0.0,0.0,0.1963907794791126,0.0,0.0,0.0,0.0,0.0,0.0,0.0,0.0,0.0,0.0,0.29743176062424587,0.0,0.0,0.0,0.0,0.40515805067233895,0.21069826063393388,0.7633497725298948,0.0,0.0,0.2858589358885448,0.0,0.0,0.0
2022-08-15,14727,14688.0,39.0,0.0026552287581699,23,"cnbc_e14634a6,cnbc_1196bbac,cnbc_17953bfc,cnbc_07d8ae63,cnbc_d8adc00c,cnbc_a9d267e7,cnbc_dbf86122,cnbc_d4741b8d,cnbc_0140ab8f,cnbc_95bc92e3,cnbc_5a27b1a3,cnbc_c21093e8,cnbc_4611f426,cnbc_dd9f0af3,cnbc_4b9325e4,cnbc_39efc3d1,cnbc_80ca4035,cnbc_14382bef,cnbc_845fb36f,cnbc_d5844cc5,cnbc_967e728e,cnbc_8f76cf69,cnbc_b163af9a",True,1,0.0027160996808582873,0.0026552287581699,-0.0075005067909993,-0.0051092436974789,-0.0035534696614146,-0.00427309975524337,-0.012303451606088367,0.004209647995050289,0.0030210269729426752,-0.012604760308414398,-0.01728279727745896,0,-0.16121304347826088,-0.6808,0.6124,0.3543982368419457,0.051869565217391306,0.13839130434782607,-0.6857231391273658,-1.0,0.2857142857142857,0.008189956895960974,0.005099327491902195,0.028814731564504932,23,0.0,0.0,0.0,0.2321704207650498,0.0,0.22137393964816224,0.1943807823962669,0.0,0.0,0.0,0.21196812842265536,0.3519151892733966,0.0,0.0,0.0,0.0,0.1597572331773418,0.0,0.0,0.14443873909852242,0.40359938794671957,0.21761942651682556,0.27005868831443425,0.24215980447456473,0.0,0.1913027118535968,0.4006562567575872,0.0,0.22755708363976054,0.2311249412035331
2022-08-16,14767,14727.0,40.0,0.0027160996808582,5,"cnbc_41a0f276,cnbc_d6d403bf,cnbc_4a34e16d,cnbc_8b8793c2,cnbc_4bfb855a",True,1,0.0037245208911762715,0.0027160996808582,0.0026552287581699,-0.0075005067909993,0.0008747140357959,-0.00028433708838826455,-0.008872959621993193,0.0047290374079836245,0.0031150700420350193,-0.006392141030816867,-0.015008004268943442,1,0.010159999999999992,-0.1779,0.3818,0.22379853216676823,0.066,0.05820000000000001,-0.7866396761133603,-1.0,-0.5,0.006299704184239714,0.003703489070095044,0.02514452291102854,5,0.0,0.0,0.0,0.0,0.0,0.21363372160167293,0.0,0.0,0.0,0.0,0.0,0.0,0.48343864580703483,0.0,0.0,0.0,0.0,0.0,0.0,0.0,0.8173837938028371,0.0,0.22919738733973452,0.0,0.0,0.0,0.0,0.0,0.0,0.0
2022-08-18,14822,14767.0,55.0,0.0037245208911762,18,"cnbc_3bb6a16f,cnbc_59878b91,cnbc_1f2f3599,cnbc_3bb9589e,cnbc_5e01809e,cnbc_1719403c,cnbc_adfd7608,cnbc_3b954ecf,cnbc_0fae5810,cnbc_513bfef9,cnbc_d4ff0d14,cnbc_148b0e9f,cnbc_e92715f4,cnbc_2702b2a3,cnbc_90d43b86,cnbc_40505591,cnbc_c808dc0b,cnbc_7689a2d9",True,1,0.0024288220213196598,0.0037245208911762,0.0027160996808582,0.0026552287581699,-0.0051092436974789,0.004159722504505137,-0.004640355648676042,0.005200768359468847,0.003272272345897426,-0.003563025210084003,-0.010811532301121196,3,-0.0721611111111111,-0.8176,0.3818,0.3074777622545178,0.04633333333333334,0.08266666666666667,-0.4164024591011175,-1.0,0.8,0.007227499004071132,0.007665144130855199,0.022141930008517965,18,0.19923661833927617,0.0,0.0,0.4706701983359793,0.0,0.26590031450912976,0.1877720408483086,0.0,0.0,0.0,0.0,0.20078020858365692,0.0,0.0,0.0,0.0,0.2612960489689684,0.22581375002045684,0.19697064047686283,0.1395279743385106,0.0,0.0,0.22942669620243378,0.23392662657833638,0.0,0.3128912648913066,0.14832097166918845,0.2992321943215692,0.21982038284741312,0.2232669370177729
2022-08-19,14858,14822.0,36.0,0.0024288220213196,12,"cnbc_85a77221,cnbc_77aea590,cnbc_ab7673db,cnbc_400c126e,cnbc_8afa6097,cnbc_3bcc0ac6,cnbc_bf113483,cnbc_3246b6cc,cnbc_ff07a1ee,cnbc_751c62b5,cnbc_8a51cc05,cnbc_21ee3d93",True,1,0.001615291425494683,0.0024288220213196,0.0037245208911762,0.0027160996808582,-0.0075005067909993,0.005794589910915082,-0.0016898304458397018,0.004669515273409425,0.0032826308380466615,0.003986755861882463,-0.01058800026636475,4,-0.20354166666666665,-0.8481,0.4767,0.40761774307517207,0.033,0.16958333333333334,-0.6910195068089805,-1.0,0.0,0.00979748293086561,0.005161514335477569,0.02910043348226306,12,0.0,0.3000538430502643,0.23686521827485985,0.0,0.0,0.23550375082105604,0.25630799903135204,0.0,0.3118143227835658,0.0,0.0,0.0,0.0,0.0,0.0,0.0,0.21065383245034205,0.0,0.0,0.3996913361224835,0.0,0.0,0.3131664179733998,0.5406367993318161,0.0,0.0,0.20245746539883755,0.0,0.0,0.0
2022-08-22,14882,14858.0,24.0,0.0016152914254946,16,"cnbc_850b54d2,cnbc_7f43b43a,cnbc_068c6b38,cnbc_f3e2e74f,cnbc_277b38d5,cnbc_0f065453,cnbc_daefd55d,cnbc_85988220,cnbc_a9a17eee,cnbc_bc703afd,cnbc_5843ce35,cnbc_07daf367,cnbc_0ecd7306,cnbc_f9360a5f,cnbc_0a145c1f,cnbc_39239277",True,1,0.0007391479639833355,0.0016152914254946,0.0024288220213196,0.0037245208911762,0.0026552287581699,0.004780166360591975,0.00039997176669892553,0.0007543393711744517,0.0033108640014372086,0.01320806100217875,-0.009451544195953177,0,-0.23405625,-0.9081,0.296,0.3890145515166067,0.056125,0.1650625,-0.7031822344322345,-1.0,0.14285714285714285,0.00838722781893477,0.003410083865379281,0.024644909349357563,16,0.0,0.0,0.0,0.0,0.0,0.24027049721106336,0.3572086695026141,0.23237629204182847,0.0,0.0,0.0,0.0,0.0,0.0,0.0,0.0,0.0,0.2537153454623777,0.37470765135187434,0.3289954208564102,0.43805077404396364,0.0,0.12283102955334906,0.0,0.0,0.20763237880638252,0.3976700916252996,0.19856831843491765,0.0,0.0
2022-08-23,14893,14882.0,11.0,0.0007391479639833,7,"cnbc_8e3cb107,cnbc_33aa39bf,cnbc_a0eb27eb,cnbc_a182cfa1,cnbc_26153ede,cnbc_5b4d5740,cnbc_f1039ce5",True,0,-0.00282011683341167,0.0007391479639833,0.0016152914254946,0.0024288220213196,0.0027160996808582,0.0032739618980894836,0.0014726550154327,0.0011301361096613866,0.0032972619411909417,0.011271813675561848,-0.006603521878335128,1,0.016471428571428564,-0.7096,0.6808,0.4689241257541413,0.10857142857142857,0.09471428571428572,-0.40773361976369493,-1.0,0.6666666666666666,0.011101532748450835,0.00818104147603831,0.02468624971184813,7,0.0,0.44219114667514114,0.0,0.0,0.0,0.20498116933011468,0.0,0.0,0.0,0.0,0.0,0.0,0.0,0.0,0.4211459186387816,0.4031085198700305,0.3104418152948825,0.0,0.0,0.0,0.37371279841576405,0.0,0.21991447844504575,0.0,0.0,0.37174129745186035,0.0,0.0,0.0,0.0
2022-08-24,14851,14893.0,-42.0,-0.0028201168334116,6,"cnbc_43e72829,cnbc_87e5250d,cnbc_d44f0b7f,cnbc_7655d44d,cnbc_658b62f2,cnbc_efc6ad9f",True,0,-0.0016160527910578412,-0.0028201168334116,0.0007391479639833,0.0016152914254946,0.0037245208911762,-0.0006863510349097712,-0.0009048434351759393,0.0024703182810939923,0.0033441442680204447,0.005688359179250924,-0.008876134543513103,2,-0.14181666666666667,-0.8271,0.2732,0.3695959546135031,0.06833333333333334,0.14083333333333334,-0.7593483858189741,-0.8823529411764706,-0.5555555555555556,0.005763575185085075,0.00498314406267208,0.045672714518072643,6,0.0,0.0,0.38085071074049637,0.0,0.0,0.4693413366985095,0.0,0.453920896614073,0.0,0.0,0.0,0.0,0.0,0.0,0.0,0.0,0.0,0.0,0.0,0.0,0.0,0.0,0.40624793141726695,0.5134100540803447,0.0,0.0,0.0,0.0,0.0,0.0
2022-08-25,14827,14851.0,-24.0,-0.0016160527910578,6,"cnbc_6aa3cc4f,cnbc_a288fc3f,cnbc_435b9f45,cnbc_e59d8568,cnbc_a9ca52af,cnbc_f475a7d6",True,0,-0.0008767788493963715,-0.0016160527910578,-0.0028201168334116,0.0007391479639833,0.0024288220213196,-0.00236842459393638,-0.0018714489592589478,0.002213327446918661,0.0032845351965683414,0.0003373363918499628,-0.012849533954726988,3,-0.23001666666666665,-0.7269,0.0018,0.29371766318467585,0.0305,0.13666666666666666,-0.342990342990343,-1.0,0.42857142857142855,0.0068756769764099605,0.007098266151506285,0.011207251497472636,6,0.0,0.0,0.0,0.0,0.0,0.32986788386593513,0.0,0.0,0.4367553826939225,0.0,0.0,0.0,0.0,0.0,0.0,0.0,0.0,0.0,0.0,0.5598438869300749,0.0,0.0,0.43864924968118224,0.0,0.0,0.0,0.2835802633764432,0.33789910790974814,0.0,0.0
2022-08-26,14814,14827.0,-13.0,-0.0008767788493963,4,"cnbc_c3a39706,cnbc_5a15f4a8,cnbc_a3dbffd0,cnbc_8b5f321e",True,1,0.004927771027406508,-0.0008767788493963,-0.0016160527910578,-0.0028201168334116,0.0016152914254946,-0.0026525913258916844,-0.0022629919987068314,0.001784543192933548,0.0031817433571000703,-0.002961367613406929,-0.009626955475330878,4,-0.126075,-0.7506,0.34,0.49798327532157144,0.1085,0.15525,-0.41666666666666663,-1.0,0.3333333333333333,0.005643768362472247,0.0036757947880238554,0.01256407883795387,4,0.0,0.0,0.3900301727912066,0.5040952850269883,0.5146439984218328,0.2290340376199783,0.0,0.0,0.0,0.0,0.0,0.0,0.0,0.0,0.0,0.0,0.0,0.0,0.0,0.0,0.0,0.0,0.0,0.5257845304170709,0.0,0.0,0.0,0.0,0.0,0.0
2022-08-29,14887,14814.0,73.0,0.0049277710274065,21,"cnbc_cae1682e,cnbc_1b821282,cnbc_ee228c1c,cnbc_7eea062e,cnbc_990042e5,cnbc_085c14a2,cnbc_a8918167,cnbc_94bf5b0a,cnbc_2166b7e9,cnbc_85003174,cnbc_5523ba65,cnbc_da1c129f,cnbc_f0e17cd9,cnbc_16d0960a,cnbc_7e7987c5,cnbc_7510ad28,cnbc_52f6985d,cnbc_e6b4c75f,cnbc_685ac789,cnbc_e789e7b2,cnbc_10b42848",True,0,-0.0008060724121716934,0.0049277710274065,-0.0008767788493963,-0.0016160527910578,0.0007391479639833,0.0021946359327875697,0.002562470747089707,0.0030057293089231336,0.003061710005245342,0.0003359763472652322,0.0018169582772544768,0,-0.07892857142857142,-0.7096,0.4767,0.3281133144857995,0.07133333333333333,0.10838095238095237,-0.6142730829705619,-1.0,0.42857142857142855,0.00681961573977741,0.005582579991943061,0.023441203932355822,21,0.0,0.0,0.0,0.0,0.0,0.1899237430104255,0.0,0.0,0.0,0.0,0.0,0.22102101397862553,0.0,0.0,0.23046404438376428,0.3734971323624942,0.0,0.0,0.0,0.3223340364667902,0.34626075028246506,0.0,0.2037600869629367,0.2575089475584482,0.25383769037183623,0.34443407106292057,0.45581984144923293,0.0,0.0,0.0
2022-08-30,14875,14887.0,-12.0,-0.0008060724121716,6,"cnbc_148eb3a0,cnbc_ff8ecfbe,cnbc_5f7a355b,cnbc_fc7878fa,cnbc_5ae31f31,cnbc_7221363a",True,0,-0.0014789915966386554,-0.0008060724121716,0.0049277710274065,-0.0008767788493963,-0.0028201168334116,0.0016295418428637909,0.0017509596605831401,0.0029992620557146767,0.00306121402549007,-0.0012086215000335354,6.72314105150118e-05,1,-0.11814999999999999,-0.7184,0.296,0.41183351369212295,0.13016666666666668,0.19899999999999998,-0.7556961556961558,-1.0,-0.5555555555555556,0.008732800788012677,0.0030517382396575664,0.02195265373150672,6,0.0,0.0,0.0,0.0,0.0,0.17833058136263835,0.5563903392376349,0.6128357881872057,0.0,0.0,0.0,0.3513782239728405,0.0,0.0,0.0,0.3506984418889937,0.0,0.0,0.0,0.0,0.0,0.0,0.19132233911695615,0.0,0.0,0.0,0.0,0.0,0.0,0.0
2022-08-31,14853,14875.0,-22.0,-0.0014789915966386,5,"cnbc_f163c268,cnbc_13566f6f,cnbc_18f4f5b5,cnbc_08d606a2,cnbc_55030f19",True,1,0.0020871204470477344,-0.0014789915966386,-0.0008060724121716,0.0049277710274065,-0.0016160527910578,0.0001212023270846796,0.0003872771051878221,0.002761157883188607,0.0030701967370693607,0.00013467106592157663,-0.002350886620096748,2,-0.23918,-0.8442,0.3612,0.5368210614348137,0.11680000000000001,0.186,-0.8242307692307692,-1.0,-0.6,0.015756322644331997,0.0028433070588759495,0.029928629985168886,5,0.0,0.0,0.0,0.0,0.0,0.0,0.0,0.0,0.0,0.0,0.0,0.0,0.0,0.0,0.0,0.0,0.0,0.0,0.0,0.0,0.5256183932235876,0.0,0.5236982439450341,0.0,0.0,0.5228455227913233,0.419640338016985,0.0,0.0,0.0
2022-09-01,14884,14853.0,31.0,0.0020871204470477,13,"cnbc_e6bc2aab,cnbc_05a8bb8f,cnbc_1e758dd1,cnbc_db976ea8,cnbc_eb5c453c,cnbc_ea2580b6,cnbc_9cf135bc,cnbc_9e8fadac,cnbc_0c820efe,cnbc_45295416,cnbc_9e70bd9f,cnbc_bdb2fd74,cnbc_5f2432d2",True,1,0.0010749798441279225,0.0020871204470477,-0.0014789915966386,-0.0008060724121716,-0.0008767788493963,0.0014398557452934835,0.0025866249932640084,0.0027053517497054903,0.0030752702076600165,0.003844338031968597,-0.0022122410672387183,3,-0.03629230769230769,-0.8934,0.6597,0.47824361550284267,0.08230769230769232,0.12492307692307691,-0.5346933767986399,-1.0,0.3333333333333333,0.006785517677262792,0.0059548381605734335,0.02121179114846372,13,0.0,0.0,0.2497631974664532,0.0,0.0,0.24832759426989623,0.0,0.29768287504239416,0.5566957741401499,0.0,0.0,0.28898765269907484,0.0,0.0,0.0,0.2884285724392436,0.0,0.32501901470232514,0.0,0.34002777009828633,0.0,0.0,0.15735122417426506,0.0,0.0,0.0,0.0,0.25437357401933186,0.0,0.0
2022-09-02,14900,14884.0,16.0,0.0010749798441279,10,"cnbc_ea07193a,cnbc_cbaabe24,cnbc_c2bbba5a,cnbc_64744f92,cnbc_9f03fdd7,cnbc_daaab2e1,cnbc_e2ee6929,cnbc_bffb7b5f,cnbc_590244f5,cnbc_f4f3c4e9",True,1,0.0013422818791946308,0.0010749798441279,0.0020871204470477,-0.0014789915966386,0.0049277710274065,0.0013575451282947792,0.003762424928338781,0.0025442381973877853,0.003080077811495791,0.0058053192925611175,-0.001942527965704377,4,-0.16153,-0.8074,0.2878,0.3160792026270209,0.0417,0.0982,-0.4359279609279609,-1.0,0.14285714285714285,0.008979717127116819,0.0074969382960300476,0.022857187439608444,10,0.0,0.0,0.0,0.5185477318835626,0.0,0.2356004593965124,0.2564132507794791,0.28242621332785467,0.3119423679584649,0.0,0.0,0.27417663323320635,0.0,0.0,0.0,0.0,0.3568144066032324,0.0,0.0,0.0,0.25369121367837183,0.0,0.25276444816331367,0.3194399256345348,0.0,0.0,0.0,0.0,0.0,0.0
2022-09-05,14920,14900.0,20.0,0.0013422818791946,14,"cnbc_1837ca12,cnbc_9b99a40b,cnbc_612425a3,cnbc_9b48c27e,cnbc_52de7828,cnbc_8db02f93,cnbc_7b69a37e,cnbc_95903960,cnbc_5e6edc19,cnbc_be119315,cnbc_15a85d8e,cnbc_68f2a863,cnbc_16dfbf74,cnbc_6826758e",True,0,-0.0023458445040214475,0.0013422818791946,0.0010749798441279,0.0020871204470477,-0.0008060724121716,0.002257093723129877,0.005055591295356265,0.0015137262240185398,0.0030723935438846726,0.002216699133472222,0.0010735373054213682,0,-0.08507142857142858,-0.7269,0.5859,0.3861034863838997,0.08271428571428571,0.10564285714285715,-0.5962933891505321,-1.0,0.14285714285714285,0.00899503749274883,0.004955745750442063,0.01964216666928826,14,0.1802812464181396,0.0,0.0,0.0,0.0,0.15611620481453203,0.16990740883267436,0.0,0.0,0.0,0.3137070421035715,0.30760755873699636,0.2086530953508116,0.0,0.0,0.0,0.0,0.4288090917265668,0.30177106741427223,0.2649566908176507,0.43865617384848415,0.0,0.23605714206209294,0.0,0.0,0.0,0.13420971438561916,0.15991713324394188,0.0,0.20202532057125158
2022-09-06,14885,14920.0,-35.0,-0.0023458445040214,11,"cnbc_75b77a67,cnbc_bc407dfd,cnbc_7081ec44,cnbc_9fdbcbb8,cnbc_fa3a3990,cnbc_499f4cc4,cnbc_1f16ec79,cnbc_40683d7b,cnbc_b5c3c353,cnbc_7bc3eab7,cnbc_190b9f6c",True,1,0.0028216325159556603,-0.0023458445040214,0.0013422818791946,0.0010749798441279,-0.0014789915966386,-0.00022836570753070884,0.002799214468334421,0.0019307653972442684,0.0031135846027200028,0.0006722689075631116,-0.002011397921555469,1,-0.15502727272727274,-0.7964,0.6908,0.5130249859235105,0.11799999999999998,0.1801818181818182,-0.4391193128347279,-1.0,0.14285714285714285,0.008208841964216384,0.007809588643513717,0.023594532894482,11,0.0,0.22209823555421404,0.0,0.0,0.0,0.17431860559437606,0.0,0.20896454878194606,0.0,0.0,0.20688324249632375,0.202860760603766,0.23298104561095623,0.0,0.0,0.48314896938240254,0.15592483010496405,0.38629780745611725,0.0,0.0,0.3178101389776655,0.0,0.2318040927576926,0.0,0.23298104561095623,0.3161335493666355,0.1498579234405195,0.0,0.0,0.0
2022-09-07,14927,14885.0,42.0,0.0028216325159556,11,"cnbc_df7ad28d,cnbc_66ad12bc,cnbc_7026a55b,cnbc_0c4390d5,cnbc_5a1c873b,cnbc_77e95e29,cnbc_fd4083f4,cnbc_978d0eba,cnbc_f9838893,cnbc_277d4037,cnbc_322365ea",True,0,-0.0014738393515106854,0.0028216325159556,-0.0023458445040214,0.0013422818791946,0.0020871204470477,0.0015969724622899584,0.005408609320589619,0.001988564278077437,0.0030669791400504375,0.004982158486501076,0.004373570178979991,2,-0.16446363636363637,-0.6249,0.5719,0.4259158514841336,0.06509090909090909,0.1349090909090909,-0.5918997380016238,-1.0,0.0,0.008781949453323097,0.008104179490906844,0.030602948694916487,11,0.23381539762115294,0.2579716050649803,0.0,0.0,0.0,0.11958475798936419,0.0,0.0,0.0,0.0,0.0,0.39895100065231265,0.0,0.0,0.0,0.39817918349326986,0.3066456362076877,0.0,0.0,0.27724258966563303,0.0,0.24670571380998696,0.2172252957933741,0.0,0.0,0.517519463686631,0.0,0.0,0.0,0.0
2022-09-08,14905,14927.0,-22.0,-0.0014738393515106,10,"cnbc_69cd6081,cnbc_d82918ff,cnbc_f9a3bea4,cnbc_58e0cb0d,cnbc_c90d31da,cnbc_596126d8,cnbc_d53daec4,cnbc_24537539,cnbc_76738e58,cnbc_35e8f83e",True,0,-0.0039584032203958406,-0.0014738393515106,0.0028216325159556,-0.0023458445040214,0.0010749798441279,-0.00016099386881684996,0.0038253795072802355,0.0021325612307759984,0.0030856049384747515,0.0014109110454179064,0.002016806722689113,3,-0.09874,-0.6486,0.2732,0.29078933650019256,0.028300000000000002,0.0799,-0.6923382173382173,-1.0,0.14285714285714285,0.004777955389788733,0.0023544114077498034,0.020540069734273005,10,0.0,0.3058428760989879,0.24143513333659294,0.0,0.0,0.3383189367169137,0.2612530297697058,0.0,0.0,0.0,0.0,0.27935169460425213,0.0,0.0,0.0,0.27881125622723163,0.21471804301168135,0.0,0.46400922832304153,0.19412957258643976,0.0,0.0,0.31920843604911797,0.0,0.0,0.25711601969492337,0.20636354087595904,0.0,0.0,0.0
2022-09-09,14846,14905.0,-59.0,-0.0039584032203958,10,"cnbc_d0906bc0,cnbc_a4b0725e,cnbc_cea69ab1,cnbc_5ef5e7a3,cnbc_3dacbf35,cnbc_3cb5c2d2,cnbc_6ce11346,cnbc_0eeed173,cnbc_ad0fb22d,cnbc_3a656000",True,0,-0.0004715074767614172,-0.0039584032203958,-0.0014738393515106,0.0028216325159556,0.0013422818791946,-0.0033967482512788916,-0.0003063859587691953,0.002761115118541994,0.002992572018478607,-0.0036241610738254604,0.003175890262855585,4,0.06466000000000001,-0.6597,0.743,0.465875749291351,0.1505,0.09640000000000001,-0.4108791208791208,-1.0,0.2,0.0063294817569820834,0.007210219706448656,0.021516299005379654,10,0.27786561555435835,0.0,0.0,0.0,0.0,0.14211421800147314,0.0,0.0,0.3185887772128385,0.0,0.0,0.2800183857478786,0.32159485209295674,0.0,0.0,0.0,0.21523048170605005,0.0,0.4651166167837493,0.19459287554561,0.25909649299769055,0.0,0.31997024792065965,0.3262460818224512,0.0,0.0,0.20685604100295593,0.0,0.0,0.0
2022-09-12,14839,14846.0,-7.0,-0.0004715074767614,27,"cnbc_c4a4e4f3,cnbc_511ec890,cnbc_9a67e455,cnbc_5d6823a0,cnbc_a252a494,cnbc_8f659793,cnbc_50e6e000,cnbc_fde176b1,cnbc_c17cc1db,cnbc_76f36976,cnbc_7042b30b,cnbc_20a8fe78,cnbc_28767d2c,cnbc_daaccfaf,cnbc_49c2a169,cnbc_6076cf59,cnbc_a709a021,cnbc_c33ef7e2,cnbc_628d9bdf,cnbc_e4e3d639,cnbc_ee705d1b,cnbc_a13c2a95,cnbc_d8095fca,cnbc_895b5134,cnbc_2b79782f,cnbc_19220ed8,cnbc_574aca85",True,1,0.0014825796886582653,-0.0004715074767614,-0.0039584032203958,-0.0014738393515106,-0.0023458445040214,-0.0027821832746430797,-0.0012854941075911563,0.0025315765793100155,0.0023991203206821035,-0.00542895442359248,0.010280501089324545,0,-0.11846666666666666,-0.743,0.4019,0.32859018080745644,0.07292592592592592,0.13903703703703704,-0.45104823160378715,-1.0,1.0,0.0060316311536288865,0.005680930322064717,0.022832804574482356,27,0.3077863064732321,0.0,0.15832718113462654,0.0,0.0,0.0,0.17132326681159527,0.18870390416043561,0.0,0.0,0.18682439577425278,0.18319192298417974,0.0,0.0,0.0,0.18283751688085867,0.1408067749667089,0.2060325337558373,0.30428576042584504,0.30378807690559195,0.28699611659696767,0.19180533493543794,0.168885308623975,0.0,0.21039182559164488,0.0,0.39866442138970953,0.0,0.33958468221401006,0.0
2022-09-13,14861,14839.0,22.0,0.0014825796886582,9,"cnbc_d3fe0565,cnbc_655cdcfe,cnbc_fc9325b9,cnbc_d40e8aa2,cnbc_ebc74c5c,cnbc_4e526f4a,cnbc_c3696b94,cnbc_b59fac9c,cnbc_4a9a4094",True,1,0.004171993809299509,0.0014825796886582,-0.0004715074767614,-0.0039584032203958,0.0028216325159556,-0.0009814730162145402,-0.0002556374791453653,0.0026320821660498405,0.0023580203443032506,-0.0016123614376889472,0.009098933930875353,1,0.05566666666666667,-0.6369,0.5859,0.3871546461041117,0.13044444444444445,0.08422222222222223,-0.269094304388422,-1.0,0.5714285714285714,0.012915812106664815,0.009840480056696372,0.015014673356429383,9,0.0,0.0,0.28193335717973955,0.0,0.0,0.16555728156241517,0.3050754989070515,0.3360252158322551,0.0,0.6514222428549713,0.0,0.0,0.0,0.0,0.0,0.0,0.25073475378975385,0.0,0.0,0.22669278232534493,0.0,0.0,0.3007342245183212,0.0,0.0,0.0,0.24097887111378172,0.0,0.0,0.0
2022-09-14,14923,14861.0,62.0,0.0041719938092995,6,"cnbc_7f8948fb,cnbc_afeaba1a,cnbc_840ab398,cnbc_7318e7ec,cnbc_24cb8f14,cnbc_e9846bab",True,0,-0.0016082557126583126,0.0041719938092995,0.0014825796886582,-0.0004715074767614,-0.0014738393515106,0.003240379702584395,0.003388782055592232,0.003068168626286426,0.00245207311284093,-0.0002679707911837914,0.010564095618609048,2,-0.1364,-0.6705,0.481,0.43420233992920854,0.08,0.167,-0.4493589743589744,-0.8461538461538461,0.14285714285714285,0.006095240459072018,0.005636908080674074,0.015016250062635352,6,0.0,0.0,0.0,0.0,0.0,0.4480621699139655,0.0,0.5371148354651144,0.0,0.0,0.0,0.0,0.0,0.0,0.0,0.0,0.0,0.0,0.0,0.36235392685705364,0.0,0.0,0.4807044409474394,0.0,0.0,0.0,0.385189326902959,0.0,0.0,0.0
2022-09-15,14899,14923.0,-24.0,-0.0016082557126583,9,"cnbc_473a12f2,cnbc_bb5bef78,cnbc_8cf97459,cnbc_4bd095d5,cnbc_f16f0d1c,cnbc_c29330bb,cnbc_8413cbc9,cnbc_e9bbc12a,cnbc_06ec483e",True,1,0.0026847439425464795,-0.0016082557126583,0.0041719938092995,0.0014825796886582,-0.0039584032203958,0.0017077237521514466,0.0015158186260835205,0.003084311429104941,0.002374968776050369,-0.0004025494800402596,0.005194980434489294,3,-0.1857111111111111,-0.836,0.5574,0.4084203271277167,0.04044444444444444,0.14444444444444446,-0.5338485101642996,-1.0,0.14285714285714285,0.007317212622327005,0.006706493951833019,0.023941798411979066,9,0.0,0.0,0.0,0.2864125227242071,0.0,0.2730936538388321,0.23979407054423876,0.0,0.0,0.30241197294463923,0.4427416620689586,0.0,0.0,0.0,0.0,0.0,0.19708140264804092,0.0,0.0,0.0,0.23724845968106104,0.0,0.2363817615887423,0.5058035616825481,0.0,0.23599686870283207,0.18941312765708157,0.0,0.0,0.0
2022-09-16,14939,14899.0,40.0,0.0026847439425464,7,"cnbc_1e20cb09,cnbc_ddb94383,cnbc_ae704c17,cnbc_8886bde2,cnbc_060dd157,cnbc_f3818b0a,cnbc_2136a378",True,1,0.0027444942767253498,0.0026847439425464,-0.0016082557126583,0.0041719938092995,-0.0004715074767614,0.003142584708773599,0.003931319512113118,0.0023336573639129708,0.002387913219792576,0.006264313619830153,0.005451608561044541,4,0.08982857142857144,-0.4215,0.7579,0.3645790573354688,0.13542857142857143,0.055142857142857146,-0.3010949834479247,-1.0,0.3333333333333333,0.006879024943753503,0.009340165632720858,0.017504359739041662,7,0.7136210155267692,0.0,0.0,0.0,0.0,0.36498108039986743,0.0,0.0,0.0,0.5009509744144969,0.0,0.0,0.0,0.0,0.0,0.0,0.3264689546983825,0.0,0.0,0.0,0.0,0.0,0.0,0.0,0.0,0.0,0.0,0.0,0.0,0.0
2022-09-19,14980,14939.0,41.0,0.0027444942767253,17,"cnbc_b375700f,cnbc_52524f61,cnbc_11115345,cnbc_6b34107e,cnbc_e0dca8ce,cnbc_f0f3c38b,cnbc_82fe8da1,cnbc_3af1d581,cnbc_ee99dc52,cnbc_1311bbd1,cnbc_9a090bc6,cnbc_716040a0,cnbc_44a2abf5,cnbc_4451e946,cnbc_e3649641,cnbc_929f3098,cnbc_37772a70",True,0,-0.0003337783711615487,0.0027444942767253,0.0026847439425464,-0.0016082557126583,0.0014825796886582,0.003994530977721844,0.006355220551681473,0.0021778962250425314,0.0024341827419544514,0.009501988004582573,0.0065851364063969076,0,-0.28195882352941176,-0.8271,0.5855,0.35585291564567717,0.029411764705882353,0.17729411764705882,-0.7073950271182106,-1.0,0.0,0.005153893637106225,0.0036661923821847287,0.021627070545083758,17,0.0,0.0,0.16115581251161878,0.2082861555567116,0.0,0.1986003500265884,0.0,0.0,0.0,0.0,0.0,0.0,0.36258853553780157,0.20875916968393604,0.1944314110471181,0.3151015363870265,0.14332239141935865,0.0,0.4365172665349882,0.3381303640364099,0.0,0.0,0.2422767111260254,0.0,0.0,0.2905824317564775,0.2890751025901963,0.16413058616482473,0.0,0.0
2022-09-20,14975,14980.0,-5.0,-0.0003337783711615,10,"cnbc_25ba8554,cnbc_9645819f,cnbc_b44dee54,cnbc_f06ed0b9,cnbc_60f94118,cnbc_b2b65f16,cnbc_62755724,cnbc_63dc7db7,cnbc_bc659667,cnbc_552dddd7",True,1,0.002404006677796327,-0.0003337783711615,0.0027444942767253,0.0026847439425464,0.0041719938092995,0.002128058247229392,0.005742301621948442,0.0024036879489561084,0.002436537107854524,0.007671085391292687,0.005505942389041785,1,-0.15136,-0.6124,0.1531,0.30026869892740327,0.063,0.1402,-0.343609022556391,-1.0,1.0,0.005867471021609095,0.006132865620697915,0.01897646086469175,10,0.0,0.31667782204861217,0.24998833769239961,0.0,0.0,0.14679848466556314,0.27050831304730016,0.0,0.0,0.0,0.0,0.0,0.0,0.0,0.0,0.0,0.0,0.0,0.28376000726480033,0.20100690598398785,0.0,0.0,0.1574930628859844,0.33699957057862223,0.0,0.0,0.36178200657402176,0.2546028701066275,0.5361821615474718,0.0
2022-09-21,15011,14975.0,36.0,0.0024040066777963,7,"cnbc_4eb0d6a8,cnbc_86066091,cnbc_313768d0,cnbc_83bbce38,cnbc_dbadb68d,cnbc_9041a5a1,cnbc_5e1ba0e3",True,1,0.001465591899273866,0.0024040066777963,-0.0003337783711615,0.0027444942767253,-0.0016082557126583,0.003355435538206608,0.0076187279744923675,0.0020171742889518404,0.0023659964342425295,0.005896937613080411,0.010773685273719025,2,-0.026499999999999992,-0.7506,0.6369,0.4913371415501444,0.06785714285714287,0.09657142857142857,-0.6854038818324533,-1.0,0.09090909090909091,0.006052473985085926,0.004836593269254882,0.028257388753255657,7,0.0,0.0,0.32860246248400954,0.0,0.0,0.19296237574642566,0.0,0.3916482763293779,0.0,0.0,0.0,0.0,0.436660789893901,0.0,0.0,0.0,0.0,0.0,0.0,0.26421778268674156,0.0,0.0,0.43445490588635743,0.0,0.0,0.0,0.2808686820414876,0.0,0.4162638669460247,0.0
2022-09-22,15033,15011.0,22.0,0.0014655918992738,22,"cnbc_78cd9828,cnbc_84e0d164,cnbc_7a2835c0,cnbc_886d6fbf,cnbc_d4c243d2,cnbc_efa9c3e0,cnbc_ac23c56a,cnbc_f9add9c6,cnbc_c8207dcf,cnbc_8a8c084b,cnbc_3f5c8662,cnbc_7c26ae40,cnbc_db16a902,cnbc_7759b5e7,cnbc_98d9f886,cnbc_629b1ee1,cnbc_fa0defd2,cnbc_de39328f,cnbc_992d4754,cnbc_551d2593,cnbc_4e735bf5,cnbc_5460846e",True,1,0.00013304064391671656,0.0014655918992738,0.0024040066777963,-0.0003337783711615,0.0026847439425464,0.003029170781179147,0.008398288144461308,0.0012946292984672893,0.0023181523659444687,0.008993892207530774,0.013893572536588739,3,-0.16188181818181818,-0.8555,0.4215,0.38372883485776604,0.053,0.12363636363636364,-0.45244755244755247,-1.0,0.6666666666666666,0.004744523824203748,0.0059891185564591555,0.016386353644514812,22,0.1622872845042011,0.0,0.337294613591422,0.0,0.0,0.14053416786174855,0.0,0.0,0.0,0.0,0.0,0.16354460894202683,0.0,0.0,0.1705319839749974,0.0,0.26380661071441236,0.0,0.41866224374470334,0.34998431791386225,0.151325187138641,0.0,0.212496159940155,0.1905438734960834,0.0,0.0,0.3720401901343644,0.37564352316643207,0.0,0.1818610716755076
2022-09-23,15035,15033.0,2.0,0.0001330406439167,16,"cnbc_8d2ad832,cnbc_1fe10544,cnbc_2107b07a,cnbc_222f4e48,cnbc_a0ef6a1e,cnbc_38d513ba,cnbc_31ab4529,cnbc_cb9ddbdf,cnbc_3f72fccb,cnbc_582091bf,cnbc_0fe58fcc,cnbc_fdc66090,cnbc_a3ed49db,cnbc_42090a9a,cnbc_e53d99ce,cnbc_6e0fb693",True,1,0.00558696375124709,0.0001330406439167,0.0014655918992738,0.0024040066777963,0.0027444942767253,0.0018791481195192805,0.0077854526320728645,0.001356681574211732,0.002293030323528724,0.006426132940625218,0.01491832050762798,4,-0.10950625,-0.7717,0.5859,0.3592320280241356,0.0508125,0.0989375,-0.35831914795730585,-1.0,1.0,0.006176481741016338,0.008278510115061725,0.020934411808184932,16,0.0,0.23726360413906403,0.0,0.0,0.0,0.18622147325309052,0.20267215710902642,0.0,0.24656304779744803,0.25559634044820684,0.0,0.0,0.0,0.0,0.22597150412444414,0.3662163831750633,0.0,0.0,0.359964251153846,0.25498766047661153,0.0,0.0,0.11799806972744928,0.0,0.0,0.33771986132547865,0.27105688120855614,0.3229769140583215,0.23726360413906403,0.0
2022-09-26,15119,15035.0,84.0,0.005586963751247,20,"cnbc_0827f6cd,cnbc_a8f39b79,cnbc_057c116e,cnbc_fc059188,cnbc_609864e6,cnbc_20cdffbf,cnbc_006107c6,cnbc_c09ea8ba,cnbc_f729932f,cnbc_1c327750,cnbc_8e625032,cnbc_22f7e0c6,cnbc_c6c77130,cnbc_9b96f679,cnbc_611d50bf,cnbc_b3644440,cnbc_a028ef02,cnbc_b3f57c33,cnbc_3af0eac8,cnbc_846a2fc8",True,1,0.002381109861763344,0.005586963751247,0.0001330406439167,0.0014655918992738,-0.0003337783711615,0.005613717691192344,0.01262855439722177,0.0023524679426444924,0.002360101348500684,0.009279038718291055,0.015584066635319305,0,-0.181565,-0.9128,0.3182,0.3788827874227901,0.0294,0.14545,-0.6859215611081609,-1.0,0.0,0.006104316906913773,0.00456188782352916,0.029813180477766054,20,0.0,0.0,0.20996554724554164,0.0,0.0,0.1232962483455816,0.0,0.0,0.0,0.2865295694050559,0.0,0.0,0.0,0.0,0.0,0.2424699221813503,0.0,0.0,0.5001631456101469,0.4028684737329879,0.22478838497201842,0.25436259160131,0.22396720508030252,0.2830464009289831,0.0,0.0,0.3766281287932801,0.0,0.0,0.0
2022-09-27,15155,15119.0,36.0,0.0023811098617633,11,"cnbc_6150d47c,cnbc_bee255e4,cnbc_11ff66ef,cnbc_09cc0142,cnbc_9b0633ff,cnbc_adca6bb3,cnbc_9e4e2050,cnbc_244047ec,cnbc_acdae86c,cnbc_c45c8c67,cnbc_df0d4bc7",True,1,0.00580666446717255,0.0023811098617633,0.005586963751247,0.0001330406439167,0.0024040066777963,0.005600307884224831,0.01408884234615515,0.002010544858724229,0.0023552420245668247,0.012020033388981721,0.018823529411764683,1,0.0222090909090909,-0.5859,0.5859,0.3653475836913266,0.11854545454545455,0.10072727272727273,-0.2558816677393752,-1.0,0.6,0.008003308192638526,0.009831773577312275,0.020065852259470288,11,0.0,0.33514428406057056,0.26456592986972827,0.0,0.0,0.1553587577625328,0.2862824883731621,0.0,0.0,0.0,0.0,0.3061151035571204,0.35156634872007897,0.0,0.0,0.0,0.39837924092939164,0.0,0.0,0.0,0.2832433648006474,0.0,0.16667696987421848,0.0,0.0,0.4770427455473669,0.0,0.0,0.0,0.0
2022-09-28,15243,15155.0,88.0,0.0058066644671725,11,"cnbc_22056cee,cnbc_44ba330b,cnbc_76217eef,cnbc_e8bafb33,cnbc_989d5c68,cnbc_7ac8344e,cnbc_8334cc4e,cnbc_fc1a1904,cnbc_68c0e195,cnbc_32eeac37,cnbc_81334ee4",True,1,0.000262415534999672,0.0058066644671725,0.0023811098617633,0.005586963751247,0.0014655918992738,0.00833498710061531,0.018648151056372075,0.0025248145936528363,0.002519822761979712,0.01545533275597899,0.026257321753181184,2,-0.13629090909090907,-0.8425,0.4019,0.39141435450056106,0.04872727272727273,0.13345454545454546,-0.6234634349607612,-1.0,-0.16666666666666666,0.007683139382716655,0.006247936450918201,0.02687390631548502,11,0.4767670648351551,0.0,0.0,0.0,0.0,0.24384225609465826,0.0,0.0,0.0,0.0,0.0,0.0,0.0,0.0,0.0,0.28321892310246843,0.0,0.0,0.27838374319382647,0.19719852503180219,0.4445626502910201,0.0,0.15450911774310386,0.0,0.0,0.44221738489663226,0.0,0.0,0.0,0.31554898490432043
2022-09-29,15247,15243.0,4.0,0.0002624155349996,10,"cnbc_61409ea5,cnbc_56023020,cnbc_ec7a5fa5,cnbc_c1d2b416,cnbc_92032a2c,cnbc_9c63dcda,cnbc_76705168,cnbc_5460dc22,cnbc_dc1bec31,cnbc_efbe1581",True,0,-0.000983800091821342,0.0002624155349996,0.0058066644671725,0.0023811098617633,0.0001330406439167,0.0057520547764482455,0.017681099445338022,0.0027626473274596553,0.0025228468296080147,0.014235348899088729,0.02438860521365216,3,-0.35531999999999997,-0.7579,0.0,0.28080387699127896,0.014299999999999998,0.1913,-0.48629096393802274,-1.0,1.0,0.009676268013985644,0.0032870864978521964,0.024173056866139082,10,0.0,0.0,0.0,0.0,0.0,0.2390908388325689,0.0,0.0,0.0,0.0,0.0,0.5839147602770042,0.0,0.0,0.0,0.0,0.0,0.0,0.0,0.0,0.2574496044624957,0.0,0.256509109079066,0.0,0.0,0.43360050548514,0.4313513031349451,0.0,0.0,0.3094003176555761
2022-09-30,15232,15247.0,-15.0,-0.0009838000918213,13,"cnbc_6e8a5ca6,cnbc_466b0af6,cnbc_ef171bc2,cnbc_0a565eb0,cnbc_bde7d037,cnbc_792e2544,cnbc_393d7e68,cnbc_b01814d5,cnbc_32696537,cnbc_c906d205,cnbc_9a1802c5,cnbc_06d177cf,cnbc_bdeb0355",True,1,0.004004726890756302,-0.0009838000918213,0.0002624155349996,0.0058066644671725,0.005586963751247,0.0021580083162271446,0.015554681405721693,0.0030643073139930833,0.002570142007677572,0.013102760226139099,0.02228187919463087,4,-0.0641153846153846,-0.7096,0.6249,0.36188035510408195,0.05323076923076923,0.07407692307692307,-0.47321780783319245,-0.9,0.16666666666666666,0.005105605783231824,0.006141695877290408,0.024343334451142014,13,0.0,0.3880011389799238,0.18090075857132218,0.23380555099368194,0.0,0.1798609668409995,0.0,0.0,0.0,0.0,0.0,0.0,0.4070131887009915,0.0,0.3695349790181129,0.20890566775719963,0.16088237168701983,0.0,0.0,0.24627840358408684,0.0,0.0,0.2973918320774752,0.0,0.0,0.3261848363580207,0.2617987704179425,0.18424000400129473,0.0,0.0
2022-10-03,15293,15232.0,61.0,0.0040047268907563,28,"cnbc_da33c9b3,cnbc_1fa27fb1,cnbc_7e59f8ef,cnbc_04450f60,cnbc_f917f997,cnbc_07562242,cnbc_e2ebc288,cnbc_809fa149,cnbc_c5c83efd,cnbc_d8f21de1,cnbc_cd193158,cnbc_222e17c1,cnbc_075eedbe,cnbc_32a5ac20,cnbc_c7b7087f,cnbc_621bdbeb,cnbc_a1512487,cnbc_156ab899,cnbc_720f87e1,cnbc_b8d43757,cnbc_bbce3a16,cnbc_b3b26c94,cnbc_83fe109a,cnbc_2176e2d5,cnbc_6f611701,cnbc_fd2b5838,cnbc_ef539934,cnbc_d60c4983",True,0,-0.0011116196952854246,0.0040047268907563,-0.0009838000918213,0.0002624155349996,0.0023811098617633,0.0038729158461336954,0.018355435546218102,0.002745191018522064,0.002650734084790176,0.011508697665189471,0.02499999999999991,0,-0.04039285714285714,-0.886,0.5719,0.3511753333619899,0.06910714285714285,0.08514285714285715,-0.5551906021886119,-1.0,1.0,0.005522281486910022,0.005321733129018744,0.02382299395169311,28,0.16196436427055508,0.3025610234544786,0.14106535563511022,0.0,0.0,0.08283658604715995,0.0,0.0,0.0,0.0,0.16645562462708285,0.0,0.0,0.0,0.2881612197013027,0.0,0.32736738398146237,0.0,0.3820989295076451,0.33414202076072913,0.15102407935353862,0.0,0.21207333377834944,0.1901647281284278,0.0,0.315268984358154,0.42018836240884155,0.0,0.0,0.0
2022-10-04,15276,15293.0,-17.0,-0.0011116196952854,10,"cnbc_250af0aa,cnbc_5a1a5caf,cnbc_7f123e1d,cnbc_167d5f36,cnbc_af9df7e0,cnbc_bedc31e6,cnbc_0855ca7e,cnbc_77c11fab,cnbc_51fd287b,cnbc_3650c449",True,0,-0.005236973029588898,-0.0011116196952854,0.0040047268907563,-0.0009838000918213,0.0058066644671725,0.00116658583581275,0.01590088382578858,0.003134353219662112,0.002576209417998274,0.007984163642362319,0.02626805508901575,1,-0.16835,-0.7964,0.7506,0.4347563129693078,0.05650000000000001,0.14930000000000002,-0.5831372549019608,-1.0,0.3333333333333333,0.005425560679308669,0.003378568488887029,0.02101814722454553,10,0.0,0.0,0.0,0.303002347649437,0.0,0.13766812178528404,0.0,0.0,0.0,0.3199285313643836,0.0,0.0,0.0,0.0,0.4789020863927194,0.2707331263038117,0.0,0.3050787001245534,0.26611110684773737,0.1885049649914969,0.2509905627583041,0.28401204990471624,0.14769753387523443,0.0,0.0,0.24966647608397452,0.0,0.2387674437414983,0.0,0.0
2022-10-05,15196,15276.0,-80.0,-0.0052369730295888,12,"cnbc_64df0933,cnbc_8fb0eafb,cnbc_fa05a438,cnbc_6170693e,cnbc_f9c9f58b,cnbc_08247675,cnbc_92699969,cnbc_08a418d9,cnbc_9b550179,cnbc_c82fb356,cnbc_5d896ce8,cnbc_a05d6142",True,1,6.580679126085812e-05,-0.0052369730295888,-0.0011116196952854,0.0040047268907563,0.0002624155349996,-0.0034625675462987004,0.009677515805280201,0.003311230695337426,0.002931470786073178,-0.003083382536246182,0.018021035707108002,2,-0.018199999999999997,-0.5574,0.6486,0.40188480031878876,0.08883333333333333,0.08741666666666666,-0.2852272727272727,-0.7777777777777778,0.6,0.0051557079327910664,0.007795260340393988,0.017603949470252445,12,0.0,0.0,0.0,0.0,0.0,0.17171414739637209,0.0,0.0,0.0,0.0,0.34505026131687194,0.3383413640112137,0.0,0.0,0.0,0.0,0.4403186063135598,0.0,0.0,0.3980981833038498,0.0,0.0,0.18422388402660475,0.0,0.38857748795853786,0.0,0.24994057043781057,0.0,0.3704265908214365,0.0
2022-10-06,15197,15196.0,1.0,6.580679126085812e-05,13,"cnbc_966d5548,cnbc_806b9a37,cnbc_ea76665c,cnbc_5a1c4e19,cnbc_584cd97a,cnbc_9e8d8cd0,cnbc_e9bfc2c0,cnbc_215ba2b7,cnbc_a69b06d8,cnbc_2a03fe04,cnbc_b7e81d8c,cnbc_654d1946,cnbc_5e96fa5a",True,1,0.0032243205895900505,6.580679126085812e-05,-0.0052369730295888,-0.0011116196952854,-0.0009838000918213,-0.002742998136336161,0.008765379241218785,0.0032993813996217607,0.0028857801316550273,-0.003279333639404469,0.019590741361959152,3,-0.16320769230769233,-0.6249,0.6808,0.34436483188022765,0.07784615384615384,0.15553846153846157,-0.6679290300342932,-1.0,-0.1111111111111111,0.00500095297906348,0.005449742031003453,0.028706636572184415,13,0.0,0.0,0.0,0.37919227001148326,0.0,0.0,0.0,0.0,0.0,0.40037454161859215,0.0,0.0,0.0,0.0,0.0,0.5736534266876406,0.0,0.38179072119343344,0.0,0.0,0.0,0.0,0.1848360700163445,0.0,0.0,0.31244509670130244,0.0,0.29880550332213274,0.0,0.0
2022-10-07,15246,15197.0,49.0,0.00322432058959,13,"cnbc_a33bb9bb,cnbc_7f547e66,cnbc_7866dd92,cnbc_1d51457b,cnbc_342e63e2,cnbc_64286abb,cnbc_689c27bd,cnbc_fbdb67c2,cnbc_8de6154c,cnbc_7184a81f,cnbc_5cfc6b40,cnbc_f7e336f2,cnbc_6713cc0b",True,1,0.00347632165813984,0.00322432058959,6.580679126085812e-05,-0.0052369730295888,0.0040047268907563,0.00028868360277134464,0.010676203766005088,0.00370543229409196,0.0026791155063434755,0.0009191176470588758,0.026943284386366617,4,-0.18332307692307692,-0.6808,0.4404,0.35256096908630846,0.0706923076923077,0.16838461538461538,-0.6089679551218012,-1.0,-0.07692307692307693,0.00950121355798751,0.005517696536464019,0.02579633141201674,13,0.0,0.3695076731170259,0.2916927000746269,0.0,0.0,0.0,0.0,0.0,0.0,0.0,0.0,0.3375020401688435,0.0,0.0,0.0,0.0,0.4392263073994196,0.37958224004098856,0.0,0.0,0.31228519068046773,0.0,0.4795282627000029,0.0,0.0,0.0,0.0,0.0,0.0,0.0
2022-10-10,15299,15246.0,53.0,0.0034763216581398,22,"cnbc_08abf02c,cnbc_e8b337ee,cnbc_f5ed72c9,cnbc_8c36619f,cnbc_9863833b,cnbc_0562a5f2,cnbc_a9901fa0,cnbc_e53b66b9,cnbc_e40d8930,cnbc_dd2ed891,cnbc_8ef80043,cnbc_330d3e80,cnbc_3d93ee94,cnbc_5551cde5,cnbc_ec4ada60,cnbc_af2d8ba0,cnbc_ec62815a,cnbc_cd1b608a,cnbc_b4ebc380,cnbc_6518df2a,cnbc_fd9efe97,cnbc_0a95b6c2",True,1,0.004117916203673443,0.0034763216581398,0.00322432058959,6.580679126085812e-05,-0.0011116196952854,0.003686986642874146,0.012645660066388897,0.003574634601914556,0.0026845455005402915,0.00039233636304181196,0.03099939349012737,0,-0.14215909090909093,-0.8834,0.891,0.49817268727017877,0.07513636363636364,0.17713636363636362,-0.6976561836855955,-1.0,0.625,0.005891046825336917,0.005040411950419072,0.027986233403803785,22,0.21921025884533726,0.0,0.32326336100747566,0.0,0.0,0.18982714146523597,0.0,0.0,0.0,0.0,0.22528894380625644,0.0,0.0,0.0,0.23034682269022977,0.0,0.28749120019801067,0.0,0.0,0.3221700866335766,0.34608463052521105,0.0,0.2524269177010605,0.0,0.0,0.34425888041559444,0.42583489124508245,0.1944488229846272,0.0,0.0
2022-10-11,15362,15299.0,63.0,0.0041179162036734,9,"cnbc_8709a344,cnbc_8e4e61cf,cnbc_ce848e7d,cnbc_2ec61ff7,cnbc_f34e1487,cnbc_b6d81c08,cnbc_05ea0c07,cnbc_fad8a4af,cnbc_7c80d003",True,1,0.0007160525973180575,0.0041179162036734,0.0034763216581398,0.00322432058959,-0.0052369730295888,0.006684141546526856,0.015132491905108125,0.003888762614268762,0.0027460148555865523,0.00562974600680799,0.03371240158804922,1,0.1099888888888889,-0.7906,0.7184,0.4919078685192087,0.14066666666666666,0.10977777777777778,-0.1628956228956229,-1.0,0.6666666666666666,0.005360142400608593,0.009437921874081176,0.016226803712468967,9,0.0,0.3376151319038145,0.0,0.0,0.0,0.32844150856098575,0.2883931031220847,0.0,0.3508478099993442,0.0,0.0,0.0,0.0,0.0,0.0,0.3077753526518597,0.23702386446972598,0.34682015385157317,0.30252093961612103,0.0,0.0,0.0,0.16790579414817722,0.35928046282623793,0.0,0.0,0.22780146120004943,0.0,0.0,0.0
2022-10-12,15373,15362.0,11.0,0.000716052597318,18,"cnbc_6375e866,cnbc_b58201e2,cnbc_0790e89d,cnbc_f837d433,cnbc_a7b09886,cnbc_5eebce8d,cnbc_e96fdfed,cnbc_2a249bea,cnbc_726332dd,cnbc_ec8250bb,cnbc_54814e34,cnbc_70ba7dbd,cnbc_9a6e0ced,cnbc_e1e70a49,cnbc_783ebcc3,cnbc_0453a2e9,cnbc_a6ccd801,cnbc_e46035fb",True,0,-0.0010407857932739218,0.000716052597318,0.0041179162036734,0.0034763216581398,6.580679126085812e-05,0.005073420767027992,0.014351225627659892,0.0018056447905975897,0.002687929624346309,0.01164780205317184,0.030154794612343272,2,-0.3019611111111111,-0.9118,0.5106,0.41985577094842086,0.083,0.21294444444444446,-0.4336369059408275,-1.0,1.0,0.005365446101064529,0.007638600445006083,0.02643524018023743,18,0.180494452349762,0.3371765540941758,0.0,0.0,0.0,0.09231378952057694,0.0,0.1873657307924011,0.0,0.0,0.0,0.1818928372357045,0.0,0.20364058789521386,0.0,0.0,0.13980825892043208,0.3463696182889133,0.17844163476671857,0.2140181951182205,0.4698601166321255,0.0,0.167687676687008,0.0,0.0,0.351338412809958,0.28198724839949707,0.1601062559733054,0.0,0.20226424168778195
2022-10-13,15357,15373.0,-16.0,-0.0010407857932739,15,"cnbc_6eb72c8f,cnbc_c0ca021a,cnbc_0d620e0c,cnbc_cd4f8b13,cnbc_22531bc2,cnbc_89430b90,cnbc_c89e59f1,cnbc_f527c16d,cnbc_8585adf9,cnbc_80d92669,cnbc_5870efc1,cnbc_904b9af0,cnbc_335cf75a,cnbc_793149bb,cnbc_eca7d4a2",True,1,0.0021488571986716157,-0.0010407857932739,0.000716052597318,0.0041179162036734,0.00322432058959,0.0019311820661038759,0.01176672113002697,0.002180033376293564,0.00265631272986745,0.010528393761926713,0.030740318142157275,3,-0.12867333333333333,-0.7717,0.5423,0.39224617537362694,0.0636,0.13286666666666666,-0.44194061892002395,-1.0,1.0,0.00695282621720116,0.004693568142285555,0.021126550786147818,15,0.0,0.28243711954048467,0.37750141573297297,0.2881630570867691,0.0,0.13092593884103787,0.0,0.0,0.0,0.0,0.0,0.2579732736270826,0.0,0.0,0.0,0.0,0.19828595112335154,0.0,0.42849920704167943,0.17927308949708418,0.23869850654767977,0.0,0.294779830613273,0.0,0.0,0.23743926592831632,0.3226644265055542,0.22707400472337938,0.0,0.0
2022-10-14,15390,15357.0,33.0,0.0021488571986716,12,"cnbc_992cdaf0,cnbc_96c2080c,cnbc_275c4f4e,cnbc_d7087bb4,cnbc_76427519,cnbc_b4830733,cnbc_64aae114,cnbc_9019a2d4,cnbc_66c547bd,cnbc_ba522d6f,cnbc_ed1dc71b,cnbc_fa0824f1",True,1,0.005847953216374269,0.0021488571986716,-0.0010407857932739,0.000716052597318,0.0034763216581398,0.002201065367734234,0.012436722704830983,0.0020925159341672094,0.002646613193776734,0.009445100354191327,0.030189437043978806,4,-0.2894,-0.765,0.4404,0.38882941574095775,0.04791666666666666,0.20575,-0.5465710215710216,-1.0,0.0,0.005704416267221243,0.004955909676386768,0.022367911704724745,12,0.0,0.0,0.6184544227090492,0.0,0.0,0.2576797083427978,0.0,0.0,0.0,0.0,0.0,0.0,0.0,0.0,0.0,0.0,0.0,0.3372593575860668,0.0,0.20838905950779488,0.27746583396832264,0.31397053107431117,0.0,0.0,0.0,0.46731214100989943,0.0,0.0,0.0,0.0
2022-10-17,15480,15390.0,90.0,0.0058479532163742,23,"cnbc_ddbe9357,cnbc_8f245c10,cnbc_a4eb43b4,cnbc_6a6d5bc0,cnbc_53d70287,cnbc_dc338b26,cnbc_529eaa4e,cnbc_72b7606c,cnbc_8c2a1e8c,cnbc_0be0782a,cnbc_9f255edf,cnbc_40a3fb00,cnbc_47ae94bd,cnbc_1b8a6360,cnbc_eecf8fbe,cnbc_4ea4c5de,cnbc_5a54b10f,cnbc_1194795f,cnbc_b37015f2,cnbc_717f22ef,cnbc_e4e51c6f,cnbc_694bf68f,cnbc_e1c09b15",True,0,-0.000710594315245478,0.0058479532163742,0.0021488571986716,-0.0010407857932739,0.0041179162036734,0.005691120293131791,0.01668532997941008,0.002718848807377226,0.002809882655835324,0.011830838616903039,0.03337783711615483,0,-0.1834826086956522,-0.8316,0.4497,0.3774628550685772,0.057086956521739125,0.14078260869565218,-0.5688608125753684,-1.0,1.0,0.007757065090038851,0.005202183991923562,0.024207459027339163,23,0.0,0.20268943123434344,0.16000487073677447,0.35014049791436835,0.0,0.24517828062513905,0.0,0.1907034760319609,0.0,0.0,0.0,0.1851330879956803,0.0,0.0,0.0,0.0,0.14229881228197422,0.20821572578331646,0.0,0.26999557400899493,0.35949366673618266,0.19383777064073904,0.2630400338037741,0.21569635298399095,0.0,0.3575971780060879,0.3263545868665556,0.16295839916639945,0.0,0.0
2022-10-18,15469,15480.0,-11.0,-0.0007105943152454,4,"cnbc_501692ae,cnbc_fd922b1b,cnbc_e397acb0,cnbc_d7e3bdb1",True,1,0.0014221992371840455,-0.0007105943152454,0.0058479532163742,0.0021488571986716,0.000716052597318,0.0035812064513618402,0.014317422536088698,0.0027939490827297623,0.0028250835335125886,0.006965238901184723,0.03298831385642731,1,0.0987,-0.296,0.6908,0.4186700689882985,0.09075,0.03025,-0.4583333333333333,-1.0,0.16666666666666666,0.0011792452830188679,0.006924711470283863,0.016681987932725895,4,0.0,0.0,0.0,0.0,0.0,0.23128272822775423,0.0,0.0,0.0,0.0,0.0,0.0,0.0,0.0,0.8045564917898925,0.0,0.3502752483655998,0.0,0.0,0.0,0.0,0.0,0.4201242691450764,0.0,0.0,0.0,0.0,0.0,0.0,0.0
2022-10-19,15491,15469.0,22.0,0.001422199237184,10,"cnbc_ac823b22,cnbc_464a9339,cnbc_1450fa59,cnbc_343c2646,cnbc_2afc5b1c,cnbc_75ae2ae5,cnbc_88663f02,cnbc_c76a9c01,cnbc_50eb405c,cnbc_c23a759c",True,1,0.005680717836162933,0.001422199237184,-0.0007105943152454,0.0058479532163742,-0.0010407857932739,0.003472087268581614,0.014163990664270543,0.0027689558291824666,0.00281941216290306,0.007675795225395188,0.03197655052961168,2,-0.24782,-0.8934,0.1027,0.3598431071700246,0.0184,0.16,-0.4841854636591479,-0.8571428571428571,0.2,0.008675538636601698,0.00518039209384447,0.024890746962571247,10,0.2741192421713175,0.0,0.0,0.0,0.0,0.14019813737159675,0.0,0.0,0.0,0.0,0.2817205493531177,0.0,0.0,0.0,0.288045353374481,0.2757085630309003,0.0,0.0,0.0,0.0,0.25560317770184426,0.6069848262310134,0.2546694275447195,0.32184741005868306,0.0,0.254254757435393,0.0,0.0,0.0,0.0
2022-10-20,15579,15491.0,88.0,0.0056807178361629,9,"cnbc_8a34b26a,cnbc_6f5f60a0,cnbc_0e57f325,cnbc_7d8c8089,cnbc_603818f8,cnbc_94cb6fb2,cnbc_889b3ce8,cnbc_5cc244cf,cnbc_d1fdfafb",True,1,0.0019898581423711406,0.0056807178361629,0.001422199237184,-0.0007105943152454,0.0021488571986716,0.0062783397279386755,0.01810553556899608,0.0028374664522895937,0.002964323769670615,0.014455948427427145,0.03632009578926354,3,-0.20856666666666668,-0.5106,0.0516,0.22807973934569464,0.042222222222222223,0.135,-0.4774928774928775,-1.0,0.2,0.005062986969451915,0.007696412663981917,0.02066548613128043,9,0.0,0.0,0.0,0.0,0.0,0.31670051366080265,0.0,0.0,0.0,0.0,0.3758636603533729,0.0,0.0,0.0,0.0,0.36784263671753337,0.0,0.0,0.36156274091426105,0.25611998170850475,0.0,0.38588458945827797,0.0,0.0,0.0,0.3392195706396317,0.0,0.0,0.4035061262872265,0.0
2022-10-21,15610,15579.0,31.0,0.0019898581423711,5,"cnbc_bb9c1308,cnbc_8df07170,cnbc_de5be0d7,cnbc_dd08a649,cnbc_dfe65e4e",True,0,-0.0012812299807815502,0.0019898581423711,0.0056807178361629,0.001422199237184,0.0058479532163742,0.005423231009030083,0.018218346194237567,0.0028485478289901308,0.0029386780939179603,0.014294996751137212,0.03824409710675081,4,0.20929999999999999,-0.1779,0.8225,0.40331309797724146,0.1812,0.053200000000000004,-0.25106837606837606,-0.8888888888888888,0.23076923076923078,0.004778313227937463,0.011777402935396874,0.023325789638465034,5,0.6275962690086769,0.0,0.0,0.0,0.0,0.3209837705643077,0.0,0.0,0.0,0.0,0.0,0.0,0.0,0.0,0.0,0.0,0.0,0.0,0.0,0.4395137643225359,0.0,0.0,0.0,0.0,0.0,0.0,0.0,0.5567045833579447,0.0,0.0
2022-10-24,15590,15610.0,-20.0,-0.0012812299807815,24,"cnbc_569af5ef,cnbc_1f51f920,cnbc_e75693fd,cnbc_51d07c37,cnbc_ec487431,cnbc_97fa4922,cnbc_84b1c0ea,cnbc_0fb79834,cnbc_c510fe0a,cnbc_cde3fec2,cnbc_e429248e,cnbc_586cc089,cnbc_b7da15de,cnbc_d077a5ed,cnbc_7e85f701,cnbc_a0951fa0,cnbc_cbd5d104,cnbc_4b1dc6f8,cnbc_1a93aa41,cnbc_622ec393,cnbc_82180955,cnbc_57d65832,cnbc_bb64f734,cnbc_51889f10",True,1,0.001667735728030789,-0.0012812299807815,0.0019898581423711,0.0056807178361629,-0.0007105943152454,0.002714210370599046,0.015354055066186811,0.0027529318454534357,0.0028837747917151743,0.007105943152454719,0.031152854024736998,0,-0.17322916666666666,-0.8834,0.4019,0.3378002451657754,0.042583333333333334,0.13975,-0.5029761904761905,-1.0,0.6,0.006940374249247864,0.006195892682357707,0.024703801321963884,24,0.0,0.0,0.0,0.0,0.24475384384573848,0.3040889476771276,0.2007158557121718,0.0,0.0,0.25312918617806807,0.2188763917686437,0.0,0.0,0.0,0.0,0.0,0.0,0.0,0.0,0.3559066141221521,0.3362337889119207,0.0,0.0,0.0,0.0,0.33446000636621465,0.4426202860898378,0.18891409422708202,0.23497340736600492,0.2386575451451803
2022-10-25,15616,15590.0,26.0,0.0016677357280307,11,"cnbc_68c7a521,cnbc_53954b3f,cnbc_679518aa,cnbc_2a14a7e4,cnbc_c32e334a,cnbc_c4384c86,cnbc_6c2f6513,cnbc_91c6e36f,cnbc_dd3b2db7,cnbc_d7b23139,cnbc_acf88722",True,0,-0.0012807377049180327,0.0016677357280307,-0.0012812299807815,0.0019898581423711,0.001422199237184,0.0024908199162878564,0.015522881129977462,0.00248517003635242,0.002877214998229945,0.009502876721184217,0.030419003629165386,1,-0.17016363636363638,-0.7269,0.4019,0.3861941772547258,0.04781818181818182,0.15145454545454545,-0.46369870065522234,-1.0,0.2857142857142857,0.006113947048403238,0.007786301511141428,0.027619577379482153,11,0.0,0.0,0.0,0.0,0.0,0.31992594240584443,0.34818799212488005,0.0,0.0,0.0,0.0,0.0,0.0,0.0,0.0,0.3715889211816989,0.4845244597099929,0.0,0.0,0.25872842948660646,0.0,0.0,0.0,0.0,0.0,0.5801980996943473,0.0,0.0,0.0,0.0
2022-10-26,15596,15616.0,-20.0,-0.001280737704918,11,"cnbc_79af8b45,cnbc_e0efccd5,cnbc_81406883,cnbc_8ce4cee6,cnbc_dd5f9ff4,cnbc_ac6beaa9,cnbc_ff63ab53,cnbc_d6640ac7,cnbc_1fd656f3,cnbc_e456f4e3,cnbc_d49111c5",True,0,-0.0014747371120800204,-0.001280737704918,0.0016677357280307,-0.0012812299807815,0.0056807178361629,-0.00014104191509278774,0.013059477296126332,0.0028770429564936454,0.0027530815125480106,0.006778129236330699,0.02315817096372097,2,0.012654545454545463,-0.6249,0.6124,0.4005642204781559,0.11245454545454546,0.08772727272727272,-0.3165403075830884,-0.875,0.5,0.008476610437437731,0.011232616814526857,0.026641686177581406,11,0.35608644071486434,0.0,0.0,0.0,0.0,0.30835633109271654,0.3355963288715355,0.0,0.0,0.0,0.0,0.0,0.0,0.0,0.0,0.358151000661696,0.27581914376541494,0.0,0.0,0.0,0.3320336984091599,0.0,0.19538805714273313,0.0,0.0,0.5592161610381704,0.0,0.0,0.0,0.0
2022-10-27,15573,15596.0,-23.0,-0.00147473711208,9,"cnbc_f7ccfe7b,cnbc_924f95fe,cnbc_1f00c370,cnbc_76bc52b8,cnbc_e348c8e6,cnbc_7a2aa17e,cnbc_5ebfe183,cnbc_1cbd0ab5,cnbc_255f7edf",True,0,-0.0019906247993321776,-0.00147473711208,-0.001280737704918,0.0016677357280307,0.0019898581423711,-0.0015387574533564097,0.010495579527942223,0.0017441919152187068,0.0028093511960729668,-0.0003851338340072896,0.021381255328917215,3,0.057133333333333335,-0.34,0.4019,0.23538695800744783,0.066,0.06322222222222224,-0.6543859649122807,-1.0,0.2,0.005955878487281364,0.003073223255499,0.026420272407825407,9,0.0,0.6022985289141766,0.0,0.0,0.0,0.0,0.30386456449282573,0.0,0.0,0.0,0.5610376521073915,0.0,0.0,0.0,0.0,0.0,0.0,0.0,0.0,0.2257929719749307,0.0,0.0,0.29954052189943053,0.0,0.0,0.2990527896177771,0.0,0.0,0.0,0.0
2022-10-28,15542,15573.0,-31.0,-0.0019906247993321,5,"cnbc_e9cbead6,cnbc_ba315cdb,cnbc_23e656d9,cnbc_fef916c8,cnbc_b38ecbaa",True,1,0.0034744563119289665,-0.0019906247993321,-0.00147473711208,-0.001280737704918,-0.0012812299807815,-0.002656673126532061,0.007470789375597642,0.001449086496020724,0.002856565514726143,-0.004356181934657255,0.020351890756302504,4,0.17930000000000001,-0.1531,0.7096,0.3470696327828178,0.13820000000000002,0.0804,-0.2434199134199134,-0.7333333333333333,0.0,0.006616349757817006,0.009992924547855659,0.01845289297851541,5,0.0,0.0,0.0,0.0,0.41067557164104224,0.18276456077069506,0.3367836741063395,0.0,0.40971789278095794,0.0,0.0,0.0,0.0,0.40317143078021783,0.0,0.3594181446897784,0.2767949963533107,0.0,0.0,0.0,0.0,0.0,0.1960793432463867,0.0,0.0,0.3314506165183439,0.0,0.0,0.0,0.0
2022-10-31,15596,15542.0,54.0,0.0034744563119289,18,"cnbc_f5912760,cnbc_2fdce45e,cnbc_8fc2cd11,cnbc_92c6de00,cnbc_1d413a4c,cnbc_6ed8dcc2,cnbc_c0bd36df,cnbc_b3931cf2,cnbc_269e534f,cnbc_859692ce,cnbc_769bad8e,cnbc_a69e0a49,cnbc_b39e9f57,cnbc_a4d85947,cnbc_a5148786,cnbc_1f856038,cnbc_d066bb0b,cnbc_d48b7c6e",True,1,0.003270069248525263,0.0034744563119289,-0.0019906247993321,-0.00147473711208,0.0016677357280307,0.000731491344019064,0.009979341920359541,0.00237694851599177,0.0028296580163721242,0.00038486209108401503,0.019812986333616722,0,-0.14763333333333334,-0.9231,0.4404,0.34802452922341043,0.022833333333333334,0.11272222222222222,-0.7250561167227834,-1.0,0.1111111111111111,0.006989057869659245,0.002742286143272031,0.02473202579570266,18,0.19786285330494977,0.0,0.0,0.0,0.0,0.21237295035287795,0.0,0.34776452860439916,0.38410914223065973,0.0,0.34430076164718143,0.33760643704839605,0.0,0.0,0.0,0.0,0.2594943752672499,0.0,0.0,0.29079611933580923,0.18449771586006114,0.0,0.2278447662549619,0.0,0.0,0.1835244084801745,0.3091219748727623,0.0,0.2183046898071218,0.0
2022-11-01,15647,15596.0,51.0,0.0032700692485252,13,"cnbc_aa0d83b6,cnbc_4ce9c7a9,cnbc_0bbb1761,cnbc_de99d98b,cnbc_e8887a13,cnbc_3093c1b7,cnbc_4d50e7cd,cnbc_fd0e0022,cnbc_61589fcf,cnbc_63450f48,cnbc_5772fe50,cnbc_68516633,cnbc_175daa51",True,1,0.0003195500734965169,0.0032700692485252,0.0034744563119289,-0.0019906247993321,-0.001280737704918,0.003604689945352346,0.012066272327131422,0.002726911440305852,0.0028283894313409384,0.0019851434426230163,0.024286462424718547,1,-0.05588461538461539,-0.6888,0.5859,0.3866710377184415,0.04923076923076923,0.08961538461538462,-0.4846136769213692,-1.0,1.0,0.007509887292014872,0.005002300322306516,0.021928065053804888,13,0.0,0.0,0.3597443305937998,0.0,0.0,0.2112495450214867,0.22991119246284109,0.4287650370337189,0.27970099664893266,0.0,0.0,0.0,0.0,0.0,0.0,0.0,0.18895888539788186,0.2764900903625493,0.24117410998791414,0.35852767784178996,0.0,0.25739757416741355,0.22663951848345848,0.0,0.0,0.0,0.30748678887546266,0.0,0.0,0.0
2022-11-02,15652,15647.0,5.0,0.0003195500734965,8,"cnbc_7296994c,cnbc_c52ee8a0,cnbc_123c76e6,cnbc_6bc90fa7,cnbc_cb514c86,cnbc_45199c28,cnbc_4012ace5,cnbc_0876dd40",True,1,0.0018527983644262714,0.0003195500734965,0.0032700692485252,0.0034744563119289,-0.00147473711208,0.003204717343930241,0.010898874590283159,0.0025697568150132876,0.0024033382711849027,0.0035906642728904536,0.030007896814951307,2,0.237825,-0.5267,0.7783,0.41827225156418324,0.24475,0.13424999999999998,-0.28146431419457735,-0.8181818181818182,0.3333333333333333,0.0053921380794909645,0.011755257866802713,0.021066907502705737,8,0.0,0.0,0.3636067251870233,0.0,0.0,0.21351762551955913,0.0,0.0,0.4786594908256117,0.0,0.0,0.0,0.0,0.0,0.0,0.0,0.3233701880049071,0.4731645845273044,0.0,0.0,0.0,0.0,0.22907283341397147,0.0,0.0,0.0,0.0,0.0,0.4606062301839754,0.0
2022-11-03,15681,15652.0,29.0,0.0018527983644262,9,"cnbc_6d339b92,cnbc_a8af8dbd,cnbc_7b89063d,cnbc_07c870aa,cnbc_75661607,cnbc_61e8d27e,cnbc_6a5d9430,cnbc_1b0ef58d,cnbc_590db1b2",True,1,0.003507429373126714,0.0018527983644262,0.0003195500734965,0.0032700692485252,-0.0019906247993321,0.003673929184054847,0.011191395103643753,0.0022731132330246553,0.0023810250829152217,0.006935079946060574,0.03184839112982818,3,-0.031077777777777774,-0.4939,0.5106,0.2974335210504096,0.04022222222222222,0.06788888888888889,-0.5125060125060126,-1.0,-0.14285714285714285,0.00690099237416508,0.007897960742603991,0.02183073743070013,9,0.24603033834306628,0.2714485099047174,0.0,0.27695167187321207,0.2827471710528109,0.12583208278039965,0.0,0.25539651518719436,0.0,0.4951145417123661,0.0,0.0,0.0,0.27758062415765133,0.0,0.0,0.3226653607725315,0.0,0.0,0.0,0.0,0.0,0.0,0.0,0.0,0.2282013604797182,0.0,0.0,0.2714485099047174,0.27570453922161414
2022-11-04,15736,15681.0,55.0,0.0035074293731267,8,"cnbc_bc0f86bc,cnbc_1ebb63f9,cnbc_b764ddeb,cnbc_83d12584,cnbc_97ee80f2,cnbc_394d119e,cnbc_9d30df4e,cnbc_f8dfb543",True,0,-0.0027961362480935434,0.0035074293731267,0.0018527983644262,0.0003195500734965,0.0034744563119289,0.0046991521095107736,0.013137436059219798,0.0013901053499992386,0.0023921838165761105,0.012482306009522492,0.032139577594123114,4,-0.194675,-0.7391,0.3208,0.3782892345811601,0.048375,0.12137500000000001,-0.8061274509803922,-1.0,-0.3333333333333333,0.007644523628573175,0.003658111233107177,0.030295777552519918,8,0.3323735694329223,0.36671213299098226,0.0,0.0,0.0,0.287821951930471,0.0,0.3450267635495029,0.0,0.0,0.0,0.0,0.0,0.0,0.0,0.0,0.0,0.0,0.0,0.0,0.0,0.3506974285388298,0.182376576447897,0.0,0.0,0.0,0.4189426668728048,0.29482949250577795,0.36671213299098226,0.0
2022-11-07,15692,15736.0,-44.0,-0.0027961362480935,21,"cnbc_467c0606,cnbc_a49442c2,cnbc_9e124aba,cnbc_98735a22,cnbc_2414951b,cnbc_d50c0961,cnbc_7ee4699a,cnbc_b13e5e84,cnbc_734e2abc,cnbc_1b5b4695,cnbc_5160f58a,cnbc_ddecf785,cnbc_65882b5b,cnbc_d076b0f4,cnbc_72364d83,cnbc_0b2a61d2,cnbc_c009ac59,cnbc_dd1f7793,cnbc_2b67bd78,cnbc_92e9d0d6,cnbc_bf997455",True,0,-0.0005098139179199592,-0.0027961362480935,0.0035074293731267,0.0018527983644262,0.0032700692485252,0.0006631976328945743,0.009028009979680451,0.0025872347349027206,0.002537992147950885,0.006155424467812365,0.025687953461010604,0,-0.051409523809523815,-0.6908,0.5719,0.36320482913194024,0.07028571428571428,0.10252380952380953,-0.5576850942397161,-1.0,1.0,0.007145457093197901,0.004676704086222754,0.021629681383793228,21,0.20170316568130878,0.22254175698815254,0.17567647628975483,0.0,0.0,0.2461724515531219,0.19009665683568572,0.20938184276038227,0.0,0.0,0.20729638018803412,0.3441590271727142,0.0,0.22756905104247988,0.2119503146704064,0.0,0.26453089144140246,0.0,0.19940913503562582,0.1412553292650924,0.0,0.21282312445379992,0.110676468283631,0.2368226358753568,0.23344629958819746,0.0,0.3151217111854636,0.17891928674139237,0.0,0.22603097946466472
2022-11-08,15684,15692.0,-8.0,-0.0005098139179199,10,"cnbc_c9fc37f1,cnbc_5774d868,cnbc_f42fdaa2,cnbc_f5891478,cnbc_fc55a159,cnbc_9b04298a,cnbc_872d042a,cnbc_7b571c03,cnbc_e8e2d010,cnbc_f63b1726",True,0,-0.0019127773527161439,-0.0005098139179199,-0.0027961362480935,0.0035074293731267,0.0003195500734965,-0.00031869462680855776,0.0074705961702756785,0.002386855224312092,0.002475052919930946,0.0023646705438742366,0.02096081239421954,1,-0.11505000000000001,-0.8126,0.4939,0.460569240180019,0.0888,0.1792,-0.5993788819875776,-1.0,-0.14285714285714285,0.007660136917248457,0.006007499456918803,0.025627978430019804,10,0.0,0.0,0.2943788002577069,0.0,0.0,0.36277768614379147,0.0,0.3508584471257622,0.0,0.0,0.34736386445313605,0.0,0.0,0.0,0.0,0.0,0.0,0.0,0.0,0.4007674790809858,0.0,0.0,0.4425600692902117,0.0,0.0,0.0,0.4260236858774244,0.0,0.0,0.0
2022-11-09,15654,15684.0,-30.0,-0.0019127773527161,8,"cnbc_b95fa306,cnbc_566e4be6,cnbc_b3967940,cnbc_7e713c96,cnbc_63f1261a,cnbc_fceb7de3,cnbc_479c9551,cnbc_4b389f1a",True,1,0.003002427494570078,-0.0019127773527161,-0.0005098139179199,-0.0027961362480935,0.0018527983644262,-0.002256300432138869,0.004636834758611874,0.0026204924858782615,0.002561493078883849,0.00012777919754669576,0.01827880049437325,2,-0.02935,-0.4019,0.3182,0.19954042912939435,0.023375,0.05025,-0.6463032581453634,-1.0,0.3333333333333333,0.004510012880062646,0.0034420929844312456,0.022017344423901193,8,0.0,0.5397581291639179,0.0,0.0,0.5622247995666865,0.25020910821793907,0.0,0.5078397567214954,0.0,0.0,0.0,0.0,0.0,0.0,0.0,0.0,0.0,0.0,0.0,0.0,0.0,0.0,0.2684373677629527,0.0,0.0,0.0,0.0,0.0,0.0,0.0
2022-11-10,15701,15654.0,47.0,0.00300242749457,8,"cnbc_3f9fd42c,cnbc_1685ccfa,cnbc_5a44f33d,cnbc_416f81df,cnbc_f5de72e9,cnbc_6015728e,cnbc_4464c26d,cnbc_2fcabb79",True,0,-0.013247563849436341,0.00300242749457,-0.0019127773527161,-0.0005098139179199,0.0035074293731267,0.00048428001580291813,0.006542107000791608,0.0028600801570209415,0.002559043728910854,0.0012754288629550636,0.02240020837403134,3,-0.07080000000000002,-0.6124,0.7469,0.4273129966931233,0.0855,0.1065,-0.6740762892078682,-1.0,0.15789473684210525,0.006484393298907477,0.006239720573336724,0.0297594995248507,8,0.0,0.0,0.29415158055405927,0.0,0.0,0.17273208296800102,0.0,0.0,0.0,0.0,0.0,0.3403470794109207,0.0,0.0,0.0,0.0,0.0,0.0,0.0,0.40045814203718827,0.3149176595738736,0.0,0.31376722624690034,0.0,0.0,0.0,0.4256948545364202,0.2995813218599647,0.3726225100813911,0.0
2022-11-11,15493,15701.0,-208.0,-0.0132475638494363,8,"cnbc_454c0b4f,cnbc_62eb3418,cnbc_775afdfb,cnbc_24b8ade4,cnbc_8ad73455,cnbc_fafd759a,cnbc_5e2229e1,cnbc_fa21048c",True,1,0.0003872716710772607,-0.0132475638494363,0.00300242749457,-0.0019127773527161,-0.0027961362480935,-0.009702904479443553,-0.0071199236098205,0.006091455223809247,0.004088980731929799,-0.015442297915607472,0.006692657569850491,4,-0.037825000000000004,-0.6597,0.5719,0.48448821229947675,0.10375,0.085125,-0.5386948529411765,-0.8333333333333334,0.0,0.005579256510343719,0.005006651987599157,0.026799947414860692,8,0.0,0.0,0.25573938870601587,0.0,0.0,0.15017562450267036,0.4685470434953123,0.3048056609774002,0.0,0.0,0.0,0.0,0.0,0.0,0.0,0.0,0.0,0.0,0.290287984899549,0.20563112558188562,0.27379370051472685,0.0,0.2727934981182855,0.34475233912716624,0.0,0.0,0.37010490193314755,0.2604600797177335,0.0,0.0
2022-11-14,15499,15493.0,6.0,0.0003872716710772,18,"cnbc_dc36dc73,cnbc_dd53c621,cnbc_b3840d1f,cnbc_2275d7b2,cnbc_6f862df5,cnbc_69a89ed9,cnbc_a4833e58,cnbc_f182b427,cnbc_adf7a6d0,cnbc_4e894bbb,cnbc_23f2075e,cnbc_b3443cd7,cnbc_d669e5c0,cnbc_af7a60c0,cnbc_8d3738d9,cnbc_07381342,cnbc_ec239b32,cnbc_3af15c24",True,1,0.004193818956061681,0.0003872716710772,-0.0132475638494363,0.00300242749457,-0.0005098139179199,-0.006869064858838203,-0.006795876975722592,0.006293234579580554,0.003878864158070259,-0.01229926076981902,0.0012273901808785848,0,-0.06456666666666666,-0.6597,0.7579,0.3558088366458794,0.055611111111111104,0.104,-0.4361713631321475,-1.0,0.3333333333333333,0.006867783943176827,0.007155140227796019,0.024098764004010297,18,0.0,0.0,0.3746963965374073,0.0,0.0,0.1775185903383962,0.0,0.21280053270267135,0.0,0.0,0.0,0.0,0.2372579028578282,0.0,0.36472242815204736,0.2061850345035838,0.15878715840232807,0.0,0.2026649952160476,0.24307105539850757,0.32364421270006494,0.21629800205285415,0.1904511928395598,0.0,0.2372579028578282,0.0,0.4260472883471833,0.0,0.0,0.0
2022-11-15,15564,15499.0,65.0,0.0041938189560616,13,"cnbc_6f90e7fa,cnbc_915efd8d,cnbc_29435921,cnbc_a674d0d7,cnbc_64f73f91,cnbc_d676fd3e,cnbc_196f8cea,cnbc_b558d8a1,cnbc_6e6c5826,cnbc_f4edc6bf,cnbc_93a53daa,cnbc_0a963bc9,cnbc_742040b6",True,1,0.002955538421999486,0.0041938189560616,0.0003872716710772,-0.0132475638494363,-0.0019127773527161,-0.0011679993839124325,-0.0029340542479723286,0.006971866378364493,0.003980707519690546,-0.007651109410864554,0.006141314887840199,1,-0.1045769230769231,-0.8779,0.7964,0.4778615283284587,0.08499999999999999,0.11553846153846152,-0.4752747252747253,-1.0,0.6,0.005006110241810001,0.006228086062652406,0.025105328160234426,13,0.0,0.0,0.42411203777468803,0.0,0.0,0.35100372591640705,0.0,0.0,0.0,0.0,0.0,0.0,0.3328582074878231,0.0,0.0,0.0,0.22276859182033384,0.0,0.0,0.2014081858663911,0.0,0.0,0.37657508525996103,0.3376723392449013,0.0,0.26675622056955517,0.0,0.2551111462241856,0.0,0.3222851113684092
2022-11-16,15610,15564.0,46.0,0.0029555384219994,8,"cnbc_e4385ea6,cnbc_e21437e3,cnbc_4d44d926,cnbc_14fb798d,cnbc_ef36734f,cnbc_78878800,cnbc_fb9c6345,cnbc_57033cfc",True,1,0.004932735426008968,0.0029555384219994,0.0041938189560616,0.0003872716710772,0.00300242749457,0.002350161172255172,-0.00036821798504715897,0.007237379024677374,0.004017772942503068,-0.0028107831864060406,0.007681879801174851,2,-0.053075,-0.3818,0.509,0.26830672612835166,0.040625,0.0875,-0.5305555555555556,-0.8888888888888888,0.2,0.006728892328726623,0.00846549505792479,0.03246806646515492,8,0.28055206926096254,0.0,0.24435114231889504,0.0,0.0,0.14348820328910775,0.0,0.0,0.32166894961818787,0.0,0.0,0.0,0.0,0.0,0.0,0.2821786871238447,0.0,0.0,0.0,0.19647423373649422,0.0,0.2960189928126145,0.3230637766281055,0.0,0.5497718107065446,0.0,0.3536238825891112,0.0,0.0,0.0
2022-11-17,15687,15610.0,77.0,0.0049327354260089,17,"cnbc_d29c6ad4,cnbc_36f8e636,cnbc_a88b290d,cnbc_622f0d86,cnbc_4f24e9e0,cnbc_9520ca60,cnbc_f891f4ba,cnbc_51ab5ac0,cnbc_5ca4fafc,cnbc_ac91049c,cnbc_22f2db65,cnbc_26984ca9,cnbc_a4fb36d9,cnbc_83a69eb8,cnbc_7fe32079,cnbc_26034bb4,cnbc_26a3516e",True,1,0.00031873525849429466,0.0049327354260089,0.0029555384219994,0.0041938189560616,-0.0132475638494363,0.007475627143462615,0.004215438684091799,0.0075196743949126725,0.0039691233763174275,-0.000891662951404415,0.006932409012131657,3,-0.13488235294117648,-0.7184,0.5859,0.4328405613434555,0.06935294117647059,0.12452941176470589,-0.5587471352177235,-1.0,0.14285714285714285,0.008351443827393197,0.005655526009767341,0.025110003510977533,17,0.0,0.0,0.17305193967542015,0.46937841385440243,0.0,0.21326054119109528,0.0,0.349217974577313,0.0,0.0,0.20419945479817608,0.0,0.22995870481347297,0.0,0.0,0.0,0.1539020991393137,0.22519398973175703,0.0,0.23559301672905464,0.0,0.0,0.30436600911488026,0.0,0.0,0.0,0.3104139182786095,0.17624630382995854,0.3711667669446265,0.0
2022-11-18,15692,15687.0,5.0,0.0003187352584942,10,"cnbc_68a04c38,cnbc_716e0eca,cnbc_cebef75e,cnbc_160abc65,cnbc_fde83399,cnbc_4884271e,cnbc_52a20982,cnbc_fa5e7b01,cnbc_467a44ef,cnbc_0de07d53",True,1,0.0009559010960999235,0.0003187352584942,0.0049327354260089,0.0029555384219994,0.0003872716710772,0.005227284374519581,0.004271931649093563,0.002133053921954063,0.003950397151696973,0.012844510424062427,0.005253042921204321,4,-0.418,-0.7773,0.0772,0.3538856595003533,0.0665,0.2562,-0.7494869117237538,-1.0,0.0,0.00788555535779115,0.005723993628470474,0.04145146422817185,10,0.0,0.0,0.0,0.0,0.0,0.0,0.23124630161408377,0.0,0.281325238410447,0.2916321081190569,0.0,0.0,0.0,0.0,0.0,0.4178481415884031,0.0,0.0,0.0,0.0,0.0,0.0,0.3212769910769886,0.0,0.0,0.3853339798970344,0.383335148986483,0.36851246835320867,0.2707146938554146,0.0
2022-11-21,15707,15692.0,15.0,0.0009559010960999,24,"cnbc_a24cb308,cnbc_4adeefd8,cnbc_ba9b7645,cnbc_ed2e80b7,cnbc_68785dce,cnbc_f72040df,cnbc_8115c9b2,cnbc_b9355903,cnbc_937f1f6a,cnbc_7f70b2d3,cnbc_621d9a10,cnbc_af2c2210,cnbc_2796c043,cnbc_c22539e5,cnbc_5dabadc1,cnbc_b14b9671,cnbc_ed04db27,cnbc_fdb5d440,cnbc_b45cc44f,cnbc_1080ce39,cnbc_b0de5b5c,cnbc_f45d5679,cnbc_227d25c0,cnbc_4753d37b",True,1,0.0005729929330871586,0.0009559010960999,0.0003187352584942,0.0049327354260089,0.0041938189560616,0.00351392793253269,0.004855704333028399,0.001999381147386037,0.003935823973261443,0.013420220659397408,0.007504810776138626,0,-0.16948333333333332,-0.7351,0.4939,0.3456067829279354,0.041416666666666664,0.13454166666666667,-0.5366820878851435,-1.0,0.38461538461538464,0.005211381105987667,0.00834685605199461,0.03576375213963252,24,0.0,0.0,0.0,0.0,0.39664347561297086,0.2720480942179625,0.0,0.0,0.49048290451915383,0.0,0.0,0.0,0.0,0.0,0.0,0.0,0.1578937603774899,0.0,0.0,0.0,0.32182326506622716,0.0,0.31226015745721375,0.0,0.23592299804610933,0.0,0.3184649274091705,0.0,0.38079348422007386,0.0
2022-11-22,15716,15707.0,9.0,0.0005729929330871,5,"cnbc_f7a0cd19,cnbc_e2e29237,cnbc_b86286f4,cnbc_592420e4,cnbc_b162ef3a",True,0,-0.0010180707559175363,0.0005729929330871,0.0009559010960999,0.0003187352584942,0.0029555384219994,0.0021425292047136946,0.00510996987739909,0.001965526910608976,0.003924587884489279,0.009766126959650512,0.006403688524590168,1,-0.23837999999999998,-0.6652,0.0,0.33006772335385964,0.0,0.095,-0.3591291061879297,-0.8571428571428571,0.09090909090909091,0.009337776482209917,0.007109166054626331,0.01895051332202296,5,0.0,0.0,0.0,0.0,0.0,0.21390225904475016,0.394161693038073,0.4341491481630883,0.0,0.0,0.0,0.0,0.0,0.0,0.0,0.0,0.0,0.0,0.0,0.0,0.0,0.0,0.0,0.0,0.0,0.0,0.0,0.0,0.7812790157595284,0.0
2022-11-23,15700,15716.0,-16.0,-0.0010180707559175,4,"cnbc_594a2584,cnbc_78772379,cnbc_8ea1d7e6,cnbc_e6889ff9",True,0,-0.003375796178343949,-0.0010180707559175,0.0005729929330871,0.0009559010960999,0.0049327354260089,-2.5477057909339962e-05,0.0037528849903780692,0.0022400446696327946,0.003919362085241501,0.005765534913517056,0.006668376506796525,2,-0.277675,-0.6124,0.0,0.2550564823066975,0.0325,0.162,-0.5941919191919192,-0.9,-0.45454545454545453,0.004842683747392345,0.007380303793959257,0.03425819777284075,4,0.0,0.7649315790058687,0.0,0.0,0.0,0.0,0.0,0.0,0.0,0.0,0.0,0.0,0.0,0.0,0.0,0.0,0.0,0.0,0.0,0.0,0.0,0.0,0.6441115427001665,0.0,0.0,0.0,0.0,0.0,0.0,0.0
2022-11-24,15647,15700.0,-53.0,-0.0033757961783439,7,"cnbc_c79355d7,cnbc_61abff11,cnbc_33c4a454,cnbc_b1e24818,cnbc_ca2e9bb5,cnbc_a75ea88c,cnbc_58a9a043",True,1,0.001342110308685371,-0.0033757961783439,-0.0010180707559175,0.0005729929330871,0.0003187352584942,-0.0028931202365476416,0.00012783636944702081,0.001766314145551643,0.003988131158437346,-0.0025498820679543677,0.004751814037115443,3,-0.1721285714285714,-0.7579,0.3182,0.3734901770876342,0.06871428571428571,0.13799999999999998,-0.4446221121677511,-0.7931034482758621,0.3333333333333333,0.006691453545750542,0.007008091322800037,0.023185942325044676,7,0.0,0.0,0.0,0.0,0.0,0.34817857106544475,0.0,0.41737930239949517,0.0,0.4778888655115753,0.0,0.0,0.0,0.0,0.0,0.0,0.0,0.4557071333166491,0.0,0.28157671177030397,0.3749137183206251,0.0,0.22062116998906395,0.0,0.0,0.0,0.0,0.0,0.0,0.0
2022-11-25,15668,15647.0,21.0,0.0013421103086853,4,"cnbc_75d5726f,cnbc_428c88f7,cnbc_8bff0eb8,cnbc_f6b6d500",True,1,0.003893285677814654,0.0013421103086853,-0.0033757961783439,-0.0010180707559175,0.0009559010960999,-0.0012493944261710022,0.0010670040188356378,0.001937264417409997,0.0039593409979581445,-0.001529441753759908,0.00810706472783429,4,-0.3293,-0.9153,0.0,0.43418265741505613,0.0,0.17825000000000002,-0.44166666666666665,-1.0,0.5,0.006972986291636504,0.005207027286025623,0.025690173949243302,4,0.0,0.0,0.0,0.0,0.0,0.42177614233270255,0.0,0.5056044417578025,0.0,0.0,0.0,0.0,0.0,0.0,0.0,0.0,0.0,0.0,0.0,0.0,0.45416253314211047,0.0,0.2672558098856242,0.0,0.0,0.0,0.0,0.0,0.5373823218212944,0.0
2022-11-28,15729,15668.0,61.0,0.0038932856778146,16,"cnbc_b21fc70f,cnbc_1843dc73,cnbc_81dbe3da,cnbc_b9ae2bdf,cnbc_4f5bc0ea,cnbc_2620dab1,cnbc_e2fb8942,cnbc_1e39ffa9,cnbc_286013a4,cnbc_6fbc63c3,cnbc_3ad97409,cnbc_2b090cbe,cnbc_f12f6398,cnbc_75a4297d,cnbc_741b6655,cnbc_485b7659",True,1,0.000508614660817598,0.0038932856778146,0.0013421103086853,-0.0033757961783439,0.0005729929330871,0.002357889370379729,0.0045376310436551215,0.0027073763943855854,0.0039774613824908244,0.0014006493919909158,0.008527827648114883,0,-0.13138125,-0.7906,0.4404,0.41000241335671833,0.0695625,0.1308125,-0.40894383394383393,-1.0,0.14285714285714285,0.006611420461927429,0.00726815629818624,0.019338589713724597,16,0.1931508687077745,0.0,0.0,0.21742625878028835,0.0,0.2073154165399134,0.18203648059877167,0.3394827259574803,0.0,0.0,0.0,0.1946473094680934,0.0,0.0,0.0,0.194270741585914,0.31397700803246475,0.0,0.32331340602532177,0.22902532331713954,0.0,0.0,0.10598374062342614,0.22678125895784565,0.0,0.3759745452627678,0.2434584079091905,0.2900920461324201,0.21310589519418396,0.0
2022-11-29,15737,15729.0,8.0,0.0005086146608175,8,"cnbc_eaca50be,cnbc_f7570956,cnbc_f8adea58,cnbc_bfad7732,cnbc_02dfaef0,cnbc_3bc679f7,cnbc_5fb877a6,cnbc_65c4bf87",True,1,0.0003177225646565419,0.0005086146608175,0.0038932856778146,0.0013421103086853,-0.0010180707559175,0.0025993552579604007,0.004759791731178575,0.0027058045298741043,0.0039212979686609525,0.0013362178671416647,0.005751901322937236,1,-0.1682125,-0.6808,0.1695,0.27099023407548417,0.02725,0.131,-0.7808982683982684,-1.0,0.09090909090909091,0.008813476409193152,0.0038747001315320682,0.027266723494874894,8,0.0,0.0,0.0,0.0,0.0,0.3855211220868058,0.0,0.6292989440370864,0.0,0.0,0.0,0.0,0.0,0.0,0.3035427325354308,0.0,0.0,0.0,0.0,0.0,0.0,0.0,0.2683711194245796,0.0,0.0,0.0,0.0,0.0,0.5396249208871474,0.0
2022-11-30,15742,15737.0,5.0,0.0003177225646565,9,"cnbc_594b8234,cnbc_f15ab3d7,cnbc_12f41b8a,cnbc_21549b68,cnbc_1db647d6,cnbc_2edfb58e,cnbc_5dc90f27,cnbc_581c36bc,cnbc_bbb66c64",True,0,-0.007940541227290052,0.0003177225646565,0.0005086146608175,0.0038932856778146,-0.0033757961783439,0.0023814678501838937,0.004790338898126301,0.002611116535078541,0.003921297366983635,0.002675159235668856,0.0057500638895988665,2,-0.013066666666666671,-0.8176,0.6808,0.4816569759694133,0.12544444444444444,0.14322222222222225,-0.6060261765524924,-1.0,0.3333333333333333,0.006263427813298436,0.0080618211994165,0.03522710096846192,9,0.0,0.0,0.0,0.0,0.0,0.40567420752361544,0.0,0.584213616759192,0.0,0.0,0.0,0.0,0.0,0.0,0.0,0.0,0.0,0.0,0.32861167981296496,0.0,0.0,0.0,0.3088075784112275,0.0,0.0,0.3083047568769146,0.24744806400438368,0.0,0.36673255003759125,0.0
2022-12-01,15617,15742.0,-125.0,-0.00794054122729,9,"cnbc_20ca112c,cnbc_bebdfdbf,cnbc_891b8d79,cnbc_11c97611,cnbc_42a1b3ca,cnbc_46e6233a,cnbc_38650d77,cnbc_66d1c37d,cnbc_53be7598",True,0,-0.012038163539732343,-0.00794054122729,0.0003177225646565,0.0005086146608175,0.0013421103086853,-0.005197915737709113,-0.0029845981964727875,0.004462756463825215,0.004308733042763558,-0.0019173004409791528,-0.004081372361456559,3,-0.016100000000000003,-0.836,0.6124,0.5297386832203214,0.09655555555555556,0.129,-0.43306076639409974,-1.0,1.0,0.006755644112546009,0.004289956012612621,0.022833781741543935,9,0.0,0.0,0.0,0.0,0.0,0.30041830564941513,0.32695706342230496,0.36012665126488436,0.0,0.0,0.0,0.34960746602771803,0.0,0.0,0.0,0.0,0.0,0.0,0.0,0.0,0.0,0.0,0.19035817705750832,0.0,0.0,0.0,0.0,0.30773252700148135,0.64807082275631,0.0
2022-12-02,15429,15617.0,-188.0,-0.0120381635397323,8,"cnbc_879659b3,cnbc_d20f9274,cnbc_3aff4734,cnbc_152ba67b,cnbc_23e7997f,cnbc_7b66175c,cnbc_755af8ed,cnbc_44713e31",True,0,-0.0012962602890660444,-0.0120381635397323,-0.00794054122729,0.0003177225646565,0.0038932856778146,-0.014171799524624884,-0.01402060274532857,0.0066505445340433135,0.004958718319672983,-0.015254020934388546,-0.019509405185561768,4,-0.10752499999999998,-0.743,0.128,0.28930948209239776,0.059625,0.097125,-0.1698397013614405,-1.0,1.0,0.007472694624980531,0.010427841478852427,0.026099710987005184,8,0.0,0.0,0.32633474758251285,0.0,0.0,0.4021585947516031,0.0,0.3889454766435087,0.0,0.0,0.0,0.0,0.4336473548372788,0.0,0.0,0.0,0.2902227086806842,0.0,0.0,0.0,0.3493728463152994,0.0,0.431456693832013,0.0,0.0,0.0,0.0,0.0,0.0,0.0
2022-12-05,15409,15429.0,-20.0,-0.001296260289066,18,"cnbc_ae257e6b,cnbc_2a6c534a,cnbc_8f9f0230,cnbc_8d2c45bf,cnbc_9279f037,cnbc_068e3ed0,cnbc_b681b024,cnbc_69cc520a,cnbc_b0539c13,cnbc_432e73c5,cnbc_4d269a2c,cnbc_6e502830,cnbc_9bd95c7c,cnbc_2e62338b,cnbc_0d5d5e74,cnbc_18b1fb9f,cnbc_263a65d7,cnbc_a8b4b6d9",True,1,0.010837822052047504,-0.001296260289066,-0.0120381635397323,-0.00794054122729,0.0005086146608175,-0.011407088048861813,-0.014407470777299869,0.005620948042789076,0.004941003022307228,-0.02034458643270387,-0.018034667346418565,0,-0.11623333333333334,-0.7408,0.4019,0.2834980838196473,0.04172222222222222,0.08894444444444444,-0.5762143629790688,-1.0,0.1111111111111111,0.0068464911680562,0.008368516911930152,0.02761032247147397,18,0.0,0.0,0.1495135512982326,0.0,0.0,0.184253010541624,0.0,0.30171762104580535,0.19682276310794458,0.0,0.17642440597488845,0.1729941427506843,0.0,0.0,0.0,0.0,0.27904923780569635,0.5077008013437678,0.1697117825343356,0.28687704723040824,0.3359221162171573,0.0,0.1976762297122763,0.0,0.0,0.15922425485051733,0.30495592440531677,0.0,0.18939933850089063,0.0
2022-12-06,15576,15409.0,167.0,0.0108378220520475,7,"cnbc_6220b424,cnbc_56ea6887,cnbc_97d297b2,cnbc_9044aad3,cnbc_c3f49f00,cnbc_2014409e,cnbc_22cca0b9",True,1,0.002760657421674371,0.0108378220520475,-0.001296260289066,-0.0120381635397323,0.0003177225646565,0.0013757987990690168,-0.0033815667819449002,0.008756835438427157,0.005596026013446152,-0.010230666581940606,-0.00688599846977811,1,0.028528571428571434,-0.3182,0.34,0.20604294628617045,0.07642857142857143,0.07414285714285715,-0.2025974025974026,-0.8333333333333334,1.0,0.006709819081218026,0.00853889550898416,0.018315262431892083,7,0.0,0.0,0.0,0.0,0.0,0.3482040900940532,0.3789642129918889,0.0,0.0,0.0,0.0,0.0,0.0,0.0,0.4225302303021642,0.0,0.0,0.4557405334289437,0.0,0.28159734935331526,0.0,0.42427020657613546,0.0,0.0,0.0,0.0,0.2993435020723564,0.0,0.0,0.0
2022-12-07,15619,15576.0,43.0,0.0027606574216743,8,"cnbc_275824d5,cnbc_766e9e5f,cnbc_10b254e7,cnbc_5887bc30,cnbc_a9236beb,cnbc_d8f1aef0,cnbc_fc5ede82,cnbc_91a0b946",True,1,0.00032012292720404634,0.0027606574216743,0.0108378220520475,-0.001296260289066,-0.00794054122729,0.0057308435286542725,-0.0005183303364028058,0.00898531854166949,0.0056239821562765885,-0.007813492567653402,-0.002235850261913863,2,-0.12637500000000002,-0.5106,0.2263,0.2601927348826525,0.018375,0.083875,-0.4159767316017316,-1.0,0.16666666666666666,0.004857874300517022,0.00782312024388187,0.02448756255222641,8,0.0,0.0,0.0,0.0,0.0,0.23417510332398112,0.0,0.28071756675203724,0.0,0.0,0.2779215937529268,0.0,0.31298070703609976,0.0,0.0,0.0,0.0,0.6432158242677447,0.0,0.320649174852663,0.2521564105931379,0.0,0.14838358696100146,0.0,0.0,0.0,0.0,0.0,0.2983610216571164,0.0
2022-12-08,15624,15619.0,5.0,0.000320122927204,7,"cnbc_88ed7a31,cnbc_f5360fdf,cnbc_ee66531c,cnbc_f58b804b,cnbc_0995972b,cnbc_7a45a45c,cnbc_cbb592f9",True,0,-0.002368151561699949,0.000320122927204,0.0027606574216743,0.0108378220520475,-0.0120381635397323,0.005962115456430217,4.800537660210047e-05,0.008241837085045679,0.005577978326460782,0.00044822949350065144,-0.00490414623272406,3,0.10765714285714287,-0.5859,0.7906,0.4113755942248027,0.12385714285714286,0.06685714285714285,-0.13174603174603178,-0.8666666666666667,1.0,0.005290421176902817,0.009011378561195013,0.018619915657658987,7,0.3411612185048818,0.0,0.297139613606028,0.0,0.6638408494190658,0.1744867197170935,0.0,0.3541489513446395,0.0,0.0,0.0,0.0,0.0,0.0,0.0,0.0,0.0,0.0,0.0,0.23891960292050546,0.0,0.0,0.0,0.0,0.0,0.0,0.0,0.0,0.37640766185223506,0.0
2022-12-09,15587,15624.0,-37.0,-0.0023681515616999,13,"cnbc_c8cdc4de,cnbc_ebd31e37,cnbc_5e32655e,cnbc_423c2ce8,cnbc_3de51bdd,cnbc_d2e3edd6,cnbc_d797943e,cnbc_df0f18cc,cnbc_37ce05bb,cnbc_cdf43971,cnbc_e0a8098a,cnbc_05786fb3,cnbc_8a7f4410",True,1,0.0035285815102328866,-0.0023681515616999,0.000320122927204,0.0027606574216743,-0.001296260289066,0.0015421191287026126,-0.0026203052863620346,0.00527827724519581,0.004703752075297892,0.010240456283621802,0.006067256180210423,4,-0.13938461538461538,-0.6597,0.5267,0.3602224540617317,0.07538461538461538,0.1313076923076923,-0.6353704774757406,-1.0,-0.1111111111111111,0.005334529015245171,0.0036831220151248905,0.022501554580245126,13,0.0,0.0,0.1963299868021517,0.2537470882011895,0.0,0.1152891563782822,0.3597014731718483,0.3961929607286359,0.25845289706393704,0.0,0.2316673037050438,0.22716293919969835,0.0,0.0,0.0,0.0,0.36642653926574525,0.2554859143150046,0.0,0.33129133655580817,0.2101902013630023,0.0,0.0,0.0,0.0,0.2090813547129894,0.16781050337085154,0.0,0.0,0.0
2022-12-12,15642,15587.0,55.0,0.0035285815102328,19,"cnbc_f551da4f,cnbc_f81764e5,cnbc_a4754679,cnbc_3934c8b0,cnbc_fbb0b697,cnbc_d83b8c27,cnbc_13478112,cnbc_92a41fad,cnbc_373d427c,cnbc_e24d172e,cnbc_afd1bc25,cnbc_cb30b1b3,cnbc_b11e2c1e,cnbc_9a4e38bf,cnbc_f6cef69e,cnbc_9a7d8687,cnbc_b04b3488,cnbc_0acc573c,cnbc_e5a54efd",True,1,0.0012146784298683033,0.0035285815102328,-0.0023681515616999,0.000320122927204,0.0108378220520475,0.002075645756457467,0.00044131473415576217,0.004943826475882526,0.004758490120384443,0.015121033162437625,0.009226401703335663,0,-0.08617894736842105,-0.8126,0.872,0.4312745562463627,0.09263157894736843,0.12963157894736843,-0.6259313699716177,-1.0,0.125,0.006225957712619456,0.0050167877065215236,0.022270336933169772,19,0.0,0.1799946228647903,0.0,0.18364371109677485,0.0,0.2177260643883151,0.15375261037782803,0.3554014930939801,0.0,0.0,0.1676639668804618,0.0,0.0,0.0,0.17142812868689813,0.16408597628684488,0.2651929131173143,0.31306654910181214,0.1612846619991516,0.11424911918919398,0.39694873961602517,0.0,0.15156468551324542,0.0,0.0,0.15131789756811298,0.3390565441430977,0.0,0.3047573882194704,0.18281675068588318
2022-12-13,15661,15642.0,19.0,0.0012146784298683,9,"cnbc_3b7301a5,cnbc_c77455d9,cnbc_fd9a1b32,cnbc_feed7274,cnbc_3f7e9cc1,cnbc_3b339652,cnbc_380dacc7,cnbc_a717d338,cnbc_41a8deed",True,0,-0.002681821084221953,0.0012146784298683,0.0035285815102328,-0.0023681515616999,0.0027606574216743,0.002201374579243076,0.0013459122311771932,0.0023078581362922673,0.004681800058502028,0.0054571135079610755,0.006232331020303183,1,0.015611111111111107,-0.3612,0.4215,0.243622158497767,0.07333333333333333,0.060666666666666674,-0.5772622439289106,-1.0,0.3333333333333333,0.007615469871544719,0.004991334568502251,0.0223221943806183,9,0.0,0.0,0.0,0.0,0.0,0.0,0.0,0.0,0.35770831401750347,0.0,0.5428840541500388,0.0,0.0,0.0,0.0,0.0,0.0,0.0,0.5222283165991435,0.36993055909694333,0.0,0.0,0.2898482344280417,0.0,0.0,0.28937628378906183,0.0,0.0,0.0,0.0
2022-12-14,15619,15661.0,-42.0,-0.0026818210842219,7,"cnbc_deb42ab3,cnbc_7ceadec0,cnbc_a0f55c09,cnbc_4075fb90,cnbc_34b94f0f,cnbc_fb6fe6ba,cnbc_c01b1d0b",True,1,0.000704270439848902,-0.0026818210842219,0.0012146784298683,0.0035285815102328,0.000320122927204,-0.00048635019773979327,-0.0013682514513695399,0.0025898397648801076,0.0046845454337567025,0.0,0.0005765534913517723,2,0.10674285714285715,-0.4019,0.6249,0.33178177997564834,0.08399999999999999,0.021857142857142856,-0.4340548340548341,-1.0,0.3333333333333333,0.00580176697671386,0.009600373243753997,0.03454323228047148,7,0.3816680511719137,0.42109938337924985,0.0,0.0,0.4386270509436926,0.19520391726133451,0.35970590894645316,0.0,0.0,0.0,0.0,0.3846250331027029,0.0,0.0,0.0,0.0,0.0,0.0,0.0,0.0,0.0,0.0,0.20942493300846574,0.0,0.0,0.3540098717729053,0.0,0.0,0.0,0.0
2022-12-15,15630,15619.0,11.0,0.0007042704398489,10,"cnbc_8903fd29,cnbc_6dce6a6c,cnbc_3a695026,cnbc_e7b16f10,cnbc_32589380,cnbc_2c6dd448,cnbc_59ae231f,cnbc_672ae5a4,cnbc_5fb65b45,cnbc_8bea89ed",True,0,-0.0008317338451695458,0.0007042704398489,-0.0026818210842219,0.0012146784298683,-0.0023681515616999,0.0001407747731607678,-0.00048281220523671564,0.002607250646340446,0.004545422654595899,0.00038402457757302777,-0.0036335819468349406,3,-0.03679,-0.5994,0.4215,0.35114663429652543,0.0806,0.10200000000000001,-0.6256811815635345,-1.0,-0.25,0.006488817188523804,0.006335637716278447,0.03183968712903221,10,0.0,0.2935451885292865,0.0,0.2994963234908157,0.0,0.23039529249602161,0.0,0.0,0.0,0.0,0.0,0.0,0.0,0.0,0.2795744759132026,0.0,0.20608440915950443,0.0,0.0,0.18632378399931235,0.0,0.2807257614781409,0.14598853351285282,0.0,0.0,0.4178307950880106,0.0,0.0,0.2935451885292865,0.5048078880431525
2022-12-16,15617,15630.0,-13.0,-0.0008317338451695,6,"cnbc_72e0e76c,cnbc_b2c5aac3,cnbc_8b30a4cb,cnbc_b123b895,cnbc_b282dc21,cnbc_2859d1e8",True,1,0.00025613113914324135,-0.0008317338451695,0.0007042704398489,-0.0026818210842219,0.0035285815102328,-0.0010745947882152551,-0.0010745947882152551,0.0023215415849761295,0.004546162887724884,0.0019246808237634028,-0.004779505480499657,4,0.0012333333333333456,-0.3818,0.5423,0.3043980989866176,0.05466666666666666,0.06183333333333333,-0.5468720821661998,-1.0,0.42857142857142855,0.00427218852221634,0.0061177714058635565,0.019087741365657652,6,0.40559160707814923,0.44749455743016114,0.0,0.0,0.0,0.20743960692249042,0.0,0.0,0.0,0.0,0.0,0.0,0.0,0.0,0.0,0.0,0.0,0.0,0.0,0.0,0.0,0.0,0.0,0.0,0.0,0.0,0.0,0.0,0.0,0.7695536880673052
2022-12-19,15621,15617.0,4.0,0.0002561311391432,19,"cnbc_535842b8,cnbc_bdd4460e,cnbc_5fc65dee,cnbc_286bbf67,cnbc_5224e445,cnbc_fa8b4790,cnbc_b5c75081,cnbc_8582272e,cnbc_93550b03,cnbc_7f53fcd3,cnbc_92c8e744,cnbc_a0de3286,cnbc_fe593783,cnbc_31b736f7,cnbc_a1f44749,cnbc_44827279,cnbc_a6a3d2a4,cnbc_2ca61f19,cnbc_809a1ef5",True,0,-0.0008322130465399142,0.0002561311391432,-0.0008317338451695,0.0007042704398489,0.0012146784298683,-0.0005502380099299264,-0.0005438433731085324,0.0015461796625287842,0.0045392455701280445,-0.001342539317222835,-0.005475265805055085,0,-0.10727894736842106,-0.7579,0.5423,0.3504859033128902,0.06957894736842106,0.11121052631578947,-0.5722939341360395,-1.0,0.0,0.006310574618083994,0.004811059261306536,0.02041728089729778,19,0.0,0.20333837087763504,0.16051714956211094,0.2074607143369609,0.0,0.15959451990589615,0.17369299601742158,0.19131404089938886,0.35777576418259865,0.0,0.1894085353092172,0.0,0.0,0.0,0.40641909502993484,0.0,0.14275440259036243,0.0,0.18220188968140988,0.21852814578684523,0.4100825438081938,0.0,0.2122244081160738,0.216386936175785,0.0,0.0,0.3273994584609848,0.0,0.0,0.0
2022-12-20,15608,15621.0,-13.0,-0.0008322130465399,3,"cnbc_570b2326,cnbc_1312bf12,cnbc_c4b190bf",True,0,-0.0004484879548949257,-0.0008322130465399,0.0002561311391432,-0.0008317338451695,-0.0026818210842219,-0.0007042704398488864,-0.0010304593544588903,0.001308241468191889,0.004536471683942369,-0.0033842027967562194,-0.006871977602443402,1,0.013266666666666649,-0.4404,0.5574,0.5050142308225911,0.19533333333333333,0.15066666666666667,-0.6451914098972923,-0.8095238095238095,-0.4117647058823529,0.004317963625923035,0.007572274994634137,0.036061986576061224,3,0.0,0.0,0.0,0.73850697116893,0.0,0.0,0.0,0.0,0.0,0.0,0.674245840576635,0.0,0.0,0.0,0.0,0.0,0.0,0.0,0.0,0.0,0.0,0.0,0.0,0.0,0.0,0.0,0.0,0.0,0.0,0.0
2022-12-21,15601,15608.0,-7.0,-0.0004484879548949,5,"cnbc_4c2442c3,cnbc_68e8b7c9,cnbc_65d2ecd7,cnbc_75bf7cf7,cnbc_88b1f637",True,0,-0.00044868918659060316,-0.0004484879548949,-0.0008322130465399,0.0002561311391432,0.0007042704398489,-0.000922166579146233,-0.0011620350659287126,0.0006858689876106316,0.004533744433209477,-0.0011524425379345615,-0.006305732484076398,2,0.05,0.0,0.25,0.11180339887498948,0.0758,0.0274,-0.5925757575757575,-1.0,-0.375,0.010499760629816007,0.007376805477157885,0.023953533133521117,5,0.0,0.0,0.0,0.3944340783104207,0.4026880179302557,0.1792098284067739,0.0,0.0,0.0,0.0,0.6097233380257986,0.0,0.0,0.0,0.0,0.3524275371796483,0.0,0.0,0.0,0.0,0.0,0.0,0.0,0.0,0.0,0.0,0.0,0.0,0.0,0.39265791420699886
2022-12-22,15594,15601.0,-7.0,-0.0004486891865906,3,"cnbc_b2f08b62,cnbc_6227797a,cnbc_ed0dceb3",True,1,0.000705399512633064,-0.0004486891865906,-0.0004484879548949,-0.0008322130465399,-0.0008317338451695,-0.0009097781935136773,-0.0014407837863797957,0.0004443613079448369,0.004476329156397143,-0.002303262955854146,-0.0033872307790631107,3,0.0,0.0,0.0,0.0,0.0,0.0,-0.2380952380952381,-1.0,0.14285714285714285,0.014717486518148103,0.007362547802645602,0.007155897780088777,3,0.0,0.0,0.395694691927701,0.0,0.0,0.0,0.0,0.0,0.5209007607411279,0.0,0.0,0.0,0.0,0.0,0.47739809130254496,0.0,0.0,0.0,0.0,0.0,0.0,0.4793640130107067,0.0,0.0,0.0,0.0,0.3382148927686568,0.0,0.0,0.0
2022-12-23,15605,15594.0,11.0,0.000705399512633,5,"cnbc_fff1ed47,cnbc_8046ca17,cnbc_f6fc9219,cnbc_53a7061a,cnbc_392e81cc",True,1,0.001986542774751682,0.000705399512633,-0.0004486891865906,-0.0004484879548949,0.0002561311391432,-5.126299196445139e-05,-0.0005347987459449755,0.0006205465264708634,0.004467338257675975,-0.0007683934174297358,-0.004020934388562658,4,-0.15732,-0.5859,0.0772,0.26427494584239347,0.08280000000000001,0.1578,-0.7384615384615385,-1.0,0.0,0.0066653884997532635,0.002564085868878717,0.02013300381391611,5,0.6974737805490191,0.0,0.0,0.0,0.0,0.2106861057003181,0.0,0.0,0.0,0.0,0.0,0.0,0.0,0.0,0.0,0.0,0.5402525874437961,0.0,0.0,0.2884863718935304,0.0,0.0,0.0,0.0,0.0,0.0,0.3066666680672749,0.0,0.0,0.0
2022-12-26,15636,15605.0,31.0,0.0019865427747516,17,"cnbc_b320bc4d,cnbc_612b83cb,cnbc_177af9cd,cnbc_38a9429c,cnbc_b96d00a5,cnbc_06e452a1,cnbc_2ac3fd57,cnbc_c064640c,cnbc_22966c7f,cnbc_05f800c7,cnbc_170e8926,cnbc_a2031a19,cnbc_97eb20c5,cnbc_8204509c,cnbc_92bf496b,cnbc_a6b0f3dd,cnbc_792214a4",True,1,0.0014709644410335124,0.0019865427747516,0.000705399512633,-0.0004486891865906,-0.0008322130465399,0.001742606734662644,0.001749024582444303,0.0011569011783882856,0.004395332756030359,0.0009602458229307498,-0.005912645432004537,0,-0.18091764705882352,-0.7096,0.4019,0.3304714099496621,0.04505882352941176,0.15088235294117647,-0.6850794909919327,-1.0,-0.1111111111111111,0.005886574362359595,0.0038045566450657137,0.02663892812903597,17,0.42193451614709104,0.0,0.0,0.0,0.0,0.2674762804262218,0.23486164967893455,0.25868821589021856,0.0,0.0,0.0,0.0,0.0,0.0,0.0,0.250646171048451,0.0,0.0,0.2463670808056248,0.3662475104907724,0.23236840051139004,0.0,0.2869624897671592,0.0,0.0,0.0,0.4840951263610146,0.0,0.0,0.0
2022-12-27,15659,15636.0,23.0,0.0014709644410335,6,"cnbc_8ea299eb,cnbc_8b1c4de0,cnbc_ddb9a5aa,cnbc_d44b9f6c,cnbc_531dc4eb,cnbc_94a6efd6",True,1,0.002809885688741299,0.0014709644410335,0.0019865427747516,0.000705399512633,-0.0004484879548949,0.0025609834176323343,0.0034732902696605894,0.0011042126765235668,0.004409748245437212,0.0032675550999488046,-0.004956472008642021,1,-0.010350000000000005,-0.8225,0.7351,0.49863149018087494,0.10216666666666667,0.09683333333333333,-0.5543001443001443,-0.8181818181818182,0.16666666666666666,0.004514313738914301,0.006693374372449916,0.026261224032992008,6,0.0,0.0,0.0,0.0,0.0,0.41577115971725676,0.0,0.6808327573079588,0.0,0.0,0.0,0.0,0.0,0.0,0.0,0.0,0.0,0.0,0.0,0.27127611388466105,0.0,0.0,0.0,0.45480991531032616,0.0,0.0,0.2883718264582372,0.0,0.0,0.0
2022-12-28,15703,15659.0,44.0,0.0028098856887412,9,"cnbc_f4ea36e2,cnbc_b253bfde,cnbc_5860c9e8,cnbc_8fd5af05,cnbc_cc321006,cnbc_be002a71,cnbc_75c2eb31,cnbc_75907c97,cnbc_6d4891c9",True,1,0.00178309877093549,0.0028098856887412,0.0014709644410335,0.0019865427747516,-0.0004486891865906,0.004066652173356999,0.006418699147912044,0.0012441535307648086,0.004461223114674129,0.006538042433177349,-0.0024774488629144553,2,-0.035777777777777776,-0.296,0.1779,0.14380850790006983,0.08911111111111111,0.10277777777777779,-0.5719416386083053,-1.0,0.5,0.006414281551348655,0.0052580915904235186,0.022318044021181437,9,0.0,0.0,0.0,0.0,0.0,0.2918494516263117,0.381582651845288,0.5923555523970397,0.0,0.28421987994339826,0.0,0.0,0.0,0.0,0.25127743871549324,0.0,0.18522564452154464,0.0,0.0,0.2835430355560827,0.0,0.252312197296522,0.13121235285559293,0.2807647889796711,0.0,0.0,0.0,0.0,0.0,0.0
2022-12-29,15731,15703.0,28.0,0.0017830987709354,9,"cnbc_f6b94087,cnbc_151728c7,cnbc_f3c54dcc,cnbc_15057d60,cnbc_24270f79,cnbc_67e768f2,cnbc_3f9c0ccd,cnbc_fb917208,cnbc_e95d9165",True,0,-0.008836056194774648,0.0017830987709354,0.0028098856887412,0.0014709644410335,0.000705399512633,0.004097837465213194,0.007845059278408284,0.0007663957473588081,0.004076732441393262,0.008785430293702712,0.007299737465582323,3,-0.02735555555555556,-0.8807,0.4019,0.4210829137803834,0.10444444444444444,0.13144444444444445,-0.41256367089700424,-1.0,0.2,0.005536690321135015,0.003937173269246749,0.016880360914727374,9,0.0,0.0,0.0,0.0,0.0,0.284059203625742,0.0,0.340516166421923,0.0,0.0,0.0,0.0,0.0,0.0,0.0,0.0,0.254085804060173,0.6294878689179642,0.3242976244580594,0.2297225135374385,0.0,0.0,0.1799923345606855,0.0,0.0,0.30425729335369245,0.24419953477929124,0.0,0.0,0.0
2022-12-30,15592,15731.0,-139.0,-0.0088360561947746,11,"cnbc_c799100e,cnbc_8b83ce68,cnbc_18977ff8,cnbc_f5299638,cnbc_d2c9fc37,cnbc_5fb721af,cnbc_8da5c975,cnbc_155d2c01,cnbc_800ee2d1,cnbc_8f8505e2,cnbc_3385555f",True,0,-0.0012827090815802976,-0.0088360561947746,0.0017830987709354,0.0028098856887412,0.0019865427747516,-0.004609236347850598,-0.0015816401672569258,0.00487692152253398,0.003598545205220778,-0.0008330663248958814,0.010564521355888257,4,-0.14862727272727272,-0.5719,0.3182,0.2914912248796148,0.05272727272727273,0.11336363636363635,-0.5521645021645022,-1.0,-0.2,0.009267390732323579,0.006185281588991571,0.02455628147285609,11,0.0,0.0,0.0,0.0,0.0,0.2622177670846902,0.23024433140202868,0.5322132675056448,0.0,0.0,0.2510765694302038,0.0,0.0,0.27563074952107125,0.0,0.0,0.18923268486783024,0.27689072164288225,0.0,0.28967700467421614,0.0,0.2577705405893134,0.0,0.0,0.0,0.2265983521783183,0.3079323340512449,0.21670634421681437,0.0,0.0
2023-01-02,15572,15592.0,-20.0,-0.0012827090815802,18,"cnbc_87ac9f52,cnbc_b53dcb69,cnbc_39d0a665,cnbc_f4e4070d,cnbc_2f808f21,cnbc_6f2f56e4,cnbc_1b95dd8a,cnbc_cc748b53,cnbc_3fd2c97d,cnbc_17f23590,cnbc_c937449d,cnbc_d16b1676,cnbc_5d1ec5ab,cnbc_b2fe1e14,cnbc_c0e3caea,cnbc_1f2833bf,cnbc_0b167d36,cnbc_acacaa7e",True,1,0.0011559208836372976,-0.0012827090815802,-0.0088360561947746,0.0017830987709354,0.0014709644410335,-0.0050730286108591205,-0.003382432471351726,0.004734753417408147,0.003598184158974924,-0.004093118444615018,0.010578233499902723,0,-0.055655555555555555,-0.8402,0.6369,0.4256644663446747,0.07605555555555556,0.09722222222222222,-0.5814577397910731,-1.0,0.0,0.007970718066639022,0.006658966566199124,0.025856333223042847,18,0.1772757853480993,0.0,0.0,0.0,0.0,0.25312214211007933,0.1670748895723313,0.43913670237523506,0.2032567994093817,0.0,0.0,0.0,0.0,0.0,0.0,0.0,0.32767431657588664,0.0,0.17525957463096756,0.2605396089784659,0.0,0.0,0.20413816540414786,0.0,0.0,0.0,0.31492477890659226,0.2662493606444332,0.0,0.4740549497902228
2023-01-03,15590,15572.0,18.0,0.0011559208836372,5,"cnbc_ff3efc2a,cnbc_f076642f,cnbc_f9952df4,cnbc_3c668510,cnbc_182a8c67",True,1,0.001603592046183451,0.0011559208836372,-0.0012827090815802,-0.0088360561947746,0.0028098856887412,-0.0030439453624597768,-0.0022751199157788893,0.004698753781542399,0.0026704231237105872,-0.004406411648253394,0.0008988186954288491,1,-0.13636,-0.7579,0.6808,0.5451049651213975,0.1082,0.1434,-0.5192982456140351,-1.0,0.0,0.0053389001167029725,0.006889353206810891,0.02157532508996499,5,0.0,0.0,0.0,0.0,0.0,0.1856168389874777,0.0,0.0,0.0,0.0,0.0,0.0,0.0,0.0,0.0,0.0,0.2811147415778978,0.0,0.0,0.43032986805069307,0.33840858922696915,0.0,0.19913941592756915,0.0,0.0,0.0,0.2701767986088116,0.0,0.0,0.6885961901363485
2023-01-04,15615,15590.0,25.0,0.0016035920461834,5,"cnbc_b8b89814,cnbc_6b2fbf15,cnbc_cf2edb81,cnbc_49d5426e,cnbc_bbc893ea",True,0,-0.0003202049311559398,0.0016035920461834,0.0011559208836372,-0.0012827090815802,0.0017830987709354,-0.0003201024327784685,-0.000662385162572332,0.004488586517272805,0.002620638626870878,-0.005604024708654398,-0.0002560983417632112,2,-0.00020000000000000573,-0.6369,0.4215,0.39663302308305093,0.0784,0.0752,-0.4757142857142857,-1.0,0.0,0.0040315752002315335,0.0038218996162092617,0.02112860189731394,5,0.3561338159434784,0.0,0.0,0.40089306221495435,0.0,0.0,0.3356409780100155,0.36969154350978195,0.0,0.0,0.36600938145055517,0.0,0.4121805486265276,0.0,0.0,0.0,0.0,0.0,0.0,0.0,0.0,0.0,0.0,0.0,0.0,0.0,0.0,0.0,0.0,0.3990878128575277
2023-01-05,15610,15615.0,-5.0,-0.0003202049311559,8,"cnbc_617aed3f,cnbc_d37ab51f,cnbc_f0124ff0,cnbc_35656e16,cnbc_222cbf35,cnbc_324cc144,cnbc_275f9875,cnbc_9d96b191",True,1,0.0016015374759769379,-0.0003202049311559,0.0016035920461834,0.0011559208836372,-0.0088360561947746,0.0009105015452879339,-0.0009376210027104426,0.004240772647376808,0.0026203106647172095,-0.007691818701926145,-0.0008960573476702871,3,-0.02157500000000001,-0.5106,0.8481,0.5042915476190335,0.122125,0.12787500000000002,-0.6186186620397147,-0.8947368421052632,0.0,0.004829392599605017,0.0046668185597451214,0.02760164239474154,8,0.0,0.0,0.0,0.0,0.0,0.3857459991756416,0.5734862029708354,0.37307212495450065,0.0,0.0,0.0,0.362174806537672,0.0,0.0,0.0,0.0,0.2783783567093475,0.0,0.0,0.25168574865578985,0.0,0.0,0.0,0.0,0.0,0.3333466253808352,0.0,0.0,0.0,0.0
2023-01-06,15635,15610.0,25.0,0.0016015374759769,3,"cnbc_ff7c974c,cnbc_6ac592b9,cnbc_1b743810",True,0,-0.0039015030380556443,0.0016015374759769,-0.0003202049311559,0.0016035920461834,-0.0012827090815802,0.0019609853631026297,0.0005087332541970913,0.0012941206802428266,0.0025849083479940692,0.002757824525397634,0.003079489318021489,4,-0.044966666666666676,-0.3612,0.2263,0.2963200353221721,0.03966666666666666,0.08766666666666667,-0.5555555555555555,-1.0,-0.3333333333333333,0.0027350263943323877,0.004666289929922196,0.02111709164435618,3,0.0,0.0,0.41192415554049955,0.0,0.0,0.24189065133467438,0.0,0.49095610628213665,0.0,0.0,0.4860661379314001,0.47661543416814445,0.0,0.0,0.0,0.0,0.0,0.0,0.0,0.0,0.0,0.0,0.25951289380795906,0.0,0.0,0.0,0.0,0.0,0.0,0.0
2023-01-09,15574,15635.0,-61.0,-0.0039015030380556,17,"cnbc_1fe22e13,cnbc_97edbf59,cnbc_3c505e9c,cnbc_9621378e,cnbc_2f6ae5d1,cnbc_2d7f0db2,cnbc_0d9b69cd,cnbc_4bcbebc9,cnbc_875eb631,cnbc_a3f87ca7,cnbc_37e146a6,cnbc_8c429b68,cnbc_7d7a5501,cnbc_28f86b07,cnbc_245cfd91,cnbc_e37f1b41,cnbc_cf4512d3",True,1,0.0009631437010401952,-0.0039015030380556,0.0016015374759769,-0.0003202049311559,0.0011559208836372,-0.001973751666153989,-0.003177874568362715,0.002334146349189388,0.00260864831311179,0.00012843565373743537,-0.004347270170054984,0,-0.0483470588235294,-0.5994,0.5106,0.3224042049928301,0.07317647058823529,0.07894117647058824,-0.23235587941470295,-0.8571428571428571,1.0,0.0037647429824056427,0.005744964733571477,0.016614700317793565,17,0.20681689468330905,0.0,0.3049872065322717,0.23280984426521925,0.23768163020648372,0.252413599037092,0.194916128974164,0.45055159125614624,0.0,0.0,0.0,0.0,0.0,0.0,0.0,0.0,0.2712374757774471,0.0,0.0,0.14483653966161786,0.0,0.0,0.1134824206036615,0.0,0.0,0.19182958107837683,0.2606838490822405,0.18345538186184415,0.38634876014164743,0.23176148533518362
2023-01-10,15589,15574.0,15.0,0.0009631437010401,4,"cnbc_a961173c,cnbc_5e90f33f,cnbc_31ecea71,cnbc_4107ffe2",True,0,-0.003977163384437744,0.0009631437010401,-0.0039015030380556,0.0016015374759769,0.0016035920461834,-0.000999705215128932,-0.0019878297444629878,0.002312345217840088,0.002601992854589449,-6.414368184737285e-05,-0.004597407572951906,1,-0.323875,-0.7096,0.0,0.37737289582056627,0.0,0.1745,-0.6633333333333333,-0.92,-0.3333333333333333,0.003385784045214456,0.005231341810343419,0.04213563169438868,4,0.0,0.0,0.0,0.0,0.0,0.3147586317904158,0.0,0.0,0.0,0.0,0.0,0.0,0.0,0.0,0.0,0.0,0.0,0.0,0.0,0.0,0.0,0.0,0.3376894598293038,0.0,0.0,0.5708269815628927,0.0,0.0,0.679006177846281,0.0
2023-01-11,15527,15589.0,-62.0,-0.0039771633844377,7,"cnbc_ad145bb1,cnbc_ec4c12e4,cnbc_13263afe,cnbc_d657e27e,cnbc_68377b91,cnbc_b5626ef6,cnbc_e6cb0b4d",True,0,-0.010369034584916597,-0.0039771633844377,0.0009631437010401,-0.0039015030380556,-0.0003202049311559,-0.0038493616475268055,-0.005664261996932596,0.0026592214098738313,0.002681223925490969,-0.005635606788344516,-0.005890261860554413,2,-0.06464285714285714,-0.6597,0.4215,0.47812400364041846,0.10671428571428569,0.12414285714285714,-0.2006802721088435,-0.8571428571428571,1.0,0.0057903226272650364,0.00812675086491606,0.021670942597988234,7,0.0,0.0,0.0,0.0,0.0,0.0,0.36407058594620234,0.4010053172379506,0.0,0.0,0.0,0.38929207913602515,0.0,0.0,0.0,0.0,0.0,0.0,0.0,0.27053032572802127,0.0,0.4075960141149159,0.0,0.0,0.0,0.35830543297048734,0.0,0.0,0.0,0.4328915221629846
2023-01-12,15366,15527.0,-161.0,-0.0103690345849165,7,"cnbc_7f894c9c,cnbc_33a2a85b,cnbc_0771713e,cnbc_89457c2e,cnbc_23cfec40,cnbc_b815ec7d,cnbc_c1b9ea1a",True,0,-0.012299882858258494,-0.0103690345849165,-0.0039771633844377,0.0009631437010401,0.0016015374759769,-0.011082364752674101,-0.015142046820170174,0.00481813186415068,0.0034869331385932877,-0.01563100576553489,-0.016890595009596887,3,-0.05885714285714285,-0.6908,0.4767,0.41064006890521065,0.072,0.09814285714285716,-0.7475572047000618,-1.0,-0.09090909090909091,0.006326803744216537,0.00356944136932196,0.0289416984920754,7,0.0,0.0,0.0,0.0,0.0,0.35034865842501844,0.0,0.41998069611971517,0.0,0.0,0.0,0.0,0.0,0.0,0.0,0.0,0.5305993417006556,0.4585474123339702,0.0,0.28333169072002284,0.0,0.0,0.0,0.0,0.0,0.0,0.0,0.3588785235828044,0.0,0.0
2023-01-13,15177,15366.0,-189.0,-0.0122998828582584,4,"cnbc_3cf324f1,cnbc_5565d3dc,cnbc_c28b9002,cnbc_72e01476",True,0,-0.010410489556565856,-0.0122998828582584,-0.0103690345849165,-0.0039771633844377,-0.0039015030380556,-0.017453679126798183,-0.025882126410038397,0.0053787400223124626,0.004326420156295124,-0.029293252318516094,-0.028174425305756534,4,0.016475000000000017,-0.5719,0.6249,0.48875703831249323,0.11175,0.081,-0.4473484848484849,-0.9393939393939394,0.0,0.01012007903656615,0.007443805010154444,0.030596509771869052,4,0.4687310138739708,0.0,0.0,0.0,0.0,0.0,0.4417590492031642,0.4865752260871382,0.0,0.0,0.0,0.0,0.0,0.0,0.0,0.0,0.0,0.5312573003700013,0.0,0.0,0.0,0.0,0.25719721857287664,0.0,0.0,0.0,0.0,0.0,0.0,0.0
2023-01-16,15019,15177.0,-158.0,-0.0104104895565658,17,"cnbc_4af6b6fd,cnbc_ce7ed9d4,cnbc_c05cb7b2,cnbc_37ff5376,cnbc_a95873ed,cnbc_55517dc0,cnbc_e87345ec,cnbc_dba7a2f9,cnbc_ad71bf18,cnbc_55932432,cnbc_da79acf6,cnbc_0970ca83,cnbc_eac8eac4,cnbc_b5b812ca,cnbc_9092cd09,cnbc_41f7861e,cnbc_5fd9b2ef",True,1,0.008988614421732473,-0.0104104895565658,-0.0122998828582584,-0.0103690345849165,0.0009631437010401,-0.020644774250762943,-0.034157226779162886,0.005553842673919294,0.004746148502693715,-0.035636316938487234,-0.03853786569361761,0,-0.0032470588235294084,-0.7351,0.6858,0.3809366369844975,0.11117647058823531,0.09252941176470587,-0.4830828469236773,-1.0,0.5,0.007709865841825923,0.0061154591774189105,0.021133056999526317,17,0.0,0.0,0.3179504466084649,0.0,0.0,0.2631422394939092,0.0,0.223815486524653,0.0,0.0,0.0,0.21727790716630768,0.0,0.0,0.2265610148980222,0.0,0.16700627888624672,0.41375167330137796,0.2131553146493921,0.0,0.20104374076120676,0.22749399143380164,0.0,0.0,0.0,0.33860089939031807,0.16050820218033024,0.1912530078192895,0.0,0.4090852252159503
2023-01-17,15154,15019.0,135.0,0.0089886144217324,6,"cnbc_4b8127ec,cnbc_7c081994,cnbc_34f98610,cnbc_55f51af3,cnbc_da522f46,cnbc_71007251",True,0,-0.0011218160221723636,0.0089886144217324,-0.0104104895565658,-0.0122998828582584,-0.0039771633844377,-0.006203848222131936,-0.024050954921767675,0.008749761093660857,0.00533912820526743,-0.02790429148758744,-0.029087647360327984,1,-0.0258,-0.6908,0.8225,0.5836448269281584,0.13916666666666666,0.1575,-0.521545584045584,-1.0,0.38461538461538464,0.005294036439765063,0.009132109784298785,0.023706046778295454,6,0.0,0.0,0.0,0.0,0.0,0.2641665780243857,0.0,0.0,0.0,0.0,0.0,0.3074200413742289,0.0,0.0,0.0,0.6439073482284215,0.2362922113644475,0.0,0.0,0.0,0.28445080270187606,0.0,0.3994358401861096,0.0,0.0,0.0,0.2270982761142486,0.27059818618258846,0.0,0.0
2023-01-18,15137,15154.0,-17.0,-0.0011218160221723,16,"cnbc_e9f86dc8,cnbc_e574096d,cnbc_87d0a34e,cnbc_7aba0f61,cnbc_d8255cc1,cnbc_730c05ed,cnbc_25c45658,cnbc_4f607d8f,cnbc_58c55bb5,cnbc_758b82ec,cnbc_dda08cbb,cnbc_d03b5e6f,cnbc_59f703ab,cnbc_bf0a4635,cnbc_15d5461d,cnbc_3b9e0697",True,0,-0.0015855189271321926,-0.0011218160221723,0.0089886144217324,-0.0104104895565658,-0.0103690345849165,-0.0022148102250405532,-0.023687053549833137,0.00897358377799022,0.005334526737259952,-0.02511753719327625,-0.029741683225434246,2,-0.1495875,-0.7783,0.6256,0.3915972827195477,0.0465,0.11925,-0.450333578100606,-1.0,0.14285714285714285,0.007105227695212311,0.007696028556860354,0.018801217664274898,16,0.0,0.0,0.28693179558441967,0.0,0.0,0.2374705746681049,0.0,0.0,0.0,0.0,0.19996872200481663,0.19608068083900504,0.0,0.0,0.0,0.46700100394578903,0.15071345860920504,0.0,0.19236028073905442,0.28596139430482015,0.0,0.0,0.29805996262117646,0.0,0.0,0.18047316400860738,0.30398256739731294,0.17259472200737835,0.36347670031702517,0.21804107749516316
2023-01-19,15113,15137.0,-24.0,-0.0015855189271321,15,"cnbc_6899c685,cnbc_a6bd2840,cnbc_a1fafe98,cnbc_a7460833,cnbc_bea5b182,cnbc_e5ab655f,cnbc_f533019a,cnbc_f5f6a744,cnbc_dea17426,cnbc_33fa72a3,cnbc_fa03f762,cnbc_4fd3b1bb,cnbc_34643f62,cnbc_8a2d8bd4,cnbc_8784dac8",True,1,0.000529345596506319,-0.0015855189271321,-0.0011218160221723,0.0089886144217324,-0.0122998828582584,-0.0004629629629629983,-0.023720623764550863,0.00851836138630456,0.005328845405706663,-0.01646492255629306,-0.030845196870591285,3,-0.030813333333333325,-0.7351,0.7184,0.46710273245472106,0.14073333333333332,0.14446666666666666,-0.40549390507191013,-1.0,0.25,0.008652002461432478,0.008494397018261607,0.02302400173614571,15,0.0,0.0,0.0,0.0,0.0,0.27683385302075314,0.0,0.0,0.0,0.0,0.0,0.0,0.0,0.0,0.0,0.43922768715715366,0.0,0.0,0.2549861547656327,0.3058236755924083,0.0,0.27213873697404567,0.36929532534524845,0.30282711608237173,0.0,0.4050499115057758,0.32509656173506857,0.0,0.0,0.0
2023-01-20,15121,15113.0,8.0,0.0005293455965063,15,"cnbc_ebb54b31,cnbc_e71dadf0,cnbc_8e71a7ad,cnbc_210d0bb9,cnbc_537ac8b6,cnbc_22efb796,cnbc_f66069c1,cnbc_b82eb839,cnbc_cc477cbc,cnbc_54c8ae9d,cnbc_e3e56592,cnbc_141be3a6,cnbc_32843353,cnbc_ee291ed8,cnbc_e5291b2d",True,0,-0.012631439719595265,0.0005293455965063,-0.0015855189271321,-0.0011218160221723,-0.0104104895565658,0.0008074764375729515,-0.02167443064182195,0.006903517679062545,0.005325064600839725,-0.003689793766884053,-0.03101570009612309,4,-0.16856666666666667,-0.8591,0.2846,0.32100998575181583,0.04713333333333333,0.13879999999999998,-0.46126688126688126,-1.0,0.3333333333333333,0.007330831296635804,0.0070939350888290795,0.023766932645799654,15,0.0,0.2638070185046674,0.0,0.0,0.0,0.2070546463234649,0.0,0.0,0.0,0.0,0.4160650761982208,0.0,0.0,0.0,0.25125163628191666,0.24049069629805991,0.3135820742947284,0.0,0.0,0.0,0.3774930719509769,0.0,0.2753355803795172,0.0,0.0,0.375501628365493,0.30138085416122984,0.21209576228312602,0.0,0.0
2023-01-24,14930,15121.0,-191.0,-0.0126314397195952,20,"cnbc_e806dc66,cnbc_6e389b6f,cnbc_748627b2,cnbc_31dcc412,cnbc_10210226,cnbc_b736b928,cnbc_09b7baf1,cnbc_9164de2f,cnbc_edcf3557,cnbc_9358b35e,cnbc_07398d10,cnbc_4459e780,cnbc_cd757ca6,cnbc_73bbb578,cnbc_3cf17d5d,cnbc_b936fdfa,cnbc_1ce0f7cd,cnbc_3d38ea3c,cnbc_2b65d124,cnbc_ac331707",True,1,0.0018754186202277294,-0.0126314397195952,0.0005293455965063,-0.0015855189271321,0.0089886144217324,-0.010668610430057623,-0.03182086416310548,0.007707539007188198,0.005795040244650947,-0.005925827285438445,-0.04515221284215909,1,-0.0665,-0.7614,0.5413,0.42467575247103767,0.09685,0.12184999999999999,-0.536655113891956,-1.0,1.0,0.003870757864943418,0.0050041724315245915,0.0288865663558658,20,0.0,0.0,0.0,0.0,0.0,0.2338322801826958,0.0,0.0,0.0,0.0,0.0,0.0,0.42691215811833993,0.0,0.22892376664089414,0.2191191144198953,0.1687479482404675,0.24691686426524959,0.0,0.25831901198971124,0.2031403788306065,0.0,0.33372604947891493,0.0,0.2521411977765304,0.20206872312502175,0.4994303102686015,0.0,0.0,0.0
2023-01-25,14958,14930.0,28.0,0.0018754186202277,8,"cnbc_028d202f,cnbc_ff421686,cnbc_a74a3f48,cnbc_68526e3b,cnbc_89f9bc4d,cnbc_fe16c9d1,cnbc_0426e973,cnbc_2dbaafb3",True,1,0.00040112314480545525,0.0018754186202277,-0.0126314397195952,0.0005293455965063,-0.0011218160221723,-0.0062318128064416944,-0.027795380760643806,0.005780685239051585,0.005809548486613066,-0.01293387884386965,-0.044766587904719324,2,-0.173375,-0.765,0.0258,0.2864296111488076,0.028000000000000004,0.10225000000000001,-0.75,-1.0,-0.3333333333333333,0.007666311267207459,0.00287087143682376,0.024471003135684982,8,0.0,0.0,0.0,0.4621402645168135,0.0,0.0,0.0,0.0,0.0,0.0,0.0,0.0,0.0,0.0,0.0,0.0,0.5384212132364238,0.0,0.4058736120809191,0.0,0.0,0.43317619446560707,0.22526880700130011,0.0,0.0,0.0,0.30562711464502007,0.0,0.0,0.0
2023-01-26,14964,14958.0,6.0,0.0004011231448054,12,"cnbc_9ebe2924,cnbc_85a79d32,cnbc_2c91d02c,cnbc_b42c5b2c,cnbc_0294b03d,cnbc_1f6fda7e,cnbc_053155b6,cnbc_f1e10c97,cnbc_4c2dae70,cnbc_f5c85b8c,cnbc_585f6ede,cnbc_73eefb61",True,1,0.0009355787222667736,0.0004011231448054,0.0018754186202277,-0.0126314397195952,-0.0015855189271321,-0.0035426044801960543,-0.025064011935864272,0.005915719136797095,0.005722990050961194,-0.011428948933077887,-0.047061071132904586,3,-0.06691666666666668,-0.6249,0.5859,0.3715662569896967,0.04933333333333333,0.09833333333333333,-0.5858375420875421,-1.0,0.25,0.005102619869974315,0.005868573271750437,0.025584277108743513,12,0.0,0.0,0.21851710778785874,0.0,0.0,0.26928953673537326,0.0,0.0,0.0,0.0,0.0,0.0,0.0,0.0,0.0,0.252345333868773,0.4078361583029831,0.0,0.0,0.2974893244606716,0.0,0.0,0.32851192504022586,0.2945744276247083,0.29037473478038933,0.0,0.39196758942178433,0.22255071306024207,0.0,0.2811511076850753
2023-01-27,14978,14964.0,14.0,0.0009355787222667,10,"cnbc_0e902db6,cnbc_4a160c66,cnbc_d9ad466d,cnbc_a796203f,cnbc_81ec723f,cnbc_2f202c23,cnbc_8626c176,cnbc_9bfb86ef,cnbc_43737838,cnbc_d62059c9",True,1,6.676458806249166e-05,0.0009355787222667,0.0004011231448054,0.0018754186202277,0.0005293455965063,-0.0008138650585048923,-0.02175226388784568,0.006094681128353978,0.005693512511934234,-0.008932706941044088,-0.04786726845082956,4,0.08757000000000001,-0.5267,0.6369,0.431040387512199,0.12869999999999998,0.087,-0.5025641025641026,-1.0,0.3333333333333333,0.006734799129408731,0.005159275509775927,0.020008299866009095,10,0.3294016059165266,0.36343312653409615,0.0,0.0,0.0,0.16847227225240732,0.0,0.34194165977546126,0.0,0.0,0.0,0.0,0.0,0.0,0.0,0.0,0.0,0.0,0.0,0.23068419450444425,0.5200524541073829,0.0,0.18074583146305043,0.0,0.0,0.0,0.41519663398718226,0.2921932344640221,0.0,0.0
2023-01-30,14979,14978.0,1.0,6.676458806249166e-05,13,"cnbc_1dbc10e7,cnbc_aabd99fd,cnbc_1fe3b4c2,cnbc_8f2a8be8,cnbc_f80a139c,cnbc_4f324cae,cnbc_f03801f6,cnbc_5d38c1f5,cnbc_d139ddb6,cnbc_55feb63e,cnbc_73726fc1,cnbc_0b42e18b,cnbc_41bf94ef",True,1,0.0008678817010481341,6.676458806249166e-05,0.0009355787222667,0.0004011231448054,-0.0126314397195952,0.0011495943001511577,-0.01972461453888641,0.006054276867415042,0.005511764800826599,-0.009390913299384906,-0.03931503335043607,0,-0.00984615384615385,-0.7184,0.7579,0.4679447610124237,0.11784615384615385,0.13,-0.6022907367036922,-1.0,0.3333333333333333,0.004676301409483937,0.005215740574028181,0.024930105384640775,13,0.0,0.3153639515997028,0.0,0.0,0.0,0.14618942972859586,0.0,0.0,0.0,0.0,0.0,0.0,0.3308167802790439,0.0,0.0,0.0,0.0,0.0,0.0,0.2001729447293266,0.2665262426847318,0.30159167622244837,0.3291455895929694,0.0,0.0,0.44888751643038555,0.5077742411637235,0.0,0.0,0.0
2023-01-31,14992,14979.0,13.0,0.0008678817010481,3,"cnbc_0a0ddb3a,cnbc_16fe1c80,cnbc_04ad0760",True,0,-6.670224119530417e-05,0.0008678817010481,6.676458806249166e-05,0.0009355787222667,0.0018754186202277,0.0011887112500166275,-0.017008274650196054,0.0006840949388788625,0.005547132368115053,0.004152712659075686,-0.03724633958386847,1,0.2406,0.0,0.3818,0.20941126999280624,0.12666666666666668,0.0,-0.5418803418803418,-0.6923076923076923,-0.3333333333333333,0.007902433813318009,0.006309422508076488,0.021286565217871783,3,0.0,0.0,0.0,0.0,0.0,0.45256838584959574,0.0,0.0,0.0,0.0,0.0,0.8917296990285181,0.0,0.0,0.0,0.0,0.0,0.0,0.0,0.0,0.0,0.0,0.0,0.0,0.0,0.0,0.0,0.0,0.0,0.0
2023-02-01,14991,14992.0,-1.0,-6.670224119530417e-05,10,"cnbc_399f2db4,cnbc_1d2bdcb4,cnbc_c4f8e2df,cnbc_0346704e,cnbc_38129502,cnbc_c36e39fc,cnbc_40c27c76,cnbc_3733af94,cnbc_2176c97f,cnbc_a88d53f2",True,0,-0.008204922953772264,-6.670224119530417e-05,0.0008678817010481,6.676458806249166e-05,0.0004011231448054,0.0006808715155399714,-0.015139819136810284,0.00045448870914922005,0.005518561625933896,0.002206177296429912,-0.03842206542655546,2,-0.05008999999999999,-0.765,0.5423,0.4024531924474089,0.1021,0.1237,-0.5748078529657477,-1.0,0.14285714285714285,0.007300956796728232,0.005846872034915838,0.024913623000050643,10,0.377656484111453,0.0,0.0,0.0,0.0,0.19315220346932588,0.35592517757176256,0.0,0.0,0.0,0.0,0.0,0.0,0.0,0.0,0.0,0.0,0.0,0.0,0.0,0.5962362594598183,0.39847680450304546,0.0,0.0,0.0,0.0,0.0,0.0,0.0,0.423206372178439
2023-02-02,14868,14991.0,-123.0,-0.0082049229537722,8,"cnbc_9610dc0b,cnbc_7623b84d,cnbc_e38023a5,cnbc_f56c2c3b,cnbc_f0213479,cnbc_7019f2e2,cnbc_e22a2381,cnbc_0ba6cbac",True,1,0.0020177562550443904,-0.0082049229537722,-6.670224119530417e-05,0.0008678817010481,0.0009355787222667,-0.006256015399422554,-0.020817829176572933,0.00389751872051361,0.005621706096664723,-0.006415396952686447,-0.04783861671469736,3,-0.037562500000000006,-0.5994,0.4404,0.40502503251562827,0.079,0.12887500000000002,-0.6678467365967365,-1.0,-0.23076923076923078,0.005457504040932852,0.007149110072752866,0.041365066846487684,8,0.0,0.0,0.0,0.0,0.0,0.0,0.0,0.0,0.0,0.5449229657055398,0.0,0.0,0.0,0.0,0.48176379198741226,0.0,0.3551254316112613,0.0,0.0,0.0,0.0,0.0,0.2515679918994781,0.0,0.5306242394116274,0.0,0.0,0.0,0.0,0.0
2023-02-03,14898,14868.0,30.0,0.0020177562550443,14,"cnbc_e1637bd8,cnbc_5f1767b4,cnbc_bc7a9764,cnbc_be5fbb28,cnbc_4ece7ae6,cnbc_cdd213b5,cnbc_d5cbe232,cnbc_d40a15d7,cnbc_a297bbcb,cnbc_0e54f065,cnbc_a909ec6b,cnbc_e0f6b3b9,cnbc_f15300d5,cnbc_776c49fc",True,1,0.010538327292253994,0.0020177562550443,-0.0082049229537722,-6.670224119530417e-05,6.676458806249166e-05,-0.0031848838454127115,-0.016536290721853697,0.004077235595551801,0.005691821759091102,-0.005341167044999318,-0.04561178731582316,4,-0.19321428571428573,-0.8126,0.3612,0.4019706262845637,0.07257142857142858,0.14578571428571427,-0.5269978727276864,-1.0,0.2,0.009132893750194401,0.005260936343044019,0.024732201281174704,14,0.0,0.4761763962506184,0.22201138770356163,0.28693906669516844,0.0,0.27359571225292983,0.24023491063361896,0.0,0.0,0.0,0.0,0.25687751620626154,0.0,0.2875907001742955,0.2678525006761402,0.0,0.0,0.2889053440060934,0.0,0.17851161597152077,0.0,0.0,0.29352773506724444,0.0,0.0,0.0,0.18976134686006946,0.22610949385660298,0.0,0.0
2023-02-06,15055,14898.0,157.0,0.0105383272922539,16,"cnbc_07169734,cnbc_de31ce9c,cnbc_689f2671,cnbc_60b65f34,cnbc_1ba71136,cnbc_129d2ea8,cnbc_eb9a1484,cnbc_b3ef9920,cnbc_c2783375,cnbc_797e8672,cnbc_acd1b4ca,cnbc_9e191239,cnbc_a9e58d7f,cnbc_25fd1185,cnbc_43ba2184,cnbc_c44f1455",True,1,0.005579541680504816,0.0105383272922539,0.0020177562550443,-0.0082049229537722,0.0008678817010481,0.006296454735041035,-0.0042660140877675,0.0066688977599682125,0.0063305206958725515,0.005073769944589079,-0.03709625839462749,0,-0.19748749999999998,-0.7713,0.7382,0.40160410003717173,0.0640625,0.17225,-0.6095787436247962,-1.0,1.0,0.006702743395937678,0.004050300587883675,0.027534278956663716,16,0.0,0.0,0.0,0.0,0.0,0.3023814694282627,0.4900297117773563,0.0,0.0,0.0,0.0,0.249677942125922,0.0,0.0,0.26034532780362757,0.249194911077868,0.0,0.28080811752595375,0.24494059708577787,0.2937752983938405,0.0,0.0,0.3244105951687212,0.0,0.0,0.0,0.3122889006076093,0.21977226327554442,0.0,0.0
2023-02-07,15139,15055.0,84.0,0.0055795416805048,9,"cnbc_c961f1bf,cnbc_1bb535c1,cnbc_845bc332,cnbc_a410cb83,cnbc_73ef9546,cnbc_54e5fad3,cnbc_9f8eb2ae,cnbc_29448ccd,cnbc_b226975f",True,0,-0.001122927538146509,0.0055795416805048,0.0105383272922539,0.0020177562550443,-6.670224119530417e-05,0.009926485303731747,0.0027321951946481793,0.006966428036029062,0.006522406046891034,0.009805229455709608,-0.02793116733016565,1,-0.09478888888888888,-0.4939,0.5423,0.3197318503232218,0.058,0.09488888888888888,-0.5872642973973887,-1.0,0.25,0.007099546193291484,0.006289952444603256,0.026190535089794655,9,0.0,0.31583299317487795,0.0,0.0,0.0,0.34936985877827537,0.26978665457444256,0.0,0.0,0.0,0.0,0.0,0.5609545688841006,0.0,0.0,0.28791840669388014,0.0,0.0,0.0,0.0,0.0,0.0,0.15707290499150925,0.0,0.33130880488404185,0.26551451231833106,0.0,0.0,0.0,0.320784924864123
2023-02-08,15122,15139.0,-17.0,-0.0011229275381465,11,"cnbc_d4788729,cnbc_ca0ef2f1,cnbc_f8874448,cnbc_3b3fbbe1,cnbc_a960f9f6,cnbc_3d48e965,cnbc_afbb99dd,cnbc_b6b1e673,cnbc_9f98c221,cnbc_21b63fc3,cnbc_360f9fdd",True,0,-0.00013225763787858748,-0.0011229275381465,0.0055795416805048,0.0105383272922539,-0.0082049229537722,0.0070323113396020265,0.0031576712837659837,0.007059130887750517,0.006499346948604328,0.008738576479220939,-0.029957020976329463,2,-0.07081818181818181,-0.6771,0.7506,0.37601728901257137,0.055090909090909086,0.07145454545454545,-0.6579916815210933,-1.0,-0.16666666666666666,0.004625300221498008,0.003954548563739182,0.021965417330852458,11,0.3084509192540697,0.0,0.26865007507372035,0.0,0.0,0.33107089414142893,0.29070187545165665,0.0,0.0,0.0,0.0,0.0,0.3569935328541703,0.0,0.0,0.0,0.23892139299524087,0.34959667231155667,0.30494281436603876,0.0,0.0,0.0,0.28656514008229605,0.0,0.0,0.28609853520116546,0.0,0.2736090843257353,0.0,0.0
2023-02-09,15120,15122.0,-2.0,-0.0001322576378785,4,"cnbc_da78c992,cnbc_5446677c,cnbc_7599e179,cnbc_215956dc",True,1,0.0013227513227513227,-0.0001322576378785,-0.0011229275381465,0.0055795416805048,0.0020177562550443,0.0035309422040512572,0.004380880892517425,0.004757824472862966,0.006479034612051052,0.016949152542372836,-0.02621240419913695,3,0.056575,0.0,0.2263,0.11315,0.05375,0.03275,-0.6680672268907563,-1.0,-0.14285714285714285,0.0042676180993472725,0.005711849957374254,0.02206055621717655,4,0.0,0.0,0.0,0.0,0.0,0.24888539561797954,0.45862577303921714,0.0,0.0,0.0,0.0,0.0,0.0,0.0,0.0,0.0,0.37693430215337986,0.0,0.0,0.0,0.0,0.0,0.0,0.0,0.0,0.0,0.0,0.0,0.536902579093844,0.5453206511537826
2023-02-10,15140,15120.0,20.0,0.0013227513227513,19,"cnbc_c9dc7c8b,cnbc_2b886bf3,cnbc_59031404,cnbc_87c8c4c3,cnbc_cbed73cf,cnbc_97d1958f,cnbc_8ab98c82,cnbc_be9936eb,cnbc_dab5981d,cnbc_32872a65,cnbc_36df3504,cnbc_88d9200a,cnbc_fc186f5f,cnbc_06aaa4d8,cnbc_95867030,cnbc_d76945f7,cnbc_5609d89b,cnbc_72189cac,cnbc_c3bf11a4",True,1,0.005019815059445178,0.0013227513227513,-0.0001322576378785,-0.0011229275381465,0.0105383272922539,0.0016407325076743806,0.006464908344551379,0.004817211197422411,0.006136798213295612,0.016243791112900974,-0.014707796433684805,4,-0.10713684210526316,-0.765,0.7096,0.41468707105549457,0.08773684210526315,0.14836842105263157,-0.531680892207208,-1.0,0.14285714285714285,0.0033590997472742147,0.00549255720200957,0.017761259225880434,19,0.0,0.2893609417732008,0.0,0.0,0.0,0.281498473420598,0.5187225014200669,0.0,0.0,0.0,0.2695380705589485,0.26429737539632514,0.3035396233791116,0.0,0.0,0.0,0.0,0.0,0.0,0.18366789073570003,0.24455009584741433,0.0,0.3434058616624228,0.0,0.0,0.0,0.19524256800473347,0.0,0.2893609417732008,0.0
2023-02-13,15216,15140.0,76.0,0.0050198150594451,18,"cnbc_ca2cde97,cnbc_347a5fde,cnbc_046bdad5,cnbc_1ae1b9fa,cnbc_a0999db2,cnbc_66f6c139,cnbc_46faee01,cnbc_57da5def,cnbc_64d18d33,cnbc_ba4e3f93,cnbc_33286871,cnbc_22d2896b,cnbc_22b31ec5,cnbc_e125642c,cnbc_5999dbbc,cnbc_cb914a29,cnbc_28788927,cnbc_6daa3c7d",True,0,-0.0031545741324921135,0.0050198150594451,0.0013227513227513,-0.0001322576378785,0.0055795416805048,0.004528830030236186,0.011386069512851593,0.0030249507938976553,0.005617127420629292,0.010694121554300828,0.0025696778019370647,0,-0.12687777777777778,-0.7003,0.4939,0.37283930705987645,0.06949999999999999,0.12777777777777777,-0.505279288612622,-1.0,0.7142857142857143,0.008072896690967514,0.006260612089826057,0.0175332753522276,18,0.0,0.24515044936145022,0.0,0.0,0.0,0.11364141084631563,0.49971188104967973,0.0,0.0,0.0,0.0,0.22391626162954997,0.0,0.0,0.0,0.22348306955174638,0.2914053873956663,0.0,0.0,0.15560588679040827,0.20718610300684254,0.0,0.25586370536248687,0.0,0.0,0.0,0.43163262515303713,0.33371294304525756,0.0,0.24899415253705054
2023-02-14,15168,15216.0,-48.0,-0.0031545741324921,7,"cnbc_42d62dd5,cnbc_d7fd1c59,cnbc_d268247e,cnbc_2ddc512f,cnbc_ebf081f0,cnbc_9a748de7,cnbc_ef60d15d",True,1,0.0017141350210970465,-0.0031545741324921,0.0050198150594451,0.0013227513227513,-0.0011229275381465,0.0009766913919171394,0.007696574907903653,0.0030590383273241496,0.005111137276006374,0.0019155822709557846,0.0099207670284307,1,-0.16864285714285712,-0.7783,0.4019,0.444570297617609,0.05114285714285714,0.11928571428571429,-0.42238349885408705,-0.8333333333333334,0.2727272727272727,0.006062749634183829,0.006504008115489117,0.018154106208876884,7,0.0,0.364510932301098,0.0,0.0,0.0,0.0,0.31136767565911955,0.0,0.0,0.0,0.3395398590701603,0.3329381018740181,0.0,0.0,0.0,0.0,0.255906153637934,0.0,0.0,0.23136831693864324,0.0,0.0,0.1812818555216447,0.0,0.0,0.0,0.4164279508206772,0.29305976954349483,0.364510932301098,0.0
2023-02-15,15194,15168.0,26.0,0.001714135021097,9,"cnbc_e3a06f85,cnbc_ae2de1a4,cnbc_23dc3450,cnbc_321c4a2e,cnbc_f8099818,cnbc_7d9be4de,cnbc_fbf69c6e,cnbc_32f9d262,cnbc_ffd9af0d",True,0,-0.0011846781624325392,0.001714135021097,-0.0031545741324921,0.0050198150594451,-0.0001322576378785,0.0017405522297528897,0.00928979716556566,0.002970899356279724,0.0047195657042682,0.004761274963629214,0.002639567110993779,2,-0.14875555555555556,-0.7351,0.1531,0.29007862775078375,0.024000000000000004,0.1051111111111111,-0.524494242141301,-1.0,0.0,0.006589601758133981,0.005752747295262355,0.020091342860947894,9,0.0,0.308020762057631,0.0,0.31426536492488305,0.5432322055211416,0.14278543670371432,0.2631133945179246,0.0,0.0,0.0,0.0,0.2813409386924644,0.5470791764042157,0.0,0.0,0.0,0.0,0.0,0.0,0.0,0.0,0.0,0.0,0.0,0.0,0.0,0.20783304137171082,0.0,0.0,0.0
2023-02-16,15176,15194.0,-18.0,-0.0011846781624325,12,"cnbc_07799dd1,cnbc_71545528,cnbc_5d99f5e1,cnbc_40245cbe,cnbc_8542cb3f,cnbc_8ba01047,cnbc_4be671f9,cnbc_2ecad117,cnbc_7ea6750b,cnbc_91c51176,cnbc_451fce8a,cnbc_0eba14e5",True,1,0.0015155508697944123,-0.0011846781624325,0.001714135021097,-0.0031545741324921,0.0013227513227513,-0.00018446781036707272,0.007963549657613811,0.0031015072099986234,0.004720472806249741,0.0037037037037037646,0.002576468256589859,3,-0.20578333333333332,-0.5994,0.5218,0.3328481003082155,0.036583333333333336,0.13991666666666666,-0.6481153721865797,-1.0,-0.2727272727272727,0.006768593016501006,0.004830022524352617,0.02263377669544278,12,0.0,0.0,0.23895304935221956,0.0,0.0,0.29447376735387704,0.0,0.0,0.0,0.0,0.0,0.0,0.3175308745069857,0.0,0.0,0.2759449254485216,0.35981176588222824,0.0,0.0,0.19213381539753763,0.2558223039573698,0.2894794774744021,0.3592346934828473,0.0,0.0,0.2544727277026147,0.0,0.4120508697796823,0.0,0.0
2023-02-17,15199,15176.0,23.0,0.0015155508697944,5,"cnbc_b38ea086,cnbc_13da3358,cnbc_32cf27ea,cnbc_f0b2d678,cnbc_828fb7ed",True,0,-0.002039607868938746,0.0015155508697944,-0.0011846781624325,0.001714135021097,0.0050198150594451,0.0005529735494318455,0.009202942816923798,0.003111691177519883,0.004711759207642312,0.003896961690885048,0.005690465162442981,4,-0.04762,-0.4404,0.2023,0.23639962351915877,0.024399999999999998,0.048799999999999996,-0.4904761904761905,-1.0,0.7142857142857143,0.006912993852127632,0.005113907572141462,0.011400235569830917,5,0.0,0.0,0.30140795687429284,0.0,0.0,0.2996755069747653,0.3261486463957443,0.0,0.0,0.0,0.0,0.3487430447939596,0.0,0.0,0.3636429455603569,0.0,0.0,0.3922247879609303,0.0,0.0,0.3226863108367733,0.0,0.18988750733143617,0.40631636248807596,0.0,0.0,0.0,0.0,0.0,0.0
2023-02-20,15168,15199.0,-31.0,-0.0020396078689387,32,"cnbc_5e89b37a,cnbc_5f5f5f82,cnbc_4145303e,cnbc_99619f03,cnbc_a427b90c,cnbc_0a500498,cnbc_5caadb8b,cnbc_5c1f9242,cnbc_4af8de51,cnbc_690e0f7d,cnbc_d67791fc,cnbc_e2e9aee9,cnbc_1cae12e2,cnbc_7e1e726a,cnbc_276adece,cnbc_4512c7d3,cnbc_004be487,cnbc_aa1ded70,cnbc_6865eb4d,cnbc_391357b8,cnbc_71c00a1d,cnbc_903993b9,cnbc_876c2380,cnbc_d3c47754,cnbc_9e01468a,cnbc_25993863,cnbc_1167864d,cnbc_ee517d42,cnbc_7fbc8984,cnbc_752c9e0a,cnbc_4ac29438,cnbc_5fce94e8",True,1,0.0007252109704641351,-0.0020396078689387,0.0015155508697944,-0.0011846781624325,-0.0031545741324921,-0.000856333574863366,0.006987435893180294,0.002166015590557098,0.0047399469818908664,-0.003154574132492094,0.0031082600357119627,0,-0.073246875,-0.7845,0.5423,0.3768952091757028,0.08621875,0.10225,-0.660067653603721,-1.0,0.42857142857142855,0.007613087350327692,0.004659932190916131,0.026795458086169035,32,0.0,0.0,0.21139543314470832,0.0,0.0,0.24213453116850298,0.3771722689043306,0.0,0.1643598197642501,0.0,0.2494443707244099,0.14446137059451605,0.0,0.0,0.35945568610778755,0.1441818932540372,0.0,0.1624730049697634,0.0,0.26196247626157715,0.13366777468812108,0.0,0.2741155789146313,0.16831022007817922,0.0,0.13296261781964447,0.34119804540314635,0.21529757949069628,0.2677894736100105,0.16064057288090858
2023-02-21,15179,15168.0,11.0,0.0007252109704641,9,"cnbc_82bc675d,cnbc_3c549ffa,cnbc_58bc0f10,cnbc_4d790149,cnbc_2cdf8f17,cnbc_dc08cd31,cnbc_b80c61b1,cnbc_7ee41705,cnbc_844accb2",True,1,0.0025693392186573556,0.0007252109704641,-0.0020396078689387,0.0015155508697944,0.001714135021097,-0.00027662152905849613,0.006885480789641241,0.0016746483535186125,0.003659856136093559,0.0007252109704640741,0.01667782987273947,1,0.0713,-0.7506,0.836,0.5166572219566857,0.138,0.12877777777777777,-0.50489417989418,-1.0,0.14285714285714285,0.010376308651687713,0.006827807791428684,0.02010105946686827,9,0.0,0.0,0.0,0.0,0.0,0.15123103740464855,0.0,0.30694779175432807,0.0,0.0,0.0,0.2979819441330477,0.0,0.0,0.0,0.0,0.22903780837164917,0.0,0.0,0.3506106058400353,0.0,0.3119926122730202,0.27471065197360167,0.0,0.0,0.0,0.37270594647602323,0.44409651548891266,0.0,0.33135494988524505
2023-02-22,15218,15179.0,39.0,0.0025693392186573,10,"cnbc_ad44dc19,cnbc_0de7ea16,cnbc_a81de8bf,cnbc_bbb9e12a,cnbc_1d124337,cnbc_92e4eb5c,cnbc_2bdf9fb1,cnbc_cbb0926c,cnbc_a49a3a2d,cnbc_68d1a17e",True,0,-0.0020370613746878694,0.0025693392186573,0.0007252109704641,-0.0020396078689387,-0.0011846781624325,0.001975243613379085,0.008602749168224122,0.0019029470669471146,0.003673515228219771,0.001579570883243342,0.017382002941569663,2,-0.08422,-0.7003,0.7579,0.46366874861742025,0.0775,0.1136,-0.5883116883116883,-1.0,-0.3333333333333333,0.012897628927688448,0.005793676586801194,0.02422809932548525,10,0.0,0.0,0.4526760400457058,0.0,0.0,0.0,0.0,0.0,0.0,0.0,0.0,0.0,0.0,0.0,0.0,0.0,0.0,0.0,0.24484246002382745,0.4138762843649597,0.23093040931835324,0.0,0.13589296576845403,0.0,0.0,0.2297121488614039,0.3869189591529128,0.46103198288374936,0.0,0.27752981850022324
2023-02-23,15187,15218.0,-31.0,-0.0020370613746878,10,"cnbc_ea859370,cnbc_156e2fcc,cnbc_afead732,cnbc_21c6039a,cnbc_305b955d,cnbc_8e1dd6f9,cnbc_85937e41,cnbc_41731fe3,cnbc_f6edf47b,cnbc_8c1bd6a3",True,1,0.00190952788569171,-0.0020370613746878,0.0025693392186573,0.0007252109704641,0.0015155508697944,-0.00021066213743070605,0.005804885640772639,0.002099188192426572,0.0037298632339606997,0.0007248286768581913,0.01490243250467782,3,0.01312000000000001,-0.836,0.5267,0.46471668740809763,0.0769,0.0876,-0.25389355742296915,-1.0,0.6,0.006769268705708728,0.007019221322553892,0.015948826260391888,10,0.0,0.32336308658339247,0.0,0.5586009662858621,0.0,0.14989749140037495,0.0,0.0,0.3360371619680052,0.34834850404746026,0.0,0.0,0.0,0.33066796879772753,0.0,0.2947829602499905,0.0,0.0,0.0,0.0,0.0,0.0,0.16081783877642855,0.0,0.0,0.0,0.0,0.0,0.32336308658339247,0.0
2023-02-24,15216,15187.0,29.0,0.0019095278856917,8,"cnbc_f1eaa7a2,cnbc_148f75f2,cnbc_8fda1d4d,cnbc_1720db05,cnbc_9f631e9e,cnbc_3885274a,cnbc_8003870b,cnbc_b2689533",True,1,0.003811777076761304,0.0019095278856917,-0.0020370613746878,0.0025693392186573,-0.0020396078689387,0.0014743049705139288,0.006931921581603051,0.0021696278993873818,0.003738809106080443,0.001118494637805112,0.015889971958872984,4,0.058550000000000005,-0.2023,0.4404,0.18394567521029526,0.06825,0.05075,-0.3034147869674185,-0.8095238095238095,0.42857142857142855,0.00868416132468073,0.009770277421381679,0.022066431192917426,8,0.0,0.0,0.0,0.0,0.0,0.5120055649245785,0.0,0.0,0.0,0.0,0.4902512983756633,0.0,0.0,0.0,0.0,0.0,0.0,0.0,0.0,0.0,0.0,0.0,0.5493062467119388,0.0,0.0,0.4424552104456249,0.0,0.0,0.0,0.0
2023-02-27,15274,15216.0,58.0,0.0038117770767613,27,"cnbc_0f97dedf,cnbc_2f11255d,cnbc_fa312fe4,cnbc_4488f307,cnbc_c1290384,cnbc_29ea0d30,cnbc_c383439d,cnbc_5c52dca4,cnbc_0ff99f4c,cnbc_c026d842,cnbc_33c023b9,cnbc_ba4643b9,cnbc_ebc560a9,cnbc_a18ab790,cnbc_6817f20f,cnbc_90c8cc09,cnbc_17ac3366,cnbc_5139687d,cnbc_8b365bec,cnbc_1d67620b,cnbc_547d8f72,cnbc_5be3234f,cnbc_43fabaea,cnbc_539d7a9f,cnbc_5fa76bea,cnbc_c9931d43,cnbc_e34ef648",True,0,-0.0022260049757758284,0.0038117770767613,0.0019095278856917,-0.0020370613746878,0.0007252109704641,0.0038909482871940515,0.009784477059368024,0.002219925828127595,0.0037937836202485377,0.006988396624472593,0.019694238600707736,0,-0.25104444444444446,-0.91,0.4404,0.4362474732863424,0.06918518518518518,0.2002962962962963,-0.4497128885587778,-0.8947368421052632,0.6666666666666666,0.00509457993989866,0.006906513309608587,0.02036393375531458,27,0.0,0.1463063983683215,0.2423804739006801,0.14927251451141835,0.15239619572820343,0.1423309847554648,0.0,0.0,0.0,0.0,0.13628357747582698,0.0,0.15347540959236533,0.0,0.0,0.22582393216286425,0.21555877266479842,0.0,0.2219686130064908,0.29691339539970474,0.0,0.0,0.1527000962154687,0.0,0.2598564570365962,0.12299687762610317,0.3156247592360212,0.3996860166160608,0.24771826589520374,0.3877633348778275
2023-02-28,15240,15274.0,-34.0,-0.0022260049757758,7,"cnbc_10ad83a5,cnbc_9d0aba4f,cnbc_5671748b,cnbc_725e5e4f,cnbc_78ea1593,cnbc_4d67383e,cnbc_309b71ce",True,1,0.0006561679790026247,-0.0022260049757758,0.0038117770767613,0.0019095278856917,0.0025693392186573,0.0008537466342681821,0.006711409395973256,0.002767575012972908,0.0038611799622419534,0.004018710059951358,0.016542155816435367,1,0.00614285714285714,-0.4767,0.4939,0.28035144525602657,0.06942857142857142,0.05914285714285715,-0.21577829512371752,-1.0,1.0,0.006401848565463685,0.009714644010032763,0.021591401921111635,7,0.0,0.0,0.0,0.0,0.0,0.29705128272631975,0.4416243138811289,0.0,0.3173161408819724,0.0,0.28443006681418914,0.0,0.0,0.0,0.0,0.0,0.21437072094195397,0.0,0.2736080270677909,0.19381555386681898,0.0,0.0,0.31869209315995994,0.0,0.0,0.0,0.3488386612387279,0.24549403436779765,0.3053481529762912,0.0
2023-03-01,15250,15240.0,10.0,0.0006561679790026,12,"cnbc_469427f0,cnbc_6976f1ca,cnbc_b4111fe6,cnbc_ac51a207,cnbc_0a4bb43f,cnbc_fb5b6283,cnbc_b25f8b9f,cnbc_d4a74f1c,cnbc_adaeaeb3,cnbc_93c9d967,cnbc_6c19ec5c,cnbc_0e3cb392",True,1,0.0015081967213114755,0.0006561679790026,-0.0022260049757758,0.0038117770767613,-0.0020370613746878,0.0010897107671301587,0.00651097096958364,0.0025892601161259894,0.003855746034249095,0.002102773031935845,0.01727703288639848,2,-0.21871666666666667,-0.7003,0.3182,0.31790573169168285,0.06791666666666667,0.1685,-0.3173881673881674,-1.0,1.0,0.0065645687450858635,0.00800509460319068,0.023113096549898658,12,0.0,0.0,0.0,0.0,0.0,0.30626153619710667,0.0,0.0,0.0,0.0,0.36347456683881835,0.0,0.0,0.0,0.0,0.35571792952809855,0.27394538773639554,0.0,0.0,0.0,0.32977805314923225,0.0,0.3285733329586891,0.0,0.0,0.0,0.44578262316132417,0.0,0.0,0.3963239120651814
2023-03-02,15273,15250.0,23.0,0.0015081967213114,15,"cnbc_fb301739,cnbc_f50389dd,cnbc_3a99e3c1,cnbc_3fe4089d,cnbc_2a14f43d,cnbc_8df3df99,cnbc_68e837d1,cnbc_031c6290,cnbc_5dfc0255,cnbc_75cb94cd,cnbc_489daba2,cnbc_5ecf5239,cnbc_d698db47,cnbc_acb6be05,cnbc_92a92744",True,1,0.002160675702219603,0.0015081967213114,0.0006561679790026,-0.0022260049757758,0.0019095278856917,0.00146879467037353,0.006683540298979551,0.002203967574304556,0.0032111912538489514,0.00566273786791327,0.02723970944309917,3,0.05760666666666667,-0.5574,0.6597,0.4224838280365072,0.1202,0.09086666666666667,-0.3816985344862583,-1.0,0.75,0.007169718167300712,0.009825253961922261,0.02525387370514757,15,0.0,0.0,0.0,0.0,0.0,0.24343898071370335,0.0,0.29182264616747877,0.32232081504316384,0.3341296334193379,0.28891606554748517,0.0,0.0,0.317170781312868,0.0,0.0,0.3686857643230114,0.31862064256021294,0.0,0.19687239078591875,0.0,0.2966188783370949,0.15425358482474588,0.0,0.0,0.2607487609038024,0.0,0.0,0.0,0.0
2023-03-03,15306,15273.0,33.0,0.0021606757022196,8,"cnbc_74323e34,cnbc_15132eaa,cnbc_8230e3f6,cnbc_4bfebf4d,cnbc_ad2f1954,cnbc_0a0c0189,cnbc_535778c8,cnbc_6c033492",True,0,-0.0003266692800209068,0.0021606757022196,0.0015081967213114,0.0006561679790026,0.0038117770767613,0.0024494714643124027,0.00750394944707744,0.0022288413470767203,0.003212915058742054,0.005914826498422787,0.027386226339105812,4,-0.137825,-0.5994,0.2617,0.34754486144134794,0.04975,0.09475,-0.5896464646464646,-1.0,0.0,0.010633106988814242,0.006275427554691822,0.023667727182549163,8,0.0,0.0,0.0,0.0,0.0,0.2583497177146369,0.47606585636388954,0.0,0.0,0.0,0.0,0.0,0.0,0.3365976212161234,0.0,0.0,0.23108913535056302,0.0,0.2949462600220937,0.0,0.0,0.31478690578869584,0.0,0.35028460821281543,0.0,0.0,0.22209764750096733,0.26463970399734316,0.0,0.3343226579380278
2023-03-06,15301,15306.0,-5.0,-0.0003266692800209,20,"cnbc_dd180737,cnbc_53ffcdd2,cnbc_59079562,cnbc_54853906,cnbc_25b8ae4d,cnbc_60986b68,cnbc_a36df73d,cnbc_1fd09529,cnbc_9a8bffb8,cnbc_8cd3cf90,cnbc_c40ffccd,cnbc_ce86cb00,cnbc_17ca7062,cnbc_ca9462c4,cnbc_f679b4d0,cnbc_ad11e0a9,cnbc_a877af81,cnbc_95114766,cnbc_f0a22660,cnbc_2392a376",True,1,0.0037906019214430427,-0.0003266692800209,0.0021606757022196,0.0015081967213114,-0.0022260049757758,0.001767709833704334,0.00636004288260561,0.001718086717549006,0.002392560642074035,0.001767709833704334,0.0163400863500498,0,-0.047964999999999994,-0.8316,0.5574,0.43180736844959977,0.0793,0.10169999999999998,-0.26901709401709406,-0.8333333333333334,1.0,0.007209594059568135,0.008952308216922722,0.019906348297637187,20,0.0,0.0,0.0,0.0,0.0,0.3473159586871643,0.20783171355749627,0.0,0.0,0.0,0.22663608411580274,0.0,0.5356197038362865,0.0,0.0,0.0,0.0,0.0,0.21801299887822298,0.2614790465982119,0.20562540934595325,0.23267844567159285,0.20487423418447073,0.2589169901379284,0.0,0.0,0.27795735189624615,0.1956115513598452,0.0,0.24711852675991894
2023-03-07,15359,15301.0,58.0,0.003790601921443,7,"cnbc_395f4c1e,cnbc_9b5c86c0,cnbc_05bc141d,cnbc_d2baf1f9,cnbc_b3ffef04,cnbc_fa7caea8,cnbc_46634461",True,1,0.005989973305553747,0.003790601921443,-0.0003266692800209,0.0021606757022196,0.0006561679790026,0.004000575246113858,0.0094444407931491,0.001558483941725749,0.002233128017581106,0.00780839895013119,0.01453200343483707,1,-0.17191428571428571,-0.5499,0.7003,0.4368316206067331,0.056,0.14742857142857144,-0.3095238095238095,-0.6666666666666666,0.0,0.009363193923901543,0.010274120190970848,0.019049857266001304,7,0.0,0.0,0.0,0.0,0.0,0.2502225704351045,0.0,0.0,0.0,0.0,0.0,0.0,0.0,0.0,0.0,0.0,0.0,0.5545043801006243,0.0,0.0,0.0,0.5162140969173726,0.2684518107309401,0.0,0.0,0.0,0.0,0.0,0.5397871702376157,0.0
2023-03-08,15451,15359.0,92.0,0.0059899733055537,12,"cnbc_f75d6d6c,cnbc_044dbdc4,cnbc_be7f1b6e,cnbc_221a1bb8,cnbc_4bb4bd40,cnbc_9ab3ddc8,cnbc_bec55e3e,cnbc_07ddf136,cnbc_25fa1af8,cnbc_c052a6c9,cnbc_87b0d21e,cnbc_a820a0fb",True,0,-0.0008413694906478545,0.0059899733055537,0.003790601921443,-0.0003266692800209,0.0015081967213114,0.007367322988655722,0.014394275116122568,0.0023904429691299456,0.0024766280336689455,0.013180327868852482,0.02175638143102754,2,-0.18144166666666664,-0.7845,0.3818,0.39020085610626304,0.06516666666666666,0.15091666666666667,-0.5637040981893923,-1.0,0.2,0.005141948935867534,0.005743148904962393,0.026124752606904694,12,0.2713318468784927,0.0,0.0,0.0,0.0,0.29122972747931813,0.0,0.0,0.0,0.0,0.0,0.0,0.3140328283904827,0.0,0.28511634971988065,0.2729050066490265,0.44106434538341244,0.30752610817391285,0.0,0.0,0.0,0.28629045667899483,0.14888239579161605,0.3185746884916041,0.0,0.0,0.0,0.0,0.0,0.30405771224633465
2023-03-09,15438,15451.0,-13.0,-0.0008413694906478,11,"cnbc_a0b7098a,cnbc_8d60bb13,cnbc_5d5634ad,cnbc_5ecdb392,cnbc_a9462f8b,cnbc_567c56f8,cnbc_92349100,cnbc_23e929cd,cnbc_293a301f,cnbc_712b4925,cnbc_6756d7bd",True,1,0.00194325689856199,-0.0008413694906478,0.0059899733055537,0.003790601921443,0.0021606757022196,0.004358857588966147,0.012483890960246269,0.0028512785734623645,0.002499857748167577,0.010803378511097916,0.021031746031745957,3,0.06850909090909091,-0.5574,0.5994,0.32160083163619296,0.09027272727272728,0.06981818181818182,-0.2683778342869252,-1.0,0.6,0.007070599892413482,0.007217025433870214,0.014834179859672942,11,0.2616799905609522,0.0,0.22791421494057584,0.0,0.0,0.31937230425311497,0.0,0.27164193706181844,0.0,0.0,0.45534883659594544,0.5534195110420778,0.0,0.0,0.0,0.0,0.0,0.0,0.0,0.1832578735386645,0.24400416621087043,0.0,0.24311278868345854,0.0,0.0,0.0,0.1948067116873627,0.0,0.0,0.0
2023-03-10,15468,15438.0,30.0,0.0019432568985619,10,"cnbc_e256e704,cnbc_ca4f7dad,cnbc_e2de97ec,cnbc_465d5651,cnbc_28c6e69a,cnbc_2e97316b,cnbc_38dd6f69,cnbc_cc0cfcdb,cnbc_a482e4a1,cnbc_0f3cdafb",True,0,-0.006077062322213602,0.0019432568985619,-0.0008413694906478,0.0059899733055537,-0.0003266692800209,0.004193879273407086,0.01336146042498565,0.002852821027946573,0.0025073362107383684,0.010584084672677463,0.021664464993395027,4,-0.1749,-0.836,0.2023,0.2897243517552503,0.0319,0.1564,-0.5283916083916085,-1.0,0.0,0.00471046546020501,0.006587951175388407,0.018945029026833548,10,0.0,0.0,0.0,0.0,0.0,0.4439600292666964,0.0,0.0,0.0,0.0,0.37384892758928506,0.0,0.4210090338845788,0.0,0.0,0.0,0.0,0.0,0.3596246650180478,0.25474710804947487,0.0,0.0,0.33795153600255784,0.0,0.0,0.0,0.27080116926333914,0.32267222135107204,0.0,0.0
2023-03-13,15374,15468.0,-94.0,-0.0060770623222136,25,"cnbc_9ccab0a8,cnbc_81928166,cnbc_f5daf61e,cnbc_38e29dfc,cnbc_60fcb6ef,cnbc_3c39fb16,cnbc_0bedc6e6,cnbc_711e5c57,cnbc_60e17acf,cnbc_5853a174,cnbc_44e6941a,cnbc_c994ba52,cnbc_2823c238,cnbc_c9320805,cnbc_640740ee,cnbc_b66e331a,cnbc_e8a736ab,cnbc_39f3b6e9,cnbc_535f92c8,cnbc_ea7f1fe5,cnbc_40ce3123,cnbc_5b7aeb9a,cnbc_de887ea0,cnbc_c70ab736,cnbc_fc4a7a39",True,1,0.00039026928580720695,-0.0060770623222136,0.0019432568985619,-0.0008413694906478,0.003790601921443,-0.0028538072382928714,0.006682185313597655,0.004664892955811227,0.00279930525975003,0.004770930004574847,0.010383806519453254,0,-0.053716,-0.9325,0.5994,0.4237612384743717,0.0892,0.13212,-0.3324593418277629,-1.0,1.0,0.00600225696972943,0.00828576455171928,0.016594171531581013,25,0.16755216018640992,0.0,0.24708457866534705,0.31934496302356213,0.4041027887357704,0.2236143760198914,0.0,0.0,0.3252673023415154,0.0,0.1721983697281506,0.0,0.19392076297566468,0.0,0.0,0.0,0.21974232356409137,0.0,0.0,0.19867209459582982,0.26452789097214313,0.2993304120534467,0.15566368993493074,0.0,0.0,0.32614581366024303,0.21119233081185254,0.0,0.0,0.0
2023-03-14,15380,15374.0,6.0,0.0003902692858072,8,"cnbc_61d52ae6,cnbc_f209606e,cnbc_99943b50,cnbc_38edf091,cnbc_24f913de,cnbc_90dd3bf2,cnbc_3d611621,cnbc_e271e3d0",True,0,-0.0009752925877763329,0.0003902692858072,-0.0060770623222136,0.0019432568985619,0.0059899733055537,-0.0027363151820103404,0.006376553651059602,0.0043889658161956405,0.0026632934682226865,0.0013672765153980304,0.013976793248945185,1,-0.078,-0.5574,0.4497,0.3658300542211213,0.053625,0.095125,-0.08985805860805862,-1.0,1.0,0.0051866764818581015,0.009290157410883312,0.010094026969448352,8,0.2926485253802419,0.322882969130048,0.254886736936117,0.0,0.0,0.2534216843662539,0.0,0.0,0.0,0.0,0.0,0.2949158265047777,0.0,0.0,0.0,0.29434527750252554,0.2266810989279552,0.0,0.0,0.0,0.0,0.0,0.2718839868374291,0.0,0.0,0.2714412868100526,0.0,0.0,0.0,0.5552598921762953
2023-03-15,15365,15380.0,-15.0,-0.0009752925877763,4,"cnbc_0a1ec45d,cnbc_4ff2bd9d,cnbc_b138bb45,cnbc_b9cf16e5",True,1,0.0034493979824275953,-0.0009752925877763,0.0003902692858072,-0.0060770623222136,-0.0008413694906478,-0.0025965595585848433,0.004832876640660233,0.0030139335331110977,0.002677126765653218,-0.005565982784285772,0.011254442543109144,2,0.329175,0.0772,0.6597,0.2587864161169721,0.2825,0.121,-0.23409090909090907,-0.6363636363636364,0.5,0.004431269764296408,0.007929621332602603,0.01593806403286295,4,0.5148206190528674,0.0,0.0,0.0,0.0,0.0,0.0,0.0,0.0,0.0,0.0,0.0,0.0,0.0,0.0,0.5178055067328526,0.3987722252351836,0.0,0.0,0.0,0.0,0.0,0.28248702851987,0.0,0.0,0.477513328080118,0.0,0.0,0.0,0.0
2023-03-16,15418,15365.0,53.0,0.0034493979824275,11,"cnbc_a7651ac2,cnbc_0a127ffe,cnbc_2aeb4677,cnbc_42156d4f,cnbc_2cce0adf,cnbc_7741621f,cnbc_6e85e54f,cnbc_f2869ba1,cnbc_30fd19cd,cnbc_7495c77e,cnbc_7fd04b90",True,0,-0.003502399792450383,0.0034493979824275,-0.0009752925877763,0.0003902692858072,0.0019432568985619,0.0011038244269852004,0.007501698991060568,0.0036533031337378295,0.002718116894324398,-0.001295504599041375,0.01594623089088043,3,-0.09610000000000002,-0.7096,0.3252,0.28557676025895384,0.045181818181818184,0.08572727272727274,-0.3464449020715005,-1.0,0.3333333333333333,0.006558903651544956,0.008486282194758797,0.024371435241777904,11,0.0,0.0,0.0,0.4313349260796918,0.0,0.19597560743155462,0.3611279168548931,0.23492589468329145,0.25947782615063375,0.0,0.0,0.0,0.0,0.0,0.0,0.38539850904615747,0.0,0.2564990774398814,0.0,0.15848811992910636,0.21102373835780053,0.0,0.2606029788295579,0.0,0.0,0.20991049442999662,0.0,0.0,0.24969128495379528,0.2536061836920863
2023-03-17,15364,15418.0,-54.0,-0.0035023997924503,8,"cnbc_00319ba2,cnbc_7aa6ca3b,cnbc_eb6d35d5,cnbc_10a08489,cnbc_05b6239e,cnbc_3f4daaa4,cnbc_3dd4948b,cnbc_dafa5bed",True,1,0.000520697734964853,-0.0035023997924503,0.0034493979824275,-0.0009752925877763,-0.0060770623222136,-0.001053302297759462,0.0034320720767790913,0.00364626051979319,0.0028751468878288784,-0.006723558313938449,0.010855977366932112,4,-0.105975,-0.765,0.0951,0.2767339658537471,0.04,0.079,-0.4125,-1.0,0.5,0.005468958488210289,0.006219163496391806,0.01386559810297096,8,0.0,0.0,0.0,0.0,0.0,0.22766498090677056,0.7103133685279749,0.0,0.0,0.0,0.0,0.0,0.0,0.0,0.0,0.0,0.0,0.0,0.0,0.0,0.0,0.0,0.0,0.522641640178797,0.0,0.41287926917002993,0.0,0.0,0.0,0.0
2023-03-20,15372,15364.0,8.0,0.0005206977349648,15,"cnbc_2a995a7f,cnbc_6e217374,cnbc_a3c61c2f,cnbc_7162382f,cnbc_9c577a29,cnbc_00e0bc14,cnbc_d2ae91dc,cnbc_6c1ce1dd,cnbc_5369a502,cnbc_37067f7e,cnbc_01453708,cnbc_a101e0a5,cnbc_07331327,cnbc_8dc0d501,cnbc_7666933f",True,0,-0.0014962269060629716,0.0005206977349648,-0.0035023997924503,0.0034493979824275,0.0003902692858072,-0.0005071587406857425,0.003286199593385941,0.002526708802130958,0.0028103282510701585,-0.00013008976193573663,0.013449367088607556,0,-0.06671999999999999,-0.8658,0.6486,0.42200699757231513,0.09913333333333332,0.11159999999999999,-0.4326210935034464,-1.0,1.0,0.005431480619133784,0.006040553657708642,0.02251107129294685,15,0.0,0.0,0.0,0.0,0.0,0.29267592630367717,0.2260070725850924,0.24893534753559476,0.0,0.0,0.0,0.0,0.0,0.0,0.2519890194258025,0.0,0.18575017627564833,0.0,0.4975363458336743,0.16793932089948166,0.37860095340524136,0.0,0.31399798282367325,0.0,0.0,0.0,0.37465012083085697,0.21271822923423359,0.0,0.0
2023-03-21,15349,15372.0,-23.0,-0.0014962269060629,4,"cnbc_64efd81f,cnbc_22550618,cnbc_726b325d,cnbc_23a43a8f",True,0,-0.010424131865268096,-0.0014962269060629,0.0005206977349648,-0.0035023997924503,-0.0009752925877763,-0.0016001457043243184,0.001229603102383292,0.0025895513938553514,0.002851706963222939,-0.0020156046814043815,0.011199683773634561,1,0.09092499999999999,-0.296,0.6597,0.4040423523592545,0.08225,0.049,-0.5528083028083028,-1.0,-0.14285714285714285,0.00936613611633911,0.006583713727398414,0.02601312750113221,4,0.0,0.0,0.0,0.0,0.0,0.4911101467423695,0.0,0.0,0.6502451756488882,0.0,0.0,0.0,0.0,0.0,0.0,0.0,0.0,0.0,0.0,0.39716740698196307,0.0,0.0,0.0,0.0,0.0,0.0,0.4221967386696141,0.0,0.0,0.0
2023-03-24,15189,15349.0,-160.0,-0.010424131865268,26,"cnbc_bb470a85,cnbc_4080910c,cnbc_1bdd3987,cnbc_68b71fd9,cnbc_e0006958,cnbc_e25093ec,cnbc_8928fb5f,cnbc_ff9a7fd5,cnbc_7b8ede96,cnbc_1c3e93ac,cnbc_72adec0d,cnbc_aeb61b7b,cnbc_19bd2ea6,cnbc_a1a188ac,cnbc_e1410941,cnbc_a386a625,cnbc_3c443dde,cnbc_9b216ad2,cnbc_b08bac84,cnbc_41c916f4,cnbc_870abb39,cnbc_442c3fb0,cnbc_d9089ba6,cnbc_24c97fce,cnbc_bf3d940f,cnbc_3de314f6",True,0,-0.0009875567845151097,-0.010424131865268,-0.0014962269060629,0.0005206977349648,0.0034493979824275,-0.009740259740259716,-0.009113623464481746,0.005222662149776667,0.0037184301691546694,-0.01145460462089165,-0.0019056380601918388,4,0.06827307692307692,-0.5994,0.7037,0.3579023683159331,0.09338461538461539,0.06988461538461538,-0.31284195944829424,-1.0,0.6666666666666666,0.008379302670359698,0.008687464400123036,0.02036877716383049,26,0.18420120140714805,0.4265043531197934,0.0,0.20735178854092584,0.21169083842731692,0.2901129691394066,0.0,0.0,0.2111971839349758,0.0,0.0,0.31429604025398716,0.2131899551648126,0.0,0.1935591961040292,0.18526918484908983,0.2415773091523946,0.0,0.0,0.3366135188176444,0.0,0.19435627140107742,0.10107297204029021,0.0,0.0,0.17085276980961567,0.13712791053708737,0.0,0.20323160948918081,0.2064180690074507
2023-03-27,15174,15189.0,-15.0,-0.0009875567845151,24,"cnbc_7b658f10,cnbc_63a572d8,cnbc_fe067cad,cnbc_5ccf1112,cnbc_ccf14514,cnbc_6282d6ff,cnbc_43686de0,cnbc_6b19f67b,cnbc_9579fc88,cnbc_c9ae9b71,cnbc_9691c4aa,cnbc_f7695875,cnbc_3a38fa89,cnbc_722f0cf1,cnbc_5ba0e393,cnbc_62574e34,cnbc_0d1caf7a,cnbc_80f51710,cnbc_b47aab21,cnbc_70a7625f,cnbc_e7991a52,cnbc_898bcc3a,cnbc_a45b4bc3,cnbc_ad1b7479",True,0,-0.005667589297482536,-0.0009875567845151,-0.010424131865268,-0.0014962269060629,-0.0035023997924503,-0.0075606948514023165,-0.010050202080499449,0.004298791381287846,0.0036968312883842096,-0.01582565832144245,-0.0008559952591031816,0,-0.20624166666666666,-0.8885,0.7003,0.4144754966446636,0.0605,0.15995833333333334,-0.5786326445293837,-1.0,0.3333333333333333,0.005227985206929762,0.00727731624181633,0.029689376098257596,24,0.0,0.0,0.16706462307232742,0.0,0.0,0.2738825211203256,0.18077791057911552,0.0,0.0,0.0,0.0,0.32728797483799205,0.0,0.0,0.20156027817901795,0.0,0.1485773359777106,0.0,0.49483783830607675,0.13433083836282755,0.3753552854586054,0.0,0.22088101393141502,0.2252133309655806,0.0,0.0,0.3407540394972189,0.1701484674050443,0.0,0.21495069336801925
2023-03-28,15088,15174.0,-86.0,-0.0056675892974825,12,"cnbc_61c59010,cnbc_a862a083,cnbc_14b1613e,cnbc_5b073963,cnbc_16826f2a,cnbc_20bef64d,cnbc_7a977abb,cnbc_2251b459,cnbc_c82d0be3,cnbc_ef7cd60e,cnbc_a5263aa7,cnbc_f3f1d4ca",True,1,0.00039766702014846237,-0.0056675892974825,-0.0009875567845151,-0.010424131865268,0.0005206977349648,-0.00960983038386809,-0.015249663058482632,0.004446177320503438,0.003871074090819705,-0.017964071856287456,-0.008412197686645584,1,-0.06479166666666665,-0.8225,0.7506,0.4841485505659926,0.06741666666666667,0.13591666666666666,-0.4621836496836497,-1.0,0.5,0.006144858305465031,0.008482861404558664,0.022125789652794728,12,0.0,0.0,0.0,0.0,0.0,0.3613557128180651,0.0,0.0,0.0,0.4001495183502828,0.0,0.0,0.0,0.6431246978108888,0.0,0.0,0.26077680581730317,0.0,0.0,0.2357719413967271,0.0,0.0,0.18473218624689106,0.0,0.0,0.0,0.0,0.0,0.37144865514041714,0.0
2023-03-29,15094,15088.0,6.0,0.0003976670201484,5,"cnbc_615b8295,cnbc_fb1d6bf9,cnbc_55933ff7,cnbc_2379c226,cnbc_4bbb3de8",True,0,-0.002120047701073274,0.0003976670201484,-0.0056675892974825,-0.0009875567845151,-0.0014962269060629,-0.005586739399689011,-0.01427904379712197,0.004417845582055164,0.00374819206084315,-0.01808482956023938,-0.01178473222469556,2,-0.12918000000000002,-0.34,0.0,0.1415936509876061,0.060399999999999995,0.1034,-0.5314285714285714,-1.0,0.2,0.0030847665847665846,0.003173181910089641,0.023676026860303012,5,0.0,0.0,0.0,0.47575387297682703,0.0,0.21615721011036884,0.0,0.0,0.8204599411079455,0.0,0.0,0.0,0.0,0.0,0.0,0.0,0.0,0.0,0.0,0.0,0.0,0.0,0.23190471729138581,0.0,0.0,0.0,0.0,0.0,0.0,0.0
2023-03-30,15062,15094.0,-32.0,-0.0021200477010732,4,"cnbc_93b20587,cnbc_10114b59,cnbc_b0b4e148,cnbc_4232b69a",True,0,-0.0056433408577878106,-0.0021200477010732,0.0003976670201484,-0.0056675892974825,-0.010424131865268,-0.003928207705635733,-0.015796781834517715,0.004350621503636405,0.0037458259428866623,-0.018698286533324615,-0.01167979002624675,3,0.17022500000000002,-0.4019,0.7096,0.4628626173066907,0.159,0.05775,0.03205128205128206,-0.5384615384615384,1.0,0.002845870510907186,0.012639518594679593,0.014970195252984613,4,0.0,0.0,0.0,0.0,0.0,0.6765902125359308,0.7363597519559201,0.0,0.0,0.0,0.0,0.0,0.0,0.0,0.0,0.0,0.0,0.0,0.0,0.0,0.0,0.0,0.0,0.0,0.0,0.0,0.0,0.0,0.0,0.0
2023-03-31,14977,15062.0,-85.0,-0.0056433408577878,12,"cnbc_6366acc9,cnbc_48a27aaa,cnbc_2fa8dc97,cnbc_4924921d,cnbc_f0a0a68b,cnbc_860fef73,cnbc_0ccd953a,cnbc_e2ac9a93,cnbc_c6dc1a33,cnbc_55514d52,cnbc_d52d535a,cnbc_3ee9cf5d",True,1,0.0008679975963143487,-0.0056433408577878,-0.0021200477010732,0.0003976670201484,-0.0009875567845151,-0.006764374295377684,-0.0204773023067214,0.0027513600469131977,0.003898116543289532,-0.013957469221146934,-0.017901639344262255,4,0.06529166666666668,-0.4767,0.5106,0.3292833056484763,0.11641666666666667,0.06466666666666666,-0.3248640248640249,-1.0,0.8333333333333334,0.008173381891650514,0.00905524340835904,0.018960621455893775,12,0.0,0.0,0.0,0.0,0.0,0.3226773101373963,0.0,0.0,0.0,0.0,0.3089672868585479,0.3029599597218259,0.0,0.0,0.0,0.0,0.3942731259696209,0.0,0.0,0.3564678233521251,0.0,0.0,0.2792999028824333,0.3529750360654028,0.0,0.0,0.0,0.0,0.3316899349954628,0.33689048698212054
2023-04-03,14990,14977.0,13.0,0.0008679975963143,23,"cnbc_d80e67b7,cnbc_d64f88de,cnbc_993e6e3c,cnbc_6d204856,cnbc_f3726d96,cnbc_57440a01,cnbc_5f9e8c65,cnbc_556c0cee,cnbc_25374476,cnbc_d66a6fc4,cnbc_074d3534,cnbc_b9001476,cnbc_6294aa56,cnbc_2061937f,cnbc_8a897829,cnbc_bf231405,cnbc_eb94c0c1,cnbc_0aed3709,cnbc_a07b2462,cnbc_0b8888a1,cnbc_01afa9fb,cnbc_53ef06e6,cnbc_96cb5957",True,0,-0.0051367578385590395,0.0008679975963143,-0.0056433408577878,-0.0021200477010732,-0.0056675892974825,-0.0034702370663866056,-0.01871896674183937,0.0031534130865689992,0.0038799250628650415,-0.012126005008567309,-0.018529431022065057,0,-0.03711304347826087,-0.7579,0.6036,0.40879883839937686,0.09269565217391305,0.12130434782608696,-0.3303698716742195,-1.0,1.0,0.007812513729120086,0.007747799414621187,0.018978841784487437,23,0.0,0.21618914455221758,0.0,0.2205720158331053,0.0,0.1696807276696464,0.1846702128164254,0.0,0.22466258394302796,0.0,0.2013789578555731,0.0,0.0,0.0,0.3486190763925533,0.1970814810013285,0.1517763324446296,0.22208350660064996,0.0,0.28797807474433035,0.3834370041414709,0.20674793728282903,0.22563677010732383,0.0,0.0,0.0,0.24698080215928808,0.2942891431399592,0.21618914455221758,0.0
2023-04-04,14913,14990.0,-77.0,-0.005136757838559,7,"cnbc_bd038d05,cnbc_9166f877,cnbc_cfe38960,cnbc_a3f99e5e,cnbc_6a8c3ca2,cnbc_d0f6a8de,cnbc_d9c47149",True,1,0.001341111781667002,-0.005136757838559,0.0008679975963143,-0.0056433408577878,0.0003976670201484,-0.006276987046217819,-0.02250217942751509,0.003023553580136955,0.003917169414059802,-0.011598621420996769,-0.025676205409643327,1,-0.19832857142857144,-0.7717,0.5267,0.4567216136564509,0.06042857142857143,0.15885714285714284,-0.5859319252176396,-1.0,-0.07692307692307693,0.009214994450010701,0.0063595963393618515,0.01950846824830418,7,0.0,0.0,0.0,0.0,0.0,0.2180255828720794,0.0,0.0,0.0,0.0,0.0,0.0,0.0,0.0,0.0,0.0,0.0,0.4831544191490681,0.0,0.29853610504436534,0.3974948087555008,0.0,0.0,0.0,0.0,0.0,0.3173497313957195,0.3781370038142065,0.0,0.4777052206087596
2023-04-05,14933,14913.0,20.0,0.001341111781667,12,"cnbc_45ca3d82,cnbc_cabb294e,cnbc_249eca2e,cnbc_4f37fd50,cnbc_960a599a,cnbc_a9f83816,cnbc_0052dc28,cnbc_c59a9d07,cnbc_fbeb8165,cnbc_a073b9b7,cnbc_b61084b4,cnbc_0853990e",True,1,0.0006696578048617156,0.001341111781667,-0.005136757838559,0.0008679975963143,-0.0021200477010732,-0.002804674457429046,-0.02000931886939794,0.003256552068980782,0.003956366482783234,-0.01066648999602493,-0.024050715639500675,2,-0.19767500000000002,-0.743,0.296,0.31761374233206885,0.037416666666666674,0.14541666666666667,-0.44126541100225314,-0.75,0.5555555555555556,0.009001895352365261,0.007750925425531553,0.022471411912199726,12,0.0,0.0,0.0,0.0,0.0,0.33593761278437767,0.2949751723854438,0.0,0.0,0.0,0.0,0.0,0.0,0.0,0.32888574500861845,0.3147997879340437,0.0,0.35473571857856157,0.0,0.37111673442538023,0.0,0.0,0.4098173037360249,0.0,0.0,0.2903041633600366,0.0,0.2776311184432961,0.0,0.0
2023-04-06,14943,14933.0,10.0,0.0006696578048617,11,"cnbc_1347921f,cnbc_7a04d972,cnbc_c2e46423,cnbc_74eb640e,cnbc_abc216d7,cnbc_74935dd0,cnbc_ab296c91,cnbc_a4b21a51,cnbc_837b32de,cnbc_b4627dd7,cnbc_104d9d13",True,0,-0.0025429967208726494,0.0006696578048617,0.001341111781667,-0.005136757838559,-0.0056433408577878,-0.0005484509604580801,-0.018012630527498685,0.0034909816458147756,0.0038075406489025006,-0.007900677200902928,-0.027085096685982135,3,-0.20275454545454547,-0.6249,0.3818,0.2904571857043181,0.049,0.13836363636363636,-0.5467388820329997,-1.0,0.3333333333333333,0.006053006823118289,0.005935943794072635,0.025094981868814502,11,0.0,0.32095737455629625,0.0,0.0,0.0,0.31223637308139346,0.0,0.0,0.0,0.0,0.0,0.29315702108756664,0.0,0.0,0.0,0.0,0.22532922863500102,0.0,0.28759471170609874,0.20372329326681293,0.0,0.0,0.0,0.0,0.3366842808727321,0.4568491674897208,0.2165618540098077,0.25804354790395406,0.32095737455629625,0.0
2023-04-10,14905,14943.0,-38.0,-0.0025429967208726,27,"cnbc_b480575f,cnbc_ab5b146d,cnbc_49bf131f,cnbc_5caaa342,cnbc_4bdcde98,cnbc_ee2bb679,cnbc_66433e67,cnbc_46fcb299,cnbc_34602af1,cnbc_f70f4750,cnbc_ac96eee0,cnbc_605090f3,cnbc_7ab48bce,cnbc_1ee41a17,cnbc_604b955f,cnbc_e7991945,cnbc_2b067e7a,cnbc_c43e92f7,cnbc_1638b9e5,cnbc_80e1e884,cnbc_0c769a9e,cnbc_446a189a,cnbc_71517fdf,cnbc_16f25f78,cnbc_b7e8a8b3,cnbc_dbff05a6,cnbc_af021478",True,0,-0.0011405568601140558,-0.0025429967208726,0.0006696578048617,0.001341111781667,0.0008679975963143,-0.0021289700605215955,-0.018749423955549016,0.0027948014093169145,0.0033958172821254803,-0.004807371302664065,-0.035337518607209906,0,-0.14468518518518517,-0.7845,0.7579,0.40666629837450047,0.06955555555555556,0.15533333333333332,-0.4358758525425192,-1.0,1.0,0.004603617008650566,0.006722236855963426,0.0186705539971322,27,0.2551022756900662,0.0,0.1312261896048621,0.0,0.0,0.25449330316227325,0.0,0.0,0.0,0.1790778729911164,0.1548455129876883,0.0,0.0,0.16998872057886655,0.26806226577065917,0.1515410713760405,0.0,0.0,0.0,0.2517884263082549,0.0,0.26916614414180995,0.13997707388045244,0.42213769286766845,0.17437888679977345,0.0,0.31313457200438477,0.3189246443245061,0.16623345034174927,0.2858706606964963
2023-04-11,14888,14905.0,-17.0,-0.001140556860114,5,"cnbc_1a57abd0,cnbc_1fd4046b,cnbc_a4992c7c,cnbc_05379e5f,cnbc_9c5efd43",True,0,-0.001477700161203654,-0.001140556860114,-0.0025429967208726,0.0006696578048617,-0.005136757838559,-0.0019039446515244363,-0.018090922881093152,0.0026041809536270777,0.0033920672744380863,-0.006804536357571722,-0.035626376473636534,1,-0.14357999999999999,-0.4939,0.5423,0.4268562603500153,0.0424,0.1248,-0.664069264069264,-1.0,-0.2727272727272727,0.01319718386566974,0.005378487476927463,0.02614801713366885,5,0.0,0.0,0.0,0.0,0.0,0.19400519366885216,0.0,0.0,0.43491691607703065,0.0,0.0,0.0,0.0,0.0,0.0,0.3815235649329479,0.0,0.0,0.0,0.0,0.35370187451910196,0.6776593694353109,0.2081388798822101,0.0,0.0,0.0,0.0,0.0,0.0,0.0
2023-04-12,14866,14888.0,-22.0,-0.0014777001612036,4,"cnbc_00075685,cnbc_1ae41de1,cnbc_915b106e,cnbc_58a2b44c",True,0,-0.00497780169514328,-0.0014777001612036,-0.001140556860114,-0.0025429967208726,0.001341111781667,-0.00275038572482722,-0.01759162580457574,0.0015979058438677287,0.0032773323339904035,-0.0031516126869174377,-0.038919058701836096,2,-0.29137499999999994,-0.743,0.3612,0.4655504725590986,0.043,0.21225,-0.2448062558356676,-0.42857142857142855,0.1111111111111111,0.0032587177263057694,0.011040362380986242,0.02011149399724449,4,0.0,0.0,0.561389126147516,0.0,0.0,0.3296596704746422,0.0,0.0,0.0,0.0,0.0,0.0,0.0,0.0,0.0,0.0,0.49926608803194816,0.0,0.0,0.0,0.0,0.0,0.0,0.0,0.0,0.0,0.0,0.5717518028368197,0.0,0.0
2023-04-13,14792,14866.0,-74.0,-0.0049778016951432,5,"cnbc_d34508e0,cnbc_ea9910af,cnbc_90a96c3a,cnbc_f46d31d5,cnbc_b4c774a9",True,0,-0.008518117901568416,-0.0049778016951432,-0.0014777001612036,-0.001140556860114,0.0006696578048617,-0.005833803801381765,-0.020598420191881184,0.0020763160300971612,0.0032135629672673813,-0.009442175048550161,-0.037856120723299025,3,0.006779999999999986,-0.5106,0.3182,0.32130415808078183,0.0744,0.0834,-0.32727272727272727,-1.0,0.6666666666666666,0.008558927252353863,0.008621016823290889,0.01656529541058838,5,0.0,0.0,0.0,0.0,0.0,0.4716686405457479,0.513335541547179,0.0,0.0,0.0,0.0,0.0,0.0,0.0,0.0,0.0,0.0,0.0,0.0,0.0,0.507886063467709,0.0,0.5060306925923217,0.0,0.0,0.0,0.0,0.0,0.0,0.0
2023-04-14,14666,14792.0,-126.0,-0.0085181179015684,10,"cnbc_a681dbb8,cnbc_1cbacb4b,cnbc_164fad52,cnbc_8e84af29,cnbc_0a3eaee5,cnbc_8fcbc691,cnbc_68856eaa,cnbc_e2c9190d,cnbc_1b880d78,cnbc_1ea178c8",True,1,0.007295786172098731,-0.0085181179015684,-0.0049778016951432,-0.0014777001612036,-0.0025429967208726,-0.010618346668105794,-0.02664029626876563,0.0030687993964076616,0.0034822336222101605,-0.01853710767583483,-0.04642392717815347,4,-0.15342,-0.7717,0.4939,0.4376197354883448,0.0943,0.146,-0.3520887445887446,-0.8333333333333334,0.16666666666666666,0.008683082936749166,0.008701893764042073,0.020255845244299152,10,0.35025520796345494,0.0,0.0,0.0,0.0,0.17913783568133537,0.0,0.0,0.0,0.0,0.35996776008736464,0.3529688181750842,0.0,0.0,0.0,0.0,0.2713023595223483,0.0,0.0,0.24528824106738342,0.0,0.0,0.32540325370833506,0.0,0.0,0.32487340996505043,0.0,0.31069126641915973,0.3864411800932933,0.0
2023-04-17,14773,14666.0,107.0,0.0072957861720987,23,"cnbc_1ef14542,cnbc_de02fbef,cnbc_2d76350f,cnbc_74c5aca4,cnbc_c5347947,cnbc_88ab0d21,cnbc_5edb82ce,cnbc_f0d721c6,cnbc_bf7aaf31,cnbc_d3c84d89,cnbc_170a5d3f,cnbc_2eae3be2,cnbc_bde809b5,cnbc_dab76f84,cnbc_20eb273a,cnbc_761c1dc5,cnbc_56f7b934,cnbc_ccad94bf,cnbc_155f60b4,cnbc_a32d8be0,cnbc_b2caf2a5,cnbc_b3634e4e,cnbc_6e5c9071",True,1,0.005550666756921411,0.0072957861720987,-0.0085181179015684,-0.0049778016951432,-0.001140556860114,-0.0016219503953504022,-0.01760895875726498,0.00588423750107811,0.00409380121110458,-0.0088560885608856,-0.03852912463390823,0,-0.11528695652173912,-0.7579,0.6908,0.3709357973170361,0.08043478260869566,0.13708695652173913,-0.6645280806150371,-1.0,0.09090909090909091,0.006119971367697739,0.0050402391546658645,0.02594206640693914,23,0.20666596803028117,0.22801728212725844,0.0,0.0,0.40213630483698193,0.2758154919293395,0.1947738870213861,0.0,0.0,0.0,0.0,0.0,0.0,0.23316827015861147,0.0,0.0,0.16008031710819165,0.23423413643297028,0.0,0.30373392730448795,0.1927062023553738,0.21805952765246742,0.19200222266174832,0.2426495346731131,0.0,0.0,0.36713550111569704,0.18332150350143867,0.0,0.23159235512299292
2023-04-18,14855,14773.0,82.0,0.0055506667569214,4,"cnbc_5961875f,cnbc_317f2065,cnbc_d8410f89,cnbc_816e22c0",True,1,0.0018175698418041065,0.0055506667569214,0.0072957861720987,-0.0085181179015684,-0.0014777001612036,0.004367697966248363,-0.0103033714976698,0.006757474928540253,0.004263246958760191,-0.0022165502418054484,-0.036515760799066044,1,-0.356675,-0.8807,0.0,0.3727735092072218,0.0,0.195,-0.8833333333333333,-1.0,-0.6666666666666666,0.008538017589461964,0.001853387309174267,0.029989602996764852,4,0.0,0.0,0.0,0.0,0.0,0.0,0.0,0.0,0.0,0.0,0.0,0.0,0.0,0.0,0.7497124707931039,0.0,0.0,0.0,0.0,0.0,0.0,0.0,0.0,0.0,0.0,0.6617637124663902,0.0,0.0,0.0,0.0
2023-04-26,14882,14855.0,27.0,0.0018175698418041,54,"cnbc_35c8fe1e,cnbc_bc5b833e,cnbc_d9bae06b,cnbc_5f615f44,cnbc_7cfc78d8,cnbc_6477e66d,cnbc_34d4aded,cnbc_cd5d15d1,cnbc_d1501eda,cnbc_75908654,cnbc_b82ffb34,cnbc_73102087,cnbc_afe9979b,cnbc_2bf8ba57,cnbc_ffae7291,cnbc_c300c6ea,cnbc_484bc2e4,cnbc_e2744f72,cnbc_52f51535,cnbc_b198b284,cnbc_25b79e00,cnbc_68762793,cnbc_858d283f,cnbc_e02d0e24,cnbc_9c3f8ed8,cnbc_2716f342,cnbc_3d76463d,cnbc_9ecf7f76,cnbc_591d4a5e,cnbc_0e25c917,cnbc_513e0135,cnbc_d0ca26c1,cnbc_9d373a2c,cnbc_de8bc91c,cnbc_30f49083,cnbc_746570ce,cnbc_5140267f,cnbc_d1a0527e,cnbc_8c305cf8,cnbc_698df473,cnbc_22cf968a,cnbc_7a13af99,cnbc_cbeadf88,cnbc_46dfdb72,cnbc_f6f5a2d9,cnbc_5062c24d,cnbc_864582e4,cnbc_d64b3179,cnbc_c08095aa,cnbc_d71517b9,cnbc_4efd4bf5,cnbc_60ffbd7d,cnbc_aa6a1d45,cnbc_9559bb58",True,0,-0.008802580298346997,0.0018175698418041,0.0055506667569214,0.0072957861720987,-0.0049778016951432,0.005975556997620535,-0.00690998995699188,0.006789806822386977,0.004320278438081993,0.001076281447598637,-0.031372038531632396,2,-0.03079259259259259,-0.872,0.8945,0.43642275067024816,0.11548148148148148,0.11964814814814814,-0.4822149124981369,-1.0,1.0,0.007220897317952176,0.0064340086601225545,0.023961471389333824,54,0.21518371049342067,0.14022113505612419,0.0,0.300235622342511,0.0,0.2078215330701865,0.11977783114785708,0.0,0.3058035737328012,0.0,0.13061518933069022,0.2168508511979556,0.30868901260259046,0.24277830559267857,0.0,0.12782782882918248,0.2748284239635254,0.0,0.0,0.21238841435556557,0.24869875892519844,0.0,0.23695574752470078,0.0,0.0,0.1995900823385439,0.22577304757588704,0.26901911458022354,0.23741501947519197,0.0
2023-04-27,14751,14882.0,-131.0,-0.0088025802983469,9,"cnbc_d456adf8,cnbc_a9dbeb47,cnbc_6283eee0,cnbc_521ac46a,cnbc_483ad765,cnbc_1e01b53d,cnbc_210fa358,cnbc_1caf4989,cnbc_3a34e1b3",True,0,-0.006101281269066504,-0.0088025802983469,0.0018175698418041,0.0055506667569214,-0.0085181179015684,-0.002326619503023264,-0.013607944097094538,0.007680724657738561,0.004576663054499723,-0.00277176852352623,-0.040398126463700224,3,-0.04257777777777778,-0.6597,0.7249,0.41519901787509617,0.08477777777777777,0.08777777777777779,-0.32768620268620263,-1.0,1.0,0.005649263856366453,0.0045104511088635635,0.016310788954835273,9,0.0,0.34289233795574753,0.0,0.0,0.0,0.26912647042101795,0.0,0.0,0.3563318538447589,0.0,0.31940226146512646,0.0,0.0,0.0,0.0,0.0,0.24072874512770712,0.0,0.0,0.21764621056260922,0.0,0.0,0.28873289957224907,0.0,0.0,0.0,0.39173023630762843,0.0,0.34289233795574753,0.34826853192856094
2023-04-28,14661,14751.0,-90.0,-0.0061012812690665,9,"cnbc_3f1736c2,cnbc_1b864040,cnbc_70420f74,cnbc_586535e1,cnbc_07e957ff,cnbc_9124b4f6,cnbc_fcb17680,cnbc_f0f604cc,cnbc_9fa955fb",True,1,0.002864743196234909,-0.0061012812690665,-0.0088025802983469,0.0018175698418041,0.0072957861720987,-0.008346635642974998,-0.0173658353496291,0.007107065251365215,0.004662387377413475,-0.00034092458748125054,-0.04482376702065283,4,-0.09451111111111112,-0.6801,0.4404,0.4437750512490659,0.10444444444444444,0.14344444444444443,-0.6116142529838059,-0.9354838709677419,0.0,0.004546977289480798,0.005562590315616952,0.03296667275131832,9,0.47255929907953814,0.0,0.0,0.0,0.5430826371629227,0.241690196586684,0.0,0.0,0.0,0.0,0.0,0.0,0.0,0.0,0.4965667831836922,0.0,0.0,0.0,0.0,0.3309393740216696,0.0,0.0,0.25929783551016417,0.0,0.0,0.0,0.0,0.0,0.0,0.0
2023-05-02,14703,14661.0,42.0,0.0028647431962349,34,"cnbc_d94e90ff,cnbc_b432aa6d,cnbc_086a71fe,cnbc_f883e25f,cnbc_0d69d0d7,cnbc_be841b9e,cnbc_b19719b9,cnbc_50a2e435,cnbc_fa257b6b,cnbc_87b68127,cnbc_4eff4516,cnbc_b83233fd,cnbc_135d9a57,cnbc_29ee290f,cnbc_97e606b0,cnbc_7660a3c0,cnbc_086542ed,cnbc_010d674e,cnbc_7173f19b,cnbc_40c00c51,cnbc_ced3daf4,cnbc_e4fcd0e7,cnbc_46b0bcf1,cnbc_1b6e869d,cnbc_ff0e9477,cnbc_fa92dbf5,cnbc_a4765c77,cnbc_d593d8d2,cnbc_42059784,cnbc_c5ff2037,cnbc_9fdbf8e6,cnbc_07c768dd,cnbc_5838ba9d,cnbc_e76a2f7f",True,1,0.00020403999183840033,0.0028647431962349,-0.0061012812690665,-0.0088025802983469,0.0055506667569214,-0.004563180414883794,-0.012943245747123355,0.00617794142257885,0.004378963208260414,-0.004738374060786588,-0.0319968398182896,1,0.026058823529411763,-0.6486,0.7351,0.32176282260493555,0.0993235294117647,0.08847058823529412,-0.531579247357794,-1.0,0.42857142857142855,0.00772224105598821,0.007401455756374794,0.026289523754440096,34,0.268297380601781,0.17483183626818702,0.2896375264527362,0.17837625768560755,0.0,0.23875030705376124,0.14934252354624694,0.0,0.0,0.1883406336430651,0.0,0.1596884333394902,0.0,0.0,0.0,0.15937949747330474,0.0,0.3040868598320843,0.0,0.18789211716064963,0.31008492894532874,0.35088114607371756,0.22688786406820655,0.18605108928912198,0.0,0.0,0.3078237247589156,0.2379911877421906,0.0,0.17757301698399008
2023-05-03,14706,14703.0,3.0,0.0002040399918384,4,"cnbc_3333158b,cnbc_3ebf9d3f,cnbc_7baa26fb,cnbc_77b96abd",True,0,-0.005031959744322046,0.0002040399918384,0.0028647431962349,-0.0061012812690665,0.0018175698418041,-0.0023472585919162015,-0.011188510260616957,0.0051524970548673,0.004396030560460082,-0.010030292830696785,-0.03084223013048637,2,-0.037750000000000006,-0.4767,0.7845,0.5908977153450502,0.11575,0.099,-0.5358868184955141,-0.8888888888888888,0.14285714285714285,0.008694014903664503,0.008698398241483846,0.037227194480564205,4,0.0,0.0,0.0,0.0,0.0,0.0,0.772556036046754,0.0,0.0,0.0,0.0,0.0,0.0,0.0,0.0,0.0,0.6349465892244216,0.0,0.0,0.0,0.0,0.0,0.0,0.0,0.0,0.0,0.0,0.0,0.0,0.0
2023-05-04,14632,14706.0,-74.0,-0.005031959744322,2,"cnbc_21b009fb,cnbc_d9f0a287",True,1,0.0028704209950792784,-0.005031959744322,0.0002040399918384,0.0028647431962349,-0.0088025802983469,-0.0039889453119682505,-0.014653593362784156,0.00477966167179261,0.004366942249394268,-0.016798817363257612,-0.03022269353128315,3,0.22485,0.0,0.4497,0.31798591949959043,0.087,0.0,-0.6666666666666667,-0.7777777777777778,-0.5555555555555556,0.0037220843672456576,0.004932369970320634,0.0282927066608281,2,0.0,0.0,0.0,0.0,0.0,0.2872983152285231,0.0,0.5831182867454388,0.0,0.0,0.0,0.0,0.6501366329969519,0.0,0.0,0.0,0.0,0.0,0.0,0.39338924764830996,0.0,0.0,0.0,0.0,0.0,0.0,0.0,0.0,0.0,0.0
2023-05-05,14674,14632.0,42.0,0.0028704209950792,3,"cnbc_84c8f9af,cnbc_9ac6a82c,cnbc_4d26359e",True,1,0.002385171050838217,0.0028704209950792,-0.005031959744322,0.0002040399918384,-0.0061012812690665,-8.17706061928547e-05,-0.010425798794222008,0.004290639546198339,0.0044582677678618775,-0.00521998508575694,-0.027825626076586674,4,-0.34369999999999995,-0.7351,0.0,0.3698641236995013,0.043333333333333335,0.16966666666666666,-0.7212962962962962,-0.8888888888888888,-0.4,0.006583647951934397,0.004050460764015751,0.032303211139528276,3,0.0,0.5785460813297496,0.0,0.0,0.0,0.2681895672358439,0.0,0.0,0.0,0.0,0.0,0.0,0.0,0.0,0.0,0.0,0.0,0.0,0.0,0.36722419342457774,0.0,0.5532803656064175,0.0,0.0,0.0,0.0,0.3903665157284099,0.0,0.0,0.0
2023-05-08,14709,14674.0,35.0,0.0023851710508382,10,"cnbc_e6971a0c,cnbc_778bdf22,cnbc_5e3dfb76,cnbc_6a77472c,cnbc_9c0c02e8,cnbc_cd25b7d2,cnbc_bcfe562b,cnbc_0b4ed881,cnbc_7d536e3a,cnbc_99c8455c",True,1,0.0032633081786661226,0.0023851710508382,0.0028704209950792,-0.005031959744322,0.0028647431962349,0.001647962519067292,-0.006883420712378352,0.003366354201749526,0.004533188152124483,0.003273992224268385,-0.023436462621165832,0,-0.11388999999999998,-0.7269,0.5096,0.39995679058284955,0.0716,0.1361,-0.5665079365079364,-1.0,0.5,0.005726545799340725,0.0071853959998556816,0.023116563726352738,10,0.0,0.0,0.0,0.0,0.0,0.45118604258953604,0.0,0.43636210360809646,0.0,0.0,0.0,0.0,0.0,0.0,0.0,0.0,0.32560397094119725,0.0,0.0,0.49843388882927087,0.39196514503091756,0.0,0.0,0.0,0.0,0.0,0.31293498871467845,0.0,0.0,0.0
2023-05-09,14757,14709.0,48.0,0.0032633081786661,1,cnbc_7af76e7a,True,0,-0.0007454089584603917,0.0032633081786661,0.0023851710508382,0.0028704209950792,0.0002040399918384,0.004178121342442553,-0.002902036831205601,0.0034356630261624605,0.004508573535916929,0.0036727198530912553,-0.014689190091473625,1,-0.6249,-0.6249,-0.6249,0.0,0.0,0.272,-0.8,-0.8,-0.8,0.007692307692307693,0.005128205128205128,0.046153846153846156,1,0.0,0.0,0.0,0.0,0.0,0.0,0.0,0.0,0.0,0.0,0.0,0.0,0.0,0.0,0.0,0.0,0.0,0.0,0.0,0.0,0.0,0.0,0.0,0.0,0.0,0.0,0.0,0.0,0.0,0.0
2023-05-10,14746,14757.0,-11.0,-0.0007454089584603,8,"cnbc_1c8c646b,cnbc_0f510e86,cnbc_dda40640,cnbc_d57c9288,cnbc_b874abd1,cnbc_840ee8fb,cnbc_418eb3ad,cnbc_9ffd3f54",True,0,-0.0016275600162756001,-0.0007454089584603,0.0032633081786661,0.0023851710508382,-0.005031959744322,0.0028836475420985774,-0.002823282784737313,0.0034982349930544002,0.004492883698496244,0.0027199782401741146,-0.01627751834556368,2,-0.003725000000000006,-0.7003,0.6705,0.36642663171305034,0.0775,0.08975,-0.3845899470899471,-0.9259259259259259,0.25,0.0019628853073980785,0.006428819618969706,0.020851011333397184,8,0.0,0.0,0.0,0.0,0.5056312707015223,0.22502306804473363,0.0,0.0,0.0,0.0,0.0,0.0,0.0,0.0,0.4623231832285859,0.4425221896848615,0.0,0.0,0.4349673470307979,0.3081175584730465,0.0,0.0,0.0,0.0,0.0,0.0,0.0,0.0,0.0,0.0
2023-05-11,14722,14746.0,-24.0,-0.0016275600162756,7,"cnbc_28f5c3e9,cnbc_f3ea9e43,cnbc_4ca5e3bc,cnbc_bcd08965,cnbc_8fb1756e,cnbc_64d57e96,cnbc_a5b45aa8",True,1,0.0020377666077978536,-0.0016275600162756,-0.0007454089584603,0.0032633081786661,0.0028704209950792,2.7170959678191053e-05,-0.003802898864543769,0.0022487568696981483,0.004382203085748769,0.00615090213231273,-0.012807617514919878,3,-0.04355714285714284,-0.4588,0.5106,0.39043911969790657,0.05742857142857143,0.08942857142857143,-0.2356327146243113,-1.0,1.0,0.004423337196822997,0.008349257394799197,0.019383837709070647,7,0.0,0.0,0.0,0.0,0.0,0.3657470458460011,0.0,0.0,0.0,0.0,0.0,0.0,0.0,0.0,0.44381782957203225,0.0,0.0,0.0,0.4175569620926105,0.2957845745471281,0.3938312013381611,0.44564546801785065,0.2317533239557742,0.0,0.0,0.0,0.0,0.0,0.0,0.0
2023-05-12,14752,14722.0,30.0,0.0020377666077978,8,"cnbc_6c384e57,cnbc_ee9ba64c,cnbc_2eb7f0a6,cnbc_2508cb84,cnbc_4959c02e,cnbc_7a843a7d,cnbc_8e0cca3a,cnbc_1f7641e3",True,1,0.004067245119305857,0.0020377666077978,-0.0016275600162756,-0.0007454089584603,0.0023851710508382,0.0010042613250820231,-0.0011612042670025025,0.002124212670428572,0.004401465150570702,0.005315524056153764,-0.012120806267997053,4,-0.23285000000000003,-0.6124,0.0,0.30764173504720904,0.01675,0.11787500000000001,-0.3271825396825397,-0.8888888888888888,1.0,0.008946538974496463,0.007956455542399151,0.02376011868494281,8,0.0,0.6019563846372429,0.0,0.0,0.0,0.27904159668605816,0.0,0.0,0.0,0.0,0.3311696426031165,0.0,0.0,0.0,0.0,0.0,0.0,0.0,0.0,0.22566470705409097,0.0,0.0,0.0,0.0,0.0,0.0,0.40616231632096944,0.48396134031806193,0.0,0.0
2023-05-15,14812,14752.0,60.0,0.0040672451193058,19,"cnbc_ee5ff321,cnbc_390935e6,cnbc_05be8574,cnbc_925dbd84,cnbc_30f4a039,cnbc_ac01d259,cnbc_e6497185,cnbc_c0adaedf,cnbc_0fe4fd12,cnbc_1255eed7,cnbc_9613348d,cnbc_355e15e9,cnbc_d435af5a,cnbc_9c2036b8,cnbc_b5a94f7f,cnbc_cf63df93,cnbc_d588f96e,cnbc_6b4f982b,cnbc_c295e275",True,0,-0.00013502565487442613,0.0040672451193058,0.0020377666077978,-0.0016275600162756,0.0032633081786661,0.003672634132458885,0.0033462940132495955,0.002488059237115877,0.0045171095883359625,0.007002515466721038,-0.008766646590376737,0,-0.029121052631578954,-0.8858,0.6808,0.42482372760024095,0.0988421052631579,0.11610526315789474,-0.4331609051423293,-1.0,1.0,0.007383496305301299,0.0049136126759528,0.021846548679853518,19,0.18789323600881017,0.0,0.0,0.2115078416619774,0.0,0.1627078772685097,0.0,0.0,0.0,0.37811870708252127,0.0,0.18934894313988807,0.0,0.44488098319054276,0.19743879756171134,0.0,0.0,0.0,0.0,0.0,0.17520152110488976,0.19825184902804813,0.2690299877966017,0.0,0.0,0.29507704341380053,0.3649988652125538,0.1666692917618579,0.20730507985014243,0.21055540713207713
2023-05-16,14810,14812.0,-2.0,-0.0001350256548744,9,"cnbc_79c1ce23,cnbc_9d256c71,cnbc_42ac601b,cnbc_f3772e52,cnbc_a5b30bfa,cnbc_7b715258,cnbc_84ddaf14,cnbc_86a42a1d,cnbc_6dad45ec",True,1,0.004388926401080351,-0.0001350256548744,0.0040672451193058,0.0020377666077978,-0.0007454089584603,0.0028168251130793465,0.0035337125665324542,0.002309225371084805,0.004489847415401695,0.0035915158907637856,-0.006373700100637425,1,0.2132888888888889,-0.6369,0.8689,0.4409106441345129,0.17066666666666666,0.07522222222222222,-0.43209876543209874,-0.8888888888888888,0.4444444444444444,0.01092484303562868,0.008634038712194148,0.025954401297430107,9,0.0,0.0,0.0,0.0,0.0,0.2522413472801314,0.0,0.0,0.0,0.7265631413828384,0.0,0.0,0.0,0.0,0.30608369513756706,0.0,0.0,0.0,0.0,0.0,0.0,0.30734414546560146,0.0,0.0,0.0,0.0,0.21684641395765594,0.2583826143515972,0.0,0.32641799809400335
2023-05-17,14875,14810.0,65.0,0.0043889264010803,4,"cnbc_5d5885ce,cnbc_b97dca63,cnbc_4e2e2bcc,cnbc_1e64c8c7",True,1,0.004100840336134454,0.0043889264010803,-0.0001350256548744,0.0040672451193058,-0.0016275600162756,0.005461599816144025,0.00798254411405952,0.0026161771227659297,0.0046047909641178525,0.008748135087481401,-0.000873186458893116,2,0.023900000000000005,-0.296,0.34,0.2605082980124306,0.104,0.08349999999999999,-0.43825757575757573,-0.9166666666666666,0.0,0.005653574584749308,0.006297571727547472,0.02521098850682626,4,0.0,0.0,0.0,0.0,0.0,0.2703190858922475,0.4981220349500915,0.0,0.0,0.0,0.0,0.0,0.0,0.0,0.0,0.0,0.409395399623734,0.0,0.0,0.37014008153700645,0.0,0.0,0.0,0.0,0.6117137867550977,0.0,0.0,0.0,0.0,0.0
2023-05-19,14936,14875.0,61.0,0.0041008403361344,17,"cnbc_1d4d888b,cnbc_64e72fd2,cnbc_76cb7e75,cnbc_ff7c1d6d,cnbc_fd96add5,cnbc_e4e7d502,cnbc_d8bbcb06,cnbc_38c021e2,cnbc_80cd8814,cnbc_073d566e,cnbc_e702b925,cnbc_4405c26a,cnbc_4d94abf1,cnbc_d9180b44,cnbc_68ab380b,cnbc_916f4615,cnbc_80094953",True,0,-0.002611140867702196,0.0041008403361344,0.0043889264010803,-0.0001350256548744,0.0020377666077978,0.00667250791939078,0.0118761305358146,0.0019349343458092694,0.004681036469682067,0.014536068468957941,0.004708731333243676,4,-0.1208529411764706,-0.7506,0.7412,0.3916551290958141,0.04047058823529412,0.11947058823529412,-0.6033577533577533,-1.0,0.6,0.007465851806378881,0.005618004706106493,0.021280283388533328,17,0.0,0.0,0.20127794225195203,0.0,0.0,0.329971176758409,0.0,0.0,0.44862726380789886,0.0,0.0,0.0,0.0,0.0,0.0,0.0,0.0,0.0,0.0,0.27401991393506,0.2154874652668437,0.24383799959101354,0.21470026279009655,0.27133497799133055,0.0,0.36292723797533083,0.29128853969420665,0.0,0.2549729358063266,0.25897064531737846
2023-05-22,14897,14936.0,-39.0,-0.0026111408677021,23,"cnbc_04e17814,cnbc_1c086d32,cnbc_874f640e,cnbc_3d586908,cnbc_15e112af,cnbc_c02dde5b,cnbc_af8d04a6,cnbc_5de9cadb,cnbc_50fb4244,cnbc_15ad70a0,cnbc_96fae49d,cnbc_5c29e815,cnbc_9d6ff891,cnbc_9234644b,cnbc_a895ef6c,cnbc_02cfcf1c,cnbc_e5f87985,cnbc_1832ffa3,cnbc_bed49982,cnbc_c1fd2093,cnbc_bd0b8196,cnbc_982754b9,cnbc_1f811c7b",True,0,-0.0012754245821306304,-0.0026111408677021,0.0041008403361344,0.0043889264010803,0.0040672451193058,0.0020852953047221234,0.008875148568158409,0.0031704810598010085,0.004570662613657103,0.00982917570498909,0.007098431584640297,0,-0.01404782608695652,-0.5859,0.8126,0.4339250562330752,0.12782608695652173,0.12578260869565216,-0.3569212451065003,-1.0,1.0,0.0064489535253617605,0.008920990614930367,0.021063293257439684,23,0.29073929775939944,0.0,0.14955809433747472,0.0,0.0,0.08782370338101626,0.0,0.0,0.3333491881537466,0.34556205134790774,0.0,0.17304568112177035,0.0,0.0,0.18043898549086917,0.0,0.0,0.0,0.16976234302549936,0.3542588018018611,0.16011637588474684,0.3067678464126005,0.22484105694758505,0.20161345938586317,0.19873909378146004,0.0,0.35687853164961036,0.1523187858181294,0.0,0.19242623294772665
2023-05-23,14878,14897.0,-19.0,-0.0012754245821306,8,"cnbc_7564fb8a,cnbc_276ead75,cnbc_a5b78a39,cnbc_0a946cc5,cnbc_4420e928,cnbc_b5a69885,cnbc_c77029e7,cnbc_e23f243a",True,1,0.0018147600483936013,-0.0012754245821306,-0.0026111408677021,0.0041008403361344,-0.0001350256548744,-8.064949728481263e-05,0.006865608007281754,0.003183930124199536,0.004091749175747185,0.0044558466108559625,0.014455202509205067,1,0.098825,-0.128,0.5574,0.2328129706131389,0.057249999999999995,0.011375,-0.1076923076923077,-0.8,1.0,0.00915095660272226,0.006971384171979956,0.017084591832963517,8,0.0,0.0,0.0,0.43333403751989846,0.0,0.333353415358171,0.0,0.3996076367621439,0.0,0.0,0.39562750763965043,0.0,0.0,0.0,0.0,0.3871847186060353,0.0,0.4363035003255055,0.0,0.0,0.0,0.0,0.21122730296445025,0.0,0.0,0.0,0.0,0.0,0.0,0.0
2023-05-24,14905,14878.0,27.0,0.0018147600483936,11,"cnbc_a571c03e,cnbc_2fb807fc,cnbc_6a6940df,cnbc_71827b82,cnbc_0dd417b1,cnbc_4b074f4c,cnbc_51cd3e58,cnbc_d661cf03,cnbc_e92895db,cnbc_63c7fc8c,cnbc_7a88cf6e",True,1,0.0031533042603153305,0.0018147600483936,-0.0012754245821306,-0.0026111408677021,0.0043889264010803,0.00045643097823888645,0.00824249229697327,0.0031456175627369736,0.0038018340791306417,0.00641458474004053,0.008935219657483229,2,-0.06488181818181818,-0.5574,0.6486,0.426589708779248,0.11627272727272726,0.1529090909090909,-0.5682506887052342,-1.0,0.09090909090909091,0.006486449700139511,0.005530577421056597,0.027600674640725843,11,0.28778133151709784,0.0,0.0,0.0,0.0,0.24920689303821827,0.2712216679214565,0.0,0.32995771113960937,0.34204632130939927,0.29576148746938163,0.0,0.0,0.0,0.0,0.2894498640489834,0.22291104455245697,0.3261698687592383,0.0,0.0,0.0,0.0,0.2673621391004454,0.0,0.3330710586832218,0.0,0.21423775947744222,0.0,0.0,0.0
2023-05-25,14952,14905.0,47.0,0.0031533042603153,16,"cnbc_5cc83924,cnbc_0cfc0cad,cnbc_bcbe2dc8,cnbc_782b3a14,cnbc_da67418c,cnbc_80a25440,cnbc_b4b1f8d7,cnbc_a910a3f9,cnbc_8274d577,cnbc_09d022b6,cnbc_a66e015e,cnbc_a132c044,cnbc_26b3f4e2,cnbc_56fc9292,cnbc_27bb361c,cnbc_a585bb81",True,1,0.00046816479400749064,0.0031533042603153,0.0018147600483936,-0.0012754245821306,0.0041008403361344,0.002574831026713742,0.011090073032188341,0.002877803408986341,0.00366804837977842,0.005176470588235338,0.006529787950185106,3,-0.07690625000000001,-0.765,0.5106,0.3930309800660333,0.07050000000000001,0.103375,-0.2937158303736914,-0.9,1.0,0.008204345584916945,0.012165115688523324,0.022783888848823233,16,0.0,0.0,0.0,0.25222640638111227,0.0,0.29903699107468,0.21117231924636234,0.0,0.25690401378532457,0.0,0.23027894390336895,0.22580157361995856,0.0,0.0,0.0,0.0,0.36423058036586053,0.25395481187777547,0.2215172545658318,0.26568195853900006,0.0,0.23641842801587548,0.29338764275436324,0.0,0.0,0.20782835032471014,0.16680483121318038,0.19875573494037388,0.0,0.2510906133206642
2023-05-26,14959,14952.0,7.0,0.0004681647940074,9,"cnbc_4503359a,cnbc_39ff9e90,cnbc_0dcbddc4,cnbc_e74b65ca,cnbc_b443526a,cnbc_6f546dd7,cnbc_9887f00e,cnbc_d38a337c,cnbc_80f71d41",True,1,0.0009358914365933552,0.0004681647940074,0.0031533042603153,0.0018147600483936,-0.0026111408677021,0.0027349143998605108,0.01130014163204729,0.002314105284661311,0.00365165621703268,0.0015399035886449752,0.005174035747883332,4,-0.053633333333333325,-0.5267,0.34,0.23841667307468245,0.025222222222222222,0.07122222222222223,-0.19599967933301268,-0.8181818181818182,0.42857142857142855,0.006144152158079373,0.008997216634766533,0.01609301112056757,9,0.0,0.0,0.0,0.0,0.0,0.3076951660046776,0.0,0.0,0.0,0.42232379021893435,0.36517601449621767,0.0,0.4112420545172107,0.0,0.0,0.0,0.0,0.40272117151352804,0.0,0.0,0.0,0.0,0.0,0.0,0.0,0.32957389583455976,0.0,0.0,0.3920324696562663,0.0
2023-05-29,14973,14959.0,14.0,0.0009358914365933,12,"cnbc_ebb6d675,cnbc_612e417e,cnbc_0eba8882,cnbc_35260cf2,cnbc_23047237,cnbc_d9c8e2a0,cnbc_49e834ee,cnbc_08a8ea4a,cnbc_c1b1b2c5,cnbc_b7377a57,cnbc_0f8ccc27,cnbc_4bb81cce",True,0,-0.0002671475322246711,0.0009358914365933,0.0004681647940074,0.0031533042603153,-0.0012754245821306,0.0026517738760094556,0.011487575111717607,0.0016403657195518154,0.0029634248088884247,0.005101698328522586,0.015049827130364068,0,-0.09430833333333333,-0.5267,0.6124,0.32597809591313265,0.07375,0.09066666666666667,-0.6229497354497354,-1.0,0.3333333333333333,0.007745913723582377,0.00440393592625567,0.022793025348958367,12,0.22554272226250138,0.0,0.0,0.0,0.0,0.1953107964512992,0.3599028572286039,0.0,0.0,0.26807179618394633,0.0,0.22729011964696524,0.0,0.0,0.0,0.0,0.0,0.25562895178831535,0.22297755718423767,0.33147681478789676,0.44135470006690397,0.0,0.20953959857211008,0.2648130078092214,0.0,0.0,0.3523663515379985,0.0,0.0,0.0
2023-05-30,14969,14973.0,-4.0,-0.0002671475322246,10,"cnbc_2feff5b3,cnbc_be5a4442,cnbc_78557cfc,cnbc_9262f57b,cnbc_b03ec20d,cnbc_11a6a32e,cnbc_8916d74b,cnbc_d8f5fb3f,cnbc_92fe2d13,cnbc_17026b6c",True,1,0.0022713608123455143,-0.0002671475322246,0.0009358914365933,0.0004681647940074,0.0018147600483936,0.0011637550496268467,0.010166449031099978,0.0013180460507254022,0.0025050779904865895,0.006116413496437767,0.02100811677238923,1,-0.03445,-0.7579,0.7269,0.5159053945357726,0.11989999999999998,0.11259999999999999,-0.3478238428238428,-1.0,0.45454545454545453,0.007579299466513231,0.008120009496794192,0.019162685498962568,10,0.0,0.0,0.2522687254347126,0.0,0.0,0.0,0.46218834754720295,0.3006691147152378,0.0,0.5828805096662569,0.0,0.0,0.0,0.0,0.0,0.0,0.0,0.0,0.28634845938340076,0.0,0.0,0.0,0.2690913919258842,0.0,0.0,0.2686532389917668,0.0,0.25692535150519286,0.0,0.0
2023-05-31,15003,14969.0,34.0,0.0022713608123455,7,"cnbc_5b1db67f,cnbc_93a1d746,cnbc_f08bfe19,cnbc_7d011f59,cnbc_07c6d2a1,cnbc_5d48facb,cnbc_1480aeed",True,0,-0.007665133639938679,0.0022713608123455,-0.0002671475322246,0.0009358914365933,0.0031533042603153,0.002124078230201887,0.01143706580104964,0.001383654263792079,0.002485806765234797,0.006574974840657388,0.02040399918384006,2,-0.04714285714285715,-0.4939,0.5106,0.36778296977584873,0.05457142857142857,0.09242857142857143,-0.1429214060793008,-0.6842105263157895,1.0,0.004318117046420953,0.010986328215983814,0.02335951344271462,7,0.0,0.0,0.0,0.0,0.0,0.46022978211166965,0.0,0.0,0.0,0.4481983868369284,0.0,0.0,0.0,0.0,0.3962500536669977,0.3792789281881327,0.2920901771259613,0.0,0.0,0.0,0.0,0.3978818083735127,0.20691432596012038,0.0,0.0,0.0,0.0,0.0,0.0,0.0
2023-06-05,14888,15003.0,-115.0,-0.0076651336399386,33,"cnbc_b15c62cb,cnbc_30f16662,cnbc_b229923a,cnbc_61115438,cnbc_7e74f967,cnbc_1c70c852,cnbc_37084400,cnbc_24a06a4f,cnbc_b39480c5,cnbc_28ebe995,cnbc_127d6dd1,cnbc_67a2ddc6,cnbc_4503af8c,cnbc_8187d1ec,cnbc_2d5dd5f6,cnbc_1515ee83,cnbc_77082739,cnbc_f49d5946,cnbc_4c14ed03,cnbc_3d9445da,cnbc_b5689855,cnbc_bea14e4a,cnbc_47c2ca05,cnbc_3966e85e,cnbc_172bfe10,cnbc_cc49102d,cnbc_b022e3e4,cnbc_538c3fcc,cnbc_e6df6605,cnbc_c9e6e123,cnbc_52cd02b1,cnbc_4e59b088,cnbc_d2230f15",True,0,-0.003291241268135411,-0.0076651336399386,0.0022713608123455,-0.0002671475322246,0.0004681647940074,-0.004706385709701499,0.003068900350009507,0.00391968155831774,0.003153701169778522,-0.004280363830925671,0.012375900992791955,0,-0.019418181818181827,-0.7506,0.7845,0.37051029460608914,0.09415151515151514,0.10054545454545455,-0.4267372183330529,-1.0,1.0,0.008797180112012387,0.006565525387934102,0.022331219575816363,33,0.27658058345866005,0.0,0.0,0.0,0.18773125404215377,0.23324250434966154,0.32308809306206854,0.1695716632479861,0.1872934723336999,0.0,0.0,0.0,0.0,0.0,0.36023054866218923,0.16430005504952008,0.21423511537973042,0.31347499899487036,0.16149508595895976,0.11439817708327017,0.1523188678131066,0.0,0.31236380442205014,0.0,0.0,0.15151531814612365,0.3582447820230249,0.14490101261837732,0.18022945723042627,0.0
2023-06-06,14839,14888.0,-49.0,-0.0032912412681354,7,"cnbc_175e710c,cnbc_d2892d12,cnbc_7af7336a,cnbc_cae539f2,cnbc_344fd51a,cnbc_31e1bdca,cnbc_256be2e5",True,1,0.002426039490531707,-0.0032912412681354,-0.0076651336399386,0.0022713608123455,0.0009358914365933,-0.006387936575958819,-0.0009291177421091312,0.0039636083866831625,0.0030102695298679905,-0.00802192659937162,0.014147074904319323,1,-0.10877142857142859,-0.6249,0.4215,0.3747542026194668,0.07714285714285715,0.11585714285714285,-0.3589191232048375,-1.0,0.42857142857142855,0.007763101600628404,0.010670714261692258,0.028764727977743366,7,0.0,0.0,0.0,0.0,0.0,0.394479841025576,0.0,0.0,0.0,0.0,0.0,0.0,0.0,0.0,0.0,0.36965842934299,0.28468124137215645,0.4165538020917674,0.0,0.0,0.0,0.3877894431154513,0.34145004258467115,0.4315194522161719,0.0,0.0,0.0,0.0,0.0,0.0
2023-06-07,14875,14839.0,36.0,0.0024260394905317,3,"cnbc_3c47fd6c,cnbc_63efdef5,cnbc_347d8abd",True,1,0.0018823529411764706,0.0024260394905317,-0.0032912412681354,-0.0076651336399386,-0.0002671475322246,-0.002668490358569975,0.0008174744413083079,0.004248076156513071,0.0029950619169005458,-0.00654511453950446,0.013697696606242316,2,-0.17016666666666666,-0.743,0.2325,0.5095268229772927,0.06866666666666667,0.13799999999999998,-0.5042735042735043,-0.8461538461538461,0.0,0.009252496427412922,0.00837624821370646,0.021136740222508613,3,0.0,0.0,0.0,0.0,0.0,0.4838815650182678,0.0,0.0,0.0,0.0,0.0,0.0,0.6467194513484511,0.0,0.0,0.0,0.0,0.0,0.0,0.0,0.0,0.589586789440732,0.0,0.0,0.0,0.0,0.0,0.0,0.0,0.0
2023-06-08,14903,14875.0,28.0,0.0018823529411764,7,"cnbc_d0f173a9,cnbc_4378003a,cnbc_8a92889a,cnbc_0686892e,cnbc_98ab87a7,cnbc_0b563a13,cnbc_d7e942ed",True,0,-0.003355029188753942,0.0018823529411764,0.0024260394905317,-0.0032912412681354,0.0022713608123455,9.394964299125341e-05,0.0020473960417011217,0.004481729005357056,0.0029821194008928524,-0.004409112165141282,0.013189203888775536,3,-0.15267142857142857,-0.6908,0.5859,0.43379623370996706,0.030428571428571426,0.13385714285714287,-0.6123899909614196,-0.8787878787878788,-0.2727272727272727,0.00999361947079965,0.005962019908020651,0.03226579277316955,7,0.0,0.0,0.0,0.0,0.49381758172283224,0.3720954648673952,0.0,0.0,0.0,0.0,0.0,0.0,0.4973146163962743,0.0,0.0,0.0,0.3328326425308903,0.0,0.0,0.5094995244267282,0.0,0.0,0.0,0.0,0.0,0.0,0.0,0.0,0.0,0.0
2023-06-09,14853,14903.0,-50.0,-0.0033550291887539,10,"cnbc_e5eeba15,cnbc_3a1b2810,cnbc_f6a7011a,cnbc_7616638d,cnbc_491ca162,cnbc_1d2ef07a,cnbc_65f0158c,cnbc_3223557e,cnbc_0da9083d,cnbc_38bc6b36",True,1,0.0014138557867097556,-0.0033550291887539,0.0018823529411764,0.0024260394905317,-0.0076651336399386,-0.0012507060437343398,-0.0016367162162616022,0.004191051043320065,0.003044541597722708,-0.009998000399920048,0.006505387273836094,4,-0.19453,-0.6908,0.0,0.29740236138194254,0.0375,0.1298,-0.4148051948051948,-1.0,0.3333333333333333,0.009927593257050234,0.007447861981189821,0.02591160468031727,10,0.0,0.0,0.0,0.0,0.4825475462981093,0.36360340377916117,0.0,0.0,0.0,0.0,0.0,0.0,0.0,0.0,0.0,0.0,0.0,0.0,0.0,0.29405098226272575,0.0,0.0,0.23039501859144115,0.0,0.0,0.0,0.3125819579640315,0.630622791465572,0.0,0.0
2023-06-12,14874,14853.0,21.0,0.0014138557867097,20,"cnbc_64410f53,cnbc_bf194bcb,cnbc_5650d9ac,cnbc_fa60f637,cnbc_4de80f6b,cnbc_03ddb56b,cnbc_583e4f23,cnbc_f088cb98,cnbc_fafc8669,cnbc_3cfaa5e5,cnbc_1316f6eb,cnbc_399d67f1,cnbc_b8d67246,cnbc_2e98914c,cnbc_42327936,cnbc_395fb1a5,cnbc_078e6504,cnbc_397d0148,cnbc_fc37d7c5,cnbc_5a1d162b",True,0,-0.0004033884630899556,0.0014138557867097,-0.0033550291887539,0.0018823529411764,-0.0032912412681354,0.00034972559991386376,-0.0006550768455529932,0.002887283970854683,0.0030427330883301784,-0.0009403546480386549,0.008680320086803306,0,-0.18334999999999999,-0.9136,0.1531,0.31332873522195415,0.0395,0.13069999999999998,-0.5960897599132894,-1.0,0.0,0.007082267205671557,0.0056184678525327695,0.027025133127188537,20,0.2391180604884072,0.0,0.20826355472385394,0.0,0.0,0.20706648554824797,0.0,0.0,0.2741624952354142,0.0,0.0,0.0,0.276749381682601,0.0,0.0,0.2405044473703602,0.0,0.0,0.0,0.2835301310354421,0.0,0.0,0.36629665702834885,0.0,0.0,0.4654512022529943,0.46450751812057267,0.0,0.0,0.0
2023-06-13,14868,14874.0,-6.0,-0.0004033884630899,5,"cnbc_9c8ed3eb,cnbc_acb9b1e2,cnbc_066e9c4e,cnbc_a108d267,cnbc_2fbe2626",True,1,0.0018159806295399517,-0.0004033884630899,0.0014138557867097,-0.0033550291887539,0.0024260394905317,-0.0004437094106732875,-0.0015479096504275036,0.002349229948360205,0.0030111727384481953,0.0019543095895950824,0.009917130824616205,1,-0.16574,-0.4019,0.2732,0.29403893959814237,0.032,0.0982,-0.2564705882352941,-0.8823529411764706,0.3333333333333333,0.009153895260873408,0.008211805122637358,0.020504863615381338,5,0.0,0.0,0.0,0.0,0.0,0.5325164999718188,0.0,0.0,0.0,0.0,0.0,0.0,0.0,0.0,0.0,0.7430392864014624,0.0,0.0,0.0,0.0,0.0,0.0,0.40536254898765556,0.0,0.0,0.0,0.0,0.0,0.0,0.0
2023-06-14,14895,14868.0,27.0,0.0018159806295399,8,"cnbc_392cea30,cnbc_a6731785,cnbc_e03ce38d,cnbc_3b980ea7,cnbc_aad63055,cnbc_c6cd6e65,cnbc_82298664,cnbc_bf6726d6",True,1,0.0032225579053373615,0.0018159806295399,-0.0004033884630899,0.0014138557867097,0.0018823529411764,0.001102254244350842,-0.00021479104858312947,0.00223004652255339,0.003005606420880641,0.0013445378151260012,0.009693600867678898,2,0.15065,-0.3818,0.5423,0.29082032744831104,0.105875,0.033625,-0.19619514472455651,-1.0,0.7777777777777778,0.005800839870653397,0.008357727621952893,0.01606956301930433,8,0.0,0.0,0.0,0.0,0.0,0.22658948967994968,0.0,0.0,0.0,0.0,0.0,0.4464663987874696,0.0,0.0,0.0,0.4456026575587052,0.343167388169691,0.0,0.0,0.31026241417151285,0.0,0.0,0.24309701035925554,0.0,0.0,0.41092882413469783,0.32981502785026523,0.0,0.0,0.0
2023-06-15,14943,14895.0,48.0,0.0032225579053373,6,"cnbc_d46f9d18,cnbc_fef5912b,cnbc_aacd8f5e,cnbc_62f84cb7,cnbc_5e17879c,cnbc_d07d7c29",True,1,0.00013384193267750787,0.0032225579053373,0.0018159806295399,-0.0004033884630899,-0.0033550291887539,0.0037886421345370014,0.0025662959794696683,0.002532246746263549,0.002958206872238661,0.002684023351003262,0.008844180394274925,3,-0.04866666666666667,-0.7351,0.6486,0.5372316247827064,0.14433333333333334,0.13483333333333333,-0.3138888888888889,-0.8,1.0,0.008260680822349873,0.00748374358917647,0.018595460133407633,6,0.0,0.0,0.0,0.0,0.0,0.4930878164114443,0.0,0.0,0.0,0.0,0.47213733359429516,0.0,0.0,0.0,0.0,0.46206180591875007,0.0,0.0,0.0,0.0,0.0,0.0,0.2520762426226072,0.0,0.0,0.0,0.0,0.0,0.506860137463418,0.0
2023-06-16,14945,14943.0,2.0,0.0001338419326775,8,"cnbc_b64e2262,cnbc_9c13807a,cnbc_98b943de,cnbc_628820de,cnbc_7cf909d8,cnbc_602cc680,cnbc_da7a1322,cnbc_e9ca6c2b",True,1,0.003278688524590164,0.0001338419326775,0.0032225579053373,0.0018159806295399,0.0014138557867097,0.0026836632002684713,0.0022465882037354667,0.0014332452545760676,0.0029560446590530384,0.0061940348751095,0.009115462525320694,4,0.034625,-0.25,0.4019,0.193212545806795,0.03825,0.043375,-0.6911616161616162,-1.0,0.0,0.003190976764833745,0.001991845603501431,0.02672756070473688,8,0.0,0.0,0.0,0.0,0.0,0.38222339778758263,0.4159887642058767,0.45819056193254293,0.0,0.0,0.0,0.0,0.0,0.0,0.0,0.0,0.0,0.0,0.0,0.0,0.0,0.0,0.2421934611284322,0.0,0.0,0.4094014732947128,0.0,0.0,0.0,0.4946238896827289
2023-06-19,14994,14945.0,49.0,0.0032786885245901,27,"cnbc_a0ff4c89,cnbc_d1671066,cnbc_02e89d79,cnbc_ef3e2a95,cnbc_7049c288,cnbc_83266735,cnbc_55c2ece0,cnbc_232b42cc,cnbc_990960e3,cnbc_4b6ef1c3,cnbc_3cb5d651,cnbc_afd677df,cnbc_30bcd382,cnbc_a6416917,cnbc_f0f24154,cnbc_513e0dda,cnbc_de18e52c,cnbc_857628e5,cnbc_b41133a0,cnbc_bc83f884,cnbc_15cb4bc2,cnbc_f12f561c,cnbc_2ed84f9c,cnbc_36a32721,cnbc_20c13dbe,cnbc_06ce3fca,cnbc_7af3b2bc",True,1,0.003067893824196345,0.0032786885245901,0.0001338419326775,0.0032225579053373,-0.0004033884630899,0.004353941992095933,0.005131574096108871,0.0017073420188223843,0.002887980542531951,0.008067769261799196,0.008000000000000007,0,-0.08214814814814815,-0.8481,0.6597,0.38548947443514575,0.0652962962962963,0.10722222222222222,-0.5012497790275569,-1.0,0.5,0.008855679608272491,0.006625453482531106,0.025070504023653836,27,0.0,0.0,0.0,0.0,0.23527846982033837,0.273226155717844,0.19294536362993198,0.0,0.0,0.0,0.0,0.20631192045339175,0.0,0.0,0.2151265109880834,0.34864065309641934,0.15857749448232508,0.0,0.3426885780630088,0.3008824948083367,0.3232168701176815,0.21601240032375013,0.2931312555616637,0.0,0.0,0.0,0.2580481169944132,0.18160049427153038,0.0,0.22941818257296398
2023-06-20,15040,14994.0,46.0,0.0030678938241963,5,"cnbc_9c2f15c6,cnbc_da963bbd,cnbc_1458a8f6,cnbc_ce682852,cnbc_1e47f585",True,0,-0.003856382978723404,0.0030678938241963,0.0032786885245901,0.0001338419326775,0.0018159806295399,0.005119157410748976,0.007863884765775486,0.0013532413724119808,0.002826950795640976,0.011568469195587738,0.006963042313872458,1,-0.05119999999999998,-0.8271,0.4939,0.4798135731719143,0.057199999999999994,0.0922,-0.14684210526315788,-1.0,1.0,0.005419399596589045,0.009152089232017852,0.027500294642447402,5,0.0,0.0,0.0,0.0,0.0,0.6416060906905989,0.0,0.0,0.0,0.0,0.0,0.5297774651402414,0.0,0.0,0.0,0.0,0.0,0.0,0.0,0.0,0.0,0.5546868141738246,0.0,0.0,0.0,0.0,0.0,0.0,0.0,0.0
2023-06-21,14982,15040.0,-58.0,-0.0038563829787234,9,"cnbc_c1121662,cnbc_d8eb9889,cnbc_90c548dc,cnbc_e5b638cc,cnbc_924677fa,cnbc_838bddac,cnbc_72de4026,cnbc_bdb46031,cnbc_d9834749",True,0,-0.004271792818048324,-0.0038563829787234,0.0030678938241963,0.0032786885245901,0.0032225579053373,8.010253124002276e-05,0.0036913223777208515,0.0031064332156278468,0.002908165925930557,0.005840886203424045,0.005705846814795024,2,-0.2195111111111111,-0.6808,0.0,0.2665730455449521,0.034444444444444444,0.1376666666666667,-0.2824434824434825,-1.0,0.42857142857142855,0.01001361151140718,0.008852349143779779,0.015395272535782501,9,0.0,0.3239194167206339,0.25570491804081114,0.0,0.0,0.3583149427728337,0.27669413163676937,0.0,0.3366152972227467,0.0,0.0,0.0,0.0,0.0,0.5223411569376305,0.0,0.0,0.0,0.0,0.2056034089218847,0.0,0.0,0.2727567287594814,0.0,0.0,0.27231260767425863,0.21856045380409805,0.0,0.0,0.0
2023-06-22,14918,14982.0,-64.0,-0.0042717928180483,16,"cnbc_b2c8479c,cnbc_db92af4f,cnbc_17dea70f,cnbc_6e4c8a81,cnbc_e8c30a0b,cnbc_a5377939,cnbc_f2d74934,cnbc_70942e18,cnbc_d0ed06cf,cnbc_ecc737d0,cnbc_1a779c4f,cnbc_ae7c1e6a,cnbc_a590a5aa,cnbc_91fc2614,cnbc_bd61904f,cnbc_e100c3ce",True,1,0.005362649148679448,-0.0042717928180483,-0.0038563829787234,0.0030678938241963,0.0001338419326775,-0.0038595600902788796,-0.0007301274708786387,0.003631685943485488,0.0030658812971540174,-0.0016730241584688166,0.0026885334050275045,3,0.11440625,-0.5994,0.6369,0.34455832494900873,0.1148125,0.066125,-0.2636370756436546,-0.8461538461538461,1.0,0.00826718362899594,0.008952378706217486,0.019210141405640053,16,0.0,0.251084062477792,0.19820803046397897,0.0,0.0,0.30371765491564184,0.3631422877047861,0.23623631088776675,0.0,0.0,0.3959989775068591,0.0,0.26338717759891145,0.0,0.0,0.22889224614606468,0.0,0.0,0.0,0.26984053414551706,0.0,0.0,0.12487138437946267,0.0,0.0,0.35739183457458307,0.2868457770561162,0.20186675066580587,0.0,0.0
2023-06-23,14998,14918.0,80.0,0.0053626491486794,8,"cnbc_a06d2db6,cnbc_55d95e7f,cnbc_ccb85cda,cnbc_41cdb134,cnbc_b293edc1,cnbc_5e2ae369,cnbc_9b1e83d5,cnbc_e30acc49",True,1,0.001866915588745166,0.0053626491486794,-0.0042717928180483,-0.0038563829787234,0.0032786885245901,0.0007740351251801503,0.004315785596860744,0.0044574344757459545,0.0032641902475385376,0.003546336567413766,0.006239516940623968,4,0.04765,-0.3612,0.3818,0.252753849765792,0.0965,0.076,-0.3078095118246047,-0.8181818181818182,0.6666666666666666,0.0038138458670407367,0.01009875588988644,0.023360652579175245,8,0.0,0.5764662240770625,0.0,0.0,0.3546418315083456,0.1578276455732095,0.0,0.0,0.0,0.0,0.0,0.0,0.3571532746552479,0.0,0.0,0.0,0.23902830174881937,0.0,0.0,0.0,0.0,0.0,0.0,0.0,0.0,0.0,0.0,0.0,0.5764662240770625,0.0
2023-06-26,15026,14998.0,28.0,0.0018669155887451,13,"cnbc_b9c63a2f,cnbc_b33288ab,cnbc_eaea2714,cnbc_a79a0ba3,cnbc_760352ac,cnbc_77040380,cnbc_39862e8b,cnbc_671e18e0,cnbc_a0022e01,cnbc_235efd0c,cnbc_d6334dfc,cnbc_a931e4f6,cnbc_6c0670e1",True,0,-0.0017303340875815254,0.0018669155887451,0.0053626491486794,-0.0042717928180483,0.0030678938241963,0.00221439624353037,0.005941522033841462,0.004296338506217113,0.0032176850337273482,0.002134187008136612,0.004949170679507731,0,-0.2039,-0.8481,0.3182,0.33642487026575985,0.048846153846153845,0.1493846153846154,-0.5179556837381164,-1.0,0.75,0.007342269917898219,0.005051728306808571,0.029053306070064115,13,0.0,0.0,0.22571792632424026,0.0,0.0,0.27816346476511905,0.0,0.0,0.0,0.0,0.0,0.26116615402998355,0.29994348568447604,0.0,0.0,0.0,0.3398825245468464,0.0,0.4338026506953027,0.43309313201788896,0.2416528272532406,0.273445798436469,0.298428257952673,0.0,0.0,0.0,0.0,0.0,0.0,0.0
2023-06-27,15000,15026.0,-26.0,-0.0017303340875815,11,"cnbc_90b51753,cnbc_05957c51,cnbc_fe290eee,cnbc_9440df6d,cnbc_4c610e8e,cnbc_3767dc49,cnbc_dc96fcae,cnbc_d1f499c9,cnbc_400e91e4,cnbc_d48d967f,cnbc_f19524f3",True,1,0.002266666666666667,-0.0017303340875815,0.0018669155887451,0.0053626491486794,-0.0038563829787234,0.001014361219368931,0.0040631087132596555,0.004091914857489784,0.0032473214177376492,-0.0026595744680850686,0.002740824921452001,1,-0.24889999999999998,-0.6597,0.4939,0.39736255988706337,0.046181818181818185,0.17236363636363636,-0.44655589508530685,-1.0,0.3333333333333333,0.007776604285687972,0.009319711491703417,0.026553382431073077,11,0.0,0.0,0.2463300106282758,0.3183697200391602,0.0,0.14465023697376403,0.0,0.0,0.0,0.0,0.0,0.0,0.0,0.0,0.0,0.0,0.0,0.32055137889868246,0.27960746589477004,0.4726422821187458,0.44651686428682075,0.0,0.3256800961730491,0.0,0.0,0.0,0.2105473735936967,0.25087701401704965,0.0,0.0
2023-07-03,15034,15000.0,34.0,0.0022666666666666,38,"cnbc_461d2596,cnbc_86f21492,cnbc_f0079e80,cnbc_85a7a553,cnbc_5bc51e48,cnbc_9dcfdd31,cnbc_2b575279,cnbc_6d1e2398,cnbc_7b83864a,cnbc_91e4aebb,cnbc_9daa534d,cnbc_7688973e,cnbc_81509ebf,cnbc_8e7e8a3a,cnbc_6f147586,cnbc_82091079,cnbc_dddc61f1,cnbc_f942aa4a,cnbc_a04992c3,cnbc_bf95723c,cnbc_95bc54a8,cnbc_cfaf9c65,cnbc_23aa1fbc,cnbc_073bae21,cnbc_e91d8fbb,cnbc_600874f3,cnbc_b2c58d16,cnbc_48f4008d,cnbc_1d075e89,cnbc_ebfdb98d,cnbc_8cbaf675,cnbc_a2e0be8f,cnbc_cea47787,cnbc_6f0d85f4,cnbc_03ab68ae,cnbc_d8927f27,cnbc_eabd4905,cnbc_3183485e",True,0,-0.0010642543567912731,0.0022666666666666,-0.0017303340875815,0.0018669155887451,-0.0042717928180483,0.0025874946649593333,0.006133573366973621,0.0037477217803237135,0.003277937015028432,0.003470831664664331,0.004073999866426314,0,-0.05472105263157894,-0.7184,0.8225,0.35410714759411505,0.07389473684210526,0.10010526315789474,-0.5197759213284253,-1.0,0.5,0.007915105374655932,0.006171367998404223,0.024348250304284006,38,0.0,0.18137723522783047,0.3004810501769243,0.18505435359995515,0.0,0.2476887020552705,0.3251456557387724,0.0,0.18848623698996367,0.0,0.1689518624284273,0.16566688971081178,0.19026471690761942,0.31403581082175935,0.0,0.16534638782472807,0.1273365117792849,0.0,0.34107393076093545,0.30041601076187846,0.0,0.1734563006439898,0.2979069077314172,0.19301651751013268,0.0,0.0,0.2072106587164159,0.0,0.0,0.0
2023-07-04,15018,15034.0,-16.0,-0.0010642543567912,7,"cnbc_94f73d7d,cnbc_14ed45a4,cnbc_3101e56b,cnbc_21c21959,cnbc_3a3c0cfd,cnbc_45d1fc81,cnbc_fb58762f",True,0,-0.0003329338127580237,-0.0010642543567912,0.0022666666666666,-0.0017303340875815,0.0053626491486794,0.00018647770259461183,0.004898024731010198,0.0028515542780997456,0.0032888512893610917,0.006703311435849235,0.003273431758968437,1,-0.1674571428571429,-0.7003,0.4019,0.42487232928313445,0.09857142857142857,0.128,-0.35000000000000003,-1.0,0.6,0.007036579791948429,0.00761333557483154,0.02090061412100405,7,0.0,0.6789232590190503,0.0,0.0,0.0,0.39008756855439414,0.0,0.0,0.0,0.0,0.3735133952932098,0.0,0.0,0.41004135644543654,0.0,0.0,0.2815115037848313,0.0,0.0,0.0,0.0,0.0,0.0,0.0,0.0,0.0,0.0,0.0,0.0,0.0
2023-07-05,15013,15018.0,-5.0,-0.000332933812758,13,"cnbc_5e55d0b6,cnbc_72d9d121,cnbc_05f51da3,cnbc_34051f36,cnbc_e8a34874,cnbc_e85cb6f5,cnbc_2113030a,cnbc_74d42a4d,cnbc_f632a67e,cnbc_39a3b107,cnbc_857fbcba,cnbc_b98728a2,cnbc_14976963",True,1,0.0032638380070605477,-0.000332933812758,-0.0010642543567912,0.0022666666666666,0.0018669155887451,-0.0003462465541810289,0.0045298521943353265,0.0017789223257018507,0.0032525692890973856,0.0010001333511133748,0.0006665333599946699,2,-0.22520769230769228,-0.7783,0.7506,0.44942210014925177,0.05761538461538462,0.16576923076923075,-0.4538583211660135,-1.0,0.3333333333333333,0.0059652226247766055,0.006668497920820999,0.024210070522772638,13,0.2917139020846471,0.3218517869489396,0.0,0.0,0.0,0.3560277608223951,0.0,0.0,0.0,0.0,0.0,0.2939739621938852,0.0,0.557252881002311,0.0,0.0,0.0,0.0,0.0,0.0,0.27200936264824666,0.0,0.2710156786596678,0.0,0.0,0.27057439247081316,0.0,0.25876263824237056,0.0,0.0
2023-07-06,15062,15013.0,49.0,0.0032638380070605,5,"cnbc_aa5597ea,cnbc_fca17c15,cnbc_ad102b84,cnbc_f8dbb0e6,cnbc_3922439a",True,1,0.004913026158544682,0.0032638380070605,-0.000332933812758,-0.0010642543567912,-0.0017303340875815,0.0024358752512412263,0.007222147920288968,0.0021721584731258133,0.002772923375745326,0.002395847198189749,0.01168726491133798,3,0.12648,-0.0258,0.34,0.18632109918095696,0.14279999999999998,0.0876,-0.6276390276390276,-1.0,-0.14285714285714285,0.0055174464083412415,0.0045775345542195004,0.023422959870038635,5,0.0,0.38735252232681777,0.0,0.0,0.0,0.1795602955114165,0.0,0.0,0.0,0.0,0.3608166701916025,0.0,0.0,0.396102947679692,0.0,0.3531167530538542,0.0,0.3979136261773225,0.0,0.24586670305587457,0.0,0.0,0.19264164052668473,0.0,0.0,0.0,0.0,0.0,0.38735252232681777,0.0
2023-07-07,15136,15062.0,74.0,0.0049130261585446,9,"cnbc_3809cd31,cnbc_d2e1b208,cnbc_b078ed8f,cnbc_5a9f3608,cnbc_812adf09,cnbc_9b579d86,cnbc_ba60c557,cnbc_0100fcf9,cnbc_c6715cfd",True,1,0.0036997885835095136,0.0049130261585446,0.0032638380070605,-0.000332933812758,0.0022666666666666,0.005540571064134969,0.011166522478346597,0.002490203881914176,0.002776189979656265,0.009066666666666556,0.020014825796886626,4,-0.13044444444444445,-0.5574,0.0,0.21245551364409862,0.027444444444444445,0.07122222222222223,-0.5251322751322751,-0.8,-0.25,0.0072794656183720885,0.005174375989947292,0.020160259859331064,9,0.2595554131714176,0.0,0.0,0.0,0.0,0.22476439922878397,0.0,0.0,0.2975950857981499,0.0,0.26675286640595547,0.2615663246543929,0.0,0.0,0.0,0.0,0.340403307963744,0.4980879368568783,0.2566034115503379,0.18177000458185272,0.0,0.0,0.3716375912264037,0.0,0.0,0.0,0.0,0.23023669082056875,0.0,0.0
2023-07-10,15192,15136.0,56.0,0.0036997885835095,15,"cnbc_ac85e032,cnbc_7e9e895b,cnbc_52b490c9,cnbc_d7eed149,cnbc_dd29af84,cnbc_7104d132,cnbc_e38feccb,cnbc_4b29313e,cnbc_fd1641f6,cnbc_1c8f564a,cnbc_93aeac55,cnbc_e1799cec,cnbc_7d55739d,cnbc_987c4bc0,cnbc_8981cf3e",True,0,-0.0019747235387045812,0.0036997885835095,0.0049130261585446,0.0032638380070605,-0.0010642543567912,0.0071465506954295765,0.013834110793008891,0.002634319021032616,0.002824928935896642,0.010509511773313829,0.021310924369747797,0,-0.11777333333333333,-0.7317,0.4767,0.3950553170428282,0.07293333333333334,0.1246,-0.41068352906123806,-0.8823529411764706,0.3333333333333333,0.005303225362515635,0.008146534546714023,0.022029119421219222,15,0.0,0.0,0.24807325017838294,0.0,0.0,0.406686502096582,0.2684360280057794,0.0,0.0,0.0,0.0,0.2870323049740355,0.0,0.0,0.0,0.0,0.22062158918515784,0.0,0.0,0.19946705088740843,0.0,0.0,0.436314468746034,0.3344179154670217,0.0,0.0,0.21203738493207802,0.42777775291916753,0.0,0.0
2023-07-11,15162,15192.0,-30.0,-0.0019747235387045,6,"cnbc_0944ad5a,cnbc_2c4f8f2d,cnbc_b68cac2f,cnbc_e847e90e,cnbc_3530bf4a,cnbc_39453c12",True,0,-0.0051444400474871385,-0.0019747235387045,0.0036997885835095,0.0049130261585446,-0.000332933812758,0.003242241778601107,0.010958383480078604,0.002923018282848967,0.002896491756989612,0.009588493807431098,0.01737905119774541,1,0.12873333333333334,-0.4215,0.4939,0.3373983738352434,0.1035,0.027833333333333335,-0.16322751322751325,-0.5555555555555556,0.14285714285714285,0.005883230912499431,0.007525406668611897,0.011098673188564256,6,0.0,0.4581533631288849,0.36167040974277853,0.0,0.0,0.3595915798687474,0.0,0.0,0.0,0.0,0.4267672504834582,0.0,0.0,0.0,0.0,0.0,0.32164814425304805,0.0,0.0,0.0,0.0,0.0,0.3857885824268624,0.0,0.0,0.0,0.30913307998354456,0.0,0.0,0.0
2023-07-12,15084,15162.0,-78.0,-0.0051444400474871,13,"cnbc_7a62df63,cnbc_73c9bfcc,cnbc_f224cebb,cnbc_8889072a,cnbc_d01f9e48,cnbc_13873b89,cnbc_9beeec9a,cnbc_53ad5fb1,cnbc_8999a900,cnbc_08da9dfd,cnbc_1fa360ea,cnbc_a6ac8c3f,cnbc_51f1bded",True,0,-0.007027313709891275,-0.0051444400474871,-0.0019747235387045,0.0036997885835095,0.0032638380070605,-0.0028557829604950458,0.004983610052501142,0.004310364136676281,0.003056927136265746,0.0047292346632918925,0.015552413653807218,2,-0.14705384615384617,-0.8016,0.4939,0.3829226458337346,0.05838461538461538,0.09684615384615383,-0.4515553451073813,-1.0,0.6,0.00597916749026981,0.008363622209023598,0.01957400403125132,13,0.0,0.0,0.0,0.0,0.0,0.1300170322495802,0.23958481684178384,0.0,0.0,0.0,0.4423553083454962,0.0,0.0,0.0,0.26712767160214007,0.0,0.1969094216933179,0.0,0.2513216270572538,0.1780285500715337,0.0,0.0,0.33286192481952226,0.0,0.0,0.0,0.1892478383396024,0.3818006671590373,0.0,0.48233357247256864
2023-07-13,14978,15084.0,-106.0,-0.0070273137098912,9,"cnbc_2f80974e,cnbc_54204808,cnbc_acf4f0ea,cnbc_dc7ceb73,cnbc_e8b00486,cnbc_d81e282a,cnbc_03758632,cnbc_c5983e14,cnbc_f85e6e51",True,0,-0.0022032314060622246,-0.0070273137098912,-0.0051444400474871,-0.0019747235387045,0.0049130261585446,-0.008762177043625585,-0.0024243393009377723,0.005278492014263318,0.003512981455671298,-0.0055769486124020995,0.006992066693559229,3,-0.14578888888888888,-0.5267,0.34,0.29521738788748725,0.05622222222222222,0.12111111111111111,-0.5183017309487897,-0.8823529411764706,0.0,0.005825191796936726,0.008834086905518696,0.027776036757937692,9,0.0,0.6462391108037427,0.0,0.0,0.0,0.17693039605013267,0.32603294966804,0.0,0.39663898040666623,0.0,0.3555320299327053,0.0,0.0,0.0,0.0,0.0,0.0,0.0,0.0,0.2422656580248857,0.0,0.0,0.1898201473608431,0.0,0.0,0.0,0.257533143232974,0.0,0.0,0.0
2023-07-14,14945,14978.0,-33.0,-0.0022032314060622,15,"cnbc_985c9868,cnbc_e4cc6811,cnbc_68b67ba0,cnbc_114ae12b,cnbc_d4bbb9a0,cnbc_eea54055,cnbc_df34df0f,cnbc_74a1cb78,cnbc_1efdd3d5,cnbc_331499d1,cnbc_8129d595,cnbc_158ec7b8,cnbc_393c538c,cnbc_57a65585,cnbc_53e26aa8",True,1,0.004148544663767146,-0.0022032314060622,-0.0070273137098912,-0.0051444400474871,0.0036997885835095,-0.008439378458353852,-0.004877399164350038,0.004070826169940256,0.0035562005876212926,-0.012618921775898517,0.005178907721280712,4,-0.006360000000000001,-0.7579,0.5994,0.3770513356484575,0.067,0.07733333333333332,-0.3238806291747468,-1.0,0.6,0.008583495089157194,0.009686409080299208,0.020814657070601435,15,0.0,0.0,0.22696586291392706,0.0,0.0,0.372083458484234,0.0,0.0,0.0,0.0,0.0,0.0,0.0,0.0,0.0,0.44377730469032567,0.48167336113563464,0.0,0.0,0.0,0.0,0.0,0.1429888660040544,0.0,0.0,0.4092455080792156,0.3284639838272797,0.0,0.0,0.2920215465550613
2023-07-17,15007,14945.0,62.0,0.0041485446637671,24,"cnbc_3817978a,cnbc_9f111e9e,cnbc_a3d2d496,cnbc_20a214fb,cnbc_a4a528dd,cnbc_c3b14db6,cnbc_58680aef,cnbc_faed5e29,cnbc_4eca9e01,cnbc_44507e4b,cnbc_ff4a24bc,cnbc_ff1f3bf1,cnbc_3dfc3b18,cnbc_a1f1ad61,cnbc_47f487bc,cnbc_85107ba2,cnbc_29f215bc,cnbc_07b9ea27,cnbc_10f935ac,cnbc_ccef4484,cnbc_8beb7674,cnbc_469cae35,cnbc_0acf498b,cnbc_a1cf6ec2",True,0,-0.000866262410874925,0.0041485446637671,-0.0022032314060622,-0.0070273137098912,-0.0019747235387045,-0.0018755985952964016,-0.0011215500687240532,0.004243786785153552,0.003646860135926378,-0.012177461822011626,0.007519301779120413,0,-0.010929166666666665,-0.5719,0.4927,0.33517420062482844,0.069375,0.0655,-0.38568049420031514,-1.0,0.5555555555555556,0.0072834079604361425,0.008457838978569117,0.01910309758751873,24,0.0,0.3584183868965826,0.0,0.17425072692771756,0.0,0.16614765041745508,0.1458884922623478,0.0,0.37246643951370495,0.18398464430268752,0.0,0.0,0.0,0.36651518027951036,0.1626599455061596,0.3267399325437642,0.11990250059151077,0.0,0.15303529550670766,0.2586874820439474,0.0,0.0,0.23712636664492634,0.0,0.0,0.14357830982038272,0.1951135285720477,0.0,0.0,0.3640380131118163
2023-07-18,14994,15007.0,-13.0,-0.0008662624108749,10,"cnbc_93a8457d,cnbc_3814bdbd,cnbc_f041d30a,cnbc_d8999eee,cnbc_986ad51d,cnbc_b645d4f6,cnbc_e04add5f,cnbc_51c1a721,cnbc_9950b467,cnbc_1c9dc9b5",True,0,-0.00020008003201280514,-0.0008662624108749,0.0041485446637671,-0.0022032314060622,-0.0051444400474871,-0.000506612627986347,-0.00215620507906078,0.004302727385842052,0.0035933935773805855,-0.011080332409972304,0.0034129692832765013,1,-0.13123,-0.886,0.3919,0.4280786818902442,0.07010000000000001,0.1379,-0.45619217383923266,-1.0,0.6,0.005659060938840534,0.007131727638039697,0.02357123914639028,10,0.0,0.0,0.0,0.0,0.0,0.24085355653975343,0.0,0.0,0.5399406276476003,0.0,0.0,0.0,0.0,0.0,0.0,0.0,0.0,0.0,0.0,0.46480605081149096,0.25934767374323253,0.0,0.15261534699629659,0.0,0.0,0.0,0.43453147759819816,0.24671756746330878,0.30686999676276777,0.0
2023-07-20,14991,14994.0,-3.0,-0.0002000800320128,20,"cnbc_f38e5e43,cnbc_a459c318,cnbc_45585ec7,cnbc_26249af2,cnbc_f924a399,cnbc_556e236f,cnbc_0e0b7fa1,cnbc_28ccb0c3,cnbc_3b464239,cnbc_efc311dd,cnbc_1baa922a,cnbc_45af5ca0,cnbc_d6a50f57,cnbc_4939ec04,cnbc_357af77a,cnbc_4f8844e0,cnbc_dacd9d13,cnbc_13b99cd9,cnbc_5a9cb8ed,cnbc_b40e47a4",True,1,0.002334734173837636,-0.0002000800320128,-0.0008662624108749,0.0041485446637671,-0.0070273137098912,0.0005339384635920652,-0.002508533672240465,0.004021125711345576,0.0035943778789352043,-0.0061654733492442215,0.0030779524924724466,3,-0.069105,-0.7056,0.8316,0.37550254673605493,0.08764999999999999,0.10495000000000002,-0.3716893851762273,-1.0,1.0,0.0062417271097818475,0.007766932783964481,0.020958541877100445,20,0.0,0.0,0.24591096197566564,0.0,0.0,0.3445908390915656,0.0,0.0,0.0,0.0,0.6089592153585706,0.2845304368105079,0.3267768418049774,0.0,0.0,0.283979979553749,0.0,0.0,0.0,0.0,0.0,0.0,0.2623096578215779,0.0,0.0,0.2618825473688826,0.21018919720670265,0.0,0.0,0.0
2023-07-21,15026,14991.0,35.0,0.0023347341738376,8,"cnbc_cb074905,cnbc_a0b7ea38,cnbc_106321d2,cnbc_6e408efe,cnbc_980cf18f,cnbc_52bd6d02,cnbc_6a1ef02f,cnbc_e9509ab3",True,1,0.0001331026221216558,0.0023347341738376,-0.0002000800320128,-0.0008662624108749,-0.0022032314060622,0.0022277656977442994,-0.00028608876735658484,0.0025612739872619356,0.003557274530816801,0.0032047002269997016,0.002134187008136612,4,0.21913749999999999,-0.8625,0.765,0.5231016452373287,0.188,0.07025,-0.4311274509803921,-0.8823529411764706,0.0,0.003870587122378969,0.007100985687661886,0.020623536402204917,8,0.5010135604399178,0.0,0.0,0.0,0.0,0.43385730446462084,0.4721839766236145,0.0,0.0,0.0,0.0,0.0,0.0,0.0,0.0,0.0,0.0,0.0,0.0,0.35086626036417723,0.0,0.0,0.27491096257412895,0.0,0.0,0.0,0.3729777122463795,0.0,0.0,0.0
2023-07-24,15028,15026.0,2.0,0.0001331026221216,15,"cnbc_a41c2575,cnbc_8e52ff8e,cnbc_73c71562,cnbc_9c6730ee,cnbc_23c0ec78,cnbc_87f3b413,cnbc_1d99d0fa,cnbc_4debeca0,cnbc_ccbab6a8,cnbc_4f500d5c,cnbc_5ad424cc,cnbc_a909dc38,cnbc_8ffa6adc,cnbc_d23fd2c9,cnbc_46851c6b",True,0,-0.0013973915357998403,0.0001331026221216,0.0023347341738376,-0.0002000800320128,0.0041485446637671,0.0012525650934094301,-0.00011310937676733968,0.0020802030407985565,0.0034888238007691023,0.0055536968885914195,-0.0007978723404254984,0,-0.14183333333333334,-0.8591,0.6249,0.37681540131298596,0.05413333333333334,0.1194,-0.514028379028379,-1.0,1.0,0.005760551264082386,0.004090839893398819,0.019334005596383232,15,0.2115008306745058,0.0,0.0,0.2380824619124795,0.0,0.1081719848567925,0.33749594091262514,0.0,0.24249776601419273,0.25138211955836604,0.0,0.0,0.24478587688011016,0.2386231429175515,0.37629473377980754,0.0,0.0,0.23971394468120616,0.20909536824402858,0.0,0.19721448220405155,0.3778443126308378,0.19649403320415643,0.0,0.0,0.0,0.26658775004211965,0.0,0.0,0.0
2023-07-25,15007,15028.0,-21.0,-0.0013973915357998,9,"cnbc_1555b41a,cnbc_188c0150,cnbc_9c27ff93,cnbc_e38417f6,cnbc_853b25a3,cnbc_bd071ee5,cnbc_43ba5c73,cnbc_b384d5fc,cnbc_ae07690b",True,1,0.001665889251682548,-0.0013973915357998,0.0001331026221216,0.0023347341738376,-0.0008662624108749,-0.00014657676625007277,-0.001593378994674377,0.001432815610250402,0.003388932779948321,0.0,0.0016686690695502104,1,0.008522222222222228,-0.6486,0.4939,0.33739343790957826,0.06377777777777778,0.083,-0.4681747102799734,-0.8888888888888888,0.14285714285714285,0.007673114646442141,0.007984331832399785,0.024916945959085755,9,0.0,0.43414586626228163,0.0,0.0,0.0,0.5251538591947176,0.0,0.0,0.0,0.4676911785101131,0.0,0.0,0.0,0.0,0.0,0.0,0.0,0.0,0.0,0.27556813659569585,0.0,0.0,0.21591332722516854,0.0,0.0,0.0,0.0,0.0,0.0,0.44095282031507926
2023-07-26,15032,15007.0,25.0,0.0016658892516825,5,"cnbc_08168fdc,cnbc_9ac5daec,cnbc_3fa12a90,cnbc_4379ef1e,cnbc_91ae4187",True,0,-0.001929217668972858,0.0016658892516825,-0.0013973915357998,0.0001331026221216,-0.0002000800320128,0.0010121996697032287,-0.0003092444128179883,0.0014958362824534551,0.0032437938977357143,0.0025343470721621575,0.007641775036868248,2,0.21302,-0.1027,0.5837,0.2788646212770634,0.1364,0.0182,-0.20497714875423853,-0.6,0.42857142857142855,0.00830252632522757,0.010815434660918184,0.018154875306572053,5,0.0,0.0,0.0,0.0,0.0,0.480368249114449,0.5228036678798845,0.0,0.0,0.0,0.0,0.0,0.0,0.0,0.0,0.5579401223797686,0.42968068368604484,0.0,0.0,0.0,0.0,0.0,0.0,0.0,0.0,0.0,0.0,0.0,0.0,0.0
2023-07-27,15003,15032.0,-29.0,-0.0019292176689728,9,"cnbc_75be52cb,cnbc_ea10a6e7,cnbc_40121ba8,cnbc_686ffce4,cnbc_77ca0b1f,cnbc_e1ee509b,cnbc_4d5b75bd,cnbc_9a1af763,cnbc_742bb2c8",True,1,0.005332266879957342,-0.0019292176689728,0.0016658892516825,-0.0013973915357998,0.0023347341738376,-0.0010786193672099875,-0.0022544540430540216,0.001856622159215852,0.0030595164010880555,0.0008004802881729223,0.00033337778370445825,3,0.013355555555555546,-0.7717,0.4576,0.35508584916577257,0.10633333333333334,0.10066666666666667,-0.22082547082547083,-0.8333333333333334,1.0,0.007884589070825248,0.009939883316234285,0.018403716958796508,9,0.0,0.0,0.0,0.0,0.0,0.34750515227534473,0.6403542429706051,0.0,0.0,0.0,0.0,0.0,0.0,0.4527560883400215,0.0,0.0,0.0,0.0,0.0,0.0,0.0,0.0,0.22019446239212634,0.0,0.4644490670186752,0.0,0.0,0.0,0.0,0.0
2023-07-28,15083,15003.0,80.0,0.0053322668799573,10,"cnbc_633cfd9d,cnbc_d81bf3e9,cnbc_1aaa7e14,cnbc_a5e082da,cnbc_34eef458,cnbc_9fbd9474,cnbc_96d6799e,cnbc_a551f183,cnbc_c3cc1631,cnbc_7baa2e03",True,1,0.0005966982695750182,0.0053322668799573,-0.0019292176689728,0.0016658892516825,0.0001331026221216,0.0034862214415924964,0.002875712694692334,0.002915711133945466,0.003261038622521135,0.0037934247304671764,0.0037934247304671764,4,-0.09115999999999999,-0.5267,0.4404,0.3611785221865897,0.0871,0.1032,-0.4396096656966222,-0.8333333333333334,0.5,0.008929141607641923,0.006694084412869022,0.027647549797684978,10,0.28522715015881883,0.0,0.0,0.32107477733078044,0.3277935979684196,0.30614403051498074,0.0,0.0,0.0,0.0,0.293136478842836,0.28743695400957453,0.0,0.0,0.0,0.2868808737568998,0.2209326145009004,0.32327497285329015,0.0,0.0,0.265960774478836,0.0,0.3734714910326446,0.0,0.0,0.0,0.0,0.0,0.0,0.0
2023-07-31,15092,15083.0,9.0,0.000596698269575,16,"cnbc_4a014af5,cnbc_f04fd358,cnbc_0f0448e9,cnbc_6fd879a8,cnbc_17f85549,cnbc_388f1aa2,cnbc_c0f28190,cnbc_6e13441d,cnbc_3a64be8b,cnbc_ba618b4e,cnbc_5ac50ea0,cnbc_908c7cb9,cnbc_8328750b,cnbc_cc4af777,cnbc_99363dcb,cnbc_c2d9360d",True,1,0.0016565067585475749,0.000596698269575,0.0053322668799573,-0.0019292176689728,-0.0013973915357998,0.003230652645013876,0.0031673020103892835,0.0028980729118711856,0.0032301185364617554,0.004258717061485173,0.006133333333333324,0,0.04388125,-0.4215,0.6705,0.2766065466054627,0.08662500000000001,0.0543125,-0.27742604617604616,-1.0,1.0,0.005228987887806221,0.006675832621787323,0.014903363695580424,16,0.4009300092285994,0.0,0.0,0.0,0.0,0.31602652917667534,0.0,0.0,0.27149980180163485,0.0,0.24336205070388006,0.0,0.274061564150243,0.0,0.2488256822368777,0.0,0.1834183665729835,0.0,0.23410257326894743,0.0,0.37384819680339343,0.24985034450337937,0.0,0.2780253194360985,0.0,0.0,0.17628170905798685,0.0,0.0,0.26535611782140817
2023-08-01,15117,15092.0,25.0,0.0016565067585475,4,"cnbc_9d258b4c,cnbc_16bcad19,cnbc_9d615144,cnbc_374f710f",True,1,0.0035721373288350863,0.0016565067585475,0.000596698269575,0.0053322668799573,0.0016658892516825,0.0034250667091482168,0.004551948699205832,0.0026128262618438165,0.0032135115080117196,0.00732991270740313,0.005520819475854699,1,-0.312675,-0.7506,0.4767,0.5629343560013607,0.07275,0.25,-0.5130494505494505,-0.75,-0.23076923076923078,0.004354784680090817,0.0081269199983608,0.02376197114630881,4,0.0,0.0,0.0,0.0,0.0,0.0,0.0,0.0,0.0,0.0,0.0,0.0,0.0,0.0,0.0,0.0,0.7417748610146581,0.0,0.0,0.6706489808884261,0.0,0.0,0.0,0.0,0.0,0.0,0.0,0.0,0.0,0.0
2023-08-02,15171,15117.0,54.0,0.003572137328835,13,"cnbc_93915a77,cnbc_466eca09,cnbc_bb6edb87,cnbc_9d575b3e,cnbc_0a0eb5ca,cnbc_1ec0c313,cnbc_82ad3a77,cnbc_c57f26b7,cnbc_922d02dc,cnbc_a8c0c76f,cnbc_a63f78ec,cnbc_ae81b3a6,cnbc_44636516",True,1,0.0017797112912794147,0.003572137328835,0.0016565067585475,0.000596698269575,-0.0019292176689728,0.005154639175257714,0.007628112100370954,0.002783097971200336,0.0032780024562141636,0.009246939861628611,0.010187774670395555,2,-0.10794615384615386,-0.7003,0.7964,0.4232176855460726,0.09438461538461537,0.13907692307692307,-0.6204457930897314,-1.0,0.2,0.006492461959899544,0.006921498972736955,0.03349214317269942,13,0.2572703874542614,0.28384980400136367,0.2240736032525879,0.0,0.0,0.1315807997871757,0.0,0.2670644639160591,0.0,0.0,0.0,0.0,0.0,0.29026206770994045,0.0,0.0,0.19927773110757707,0.0,0.0,0.30505394079165393,0.0,0.27145378458742453,0.0,0.0,0.29775843994294143,0.0,0.32427831855396644,0.3863927385115777,0.28384980400136367,0.0
2023-08-03,15198,15171.0,27.0,0.0017797112912794,10,"cnbc_bea2e735,cnbc_ea304edf,cnbc_59ae4292,cnbc_ddd344de,cnbc_64a6a9dc,cnbc_6fd12c3d,cnbc_55bfba70,cnbc_b992abfc,cnbc_7754c974,cnbc_02bda728",True,0,-0.0019739439399921043,0.0017797112912794,0.003572137328835,0.0016565067585475,0.0053322668799573,0.004348343267998045,0.008801624915369066,0.001869880907413213,0.003283375341098817,0.012997400519896063,0.01232265370012664,3,-0.08562,-0.802,0.6597,0.3664564512553526,0.06899999999999999,0.09559999999999999,-0.6536006683375104,-1.0,0.3333333333333333,0.005012740768621879,0.004081523811994773,0.024386588673679065,10,0.0,0.0,0.0,0.0,0.0,0.326005731901227,0.0,0.0,0.0,0.0,0.0,0.0,0.0,0.0,0.319162350189806,0.30549283962930357,0.23526605620909935,0.0,0.0,0.36014479481580003,0.2832155074039483,0.0,0.0,0.0,0.0,0.0,0.47452152215100557,0.4561728760770511,0.0,0.0
2023-08-04,15168,15198.0,-30.0,-0.0019739439399921,4,"cnbc_dcaaa3c4,cnbc_b1ffc0d7,cnbc_dee55b8e,cnbc_d80e0af3",True,1,0.0006592827004219409,-0.0019739439399921,0.0017797112912794,0.003572137328835,0.000596698269575,0.0012409896232143947,0.006456236273033156,0.0020360609157982633,0.0032700648220869858,0.005635483657097318,0.0070375780108882235,4,-0.06387499999999999,-0.5719,0.6124,0.5077398636769292,0.12925,0.1375,-0.5075845722904546,-0.8823529411764706,-0.14285714285714285,0.014254352212564339,0.006740895829691718,0.025361479562575347,4,0.0,0.5599954033031779,0.0,0.0,0.0,0.439524508600798,0.0,0.0,0.5819441793106419,0.0,0.0,0.0,0.0,0.0,0.0,0.0,0.393146698809747,0.0,0.0,0.0,0.0,0.0,0.0,0.0,0.0,0.0,0.0,0.0,0.0,0.0
2023-08-07,15178,15168.0,10.0,0.0006592827004219,19,"cnbc_81461603,cnbc_4cc12874,cnbc_cb639998,cnbc_90ba950c,cnbc_66abc275,cnbc_2f7cf084,cnbc_06552641,cnbc_d183ecb8,cnbc_f52b3492,cnbc_0594f1c1,cnbc_1be10057,cnbc_9d017aef,cnbc_23b065f9,cnbc_b79f9447,cnbc_f3fdf663,cnbc_4d817b57,cnbc_13baa290,cnbc_b73ddba8,cnbc_216cc418",True,1,0.003360126498879958,0.0006592827004219,-0.0019739439399921,0.0017797112912794,0.0016565067585475,0.0007648486127229681,0.006979459688976286,0.002032180465957636,0.0030915176424339387,0.005698383249403749,0.0027748414376320696,0,-0.06232631578947368,-0.8344,0.743,0.42202763448500125,0.10826315789473684,0.13294736842105262,-0.698739272423483,-1.0,0.0,0.0057847516757600905,0.0029507503189010534,0.025887783838257687,19,0.0,0.2856330012664258,0.381772985553614,0.0,0.0,0.3159630674164911,0.0,0.0,0.0,0.0,0.0,0.0,0.29962901384600765,0.0,0.0,0.0,0.0,0.0,0.2559422127830152,0.181301631608011,0.24139946949591512,0.0,0.2981153747349724,0.0,0.29962901384600765,0.0,0.40445964545389845,0.0,0.0,0.2901114286031234
2023-08-08,15229,15178.0,51.0,0.0033601264988799,4,"cnbc_6d83e6f9,cnbc_b5ab3bf2,cnbc_efc1f96b,cnbc_d479f888",True,0,-0.0015102764462538577,0.0033601264988799,0.0006592827004219,-0.0019739439399921,0.003572137328835,0.0026466870325503322,0.010239043692556793,0.0022696390294495,0.0030718210321013756,0.007408877422768967,0.002435492364402325,1,-0.21815,-0.5994,0.0,0.2849332728903383,0.0,0.11925,-0.5422077922077921,-1.0,0.0,0.00304093218214433,0.006151625785932035,0.017697677029266425,4,0.0,0.0,0.0,0.0,0.0,0.2521942925401468,0.0,0.0,0.0,0.0,0.0,0.0,0.0,0.0,0.5181480686951759,0.0,0.0,0.0,0.0,0.5846815257922845,0.0,0.0,0.0,0.0,0.0,0.0,0.36708440332025966,0.4373981846714146,0.0,0.0
2023-08-09,15206,15229.0,-23.0,-0.0015102764462538,7,"cnbc_deb29adf,cnbc_3c7d3513,cnbc_781b2dcf,cnbc_0f0b60a1,cnbc_8bd24482,cnbc_6c1e4e40,cnbc_32ec4e3f",True,0,-0.00013152702880441932,-0.0015102764462538,0.0033601264988799,0.0006592827004219,0.0017797112912794,0.0006712381052660366,0.008566112947996363,0.002235962498097195,0.0030568221285899935,0.0023070331553622925,0.002901991821659511,2,-0.009128571428571415,-0.4019,0.4767,0.36140565257655516,0.09414285714285715,0.09257142857142857,-0.4229024943310658,-1.0,0.42857142857142855,0.008498840440712082,0.005696520149614829,0.015304022879089219,7,0.0,0.608467591723621,0.0,0.0,0.6337941965404786,0.4775689544491621,0.0,0.0,0.0,0.0,0.0,0.0,0.0,0.0,0.0,0.0,0.0,0.0,0.0,0.0,0.0,0.0,0.0,0.0,0.0,0.0,0.0,0.0,0.0,0.0
2023-08-10,15204,15206.0,-2.0,-0.0001315270288044,5,"cnbc_9a580c45,cnbc_a4d76c5c,cnbc_e738d185,cnbc_f21533f8,cnbc_1fa33dc1",True,1,0.0013812154696132596,-0.0001315270288044,-0.0015102764462538,0.0033601264988799,-0.0019739439399921,0.0004606172270842368,0.008032301587564739,0.002114663340935397,0.0027941420071317604,0.00039478878799847905,0.007955449482895727,3,-0.256,-0.4767,0.0,0.23611246261051108,0.0,0.1102,-0.5796825396825397,-1.0,-0.14285714285714285,0.004914054578220961,0.004427574441780602,0.016620893722837125,5,0.0,0.5017227904805689,0.0,0.0,0.0,0.4880900605835778,0.0,0.0,0.0,0.0,0.0,0.0,0.0,0.0,0.0,0.0,0.0,0.0,0.0,0.0,0.0,0.0,0.24952129101215692,0.5339191859021464,0.0,0.0,0.0,0.40337546099028687,0.0,0.0
2023-08-11,15225,15204.0,21.0,0.0013812154696132,10,"cnbc_71ce7a13,cnbc_82700b61,cnbc_bfad818b,cnbc_737f122c,cnbc_8980a5e7,cnbc_6ab9dd2b,cnbc_bde86345,cnbc_d7ce4078,cnbc_cf004571,cnbc_e804873a",True,1,0.006436781609195402,0.0013812154696132,-0.0001315270288044,-0.0015102764462538,0.0006592827004219,0.0010915020646484752,0.008598759870687367,0.0018100653918427304,0.0021836737902006615,0.003757911392405111,0.0164908532514354,4,-0.031170000000000003,-0.4215,0.296,0.20768892363339936,0.053200000000000004,0.0723,-0.6019632414369257,-1.0,0.7142857142857143,0.005951186805684251,0.0058773723254481,0.022299281399615848,10,0.3538813144594696,0.0,0.308218376935406,0.0,0.0,0.4319011575503578,0.33351809114217107,0.0,0.4057451118130835,0.0,0.0,0.0,0.0,0.0,0.0,0.0,0.0,0.0,0.3498565160505678,0.0,0.0,0.0,0.19417808314335522,0.0,0.0,0.0,0.0,0.0,0.0,0.3965636327587356
2023-08-14,15323,15225.0,98.0,0.0064367816091954,19,"cnbc_c7e25359,cnbc_7ee12129,cnbc_42daf7e4,cnbc_e530c632,cnbc_caf4a243,cnbc_288dba4d,cnbc_a4d3b2b8,cnbc_466b7618,cnbc_c8caa228,cnbc_c04c1d47,cnbc_db0b46db,cnbc_358215b5,cnbc_5ea1ef51,cnbc_255223bb,cnbc_e2ad4b3a,cnbc_d1f3bb48,cnbc_89a1136e,cnbc_25ea78ee,cnbc_3edbd232",True,1,0.0015010115512628075,0.0064367816091954,0.0013812154696132,-0.0001315270288044,0.0033601264988799,0.005617756310131616,0.013821530888375788,0.003112086029896141,0.0023981226303425173,0.009553300830148936,0.025292740046838347,0,-0.0873,-0.7269,0.5719,0.4340266748074874,0.0808421052631579,0.1253157894736842,-0.42909166856535275,-1.0,0.6666666666666666,0.007155506930076894,0.005922163899889958,0.0183664775274561,19,0.19895551700937514,0.0,0.45217219368999134,0.37919798916353165,0.0,0.2840774139070613,0.18750711479786336,0.0,0.0,0.0,0.0,0.0,0.0,0.0,0.20906307688882295,0.0,0.2609273884914151,0.0,0.0,0.2924019910781735,0.0,0.0,0.10916880701283913,0.3955133931807571,0.0,0.1845378905798861,0.3108290480122726,0.0,0.0,0.0
2023-08-15,15346,15323.0,23.0,0.0015010115512628,7,"cnbc_7bdea929,cnbc_7ae6d4e0,cnbc_57db7b17,cnbc_74e63912,cnbc_7197b2d0,cnbc_395c2141,cnbc_2e9db06e",True,0,-0.002476215300404014,0.0015010115512628,0.0064367816091954,0.0013812154696132,-0.0015102764462538,0.005582931432166038,0.01420588789277688,0.003004300577504782,0.0023009450241708116,0.007682710617900046,0.022589458252815442,1,-0.1503285714285714,-0.5267,0.3612,0.3291329605406996,0.07057142857142858,0.1392857142857143,-0.5725643404214832,-0.875,0.0,0.009613848542566276,0.004506497002709114,0.028073388432987362,7,0.0,0.0,0.0,0.0,0.0,0.47986861711846845,0.0,0.0,0.0,0.0,0.0,0.0,0.45506128832875636,0.0,0.0,0.0,0.3045541918825977,0.0,0.0,0.2753516857284358,0.3666252215719901,0.0,0.2157437334996086,0.461642844529802,0.0,0.0,0.0,0.0,0.0,0.0
2023-08-16,15308,15346.0,-38.0,-0.002476215300404,4,"cnbc_5a513e6a,cnbc_8fcf88ed,cnbc_2c24a654,cnbc_1d858e6f",True,0,0.0,-0.002476215300404,0.0015010115512628,0.0064367816091954,-0.0001315270288044,0.0017537889694525521,0.010645848119233525,0.0032685498250768844,0.0024001169270210757,0.006707878469025319,0.020941710017340354,2,-0.3282,-0.7906,0.1027,0.4454341328037925,0.04025,0.25275000000000003,-0.29285714285714287,-1.0,0.42857142857142855,0.00588482051216292,0.010048288097386717,0.020710165358449394,4,0.0,0.6228603014389993,0.0,0.0,0.0,0.4888653840765688,0.0,0.0,0.0,0.0,0.0,0.0,0.0,0.0,0.0,0.0,0.0,0.0,0.0,0.0,0.5264032715785274,0.0,0.3097664875586301,0.0,0.0,0.0,0.0,0.0,0.0,0.0
2023-08-18,15308,15308.0,0.0,0.0,18,"cnbc_7fa3f961,cnbc_9165fd7b,cnbc_e81b38ee,cnbc_295dc342,cnbc_0d33a53c,cnbc_b8125e30,cnbc_a2b836a5,cnbc_9197f5db,cnbc_e22d651b,cnbc_b924ac74,cnbc_ea2bdc11,cnbc_99221e32,cnbc_04efa436,cnbc_5b7052a7,cnbc_febc1e4e,cnbc_07fdb26a,cnbc_4518f0eb,cnbc_5cf4d578",True,1,0.0013718317219754378,0.0,-0.002476215300404,0.0015010115512628,0.0013812154696132,0.0003921056071101159,0.009589384406368362,0.00325422139068803,0.0023950897987978143,0.006840305182846729,0.0211460209459009,4,0.0027888888888888807,-0.7003,0.7906,0.41577341381332567,0.09788888888888889,0.0825,-0.5622444649147436,-1.0,1.0,0.008099764263497978,0.006299949712309365,0.02998412507796808,18,0.0,0.2423127695283256,0.1912838924562546,0.4185887407003673,0.0,0.3459012955954454,0.0,0.0,0.25181011302570805,0.0,0.0,0.0,0.25418609143257015,0.0,0.0,0.0,0.0,0.0,0.0,0.15380470842010238,0.20478787029816267,0.0,0.20403975477085415,0.0,0.0,0.3449068188078887,0.1634974198422761,0.0,0.4102711825405564,0.2461119808459084
2023-08-21,15329,15308.0,21.0,0.0013718317219754,14,"cnbc_bf6b82ff,cnbc_e6d56c3d,cnbc_8deae864,cnbc_553c55f0,cnbc_2031fb4e,cnbc_7df04140,cnbc_b4e833d7,cnbc_560f0a31,cnbc_a78b722e,cnbc_1a6c877c,cnbc_70452f24,cnbc_b6aa17a0,cnbc_5a80aa49,cnbc_9a257d23",True,0,-0.00019570748254941613,0.0013718317219754,0.0,-0.002476215300404,0.0064367816091954,0.00040462578640987346,0.009965245177974369,0.0032542149723750065,0.0023775091507953956,0.006830870279146195,0.020165047251430757,0,-0.21745714285714285,-0.8225,0.7269,0.4256011128424681,0.08042857142857143,0.15557142857142855,-0.4146145130799862,-1.0,0.07692307692307693,0.0045560562918400644,0.0071778759791352445,0.025267504595418218,14,0.0,0.0,0.2427229080072433,0.0,0.0,0.3979152543258692,0.0,0.0,0.0,0.0,0.0,0.0,0.0,0.0,0.0,0.28029838889388076,0.0,0.0,0.0,0.3304431157138743,0.43997835057752394,0.2940464696787997,0.1529158302644131,0.3272053269488271,0.0,0.0,0.35126750916033606,0.24720332792208452,0.0,0.0
2023-08-22,15326,15329.0,-3.0,-0.0001957074825494,7,"cnbc_06c7920d,cnbc_2b2dc64b,cnbc_e03924a4,cnbc_08b419a1,cnbc_281e992c,cnbc_39f54c50,cnbc_2472b842",True,0,-0.00045674018008612816,-0.0001957074825494,0.0013718317219754,0.0,0.0015010115512628,0.00016967513737164985,0.008777270588080421,0.0016044335273266927,0.0023849546540605725,0.00019578411538212492,0.019829651317540664,1,0.05892857142857143,-0.25,0.4588,0.21641143465080362,0.08442857142857142,0.07185714285714286,-0.31240188383045525,-1.0,1.0,0.005846277888987452,0.005999571300065991,0.015103203665630222,7,0.0,0.42203754875608374,0.0,0.4305936502001713,0.0,0.33124530153987136,0.0,0.0,0.0,0.0,0.0,0.0,0.0,0.0,0.0,0.0,0.0,0.0,0.0,0.0,0.0,0.0,0.0,0.0,0.0,0.0,0.0,0.0,0.0,0.7257754239811434
2023-08-23,15319,15326.0,-7.0,-0.0004567401800861,7,"cnbc_07416f4c,cnbc_7d5289fe,cnbc_e93ee019,cnbc_66874a5e,cnbc_acb1105c,cnbc_d13ce2b9,cnbc_000aadfa",True,0,-0.004308375220314642,-0.0004567401800861,-0.0001957074825494,0.0013718317219754,-0.002476215300404,6.528267397842846e-05,0.0072822316834613154,0.0013823156564518927,0.0023444315498318677,-0.0017594161344975934,0.020790297860998175,2,-0.13082857142857143,-0.4215,0.0,0.17637993758064544,0.059571428571428574,0.12314285714285714,0.043186971758400326,-0.5555555555555556,1.0,0.00684802056995774,0.01250520306279323,0.011559222844748156,7,0.43994726559623276,0.0,0.0,0.0,0.0,0.3809763843329188,0.0,0.0,0.5044246338461262,0.0,0.0,0.0,0.0,0.0,0.0,0.4424980437203439,0.34077646386950194,0.0,0.0,0.30810074621863853,0.0,0.0,0.0,0.0,0.0,0.0,0.0,0.0,0.0,0.0
2023-08-24,15253,15319.0,-66.0,-0.0043083752203146,7,"cnbc_3854911b,cnbc_2daab835,cnbc_71bfdaf1,cnbc_ff3cd32b,cnbc_cfd44c05,cnbc_a0e95e49,cnbc_aaae1c86",True,1,0.0028846784239166066,-0.0043083752203146,-0.0004567401800861,-0.0001957074825494,0.0,-0.003527797739596217,0.0022142936928768453,0.002128071945010258,0.00262341607211379,-0.003592892605173814,0.0147019691325172,3,-0.11329999999999998,-0.7003,0.4019,0.3862458025661897,0.04328571428571428,0.06799999999999999,0.02424242424242424,-0.6,0.6363636363636364,0.007786874651969234,0.011970850980020584,0.013795525829023979,7,0.0,0.0,0.0,0.0,0.0,0.20864691827087894,0.0,0.0,0.7919534036800008,0.0,0.0,0.0,0.0,0.0,0.0,0.0,0.3159935533365045,0.0,0.0,0.0,0.0,0.0,0.0,0.47898261361504196,0.0,0.0,0.0,0.0,0.0,0.0
2023-08-25,15297,15253.0,44.0,0.0028846784239166,17,"cnbc_3c27943f,cnbc_0b0efb1c,cnbc_45fb9ea3,cnbc_af7e6347,cnbc_a199525e,cnbc_8f58043d,cnbc_78927689,cnbc_02df1b78,cnbc_4cf76bb1,cnbc_60e940f2,cnbc_12f3bf62,cnbc_d9b60fe6,cnbc_c3477f8a,cnbc_4601d36d,cnbc_2f9698be,cnbc_03472cc6,cnbc_16032123",True,0,-0.00019611688566385565,0.0028846784239166,-0.0043083752203146,-0.0004567401800861,0.0013718317219754,-0.000509644033244383,0.004135486411973144,0.002688544710729365,0.002586858320117292,-0.0007185785210347406,0.01959608078384334,4,-0.2647235294117647,-0.7906,0.2263,0.31714144425124363,0.008588235294117647,0.14376470588235293,-0.3186922640483012,-0.8461538461538461,0.7777777777777778,0.007716566816993135,0.009066513072342342,0.020395780272058565,17,0.0,0.0,0.23623270554269227,0.0,0.0,0.3310288633325848,0.0,0.0,0.0,0.0,0.0,0.27333224333302264,0.5315059346226313,0.0,0.28501024913905937,0.0,0.21009131325873107,0.0,0.26814608577244764,0.18994648179064513,0.0,0.2861839191767889,0.2519860020038517,0.0,0.0,0.0,0.20191683336548202,0.2405933228702447,0.0,0.0
2023-08-28,15294,15297.0,-3.0,-0.0001961168856638,18,"cnbc_41f0f38f,cnbc_66ef0128,cnbc_5f6df3a4,cnbc_cedbf256,cnbc_8af7fd3e,cnbc_591a31db,cnbc_7a04529c,cnbc_af286e7b,cnbc_42fa378c,cnbc_0e1d5227,cnbc_67b0774a,cnbc_24000d5d,cnbc_55860400,cnbc_b52c5f89,cnbc_f449c900,cnbc_94475484,cnbc_3bc094bd,cnbc_493efb54",True,0,-0.0020269386687589903,-0.0001961168856638,0.0028846784239166,-0.0043083752203146,-0.0001957074825494,-0.000248401730967851,0.0032437822041320175,0.002556179139281087,0.0023840602081801024,-0.0022832539630764925,0.013989259431147705,0,-0.2511388888888889,-0.9325,0.7096,0.4794279644582439,0.069,0.2061666666666667,-0.5779643196309863,-1.0,0.6666666666666666,0.006506733960899621,0.0054693599366437955,0.021342924035923572,18,0.0,0.0,0.0,0.2323492259313439,0.0,0.27547081369448206,0.0,0.21426547891169112,0.0,0.0,0.0,0.20800685224608392,0.4044779900930534,0.0,0.0,0.207604438773002,0.0,0.2339414211539106,0.4282431742674945,0.34493879750626594,0.3258722210440506,0.0,0.29553944159081497,0.0,0.0,0.0,0.15365946004650055,0.0,0.0,0.0
2023-08-29,15263,15294.0,-31.0,-0.0020269386687589,8,"cnbc_719f805a,cnbc_5e8dd341,cnbc_5c41a5a9,cnbc_1e6bdab4,cnbc_b3e206be,cnbc_f8e81a30,cnbc_dc2166d5,cnbc_e5eb444b",True,0,-0.0015724300596213065,-0.0020269386687589,-0.0001961168856638,0.0028846784239166,-0.0004567401800861,-0.0014523853138984633,0.0006490483901633315,0.002639663342646511,0.0024608474482445005,-0.0041106616207751134,0.011330506228465431,1,0.0751,-0.5574,0.5777,0.35020560491557773,0.076,0.041624999999999995,-0.20538003663003662,-0.8571428571428571,0.75,0.004112388656832546,0.010547664639925017,0.01649198181404169,8,0.0,0.3475293494604611,0.0,0.0,0.0,0.16109995182982287,0.5026308789264167,0.0,0.36115061099642,0.0,0.0,0.0,0.36455828213020386,0.0,0.0,0.0,0.41310111800600485,0.0,0.0,0.0,0.0,0.0,0.17283642199894783,0.36983089240036854,0.0,0.0,0.0,0.0,0.0,0.0
2023-08-30,15239,15263.0,-24.0,-0.0015724300596213,7,"cnbc_3d29b4a9,cnbc_6c676fdd,cnbc_627291e0,cnbc_19fcd79c,cnbc_4bcfb29d,cnbc_ab785c95,cnbc_3da76f8a",True,0,-0.00013124220749393005,-0.0015724300596213,-0.0020269386687589,-0.0001961168856638,-0.0043083752203146,-0.0019778377387158486,-0.0013237915487051,0.002648347226757224,0.002491294449282391,-0.005222272994320765,0.008070384335516323,2,-0.20058571428571428,-0.7351,0.2023,0.32736451359593755,0.037571428571428575,0.1422857142857143,-0.5771197367836024,-0.7647058823529411,-0.2857142857142857,0.005234487966814522,0.00800563583674318,0.033589744668886125,7,0.0,0.0,0.0,0.42349787067764405,0.0,0.3257866896292978,0.35456647394707946,0.0,0.0,0.0,0.0,0.0,0.0,0.0,0.395327708417397,0.0,0.0,0.0,0.0,0.0,0.3508024598255052,0.0,0.4332221897057658,0.0,0.0,0.3489518210713131,0.0,0.0,0.0,0.0
2023-08-31,15237,15239.0,-2.0,-0.0001312422074939,8,"cnbc_98f6c4f1,cnbc_34b8a1a5,cnbc_e0ac5919,cnbc_74a8c06a,cnbc_40a00f2b,cnbc_f8f90906,cnbc_0898166f,cnbc_18c95b9f",True,1,0.0009844457570387872,-0.0001312422074939,-0.0015724300596213,-0.0020269386687589,0.0028846784239166,-0.001899646272762956,-0.0016707616707616335,0.0019196939358381174,0.002378576586288375,-0.001048973972333278,0.00435040537868292,3,0.059637499999999996,-0.7003,0.5859,0.45849152021290734,0.093,0.06325,-0.5026199494949495,-1.0,0.14285714285714285,0.004707826527616109,0.0060374520940344265,0.02548950740392126,8,0.0,0.430665330704498,0.0,0.0,0.0,0.47639571868800484,0.0,0.0,0.0,0.4639417110998147,0.0,0.0,0.4517679251505356,0.0,0.41016865147385545,0.0,0.0,0.0,0.0,0.0,0.0,0.0,0.0,0.0,0.0,0.0,0.0,0.0,0.0,0.0
2023-09-01,15252,15237.0,15.0,0.0009844457570387,7,"cnbc_18a9e438,cnbc_daa36d38,cnbc_1a65b86d,cnbc_6691311f,cnbc_b9d22fd9,cnbc_f4d45187,cnbc_f5aadee6",True,0,-0.00032782585890375033,0.0009844457570387,-0.0001312422074939,-0.0015724300596213,-0.0001961168856638,-0.0003277184243297704,-0.0008647118937190612,0.00121186134812506,0.002357681432156085,-0.0029417532849578265,0.0035530990919858674,4,-0.10997142857142858,-0.8225,0.2263,0.3580439345214761,0.04342857142857143,0.09671428571428572,-0.4427001569858713,-1.0,0.4,0.007859204226622991,0.007003601820073069,0.01845306313969598,7,0.0,0.0,0.0,0.0,0.0,0.48999940032085326,0.0,0.0,0.0,0.0,0.0,0.0,0.0,0.0,0.4218811911368732,0.0,0.0,0.0,0.0,0.47605337825177924,0.0,0.0,0.3729976553346145,0.0,0.0,0.0,0.298883687264357,0.356133851111275,0.0,0.0
2023-09-04,15247,15252.0,-5.0,-0.0003278258589037,16,"cnbc_69307b8d,cnbc_8db9f1c8,cnbc_dca650f0,cnbc_12d9921c,cnbc_0c9be577,cnbc_f02454e2,cnbc_eccbdf10,cnbc_edbe8911,cnbc_982e4177,cnbc_6f6e99db,cnbc_e805a100,cnbc_b610ffa4,cnbc_e9718bd8,cnbc_8a4a06f4,cnbc_55609977,cnbc_76a7ee1c",True,1,0.000852626746245163,-0.0003278258589037,0.0009844457570387,-0.0001312422074939,-0.0020269386687589,-3.935045515357505e-05,-0.001450637396318677,0.0012025972142238757,0.002306712440030877,-0.0030731005623120256,0.005208333333333259,0,-0.15419375,-0.875,0.7506,0.4562505751137928,0.060625,0.153,-0.4750018621729148,-1.0,0.5,0.004357029149853043,0.007113938120182326,0.02209283418999591,16,0.0,0.0,0.2901895276641204,0.0,0.0,0.2964888355089674,0.0,0.0,0.22562217998199746,0.0,0.0,0.0,0.0,0.2220171945669086,0.20677949850884225,0.197923270520544,0.0,0.0,0.1945442780062359,0.2892081087579371,0.31067589952329944,0.0,0.33250690491329515,0.23104502561366516,0.0,0.18252219874426096,0.30743388850121145,0.29554613347236114,0.0,0.22051664633688642
2023-09-05,15260,15247.0,13.0,0.0008526267462451,2,"cnbc_5882e740,cnbc_d1a25323",True,1,0.0030799475753604194,0.0008526267462451,-0.0003278258589037,0.0009844457570387,-0.0015724300596213,0.0008526267462451997,-0.0008675298315682367,0.0010351058104855016,0.002308867859539958,-0.00019655375745264436,0.0054025563315325265,1,0.21075,0.0,0.4215,0.29804550827012977,0.1285,0.0,-0.044871794871794865,-0.16666666666666666,0.07692307692307693,0.002352941176470588,0.014524328249818445,0.015642701525054467,2,0.0,0.0,0.0,0.0,0.0,0.4914389086173974,0.0,0.0,0.0,0.0,0.0,0.5719049349464637,0.6568200244213194,0.0,0.0,0.0,0.0,0.0,0.0,0.0,0.0,0.0,0.0,0.0,0.0,0.0,0.0,0.0,0.0,0.0
2023-09-06,15307,15260.0,47.0,0.0030799475753604,7,"cnbc_825a373a,cnbc_528c0de2,cnbc_e5b90d02,cnbc_7192d118,cnbc_9159cd2f,cnbc_1ec9c02e,cnbc_61a70290",True,1,0.0017638988697981316,0.0030799475753604,0.0008526267462451,-0.0003278258589037,-0.0001312422074939,0.0030405095474621557,0.0019538984692826222,0.00135390268908327,0.0022899166312234497,0.004462235054793595,0.005121807078600105,2,-0.3308142857142857,-0.7506,0.0,0.3232135848453332,0.021285714285714286,0.15757142857142856,-0.5084249084249084,-1.0,-0.16666666666666666,0.009454736129758555,0.006527413245100864,0.017766318516140436,7,0.0,0.3682572447358583,0.0,0.0,0.0,0.0,0.0,0.0,0.0,0.0,0.0,0.0,0.3863018439488102,0.3765763012669978,0.0,0.3357091926717057,0.0,0.0,0.3299778865648557,0.23374623739574718,0.0,0.0,0.38435035876998674,0.0,0.0,0.0,0.24847683211140134,0.29607173259173036,0.0,0.0
2023-09-07,15334,15307.0,27.0,0.0017638988697981,11,"cnbc_cfd8d425,cnbc_9cd67972,cnbc_22c60fd6,cnbc_881b4e99,cnbc_32ea8a13,cnbc_4e532ec7,cnbc_15283212,cnbc_96afd9bd,cnbc_ef7697b8,cnbc_5a25fc54,cnbc_e5b17ea4",True,1,0.0004565018912221208,0.0017638988697981,0.0030799475753604,0.0008526267462451,0.0009844457570387,0.003534031413612526,0.0033009346650483273,0.0012578387754105117,0.0022738310406234317,0.006366082562184072,0.00841772984348288,3,-0.13583636363636364,-0.7269,0.2732,0.32577447497533407,0.04509090909090909,0.11327272727272727,-0.48550338550338545,-0.8461538461538461,0.0,0.007130678610415154,0.007610434465641089,0.022881157382539433,11,0.2671620293196093,0.0,0.39397652275192174,0.3007392144375805,0.0,0.0,0.25178885237397847,0.27733267262114547,0.3063165050804351,0.0,0.2745704134815,0.0,0.0,0.3014221878049613,0.0,0.0,0.0,0.0,0.26412351536990575,0.0,0.0,0.0,0.14659437676501605,0.0,0.3092067837630164,0.0,0.19888779538668327,0.2369840828664643,0.0,0.0
2023-09-08,15341,15334.0,7.0,0.0004565018912221,9,"cnbc_21048e66,cnbc_fb4ee091,cnbc_3b819e49,cnbc_1e31c593,cnbc_1647e61f,cnbc_4faecd68,cnbc_b095cf5f,cnbc_274e84d2,cnbc_e6009c6c",True,1,0.0007170327879538491,0.0004565018912221,0.0017638988697981,0.0030799475753604,-0.0003278258589037,0.0028239354678452067,0.003309265944644979,0.0013089862234746338,0.0022701002366589734,0.005835300288486778,0.009010786635096135,4,0.14077777777777778,-0.5267,0.6666,0.41653317928400907,0.12477777777777778,0.07388888888888889,-0.22190556357223024,-0.8181818181818182,0.5,0.004875893009051593,0.008683164327138494,0.017749236780283617,9,0.0,0.0,0.35674133787511875,0.0,0.0,0.35469083960238457,0.386023997733752,0.0,0.0,0.0,0.4209509979183324,0.0,0.0,0.0,0.0,0.0,0.31726452099713875,0.0,0.0,0.28684327126931475,0.0,0.0,0.3805308129293329,0.0,0.0,0.0,0.3049200198966173,0.0,0.0,0.0
2023-09-11,15352,15341.0,11.0,0.0007170327879538,21,"cnbc_ea035878,cnbc_aab7169e,cnbc_62ac03d4,cnbc_69602877,cnbc_a3d59136,cnbc_4efd260e,cnbc_9d2754e6,cnbc_3fbe03a1,cnbc_62bdb4ee,cnbc_6d7e9e72,cnbc_add87571,cnbc_b6a931bf,cnbc_11406106,cnbc_11bee79e,cnbc_cc0604fa,cnbc_8d5b346d,cnbc_4118755e,cnbc_02007ca3,cnbc_36fe8fc8,cnbc_4dd7ea16,cnbc_3b1d6639",True,0,-0.0005211047420531526,0.0007170327879538,0.0004565018912221,0.0017638988697981,0.0008526267462451,0.0021672715878529036,0.0036118783401704047,0.001073256379620142,0.0022606153309159683,0.006886600642749485,0.008341543513957328,0,-0.17748571428571427,-0.5719,0.4019,0.26804385888453836,0.03433333333333334,0.12623809523809523,-0.2746470927143196,-1.0,1.0,0.004770480721757204,0.008447731270685734,0.017499817336971795,21,0.0,0.0,0.38031566651079507,0.0,0.0,0.17961031866682034,0.0,0.0,0.3248528841561715,0.0,0.17197897437119894,0.0,0.5053794730942117,0.0,0.17584001081738834,0.0,0.2194623531695293,0.0,0.0,0.24593519831124588,0.2641908599586955,0.0,0.1926953079741228,0.0,0.0,0.0,0.29727183616031105,0.0,0.31260063824803536,0.0
2023-09-12,15344,15352.0,-8.0,-0.0005211047420531,9,"cnbc_9baaae5d,cnbc_e33f4417,cnbc_9f3f6097,cnbc_bbe1e678,cnbc_a5692496,cnbc_28986651,cnbc_7af23008,cnbc_70f7a3be,cnbc_c1efad2f",True,1,0.0014989572471324295,-0.0005211047420531,0.0007170327879538,0.0004565018912221,0.0030799475753604,0.0005477451159394686,0.0030200420975565745,0.0013738345627876077,0.0017671096804882749,0.005504587155963359,0.0013704888076746524,1,-0.1375111111111111,-0.8225,0.3818,0.3393825033956687,0.03844444444444444,0.10266666666666667,-0.2698412698412699,-1.0,1.0,0.006177073628207762,0.009527795155858842,0.01880471019947917,9,0.0,0.33986727220600116,0.26829429944035094,0.5871114995503721,0.0,0.2667521821156145,0.0,0.0,0.0,0.0,0.0,0.0,0.0,0.0,0.0,0.0,0.0,0.0,0.0,0.3652560236823426,0.0,0.0,0.1690258488206067,0.0,0.0,0.0,0.0,0.0,0.33986727220600116,0.34519603630520435
2023-09-13,15367,15344.0,23.0,0.0014989572471324,11,"cnbc_e2bfc4c2,cnbc_47e810bf,cnbc_cb8a9de5,cnbc_0943182f,cnbc_353db6ad,cnbc_8e9687ab,cnbc_e3ef7167,cnbc_120de757,cnbc_5613d1bb,cnbc_bdd1e201,cnbc_480b44f9",True,0,-0.0006507451031430989,0.0014989572471324,-0.0005211047420531,0.0007170327879538,0.0017638988697981,0.0012640412833275771,0.004454583187625261,0.0009064214282652131,0.0017670221788399795,0.003919775266218117,0.001368434771275906,2,0.0013909090909090841,-0.5106,0.8934,0.4600590450247565,0.09927272727272728,0.08481818181818182,-0.4508540479128715,-1.0,0.42857142857142855,0.005952143196287596,0.005292327644765393,0.017492728312700524,11,0.0,0.0,0.23612347409800435,0.0,0.311564430929562,0.138656740996479,0.2555053697253373,0.0,0.0,0.0,0.0,0.0,0.0,0.0,0.28487846348646395,0.0,0.3555510357024885,0.0,0.5624744683428609,0.39843970144489055,0.0,0.0,0.1487581760743262,0.0,0.0,0.0,0.0,0.24048207512332917,0.0,0.0
2023-09-14,15357,15367.0,-10.0,-0.000650745103143,15,"cnbc_03e19a44,cnbc_635b8ffb,cnbc_b882aaf6,cnbc_e6133f54,cnbc_fe5a1531,cnbc_2a135364,cnbc_3155bcde,cnbc_d54001fd,cnbc_60c23496,cnbc_aa18f11a,cnbc_4ea79833,cnbc_2c342794,cnbc_992c05f9,cnbc_8c40971e,cnbc_039d441b",True,1,0.0006511688480823078,-0.000650745103143,0.0014989572471324,-0.0005211047420531,0.0004565018912221,0.0003126587720325702,0.0036402135766242516,0.0008963867517365028,0.0016732434777398742,0.0014999347854440792,0.00320094068460941,3,-0.024246666666666663,-0.8316,0.4939,0.359748798998624,0.08693333333333333,0.12446666666666667,-0.38326821326821325,-1.0,0.7777777777777778,0.005167192681609395,0.0067693377354716725,0.018262063210248324,15,0.42511075886176536,0.0,0.21867960563878713,0.0,0.0,0.2174226664897797,0.4006488136739817,0.0,0.0,0.0,0.25803961706915823,0.0,0.0,0.0,0.26383276922457444,0.25253298770906313,0.1944806305545672,0.0,0.24822168528949135,0.17583264618262878,0.0,0.0,0.2891226887616164,0.0,0.0,0.0,0.31647214928147216,0.22271621045749837,0.0,0.0
2023-09-15,15367,15357.0,10.0,0.0006511688480823,13,"cnbc_1f4f4910,cnbc_38f347ee,cnbc_ea527a70,cnbc_0a72e8f0,cnbc_6c253ba3,cnbc_56df3981,cnbc_c179462e,cnbc_8cc68276,cnbc_7103ebdb,cnbc_8745511d,cnbc_74b0389f,cnbc_5a6ce27f,cnbc_e66101a7",True,1,0.0003904470618858593,0.0006511688480823,-0.000650745103143,0.0014989572471324,0.0007170327879538,0.000625105812181781,0.0041001682539163475,0.0009090151966624541,0.0016762756175150448,0.0016948047715272807,0.0038541938855500835,4,-0.10165384615384616,-0.4404,0.1027,0.1886433876188288,0.02007692307692308,0.0863076923076923,-0.2781082390394131,-1.0,0.6666666666666666,0.009581084990363352,0.005635988373535998,0.013750479950499408,13,0.0,0.0,0.0,0.0,0.0,0.4292417025008577,0.43489428426582744,0.0,0.0,0.0,0.2800955618673965,0.0,0.0,0.0,0.0,0.2741182531807309,0.21110386887958948,0.0,0.0,0.19086194742706838,0.0,0.0,0.31383546014018865,0.5417918044502177,0.0,0.0,0.0,0.0,0.0,0.0
2023-09-18,15373,15367.0,6.0,0.0003904470618858,15,"cnbc_88d05420,cnbc_3d2718d2,cnbc_37e428e8,cnbc_d4f325ff,cnbc_a5daa231,cnbc_66e14ad1,cnbc_cb4ae474,cnbc_c64cdea0,cnbc_7b4dd1e8,cnbc_7533a520,cnbc_bd60b07c,cnbc_0eb9be6f,cnbc_ddc48703,cnbc_18cf42cd,cnbc_76f4a05d",True,1,0.0005203928966369609,0.0003904470618858,0.0006511688480823,-0.000650745103143,-0.0005211047420531,0.0007421101968545507,0.0043478402895511525,0.000886521467044601,0.0016541915632608444,0.0013678999478894394,0.00287037641072474,0,-0.19158000000000003,-0.765,0.5267,0.37134407071763365,0.048266666666666666,0.15266666666666667,-0.4364502164502165,-1.0,1.0,0.0036357426116204873,0.006321229891352578,0.023620153411870893,15,0.3982354724677685,0.0,0.0,0.0,0.0,0.31390260459965813,0.0,0.0,0.0,0.0,0.0,0.0,0.0,0.0,0.0,0.0,0.18218566380699855,0.26657931720273953,0.0,0.34567627155108327,0.2193168281401599,0.24817117127494998,0.21851563652518374,0.0,0.272219674188565,0.0,0.4178329115419748,0.2086362046805162,0.0,0.26357273469287446
2023-09-19,15381,15373.0,8.0,0.0005203928966369,7,"cnbc_b37c6fd0,cnbc_b283ea9f,cnbc_15936c99,cnbc_62bf14b1,cnbc_6dc2eb56,cnbc_8652b104,cnbc_3bed61d4",True,1,0.0009752291788570314,0.0005203928966369,0.0003904470618858,0.0006511688480823,0.0014989572471324,0.0007807925043918917,0.004689990332610305,0.0007674287516728896,0.0016541873768241729,0.0024113660062565767,0.0035886728435339244,1,-0.08961428571428572,-0.6249,0.2023,0.2586221273632725,0.044,0.07457142857142858,-0.24761904761904763,-1.0,0.3333333333333333,0.004641764765195877,0.007083713941417209,0.01194330211834864,7,0.0,0.0,0.6050333422252672,0.3726160234929705,0.0,0.28664451276310926,0.0,0.0,0.6425938663999279,0.0,0.0,0.0,0.0,0.0,0.0,0.0,0.0,0.0,0.0,0.0,0.0,0.0,0.0,0.0,0.0,0.0,0.0,0.0,0.0,0.0
2023-09-20,15396,15381.0,15.0,0.000975229178857,13,"cnbc_a2fabc76,cnbc_1716914e,cnbc_525a51c7,cnbc_ca17d4ca,cnbc_f1c47ca9,cnbc_2da4fe9e,cnbc_e0c76402,cnbc_0e4bed8a,cnbc_86b1d892,cnbc_11d945dc,cnbc_19713632,cnbc_4cae7a35,cnbc_00601b78",True,1,6.495193556767992e-05,0.000975229178857,0.0005203928966369,0.0003904470618858,-0.000650745103143,0.0013788797252647367,0.00541694828920436,0.0006144201748943833,0.0016561460929199684,0.0018871607991148842,0.005026437757033708,2,-0.12270769230769231,-0.8934,0.4588,0.372683492751196,0.06238461538461538,0.10553846153846153,-0.31861471861471863,-0.8181818181818182,1.0,0.00843838134218656,0.0068959927157399535,0.020985660579532325,13,0.0,0.2870008284013717,0.3836012037451893,0.0,0.0,0.3471634866056899,0.0,0.0,0.0,0.0,0.0,0.0,0.30106386448910044,0.0,0.273341581883783,0.2616345442649576,0.20148991862451893,0.2948258595531514,0.0,0.18216984112940338,0.0,0.0,0.2995429769276431,0.0,0.0,0.24127588515033127,0.3278781409944012,0.0,0.0,0.0
2023-09-21,15397,15396.0,1.0,6.495193556767992e-05,15,"cnbc_571af46b,cnbc_793ef1fe,cnbc_dc6a83c9,cnbc_4865c37d,cnbc_aa544ee0,cnbc_ca50fe26,cnbc_283d73b9,cnbc_484550aa,cnbc_7783af95,cnbc_ce4a7636,cnbc_ef1f3032,cnbc_67856f99,cnbc_d40e327e,cnbc_04339b07,cnbc_fe72b708",True,0,-0.0009092680392284212,6.495193556767992e-05,0.000975229178857,0.0005203928966369,0.0006511688480823,0.0009231089268533221,0.005009709371583293,0.00033477259891033994,0.0012648071031381679,0.0026046753923292254,0.009440765750999836,3,-0.13399333333333333,-0.7269,0.5267,0.4298354011656533,0.07386666666666668,0.12933333333333333,-0.4320341451920399,-1.0,0.6,0.00442555532822665,0.0073206818872471775,0.02341422239576416,15,0.0,0.401786388127243,0.0,0.0,0.0,0.28704593356320074,0.34320861926663176,0.0,0.0,0.0,0.0,0.3669848708718657,0.24892928369098366,0.0,0.0,0.21632785390307352,0.282075515597399,0.0,0.21263465402287576,0.2550284014885681,0.0,0.0,0.2816231179550004,0.2525295505401265,0.0,0.0,0.16011613923202567,0.19078584653345376,0.0,0.0
2023-09-22,15383,15397.0,-14.0,-0.0009092680392284,12,"cnbc_69d50abe,cnbc_553b0d7a,cnbc_2f1bb61a,cnbc_d952343f,cnbc_5a736381,cnbc_f2c2a239,cnbc_5e94d6fd,cnbc_77f0cdfd,cnbc_9ba6547d,cnbc_54e3a624,cnbc_a4f59cea,cnbc_6c91f3db",True,1,0.001040109211467204,-0.0009092680392284,6.495193556767992e-05,0.000975229178857,0.0003904470618858,-0.0001949824515793397,0.003814141361410339,0.0007050295863904066,0.0011642091163151455,0.001041192165028848,0.005622017389030454,4,0.004758333333333332,-0.6249,0.7351,0.4007456310845239,0.09299999999999999,0.08833333333333333,-0.40024613544350385,-1.0,1.0,0.005496920404377544,0.0068876751643807,0.021523142764285786,12,0.0,0.45838118029488356,0.3618502506746675,0.0,0.0,0.12549776455131767,0.23125707773704274,0.0,0.0,0.0,0.0,0.0,0.2839929431160741,0.46873616721284284,0.25784256920673815,0.0,0.0,0.0,0.0,0.0,0.0,0.0,0.2825582929116736,0.0,0.0,0.0,0.309286796681633,0.21765954273659316,0.0,0.0
2023-09-25,15399,15383.0,16.0,0.0010401092114672,17,"cnbc_3390f449,cnbc_736f68de,cnbc_9d1dbc74,cnbc_645f2cc3,cnbc_0721d13b,cnbc_be0cffaa,cnbc_e802cf78,cnbc_08f7aaf5,cnbc_c95dc28e,cnbc_bbd2bad5,cnbc_79f9d11e,cnbc_b8e6098a,cnbc_e1baea23,cnbc_e6569a06,cnbc_4c38a940,cnbc_791a4e9b,cnbc_05608ba4",True,1,0.004221053315150334,0.0010401092114672,-0.0009092680392284,6.495193556767992e-05,0.0005203928966369,0.0005067830968346065,0.004514083680152492,0.0008003933324590647,0.001170345804420329,0.0016912769140702277,0.006865437426441634,0,-0.2566352941176471,-0.8934,0.5088,0.4156028136050941,0.05276470588235294,0.1923529411764706,-0.6100647718294777,-1.0,0.0,0.006689935929782697,0.004831964427639631,0.022676913561137404,17,0.0,0.0,0.397279751249026,0.0,0.0,0.2900768098063244,0.2048448670722802,0.0,0.0,0.0,0.3782135092333091,0.0,0.0,0.0,0.2283939904956653,0.0,0.0,0.0,0.0,0.31943879600861436,0.20267027068754936,0.0,0.31120951522539964,0.2551959733175467,0.2515576917746351,0.0,0.33956970161327943,0.19280032652487705,0.0,0.0
2023-09-26,15464,15399.0,65.0,0.0042210533151503,5,"cnbc_5f0048e7,cnbc_9ea5eddc,cnbc_06465f9d,cnbc_b59a436f,cnbc_6c99209b",True,1,0.004009311950336265,0.0042210533151503,0.0010401092114672,-0.0009092680392284,0.000975229178857,0.0036475032126586093,0.008093299478156624,0.0019278408566564581,0.0013277939146219856,0.005396268123008863,0.013169101749328505,1,-0.09034,-0.7184,0.2023,0.36068151879462856,0.0806,0.1026,-0.42346153846153844,-1.0,0.2,0.009466372961314796,0.00689015019963469,0.0218859546810636,5,0.0,0.0,0.0,0.0,0.0,0.3625666706566133,0.0,0.0,0.0,0.0,0.4302981210225838,0.0,0.0,0.0,0.0,0.42111545250939325,0.3243093089868015,0.0,0.0,0.0,0.39040661870443,0.0,0.38898041483311885,0.0,0.0,0.0,0.31169070099018586,0.0,0.0,0.0
2023-09-27,15526,15464.0,62.0,0.0040093119503362,10,"cnbc_abc3ed1c,cnbc_aedf298f,cnbc_1ff9e9f2,cnbc_dbfbd34b,cnbc_5a2e44bf,cnbc_28f9e01b,cnbc_459e9270,cnbc_b1edb824,cnbc_6d758a86,cnbc_d818776f",True,0,-0.0025119154965863714,0.0040093119503362,0.0042210533151503,0.0010401092114672,6.495193556767992e-05,0.005973901437105633,0.011189120892003412,0.002324040592963159,0.001418441579753109,0.00844375162379829,0.01883325677537906,2,-0.06044000000000001,-0.7964,0.7269,0.44278470865898495,0.0588,0.09459999999999999,-0.29120046620046625,-1.0,0.75,0.004564290918685781,0.009469412854979523,0.018750918187629508,10,0.0,0.0,0.27613772776955825,0.3568947642961398,0.0,0.3402983022199537,0.0,0.0,0.0,0.0,0.3258395922375209,0.0,0.0,0.0,0.0,0.0,0.0,0.0,0.0,0.22203271879308617,0.0,0.0,0.3650897489413488,0.0,0.3669434410681871,0.0,0.23602513223509725,0.2812349515334595,0.3498030949072346,0.0
2023-09-29,15487,15526.0,-39.0,-0.0025119154965863,14,"cnbc_ac0a1de9,cnbc_7a905b86,cnbc_0766bc16,cnbc_908510d6,cnbc_57baae9c,cnbc_4d182663,cnbc_1639d8dc,cnbc_a457749a,cnbc_746689ba,cnbc_a04ec54b,cnbc_ead5aa95,cnbc_16ffb6d4,cnbc_2f8275d2,cnbc_ffb531b5",True,1,0.0020662491121585845,-0.0025119154965863,0.0040093119503362,0.0042210533151503,-0.0009092680392284,0.0022780517480165408,0.007828616423825485,0.0029693158935419593,0.0016007427260811297,0.005845294537897061,0.016407429283979758,4,-0.06942857142857144,-0.5106,0.5719,0.3615709493703434,0.08721428571428572,0.12464285714285714,-0.27123578176209756,-1.0,1.0,0.004547117521113765,0.00696468730764271,0.022352753505568087,14,0.0,0.0,0.4757306496065239,0.0,0.0,0.2793591857758288,0.0,0.0,0.0,0.0,0.0,0.0,0.0,0.0,0.5739599462147221,0.0,0.0,0.0,0.0,0.382518428026922,0.0,0.0,0.3714841705593755,0.0,0.0,0.0,0.0,0.2861606851620943,0.0,0.0
2023-10-02,15519,15487.0,32.0,0.0020662491121585,15,"cnbc_73799b9d,cnbc_8c8d927c,cnbc_5623ac54,cnbc_662604bd,cnbc_63cd5005,cnbc_ce915d90,cnbc_76f75c32,cnbc_ef6d25a3,cnbc_2c05181f,cnbc_77d1f2a4,cnbc_87a86b79,cnbc_cb7c66c1,cnbc_2f2e4a5f,cnbc_2ba2b09c,cnbc_7edba640",True,1,0.005219408467040402,0.0020662491121585,-0.0025119154965863,0.0040093119503362,0.0010401092114672,0.002584146262678555,0.00903443096738954,0.0027375791247803735,0.0016248562933362256,0.008840928297471295,0.017505900865460333,0,-0.00040000000000000777,-0.5574,0.7964,0.4511966866013092,0.10346666666666667,0.09213333333333333,-0.40054168054168054,-1.0,1.0,0.006459204531614216,0.00663639677337495,0.019324601119182955,15,0.25555291393076746,0.0,0.0,0.0,0.29369086737372824,0.1307023988873644,0.0,0.0,0.0,0.0,0.0,0.0,0.5007832898654049,0.0,0.0,0.0,0.3351540859768388,0.28964234739767014,0.42776759729544334,0.17896700272409008,0.23829095817668525,0.0,0.23742045170787118,0.0,0.0,0.23703386755595618,0.0,0.0,0.0,0.0
2023-10-03,15600,15519.0,81.0,0.0052194084670404,7,"cnbc_91be0d5e,cnbc_f4b4770c,cnbc_2c2c3bd1,cnbc_c285918a,cnbc_85c3602f,cnbc_8f9acbc8,cnbc_ad4dee40",True,1,0.002307692307692308,0.0052194084670404,0.0020662491121585,-0.0025119154965863,0.0042210533151503,0.005206453940924671,0.013138325853861321,0.003077817466223928,0.0018653936927084044,0.013052795636080194,0.0231520954941955,1,0.0053000000000000035,-0.296,0.3818,0.29933854301331353,0.07385714285714286,0.06728571428571428,-0.6267085462574185,-0.8333333333333334,-0.3333333333333333,0.005822010593977536,0.00605165633561801,0.028312063730673204,7,0.0,0.3319019747928759,0.26200642160081256,0.0,0.0,0.15385575990737632,0.0,0.0,0.0,0.0,0.5234615106727899,0.0,0.0,0.0,0.3161057454975714,0.30256714727712086,0.0,0.0,0.0,0.0,0.0,0.0,0.27947845124515497,0.0,0.0,0.0,0.37917452396781526,0.0,0.3319019747928759,0.0
2023-10-04,15636,15600.0,36.0,0.0023076923076923,9,"cnbc_4492d049,cnbc_e95c2b77,cnbc_45837b32,cnbc_67b957f6,cnbc_1acc963e,cnbc_f9bffe2f,cnbc_88894e7c,cnbc_a1a3ec91,cnbc_b756b9b4",True,0,-0.0022384241493988233,0.0023076923076923,0.0052194084670404,0.0020662491121585,0.0040093119503362,0.0052978088674005,0.014237991762073188,0.0029419561869996214,0.0018816245123022572,0.01112260734609416,0.024639580602883404,2,-0.21203333333333332,-0.6908,0.6249,0.44211794523633624,0.05433333333333333,0.15688888888888888,-0.607691999358666,-1.0,-0.1111111111111111,0.004605028216290502,0.00490329346464454,0.019817820598249575,9,0.0,0.0,0.44522930473593614,0.0,0.0,0.1544154863867533,0.0,0.0,0.34616551167435966,0.0,0.0,0.0,0.0,0.0,0.0,0.0,0.0,0.0,0.0,0.0,0.28152363324354834,0.0,0.16566497919568635,0.0,0.0,0.2800384710637831,0.3805539589756285,0.0,0.0,0.5728462794862209
2023-10-05,15601,15636.0,-35.0,-0.0022384241493988,7,"cnbc_b65858cf,cnbc_9fd662ee,cnbc_feda0192,cnbc_83c39b8c,cnbc_e51653cc,cnbc_74476fa2,cnbc_f30905a9",True,1,0.0017306582911351836,-0.0022384241493988,0.0023076923076923,0.0052194084670404,-0.0025119154965863,0.0020811119818096024,0.011003680854372977,0.0032964513655668044,0.001978184489535652,0.004830606724204545,0.019206898804468464,3,0.011714285714285717,-0.7351,0.4215,0.37774821168150013,0.06842857142857142,0.07885714285714286,-0.4582312925170068,-0.76,0.3333333333333333,0.0077971316684090275,0.010270582772471252,0.030175859285357657,7,0.4450540336713798,0.0,0.0,0.0,0.5114725681137587,0.2276226435481228,0.0,0.0,0.0,0.0,0.0,0.0,0.0,0.0,0.0,0.0,0.0,0.0,0.0,0.0,0.0,0.0,0.0,0.0,0.0,0.6989353699192187,0.0,0.0,0.0,0.0
2023-10-06,15628,15601.0,27.0,0.0017306582911351,6,"cnbc_1a2b11c8,cnbc_96a96ebd,cnbc_b4ca4450,cnbc_1d2ae3ff,cnbc_179bf2e5,cnbc_85fec92c",True,1,0.0030074225748656256,0.0017306582911351,-0.0022384241493988,0.0023076923076923,0.0020662491121585,0.0020004103405826257,0.011789536381823007,0.0026614473173128617,0.001977481654747144,0.009104410150448716,0.019173079431329176,4,0.027533333333333337,-0.5994,0.3612,0.3514096109480597,0.13733333333333334,0.10566666666666667,-0.37650191998018084,-0.6923076923076923,0.1111111111111111,0.004932844156130838,0.008250980958854756,0.026473106456749496,6,0.0,0.0,0.2854516799334788,0.0,0.0,0.0,0.0,0.0,0.0,0.0,0.0,0.3302808891772917,0.0,0.0,0.0,0.0,0.0,0.0,0.32401419809967413,0.0,0.3056035762131861,0.3458102057092086,0.0,0.0,0.37932021292250473,0.3039913816412293,0.4131043971872418,0.2907208298542629,0.0,0.0
2023-10-09,15675,15628.0,47.0,0.0030074225748656,26,"cnbc_7d8fd558,cnbc_8965c0a6,cnbc_27272395,cnbc_6899a753,cnbc_90636a53,cnbc_f2fde981,cnbc_e9e58e1d,cnbc_78ac54b5,cnbc_a5658a85,cnbc_c48bd8c9,cnbc_bd1b244b,cnbc_fec5c46e,cnbc_79294ee1,cnbc_f9a8a60f,cnbc_8bdd0d1c,cnbc_b9ed28fe,cnbc_009c98db,cnbc_a9fc47b1,cnbc_050a7882,cnbc_6abe5fc2,cnbc_3f613e8b,cnbc_ddf27f39,cnbc_1fa3aa54,cnbc_679a7651,cnbc_dad36b5a,cnbc_6f303d80",True,1,0.002105263157894737,0.0030074225748656,0.0017306582911351,-0.0022384241493988,0.0052194084670404,0.003007422574865526,0.013736370338752746,0.00271619249648686,0.0020255305855165838,0.010052194084670507,0.02177172283423512,0,-0.11443076923076924,-0.8625,0.5719,0.3634425002877135,0.06853846153846153,0.1245,-0.48104929258775414,-1.0,0.6,0.007347210360855934,0.005676505013715185,0.020683262450276074,26,0.17574337867434672,0.0,0.1530664002841988,0.3349569632641909,0.0,0.1886313636472783,0.0,0.0,0.0,0.0,0.0,0.0,0.0,0.633946485248334,0.0,0.0,0.3248418354868749,0.1991866340159425,0.17374459647827645,0.0,0.0,0.18543216624887973,0.16327370996377957,0.20634287039926494,0.20340107846138478,0.16300785658744946,0.22151701133361895,0.0,0.0,0.0
2023-10-10,15708,15675.0,33.0,0.0021052631578947,14,"cnbc_af68d128,cnbc_c229648c,cnbc_955052f9,cnbc_d30d16d7,cnbc_49406a19,cnbc_f44d0eb1,cnbc_991dba77,cnbc_c8ba5c3f,cnbc_e4cc8613,cnbc_5a397373,cnbc_bdd4383a,cnbc_149daccc,cnbc_44066acd,cnbc_94cc8b07",True,1,0.00012732365673542143,0.0021052631578947,0.0030074225748656,0.0017306582911351,0.0023076923076923,0.0037317247725181524,0.014702462468670019,0.002076718965808774,0.0020362161478651403,0.006923076923077032,0.023189161021365257,1,-0.1725142857142857,-0.7269,0.7351,0.46916808347270444,0.09578571428571428,0.16721428571428573,-0.4619103119103119,-1.0,0.6,0.006134045585048516,0.006436620162971889,0.021195344269757995,14,0.0,0.20981563594529132,0.0,0.2140692950592608,0.0,0.2041145596791169,0.0,0.0,0.0,0.0,0.0,0.19164204248725322,0.0,0.6320610558688131,0.0,0.19127128864393958,0.14730178880754194,0.3649345521968019,0.0,0.0,0.1773232889217093,0.0,0.1766755049215993,0.0,0.0,0.17638782982982454,0.14157039757498782,0.2856131553117431,0.0,0.21310532612646024
2023-10-11,15710,15708.0,2.0,0.0001273236567354,14,"cnbc_c7135f81,cnbc_94d57bc9,cnbc_d87fee92,cnbc_423fb231,cnbc_927debfa,cnbc_b58f994c,cnbc_bc43e30c,cnbc_18dfff5d,cnbc_80f253f7,cnbc_991d5cdb,cnbc_9c8a9254,cnbc_0b1ab598,cnbc_dead6f8c,cnbc_d7c1559f",True,0,-0.0005092297899427117,0.0001273236567354,0.0021052631578947,0.0030074225748656,-0.0022384241493988,0.0029110594724344185,0.013633401511094378,0.0020627548234626414,0.0020132600072858874,0.004732668201586021,0.023852971845672588,2,-0.18208571428571427,-0.7003,0.7579,0.3718251012694893,0.047428571428571424,0.12692857142857145,-0.4106291234442495,-1.0,0.5,0.008603256304577794,0.007938851965512578,0.01789141396793409,14,0.0,0.22831581637896037,0.1802345710104633,0.0,0.0,0.10583758487661744,0.0,0.0,0.0,0.24595718059944516,0.0,0.0,0.0,0.6877920957695639,0.0,0.0,0.2713943992098224,0.0,0.0,0.14492033430272308,0.0,0.0,0.19225360378221726,0.0,0.0,0.19194056336873933,0.0,0.3852244601094409,0.0,0.231895570080173
2023-10-12,15702,15710.0,-8.0,-0.0005092297899427,14,"cnbc_1deefeb5,cnbc_fcf4241f,cnbc_4fb944a3,cnbc_fa12bdcb,cnbc_7a0b9cf2,cnbc_d8be88f9,cnbc_f06eca6e,cnbc_f1a208a3,cnbc_cbda5576,cnbc_fe6a10f5,cnbc_ae75d811,cnbc_97cef504,cnbc_f4d85398,cnbc_a30a61ad",True,1,0.0004458030824098841,-0.0005092297899427,0.0001273236567354,0.0021052631578947,0.0017306582911351,0.00110936842507936,0.012023499157291617,0.0014489126956066369,0.002046387086752007,0.006473943977950203,0.021799960955293907,3,-0.33470000000000005,-0.7506,0.3818,0.3494082271938788,0.05121428571428571,0.19907142857142857,-0.7583645219514785,-1.0,0.0,0.007501402354276045,0.003123020559742374,0.027235048915320064,14,0.0,0.0,0.3171761644161816,0.0,0.0,0.23085530906972845,0.20270604421019686,0.0,0.0,0.2556390765554803,0.0,0.3669875953563552,0.0,0.6774596224535211,0.0,0.0,0.16659958032953626,0.0,0.0,0.0,0.0,0.0,0.11801779918897873,0.0,0.0,0.0,0.0,0.3230309163027271,0.0,0.0
2023-10-13,15709,15702.0,7.0,0.0004458030824098,16,"cnbc_833b7bd7,cnbc_1ebc3e5a,cnbc_07d4b8f1,cnbc_e2fbfe02,cnbc_58cdff0f,cnbc_cac6ed25,cnbc_efd1c92d,cnbc_7f8889ed,cnbc_681a605a,cnbc_db56c6e6,cnbc_eb8fc6f2,cnbc_8a836a0e,cnbc_fe3c6fe6,cnbc_5932ef61,cnbc_008f0ca4,cnbc_fd5116de",True,1,0.0004456044305811955,0.0004458030824098,-0.0005092297899427,0.0001273236567354,0.0030074225748656,0.0005222663813309047,0.011327459835640763,0.001465570583081579,0.002011951569726138,0.005183004863066332,0.022921143452497184,4,-0.10640625,-0.8402,0.8689,0.515123839438958,0.1150625,0.1443125,-0.43098674738574116,-1.0,0.3333333333333333,0.009214441821996612,0.00817817807598866,0.022837530739394474,16,0.0,0.19095074454072686,0.31634113387819063,0.0,0.0,0.0,0.0,0.0,0.0,0.2057050076751933,0.177869531872214,0.1744111707088809,0.2003073280266095,0.6243040967752874,0.0,0.0,0.0,0.3321226472787093,0.0,0.0,0.0,0.18261172473847392,0.22661525969004362,0.0,0.0,0.0,0.0,0.36634563116480223,0.0,0.0
2023-10-16,15716,15709.0,7.0,0.0004456044305811,21,"cnbc_834826c5,cnbc_f61108a5,cnbc_50f026cb,cnbc_495283b8,cnbc_aa87d132,cnbc_ccc7217d,cnbc_fb732099,cnbc_3daf7272,cnbc_f51ac04b,cnbc_b899c770,cnbc_ca016c43,cnbc_45751177,cnbc_34d9508d,cnbc_612cc3b8,cnbc_9dfba258,cnbc_8ac19c77,cnbc_ba9f0bc9,cnbc_597c1ef2,cnbc_e4df79d4,cnbc_a1f30789,cnbc_30565f15",True,1,0.00012725884448969204,0.0004456044305811,0.0004458030824098,-0.0005092297899427,0.0021052631578947,0.00044560443058117016,0.010642744606282672,0.0009666390530929868,0.0020150796593391023,0.00261562998405096,0.022711004099694065,0,-0.2354714285714286,-0.7501,0.4767,0.4138940784099926,0.04914285714285714,0.15866666666666665,-0.4292310863739435,-1.0,1.0,0.0071953114069049934,0.006900829199851059,0.024993541627263756,21,0.0,0.19078322615234453,0.0,0.19465103516981466,0.0,0.21104162712095706,0.0,0.0,0.0,0.0,0.0,0.1742581622547725,0.0,0.5747266967050634,0.0,0.17392103955170474,0.0,0.1959848999460916,0.170951818756291,0.2541357304256042,0.16123826510836936,0.0,0.2475887664724116,0.0,0.0,0.0,0.270151262865291,0.400251346915962,0.0,0.193774508012619
2023-10-17,15718,15716.0,2.0,0.0001272588444896,8,"cnbc_0b30a9d0,cnbc_879d854d,cnbc_1e9e1733,cnbc_e8bda4ee,cnbc_5ac37298,cnbc_1fec76a9,cnbc_d030b7a9,cnbc_f785eab2",True,1,0.0008270772362896043,0.0001272588444896,0.0004456044305811,0.0004458030824098,0.0001273236567354,0.00044554770542926114,0.009651362592538959,0.0003898499987901763,0.0020209826084293253,0.000636618283677004,0.02244194366746899,1,-0.031775000000000005,-0.5324,0.6705,0.4188581306020316,0.111625,0.114125,-0.6801948051948052,-1.0,-0.1111111111111111,0.0036855955868561412,0.004342609542884728,0.0224378613939967,8,0.0,0.3116451347328234,0.24601548879486448,0.0,0.0,0.24460142689263462,0.0,0.0,0.0,0.0,0.0,0.0,0.0,0.668796896085286,0.29681299036225184,0.0,0.0,0.0,0.0,0.0,0.0,0.0,0.3252642576778018,0.0,0.0,0.0,0.21027854014626687,0.0,0.3116451347328234,0.0
2023-10-18,15731,15718.0,13.0,0.0008270772362896,11,"cnbc_20b31560,cnbc_5c1fb028,cnbc_b348b125,cnbc_8366b4df,cnbc_b267b6eb,cnbc_365b89ad,cnbc_c8d12647,cnbc_0d6dd85f,cnbc_6d2f98f3,cnbc_1ce6335b,cnbc_76442f21",True,1,0.006801856207488399,0.0008270772362896,0.0001272588444896,0.0004456044305811,-0.0005092297899427,0.001005396049684304,0.009351790956192652,0.0004999040944345787,0.002017415914900008,0.001336728198599646,0.02275534750666397,2,-0.2166818181818182,-0.7506,0.743,0.4514306476485216,0.04181818181818182,0.11472727272727273,-0.4679522497704316,-1.0,1.0,0.009161684749907749,0.005905910842758788,0.01985169161863237,11,0.0,0.0,0.38982469832064653,0.0,0.0,0.135199929017371,0.0,0.0,0.0,0.0,0.0,0.0,0.0,0.6259021422870906,0.0,0.0,0.20475886409008628,0.0,0.0,0.0,0.0,0.0,0.24559019950229483,0.0,0.3059482843220442,0.0,0.0,0.49209663772342893,0.0,0.0
2023-10-19,15838,15731.0,107.0,0.0068018562074883,13,"cnbc_9008aa72,cnbc_588e23f6,cnbc_a7d160b3,cnbc_f56bcf47,cnbc_8169975d,cnbc_7ea6276d,cnbc_70fe382c,cnbc_531545f9,cnbc_8c7ce432,cnbc_33f00af1,cnbc_83a8ddd4,cnbc_f92112a3,cnbc_c5888836",True,1,0.0011365071347392347,0.0068018562074883,0.0008270772362896,0.0001272588444896,0.0004458030824098,0.006072771623132356,0.01477829356040572,0.0028463400476722396,0.002382017114636364,0.008661317029677651,0.028708755520914453,3,0.17930000000000001,-0.4767,0.765,0.42877877745989246,0.14815384615384614,0.06338461538461539,-0.4305030439645824,-1.0,0.42857142857142855,0.004321870611994034,0.007216320497789917,0.020589580176552283,13,0.22600959806397578,0.24935936369393413,0.4697337827780827,0.0,0.0,0.24258381170182938,0.0,0.0,0.0,0.0,0.0,0.0,0.0,0.5351303449395397,0.0,0.0,0.0,0.0,0.37831532124782397,0.15827743745995398,0.0,0.0,0.2099733477396408,0.0,0.26157796860171045,0.0,0.0,0.20048012605913473,0.0,0.0
2023-10-20,15856,15838.0,18.0,0.0011365071347392,12,"cnbc_df15eba1,cnbc_61e21230,cnbc_c721a1f0,cnbc_020c4c49,cnbc_304217ef,cnbc_73d96f28,cnbc_c7334e5f,cnbc_c83a3593,cnbc_9f15000b,cnbc_03b4bda8,cnbc_b88504e1,cnbc_fd159072",True,1,0.005486881937436933,0.0011365071347392,0.0068018562074883,0.0008270772362896,0.0004456044305811,0.005338642387045178,0.014439901985246584,0.0027845523625493456,0.0023619265317808362,0.009357693042205018,0.0298110021432747,4,-0.039074999999999985,-0.6697,0.7184,0.48088680226318237,0.15758333333333333,0.18683333333333332,-0.5537993052698935,-1.0,0.3333333333333333,0.007115085475108702,0.006085386988672187,0.029187765633277987,12,0.5233053932557439,0.0,0.26919153335996393,0.0,0.0,0.0,0.0,0.0,0.0,0.0,0.0,0.31146714224224087,0.0,0.5904127054544137,0.0,0.0,0.23940293378008015,0.0,0.0,0.21644752606160028,0.0,0.0,0.1695911076619968,0.0,0.0,0.0,0.0,0.27416053738547863,0.0,0.0
2023-10-23,15943,15856.0,87.0,0.0054868819374369,14,"cnbc_b2f71216,cnbc_a4c05775,cnbc_0c8d0adb,cnbc_e6eb0030,cnbc_e295cae9,cnbc_1c1a6f49,cnbc_05888546,cnbc_0113ccd6,cnbc_f06a69d7,cnbc_47f8d87c,cnbc_83be8d53,cnbc_d84bd9d9,cnbc_3b8237df,cnbc_b0d352f5",True,0,-0.004641535470112275,0.0054868819374369,0.0011365071347392,0.0068018562074883,0.0001272588444896,0.007953367220494112,0.018182050414157436,0.003041732618015492,0.0024537007608763754,0.014443878849579983,0.03640382240135209,0,-0.36256428571428573,-0.9022,0.34,0.37161541453319896,0.01507142857142857,0.21142857142857144,-0.49129574906885826,-1.0,0.4,0.0035715995079808223,0.007079624923474849,0.02553348449004961,14,0.0,0.0,0.19198085442034243,0.2481260432652587,0.0,0.11273525306762013,0.20773935914773298,0.0,0.0,0.2619867510299048,0.0,0.0,0.255112243840145,0.421067981741443,0.0,0.0,0.0,0.0,0.21791612019937515,0.15436511123442165,0.3479993724688127,0.0,0.20478319399310657,0.2588019349069794,0.0,0.2044497520473652,0.3915745323385288,0.19552462723715242,0.0,0.0
2023-10-24,15869,15943.0,-74.0,-0.0046415354701122,8,"cnbc_72101dd4,cnbc_02ac1b4c,cnbc_6e729dd2,cnbc_6cedb1ac,cnbc_31c054d7,cnbc_62da4477,cnbc_9372bdb9,cnbc_e9025f91",True,1,0.000126031886067175,-0.0046415354701122,0.0054868819374369,0.0011365071347392,0.0008270772362896,0.0013629996087687335,0.011937405144817559,0.004511574904537928,0.0028433361087723276,0.009606820206133015,0.030521462432625546,1,-0.1360875,-0.7579,0.128,0.30545876241436304,0.026,0.083375,-0.5356640482279869,-1.0,0.0,0.007927336885603185,0.0061637324214473144,0.025918629146394038,8,0.33127953645929814,0.0,0.0,0.0,0.0,0.1694327388074887,0.6552221736464315,0.0,0.0,0.0,0.0,0.0,0.38341481480715794,0.3737619560267574,0.0,0.0,0.0,0.0,0.0,0.0,0.0,0.0,0.3814779140644925,0.0,0.0,0.0,0.0,0.0,0.0,0.0
2023-10-25,15871,15869.0,2.0,0.0001260318860671,11,"cnbc_4ec95d8f,cnbc_f2592e82,cnbc_f9a272ef,cnbc_155a402b,cnbc_265566c4,cnbc_5127c9b6,cnbc_43897ae1,cnbc_b68ca8b7,cnbc_cb030a1c,cnbc_9e7cd3ca,cnbc_8b54ad48",True,1,0.003906496125007876,0.0001260318860671,-0.0046415354701122,0.0054868819374369,0.0068018562074883,-0.00027715837081265793,0.010753304483780868,0.0045646962075836855,0.002784535387280007,0.008899624944377349,0.026319192964304294,2,0.17506363636363637,-0.2382,0.7579,0.3241018737148159,0.14263636363636364,0.044909090909090905,-0.35785684903331966,-1.0,0.5,0.007403280674046361,0.007493192743464303,0.019345338861392274,11,0.2518894739591237,0.0,0.21938701383366252,0.0,0.0,0.27036156536713246,0.0,0.0,0.0,0.0,0.2588743512419404,0.0,0.0,0.4811773935173923,0.0,0.2533499084477846,0.0,0.28549022353175013,0.42163539989490545,0.0,0.3976779006033611,0.0,0.0,0.0,0.0,0.0,0.1875181974190985,0.0,0.0,0.0
2023-10-26,15933,15871.0,62.0,0.0039064961250078,15,"cnbc_76826f18,cnbc_3c7d3ab9,cnbc_51c935ac,cnbc_49a8de8b,cnbc_518418d6,cnbc_7cebe558,cnbc_985be312,cnbc_5e6bb41f,cnbc_dbb6d732,cnbc_b2cadfd5,cnbc_2d07a9aa,cnbc_7f48a4a5,cnbc_7f0bf8b4,cnbc_5e9d6125,cnbc_a5c22d34",True,1,0.0005021025544467457,0.0039064961250078,0.0001260318860671,-0.0046415354701122,0.0011365071347392,0.0024285282866922664,0.013388456034345575,0.0039045938379141426,0.002779367055360354,0.0059982321000127126,0.026214092490016716,3,-0.1821666666666667,-0.8225,0.5423,0.47919438296652295,0.06813333333333334,0.17079999999999998,-0.5682471135102714,-1.0,0.2727272727272727,0.008593695320878317,0.007395905049347044,0.028137179270791898,15,0.0,0.34829770164767027,0.16238951927399306,0.0,0.0,0.09535858982479327,0.0,0.0,0.21377295640262114,0.0,0.1916179117257085,0.187892237423112,0.0,0.5019744330320048,0.0,0.18752873801426986,0.2445235992975992,0.21131888960344744,0.0,0.0,0.0,0.0,0.2669602771623154,0.0,0.0,0.0,0.13880033007377926,0.28002464434476904,0.34829770164767027,0.20893555512666717
2023-10-27,15941,15933.0,8.0,0.0005021025544467,13,"cnbc_ebe5e1ea,cnbc_66c8b4d7,cnbc_f9cb35d3,cnbc_c5f46474,cnbc_980647e8,cnbc_f353d610,cnbc_add435d7,cnbc_3b2757d5,cnbc_10ef5c98,cnbc_5baa092a,cnbc_49efa26e,cnbc_adbcea8a,cnbc_c7965f0d",True,0,-0.0015682830437237312,0.0005021025544467,0.0039064961250078,0.0001260318860671,0.0054868819374369,0.0018603014191083123,0.012435535909356421,0.0039175756957294024,0.002640121477222827,0.005360746720484366,0.029314909278749912,4,-0.1666153846153846,-0.5994,0.34,0.3114734361229805,0.08484615384615385,0.1633846153846154,-0.5174884944115713,-1.0,0.1111111111111111,0.007089344994021807,0.006271003514755794,0.023702893265926568,13,0.0,0.0,0.2829854987773019,0.0,0.0,0.34873715216178724,0.0,0.0,0.0,0.0,0.0,0.32742740271217713,0.0,0.36657578052349105,0.0,0.0,0.0,0.0,0.0,0.22753877269887704,0.0,0.0,0.3741433868423288,0.0,0.0,0.301365025344365,0.24187817546346457,0.2882091254829249,0.0,0.3640982037767596
2023-10-30,15916,15941.0,-25.0,-0.0015682830437237,18,"cnbc_180b8384,cnbc_bf18cb6b,cnbc_72e9bb59,cnbc_843af4a8,cnbc_3e8f9d9f,cnbc_8a883a0f,cnbc_e27adb29,cnbc_c2abbc84,cnbc_c40bea33,cnbc_e59be6f2,cnbc_0586bca4,cnbc_e43563d0,cnbc_3e2ce6fa,cnbc_fd7e9030,cnbc_baf06db8,cnbc_892e0d9a,cnbc_93ed5c09,cnbc_fe10cada",True,0,-0.0011937672782106057,-0.0015682830437237,0.0005021025544467,0.0039064961250078,-0.0046415354701122,0.0006286935747517042,0.009574977561124243,0.0031213304566840585,0.0027193000149595813,-0.0016935332120679991,0.025581545202654876,0,-0.1085,-0.8807,0.4404,0.3687246366152645,0.05872222222222222,0.10033333333333333,-0.41578447877467484,-1.0,0.5,0.005227950253883171,0.006723954705173151,0.018456020247051598,18,0.2152549825367491,0.2374936548584933,0.39344707582843474,0.0,0.0,0.26271202328980786,0.2028686679717877,0.0,0.0,0.0,0.22122398796560652,0.0,0.0,0.0,0.0,0.21650301325201346,0.3978745836820512,0.0,0.0,0.31635707533698104,0.20071505056241934,0.22712205722195203,0.19998181355149855,0.0,0.0,0.0,0.38239361146147033,0.0,0.0,0.0
2023-10-31,15897,15916.0,-19.0,-0.0011937672782106,7,"cnbc_f81f3361,cnbc_27817472,cnbc_375fd96f,cnbc_f398e4e8,cnbc_18f89e8c,cnbc_ac29a538,cnbc_3b94c6ac",True,1,0.0030823425803610744,-0.0011937672782106,-0.0015682830437237,0.0005021025544467,0.0001260318860671,-0.0009175695718847132,0.0074208328316403005,0.0021670767673270725,0.002604434015516368,0.0017644464049404451,0.01903846153846156,1,-0.30298571428571425,-0.8126,0.4588,0.5608194671745131,0.08157142857142856,0.229,-0.8608058608058607,-1.0,-0.6923076923076923,0.010553464524896491,0.001769046996689391,0.02185438276983384,7,0.0,0.0,0.0,0.3078086068643769,0.0,0.139851829878858,0.0,0.0,0.0,0.0,0.0,0.0,0.0,0.6474379133194688,0.0,0.0,0.0,0.5247366095977309,0.0,0.0,0.0,0.0,0.15004032969420622,0.0,0.0,0.0,0.0,0.4106809779249717,0.0,0.0
2023-11-01,15946,15897.0,49.0,0.003082342580361,10,"cnbc_dbc5e3b4,cnbc_27bb0815,cnbc_75839281,cnbc_bb279c04,cnbc_d9d0d912,cnbc_f0cacbc9,cnbc_282e7f9c,cnbc_3bdccaec,cnbc_08356ad5,cnbc_d410c3eb",True,0,-0.005330490405117271,0.003082342580361,-0.0011937672782106,-0.0015682830437237,0.0039064961250078,0.0012180879786019005,0.00953442141382932,0.0024711214484456298,0.0026313616340023793,0.004725600151219256,0.019826042466103866,2,-0.22646000000000002,-0.6808,0.4019,0.36690778496328835,0.0355,0.13169999999999998,-0.4187912087912088,-1.0,1.0,0.0063644817531947106,0.006653937653342441,0.02234113115665488,10,0.0,0.0,0.0,0.31056050206112906,0.0,0.0,0.0,0.0,0.0,0.0,0.0,0.27802422068230587,0.0,0.527018776790361,0.0,0.0,0.0,0.0,0.0,0.19320707256204525,0.0,0.0,0.0,0.0,0.0,0.2558942092758273,0.0,0.4143525809449846,0.0,0.5234568135188051
2023-11-02,15861,15946.0,-85.0,-0.0053304904051172,12,"cnbc_28cd07c5,cnbc_60b6cdaa,cnbc_72a6aa18,cnbc_ceeaa7ab,cnbc_a6def020,cnbc_ec475789,cnbc_8f20c51e,cnbc_e4a6a67d,cnbc_07366589,cnbc_81afdb48,cnbc_2936abdc,cnbc_6f2e086c",True,0,-0.005674295441649328,-0.0053304904051172,0.003082342580361,-0.0011937672782106,0.0005021025544467,-0.003217656892195997,0.00332734495584619,0.0030816828828957674,0.0029071274851198655,-0.004518922990020657,0.016665598359079548,3,-0.16436666666666666,-0.6908,0.4019,0.34992168041469285,0.030833333333333334,0.09225,-0.6107855107855108,-1.0,1.0,0.0075543077197892,0.0036452534788199782,0.025788658743022608,12,0.0,0.3986439639215264,0.3146931516301555,0.0,0.0,0.22904805887740312,0.0,0.0,0.0,0.0,0.0,0.21505196836527835,0.0,0.40764946678417724,0.0,0.0,0.0,0.0,0.0,0.14944583300905662,0.0,0.22516339229863075,0.2794205064955228,0.0,0.0,0.1979343859430352,0.15886384984015792,0.32050206960664007,0.3986439639215264,0.0
2023-11-03,15771,15861.0,-90.0,-0.0056742954416493,11,"cnbc_4bb711a1,cnbc_58755ac6,cnbc_f96d5001,cnbc_45a254e1,cnbc_f512e79d,cnbc_fa5d4d15,cnbc_0de74d98,cnbc_bbabca0f,cnbc_4c1636a8,cnbc_cd209aa8,cnbc_386129f7",True,0,-0.014013061949147169,-0.0056742954416493,-0.0053304904051172,0.003082342580361,-0.0015682830437237,-0.006751394994394921,-0.0028168479755682485,0.0035765033158371997,0.0032390769320590467,-0.01066432469732137,0.009150243153314586,4,-0.10524545454545456,-0.7184,0.4588,0.33719870214351766,0.03781818181818181,0.12372727272727273,-0.49300144300144305,-1.0,0.1111111111111111,0.008044593068807691,0.005985306329321294,0.015882474515458586,11,0.0,0.4591812641953763,0.3624818441440325,0.2766979724941747,0.0,0.0,0.23166072664918477,0.0,0.0,0.0,0.0,0.0,0.0,0.46955432528103497,0.0,0.0,0.19039678855638262,0.0,0.0,0.0,0.0,0.2593562689602328,0.2830514858062072,0.0,0.0,0.0,0.0,0.21803945775801734,0.0,0.27545198226853557
2023-11-06,15550,15771.0,-221.0,-0.0140130619491471,13,"cnbc_ebe761bd,cnbc_dd5096d8,cnbc_46d70bcf,cnbc_5fdf9f56,cnbc_a86f07bc,cnbc_d61b60ae,cnbc_4fe89745,cnbc_d5e8fb37,cnbc_48c99149,cnbc_9cc1bb69,cnbc_b3f501a0,cnbc_ae2c412c,cnbc_18b7d514",True,1,0.002765273311897106,-0.0140130619491471,-0.0056742954416493,-0.0053304904051172,-0.0011937672782106,-0.016134134767478603,-0.016401738217378337,0.00634253357870271,0.004518114033706626,-0.02299572756974111,-0.00797448165869219,0,-0.196,-0.7579,0.7579,0.5483319159049563,0.1043076923076923,0.2006923076923077,-0.5372789603558834,-1.0,0.5384615384615384,0.010174689762433993,0.0067179863136163365,0.022656072309491203,13,0.0,0.0,0.0,0.0,0.0,0.0,0.0,0.0,0.0,0.0,0.25664078533393997,0.25165085526787423,0.0,0.5912611818995076,0.26240253283462145,0.2511640073896487,0.0,0.0,0.0,0.17487945810879227,0.23284847488008056,0.0,0.2319978504787707,0.0,0.0,0.0,0.18590029185651322,0.4648612298496833,0.0,0.0
2023-11-07,15593,15550.0,43.0,0.0027652733118971,2,"cnbc_169d8a3d,cnbc_e93a1016",True,1,0.0023087282755082407,0.0027652733118971,-0.0140130619491471,-0.0056742954416493,0.003082342580361,-0.009603536540440327,-0.013322955918132262,0.007082119667391493,0.004539661663462922,-0.01912310498836256,-0.007321110262286767,1,-0.035449999999999995,-0.2732,0.2023,0.33622927445420336,0.20249999999999999,0.171,-0.1282051282051282,-0.3333333333333333,0.07692307692307693,0.004011774201205906,0.009875136495276077,0.010065042966339078,2,0.0,0.0,0.0,0.0,0.0,0.32332923315952183,0.0,0.0,0.0,0.0,0.0,0.0,0.0,0.0,0.0,0.0,0.48967870760018034,0.0,0.0,0.0,0.0,0.0,0.3468844475260124,0.0,0.7316721604462383,0.0,0.0,0.0,0.0,0.0
2023-11-08,15629,15593.0,36.0,0.0023087282755082,8,"cnbc_9fdc8609,cnbc_bb489d61,cnbc_322eb476,cnbc_2d78daa5,cnbc_9721c8e5,cnbc_ff3ddd11,cnbc_dd7522e2,cnbc_55829dfd",True,1,0.0012796724038646107,0.0023087282755082,0.0027652733118971,-0.0140130619491471,-0.0053304904051172,-0.003303402887607776,-0.010791480743061466,0.006899333741940199,0.004577966958910826,-0.019879593628496228,-0.005155951623169952,2,0.04067500000000001,-0.6486,0.6249,0.42585288455723097,0.1405,0.073875,-0.520673076923077,-1.0,0.38461538461538464,0.004063529636756987,0.0071247388631827425,0.023631523478708526,8,0.0,0.0,0.0,0.0,0.0,0.5736358683606806,0.0,0.0,0.0,0.0,0.0,0.0,0.0,0.5302858601081087,0.0,0.0,0.0,0.0,0.4646670722638899,0.0,0.0,0.0,0.0,0.0,0.0,0.0,0.0,0.4169212264363568,0.0,0.0
2023-11-09,15649,15629.0,20.0,0.0012796724038646,6,"cnbc_bd2dd99a,cnbc_a5bbc77f,cnbc_3f967ebd,cnbc_23e257b7,cnbc_843cb077,cnbc_36b1341b",True,1,0.0028116812575883442,0.0012796724038646,0.0023087282755082,0.0027652733118971,-0.0056742954416493,0.0006778187026805771,-0.009359460905180472,0.007204523501780474,0.004590063282341576,-0.01336611815144062,-0.00337536619538914,3,-0.09013333333333333,-0.5994,0.4404,0.3606271352334246,0.044333333333333336,0.0625,-0.48609908609908614,-0.8181818181818182,-0.14285714285714285,0.004668177554141949,0.008630529393720639,0.026279177627865465,6,0.0,0.0,0.0,0.0,0.0,0.22454461914436022,0.0,0.0,0.0,0.0,0.0,0.0,0.0,0.8386777606939441,0.0,0.0,0.0,0.0,0.0,0.30746243227501663,0.0,0.0,0.0,0.0,0.0,0.0,0.0,0.3894434239658395,0.0,0.0
2023-11-10,15693,15649.0,44.0,0.0028116812575883,11,"cnbc_d0ccf4bf,cnbc_6ae5464e,cnbc_dbb9c8a4,cnbc_496abbdc,cnbc_32a2ba05,cnbc_475008f0,cnbc_24411520,cnbc_67c141c0,cnbc_ad637564,cnbc_e9d2b53f,cnbc_93c0e53d",True,1,0.0012744535780284203,0.0028116812575883,0.0012796724038646,0.0023087282755082,-0.0140130619491471,0.004493432675320763,-0.006523782844445214,0.007317546187680276,0.00463671946917148,-0.004945786570287214,-0.0010185244127570714,4,0.23109090909090907,-0.2732,0.8442,0.3162014941601176,0.14081818181818184,0.026454545454545456,-0.3331103240194149,-1.0,1.0,0.003378777022499528,0.009544703974633254,0.02029926188604618,11,0.28529928666109877,0.0,0.0,0.3211559800192133,0.0,0.0,0.0,0.0,0.0,0.0,0.0,0.0,0.0,0.321885319495405,0.29979337894281677,0.0,0.2209884903389501,0.0,0.2820544922396461,0.19979877132956655,0.0,0.301027925796615,0.0,0.0,0.0,0.2646246223064249,0.0,0.0,0.0,0.5413157334163388
2023-11-13,15713,15693.0,20.0,0.0012744535780284,15,"cnbc_bd182136,cnbc_b31eac33,cnbc_d6cee0f6,cnbc_3a33cbfa,cnbc_50786300,cnbc_274f89b0,cnbc_f50d168d,cnbc_59d5ad21,cnbc_70c79ca9,cnbc_b92022d2,cnbc_1db8b688,cnbc_a67c6416,cnbc_0748cc79,cnbc_fbb6fcce,cnbc_e8c597ce",True,0,-0.0008909819894354992,0.0012744535780284,0.0028116812575883,0.0012796724038646,0.0027652733118971,0.0036792416674118478,-0.005248197317025305,0.0007658958723725021,0.00464499142817677,0.010482315112540164,-0.00019088826673452353,0,-0.056093333333333335,-0.7003,0.7845,0.35376880357226576,0.06413333333333333,0.10260000000000001,-0.45793761793761795,-1.0,0.5,0.0045370333181177615,0.00577638546143903,0.02194288302563707,15,0.3196035669078282,0.0,0.2783636451830221,0.0,0.0,0.3900662308648788,0.3012127716326099,0.0,0.0,0.37986906156103506,0.0,0.0,0.0,0.0,0.0,0.32145660214774846,0.2475600643257233,0.0,0.31596861961049844,0.22382250137409113,0.0,0.0,0.17536955315861685,0.0,0.0,0.29644298859125834,0.0,0.0,0.0,0.0
2023-11-14,15699,15713.0,-14.0,-0.0008909819894354,8,"cnbc_8edadf33,cnbc_33fa62ee,cnbc_534c99db,cnbc_b1ab451c,cnbc_8ddcfd83,cnbc_1db4eb5c,cnbc_9b2c3aac,cnbc_f12550ee",True,0,-0.012484871647875661,-0.0008909819894354,0.0012744535780284,0.0028116812575883,0.0023087282755082,0.001428881262518722,-0.0060747264157214875,0.001421979284910054,0.0046491102463335435,0.006797922144551993,-0.0012088051915002396,1,-0.184,-0.7351,0.2732,0.36177968433841057,0.03125,0.11787500000000001,-0.28516483516483515,-1.0,1.0,0.005109878170282112,0.005015768549369506,0.02046240411223245,8,0.0,0.0,0.19276310008322875,0.2491370582530784,0.5337831016653131,0.0,0.0,0.0,0.2537573728548232,0.0,0.0,0.0,0.0,0.0,0.2325650000635062,0.46716032146901837,0.0,0.0,0.0,0.0,0.0,0.2335227009645216,0.20561760410038935,0.0,0.0,0.347573999982554,0.0,0.0,0.0,0.24801517674223952
2023-11-15,15503,15699.0,-196.0,-0.0124848716478756,6,"cnbc_290df387,cnbc_b0195056,cnbc_9b91b7a4,cnbc_2f26b036,cnbc_630846e7,cnbc_9df77875",True,1,0.005934335289943882,-0.0124848716478756,-0.0008909819894354,0.0012744535780284,0.0012796724038646,-0.009481579922562822,-0.017774835192336247,0.00622497078684681,0.005407899957860787,-0.008061936144347026,-0.014493674909414556,2,-0.34238333333333326,-0.6908,0.2023,0.36605990447830616,0.043000000000000003,0.1925,-0.5992063492063492,-1.0,-0.2,0.004933750153217963,0.003947022992868896,0.015913651585025296,6,0.3257397108960999,0.0,0.0,0.0,0.0,0.16659939803515955,0.0,0.0,0.0,0.0,0.0,0.0,0.0,0.7712646071030737,0.0,0.0,0.0,0.0,0.0,0.0,0.0,0.0,0.17873651442175717,0.0,0.0,0.0,0.0,0.4892263745569636,0.0,0.0
2023-11-16,15595,15503.0,92.0,0.0059343352899438,11,"cnbc_c1a17d29,cnbc_f8020055,cnbc_b707734e,cnbc_55d6950b,cnbc_92f3a31c,cnbc_bf091df6,cnbc_e97f8924,cnbc_96d14d23,cnbc_53e74416,cnbc_c10f1102,cnbc_e58615c1",True,0,-0.005835203590894517,0.0059343352899438,-0.0124848716478756,-0.0008909819894354,0.0028116812575883,-0.0029154891756071333,-0.011184802871019639,0.007056207692832177,0.005347571195966777,-0.0034506997252220506,-0.015342846318979642,3,-0.08115454545454547,-0.4767,0.4019,0.27065852420951514,0.045636363636363635,0.08409090909090909,-0.5515355192388686,-1.0,0.14285714285714285,0.006548351651046958,0.006174869243280424,0.024136560857417375,11,0.0,0.0,0.30117657815012033,0.3892562770709333,0.0,0.42203360495066655,0.0,0.0,0.0,0.0,0.0,0.0,0.0,0.0,0.0,0.0,0.2678485296139258,0.0,0.0,0.2421655853533881,0.0,0.0,0.1897417383555993,0.40600444981484113,0.0,0.3207375907935402,0.0,0.0,0.381521568970109,0.0
2023-11-17,15504,15595.0,-91.0,-0.0058352035908945,11,"cnbc_51e457c1,cnbc_86b2a299,cnbc_b607aa83,cnbc_2d4a8a2b,cnbc_c3c6ac83,cnbc_37517eb4,cnbc_de82c5bf,cnbc_c0101a43,cnbc_d909de1a,cnbc_7f40202b,cnbc_8ee3e0bf",True,0,-0.005482456140350877,-0.0058352035908945,0.0059343352899438,-0.0124848716478756,0.0012744535780284,-0.006332196785192368,-0.015856491767065717,0.007048850048313283,0.005443859677329729,-0.01204358631236857,-0.02219979818365292,4,0.038500000000000006,-0.6705,0.6997,0.45783760658119815,0.11781818181818181,0.10845454545454546,-0.23439590712317981,-0.8571428571428571,1.0,0.0043134753469178,0.00868575480042734,0.020989383682015274,11,0.0,0.0,0.5804343481541079,0.0,0.0,0.38756694701413785,0.0,0.0,0.0,0.0,0.0,0.0,0.0,0.0,0.33368858236263316,0.3193969229679319,0.0,0.0,0.0,0.0,0.0,0.0,0.4158020138810431,0.0,0.0,0.0,0.0,0.0,0.0,0.35585678287333306
2023-11-20,15419,15504.0,-85.0,-0.0054824561403508,20,"cnbc_44113546,cnbc_181418e1,cnbc_7b3c825d,cnbc_0d3a5fca,cnbc_df7abed6,cnbc_52219170,cnbc_83f417f3,cnbc_9ff0e89a,cnbc_dd929e97,cnbc_d74334ee,cnbc_a9d337e6,cnbc_e00d1df5,cnbc_a802b276,cnbc_8891d86b,cnbc_51f82ec6,cnbc_d52edb06,cnbc_4fc90396,cnbc_b7751809,cnbc_6f6171da,cnbc_d75f1997",True,1,0.0011025358324145535,-0.0054824561403508,-0.0058352035908945,0.0059343352899438,-0.0008909819894354,-0.008041688111168344,-0.01962155700806223,0.0068118972787311214,0.005295030827091686,-0.01871062177814553,-0.0328670890045788,0,-0.058035,-0.8807,0.6597,0.4562117851623877,0.09535,0.1155,-0.5162512487512487,-1.0,0.3333333333333333,0.006744222070265038,0.005840599264511975,0.02206957030970578,20,0.2250457267208298,0.0,0.33186876555568984,0.2533296937402367,0.0,0.19488041858717264,0.21209602804340827,0.0,0.2580277619090219,0.0,0.0,0.0,0.0,0.5328481551177205,0.0,0.0,0.17431699878150886,0.0,0.0,0.15760242592265175,0.2098444546337791,0.0,0.1234847561844325,0.0,0.0,0.0,0.3515898932954415,0.19962513118266054,0.0,0.2521889325000324
2023-11-21,15436,15419.0,17.0,0.0011025358324145,10,"cnbc_a5a225b7,cnbc_3ffdb44a,cnbc_4bd51eff,cnbc_95f2ae87,cnbc_d4040790,cnbc_2127f70a,cnbc_b6cec9de,cnbc_898a12bb,cnbc_cd005d55,cnbc_1149e006",True,1,0.009587976159626846,0.0011025358324145,-0.0054824561403508,-0.0058352035908945,-0.0124848716478756,-0.003576177750235554,-0.01718775368570513,0.007074485743998974,0.0052803421822912025,-0.016752659405057657,-0.027285903333543415,1,-0.05769,-0.5859,0.5719,0.3662714580744724,0.0665,0.10769999999999999,-0.5679866624603467,-1.0,0.07692307692307693,0.0069100932039474535,0.006409566165461162,0.022318972457882613,10,0.0,0.0,0.2668520488072357,0.0,0.0,0.32885509664510776,0.0,0.0,0.3512896130899212,0.0,0.0,0.0,0.0,0.34567671664613,0.0,0.0,0.0,0.0,0.0,0.0,0.0,0.0,0.2846472115323582,0.6090807194616039,0.3546042398347628,0.0,0.0,0.0,0.0,0.0
2023-11-22,15584,15436.0,148.0,0.0095879761596268,7,"cnbc_69e77994,cnbc_4cdaef61,cnbc_91ceb975,cnbc_c62d0bbf,cnbc_e47dda17,cnbc_5c3dc36b,cnbc_72e4de14",True,1,0.0005775154004106776,0.0095879761596268,0.0011025358324145,-0.0054824561403508,0.0059343352899438,0.004926616626686142,-0.006857171990109379,0.006834377911908204,0.005817857336734168,0.005224795200928778,-0.018083296578665475,2,-0.0799,-0.5859,0.6002,0.40819347945143203,0.13571428571428573,0.13028571428571428,-0.43928571428571433,-1.0,1.0,0.00956117861378059,0.0054179616816524044,0.01943368923739131,7,0.0,0.0,0.0,0.0,0.0,0.35234553960886394,0.3834715154638443,0.0,0.0,0.4836081947159642,0.0,0.0,0.0,0.0,0.0,0.0,0.0,0.0,0.0,0.0,0.0,0.0,0.3780146529007907,0.0,0.47091836212507043,0.0,0.0,0.3609240224131706,0.0,0.0
2023-11-23,15593,15584.0,9.0,0.0005775154004106,6,"cnbc_cd46c44f,cnbc_7f8d16f2,cnbc_8b628758,cnbc_655a62e5,cnbc_07d1cd7e,cnbc_17a9b64b",True,0,-0.00038478804591804015,0.0005775154004106,0.0095879761596268,0.0011025358324145,-0.0058352035908945,0.005532913743293344,-0.005205874472075878,0.0062766398204232,0.005720028139738173,-0.00012824623276685987,-0.02133935856398672,3,0.24868333333333334,-0.25,0.5267,0.3157209743850837,0.165,0.034333333333333334,-0.5042735042735043,-1.0,0.0,0.007760780956698056,0.00546746730520641,0.012584260869054559,6,0.0,0.0,0.3193496535550678,0.0,0.0,0.3175140773448273,0.34556306447269736,0.0,0.711796631411662,0.0,0.0,0.0,0.0,0.4136814395708011,0.0,0.0,0.0,0.0,0.0,0.0,0.0,0.0,0.0,0.0,0.0,0.0,0.0,0.0,0.0,0.0
2023-11-24,15587,15593.0,-6.0,-0.000384788045918,5,"cnbc_0a243c79,cnbc_e739084f,cnbc_0f2ee0cc,cnbc_d9da081e,cnbc_c554cc10",True,0,-0.003849361647526785,-0.000384788045918,0.0005775154004106,0.0095879761596268,-0.0054824561403508,0.004071168141821069,-0.004464485306797661,0.0054279390992381955,0.005710691654687494,0.0053534571723425906,-0.02220688789912806,4,-0.17458,-0.6249,0.4939,0.435651795589092,0.0484,0.13820000000000002,-0.513095238095238,-1.0,0.0,0.01234314465501626,0.006014033510455074,0.02720959274879231,5,0.6351440100945042,0.7007627444492309,0.0,0.0,0.0,0.3248440586389943,0.0,0.0,0.0,0.0,0.0,0.0,0.0,0.0,0.0,0.0,0.0,0.0,0.0,0.0,0.0,0.0,0.0,0.0,0.0,0.0,0.0,0.0,0.0,0.0
2023-11-27,15527,15587.0,-60.0,-0.0038493616475267,14,"cnbc_59636f17,cnbc_7ac922cb,cnbc_53d5487a,cnbc_a430de5c,cnbc_e822a317,cnbc_627d843b,cnbc_e7b3dd29,cnbc_10eec758,cnbc_d529f603,cnbc_09fe1ee1,cnbc_2854d0d6,cnbc_9f10d5ec,cnbc_751f781b,cnbc_2eb7d1ef",True,0,-0.004959103497134024,-0.0038493616475267,-0.000384788045918,0.0005775154004106,0.0011025358324145,-0.001183629884081494,-0.007063172064499024,0.004963591340296208,0.0057430829062957945,0.0070043452882806445,-0.02444081427494349,0,-0.09267142857142859,-0.7783,0.5859,0.442447916845451,0.06964285714285715,0.10728571428571429,-0.6193671407957123,-1.0,0.5,0.005837990551013904,0.0031740601741085603,0.02088413353069183,14,0.0,0.0,0.0,0.2924232390394601,0.0,0.2249541393558927,0.24482644174928236,0.0,0.2978463076535684,0.0,0.0,0.0,0.0,0.49623998132678493,0.0,0.0,0.0,0.0,0.0,0.18192344998464896,0.0,0.2740959738551657,0.34014426173423623,0.0,0.0,0.0,0.3274346742273518,0.23043105051067658,0.0,0.2911064368442414
2023-11-28,15450,15527.0,-77.0,-0.004959103497134,5,"cnbc_26fffb74,cnbc_b907ae3d,cnbc_a1a94b1b,cnbc_100fecdf,cnbc_050d1180",True,0,-0.004271844660194175,-0.004959103497134,-0.0038493616475267,-0.000384788045918,0.0095879761596268,-0.0063158436346330005,-0.010573099115599671,0.005736552009153482,0.005803550564356303,0.0009069707178024355,-0.02811851292696732,1,0.126,0.0,0.4019,0.17587960370662653,0.073,0.0,-0.4822077922077922,-1.0,-0.14285714285714285,0.005917634996582365,0.006369622300575922,0.020361965580932735,5,0.0,0.0,0.0,0.0,0.0,0.0,0.0,0.0,0.0,0.45672105178653666,0.0,0.0,0.0,0.4335400346109707,0.0,0.0,0.0,0.43552184672100536,0.0,0.0,0.3583071297911412,0.0,0.0,0.451168967325429,0.0,0.0,0.2860632865933404,0.0,0.0,0.0
2023-11-29,15384,15450.0,-66.0,-0.0042718446601941,1,cnbc_30e17ed5,True,1,0.006500260010400416,-0.0042718446601941,-0.004959103497134,-0.0038493616475267,0.0005775154004106,-0.00800866638294584,-0.013023673574132255,0.002496125947572616,0.005736596405381539,-0.012833675564681735,-0.03524394832559885,2,0.5106,0.5106,0.5106,0.0,0.231,0.0,-0.5294117647058824,-0.5294117647058824,-0.5294117647058824,0.004901960784313725,0.00980392156862745,0.031862745098039214,1,0.0,0.0,0.0,0.0,0.0,0.0,0.0,0.0,0.0,0.0,0.0,0.0,0.0,0.0,0.0,0.0,0.0,0.0,0.0,0.0,0.0,0.0,1.0,0.0,0.0,0.0,0.0,0.0,0.0,0.0
2023-11-30,15484,15384.0,100.0,0.0065002600104004,6,"cnbc_c63b9349,cnbc_d3463b55,cnbc_5d445978,cnbc_8acffcf0,cnbc_dd778a0e,cnbc_942f8e41",True,1,0.0025833118057349523,0.0065002600104004,-0.0042718446601941,-0.004959103497134,-0.000384788045918,-0.0001549746874677238,-0.005405266521712582,0.004752856988278746,0.00595661011061691,-0.0069903161675111125,-0.02376899312779779,3,-0.12706666666666666,-0.5859,0.0258,0.23999754720968852,0.03266666666666667,0.10099999999999999,-0.7427594192300074,-1.0,-0.45454545454545453,0.006051143127574367,0.004404531058116953,0.029972469357629605,6,0.0,0.0,0.0,0.0,0.0,0.220942610841987,0.0,0.0,0.0,0.0,0.0,0.0,0.0,0.0,0.0,0.0,0.0,0.8289964931407864,0.0,0.0,0.0,0.4558089629086548,0.23703874452658774,0.0,0.0,0.0,0.0,0.0,0.0,0.0
2023-12-01,15524,15484.0,40.0,0.0025833118057349,9,"cnbc_385ece1a,cnbc_ed50e5c8,cnbc_4973efe3,cnbc_309b4f5e,cnbc_d44e87ec,cnbc_51b00217,cnbc_8a3590cb,cnbc_3b267ec8,cnbc_9f4147ab",True,0,-0.005024478227261015,0.0025833118057349,0.0065002600104004,-0.0042718446601941,-0.0038493616475267,0.0032441934107976245,-0.002044253590300693,0.005084069397833056,0.005915113530114644,-0.004041829729903079,-0.015661657472576196,4,0.09580000000000001,-0.1027,0.6249,0.23292931867843517,0.0791111111111111,0.019777777777777776,-0.5655335405335405,-1.0,-0.07692307692307693,0.004533075163961186,0.00568375917289051,0.021363768547430266,9,0.3910236572909489,0.0,0.0,0.0,0.0,0.33861053538189256,0.0,0.0,0.0,0.0,0.0,0.39405312199350956,0.0,0.4411675063417563,0.0,0.0,0.0,0.44318418539518317,0.0,0.0,0.0,0.0,0.0,0.0,0.0,0.0,0.0,0.0,0.4314215467245132,0.0
2023-12-04,15446,15524.0,-78.0,-0.005024478227261,15,"cnbc_03f672df,cnbc_925b5c07,cnbc_972fb21b,cnbc_96d8f0a0,cnbc_e5ef2b33,cnbc_6f6ef866,cnbc_2a3b4b61,cnbc_c0a8241a,cnbc_119da5fa,cnbc_82d508df,cnbc_41a52a42,cnbc_590e05de,cnbc_075f5d7d,cnbc_1857683c,cnbc_4c3ddec3",True,1,0.0037550174802537875,-0.005024478227261,0.0025833118057349,0.0065002600104004,-0.004959103497134,-0.0007504399130524586,-0.006726428562242037,0.005283559640652978,0.005147846975416289,-0.005216719263218872,-0.006688102893890657,0,-0.14901333333333333,-0.6249,0.7096,0.36019589683287356,0.07919999999999999,0.15286666666666668,-0.44867484367484367,-1.0,1.0,0.005779753108630198,0.007284866091348855,0.02026372187833039,15,0.24539818293711643,0.0,0.0,0.0,0.0,0.212504815390882,0.23127735260042429,0.0,0.47638899358063735,0.0,0.0,0.0,0.0,0.4687772624383176,0.0,0.0,0.0,0.47092015209427024,0.0,0.0,0.0,0.0,0.2279862379382027,0.0,0.0,0.0,0.0,0.217678625471426,0.27075104452654924,0.0
2023-12-05,15504,15446.0,58.0,0.0037550174802537,5,"cnbc_68e4a849,cnbc_da306147,cnbc_5850ee1c,cnbc_2e04b64b,cnbc_59296dd7",True,0,0.0,0.0037550174802537,-0.005024478227261,0.0025833118057349,-0.0042718446601941,0.002301466214993164,-0.002711282214567623,0.005099302510151444,0.005183728557210634,0.0034951456310678974,-0.005707689347784317,1,-0.1258,-0.3818,0.296,0.28807591881307953,0.0876,0.11939999999999999,-0.5714285714285714,-1.0,0.0,0.007062203228869896,0.004601981878404643,0.013072268968610431,5,0.0,0.0,0.0,0.0,0.0,0.2978338101639196,0.0,0.0,0.0,0.0,0.0,0.0,0.0,0.6570096679145954,0.0,0.0,0.0,0.0,0.0,0.0,0.0,0.6144370233184145,0.3195316293664861,0.0,0.0,0.0,0.0,0.0,0.0,0.0
2023-12-06,15504,15504.0,0.0,0.0,8,"cnbc_0fbdb88a,cnbc_db36e9e8,cnbc_16462d23,cnbc_2ed4f4bc,cnbc_240fb75d,cnbc_7a21417b,cnbc_512b3823,cnbc_546939d7",True,1,0.0020639834881320948,0.0,0.0037550174802537,-0.005024478227261,0.0065002600104004,0.0007487542278794557,-0.0023101821762044894,0.004360629296946627,0.005148790021664125,0.007800312012480548,-0.007997952524153806,2,0.019999999999999997,-0.7845,0.4939,0.41431999365569744,0.1425,0.144375,-0.42579816017316013,-1.0,0.5,0.007116888238331379,0.006997363858943156,0.02453880781924689,8,0.0,0.39011494129548135,0.0,0.0,0.0,0.3061901523821894,0.0,0.0,0.0,0.0,0.36338984774046684,0.0,0.0,0.675443430094868,0.0,0.0,0.0,0.0,0.0,0.0,0.0,0.0,0.40716325283973537,0.0,0.0,0.0,0.0,0.0,0.0,0.0
2023-12-07,15536,15504.0,32.0,0.002063983488132,7,"cnbc_017b5f49,cnbc_4c4b5b13,cnbc_23c9d859,cnbc_b5be02f2,cnbc_1152da41,cnbc_c23e81f4,cnbc_718936fa",True,0,-0.002317198764160659,0.002063983488132,0.0,0.0037550174802537,0.0025833118057349,0.0021415486234745984,0.00011265429615203715,0.003463997409531724,0.005165127758342971,0.0033583053474555147,-0.0072209086842609516,3,-0.24445714285714285,-0.6486,0.0772,0.2858071077792553,0.05071428571428571,0.1455714285714286,-0.7099762982115924,-1.0,0.3333333333333333,0.007672326126371765,0.0039136544809811645,0.02258759643975275,7,0.0,0.3048419570376273,0.0,0.0,0.0,0.0,0.0,0.0,0.0,0.0,0.0,0.0,0.0,0.5278021303530941,0.29033359668454184,0.27789880240637027,0.0,0.0,0.2731544488465455,0.0,0.0,0.0,0.2566925312227664,0.0,0.0,0.0,0.0,0.2450870625818152,0.5161423000746347,0.0
2023-12-08,15500,15536.0,-36.0,-0.0023171987641606,8,"cnbc_6260ece0,cnbc_9c64884b,cnbc_4f06b8be,cnbc_273d4b6b,cnbc_6235f1a3,cnbc_6a212fb7,cnbc_986a514b,cnbc_0312ed13",True,1,0.007354838709677419,-0.0023171987641606,0.002063983488132,0.0,-0.005024478227261,0.00012904890953668868,-0.001584581889388481,0.0034825015158257305,0.0051270942617812395,-0.0015459933006957138,-0.012298477027974264,4,-0.014087499999999996,-0.5773,0.4814,0.3169470006956999,0.09375,0.092875,-0.3912892662892663,-1.0,0.7142857142857143,0.005228227614192362,0.007935012306550701,0.026601096213683492,8,0.0,0.0,0.24531548786687715,0.0,0.0,0.34375641137367874,0.26545189827574067,0.0,0.0,0.0,0.28946967580901384,0.0,0.0,0.5380458258606345,0.0,0.0,0.0,0.0,0.0,0.1972496303677476,0.26263390851324064,0.0,0.32433876602143935,0.0,0.0,0.2612483980196675,0.0,0.0,0.31075839428983604,0.0
2023-12-11,15614,15500.0,114.0,0.0073548387096774,12,"cnbc_dcb680b2,cnbc_0183a4d2,cnbc_04b65b9b,cnbc_ebed9c46,cnbc_52019148,cnbc_2d2b3734,cnbc_1eb42157,cnbc_50b3ba48,cnbc_934defc4,cnbc_8af92f36,cnbc_301600d6,cnbc_a988da05",True,1,0.0010887664916100935,0.0073548387096774,-0.0023171987641606,0.002063983488132,0.0037550174802537,0.005305313039223325,0.00607938967695798,0.0036827271242791215,0.005416571335783372,0.010876602356597154,-0.006300515496722503,0,-0.23355,-0.7783,0.3182,0.3362577488123711,0.07675,0.17866666666666667,-0.6315746753246753,-0.875,0.3333333333333333,0.004001463440426126,0.006822065533843769,0.027008608575347096,12,0.0,0.0,0.0,0.0,0.0,0.1207889941433552,0.0,0.0,0.0,0.28070293253173134,0.0,0.0,0.0,0.6952997856892992,0.24816812230217006,0.0,0.0,0.0,0.23348392140226804,0.16539286522600916,0.2202172675990625,0.0,0.1295887262998217,0.0,0.0,0.0,0.29768212371399255,0.3547021321089336,0.0,0.0
2023-12-12,15631,15614.0,17.0,0.00108876649161,8,"cnbc_0aebcc59,cnbc_d2aae625,cnbc_e2c4dcb4,cnbc_e576678d,cnbc_2654e1e4,cnbc_4d90de34,cnbc_5a5db8f8,cnbc_ac19f21c",True,0,-0.00012795086686712303,0.00108876649161,0.0073548387096774,-0.0023171987641606,0.0,0.004756701163463495,0.007395472488520127,0.0035878965092716493,0.005423327386541942,0.008191434468524328,-0.004331486081916025,1,-0.07595000000000002,-0.6369,0.5859,0.3988557848933085,0.07175,0.092625,-0.371875,-1.0,0.3333333333333333,0.002742904170650011,0.006937420184730087,0.020573869307115227,8,0.0,0.0,0.30476052641687157,0.0,0.4021308781161494,0.3030088064263105,0.0,0.0,0.0,0.0,0.3596141912945549,0.0,0.0,0.0,0.0,0.0,0.2710358799695143,0.0,0.0,0.2450473131929994,0.0,0.6251131426528762,0.0,0.0,0.0,0.0,0.0,0.0,0.0,0.0
2023-12-13,15629,15631.0,-2.0,-0.0001279508668671,16,"cnbc_5731c258,cnbc_34db6283,cnbc_9580ad65,cnbc_df9a53a7,cnbc_48bc56f0,cnbc_4ad81f95,cnbc_1ce5c573,cnbc_0235fc70,cnbc_bfdb8524,cnbc_b6d456dd,cnbc_bb3ecd06,cnbc_45a6da5f,cnbc_a0f3a075,cnbc_280d2ce7,cnbc_f13ed1ce,cnbc_df179255",True,0,-0.008701772346279352,-0.0001279508668671,0.00108876649161,0.0073548387096774,0.002063983488132,0.0030163008599666252,0.006857764993509541,0.0036029255328415737,0.004590405620861519,0.008062435500515885,0.008127459201444864,2,-0.1082,-0.7579,0.5106,0.37168544048249547,0.0658125,0.13425,-0.5594757216467743,-1.0,0.1111111111111111,0.006455158179605988,0.007500266742256446,0.027015535529862196,16,0.0,0.0,0.20581766591473827,0.0,0.2715759803252789,0.28840878677236614,0.37708410640768864,0.0,0.0,0.0,0.24286266450668528,0.0,0.0,0.4514159990334459,0.4204339852194346,0.0,0.18304198660612492,0.0,0.0,0.0,0.0,0.0,0.12966546719808003,0.0,0.0,0.37111288093090056,0.17591997372551885,0.0,0.0,0.0
2023-12-14,15493,15629.0,-136.0,-0.0087017723462793,9,"cnbc_e60311df,cnbc_4b116204,cnbc_5e6feed6,cnbc_e26d3bd1,cnbc_e1d681b6,cnbc_6ad78473,cnbc_6afa1563,cnbc_b2e4e924,cnbc_313d8b97",True,1,0.0006454527851287678,-0.0087017723462793,-0.0001279508668671,0.00108876649161,-0.0023171987641606,-0.00516264913249509,-0.001575645482988608,0.005807841770050015,0.004824830064643012,-0.00276776519052524,-0.006540557871112518,3,-0.21352222222222222,-0.765,0.2023,0.3261397314717182,0.020555555555555556,0.12944444444444445,-0.5087301587301588,-1.0,0.0,0.007331517191313473,0.006900869922554415,0.022496649734797154,9,0.0,0.46754645339353096,0.21798778299616656,0.2817387506598856,0.0,0.0,0.0,0.0,0.6022254895662925,0.0,0.0,0.0,0.0,0.0,0.0,0.0,0.19386536465733936,0.2836693923093874,0.0,0.0,0.0,0.0,0.1373326609261075,0.0,0.0,0.0,0.0,0.0,0.2761404671500013,0.280470061459377
2023-12-15,15503,15493.0,10.0,0.0006454527851287,10,"cnbc_10b09e94,cnbc_fe0ada9a,cnbc_5a643a05,cnbc_7b3c86c4,cnbc_afc6f7b4,cnbc_b59ed391,cnbc_bb041f1e,cnbc_a94bde48,cnbc_fad67676,cnbc_80b743ff",True,1,0.0008385473779268528,0.0006454527851287,-0.0087017723462793,-0.0001279508668671,0.0073548387096774,-0.004558880184923564,-0.0009279905138747102,0.005731915838145441,0.0046491452875956655,0.0001935483870967314,-6.449948400411021e-05,4,-0.03224000000000001,-0.6124,0.5267,0.33937294529764744,0.0672,0.0863,-0.42984934999640884,-0.8823529411764706,0.6,0.005792529295898413,0.00672687126993989,0.022251019971195045,10,0.0,0.33633627804105404,0.0,0.34315493036885747,0.0,0.1559113159080116,0.0,0.0,0.0,0.0,0.5304551029179736,0.30720385063749495,0.0,0.0,0.32032900670263775,0.0,0.0,0.0,0.30137501920072857,0.0,0.0,0.0,0.1672697830422312,0.0,0.0,0.0,0.38424040169965507,0.0,0.0,0.0
2023-12-18,15516,15503.0,13.0,0.0008385473779268,25,"cnbc_b6a9b824,cnbc_78a21702,cnbc_3b68e897,cnbc_3a5df3ea,cnbc_db001152,cnbc_5f0d849f,cnbc_1c0ef0c2,cnbc_288a4b01,cnbc_9b801518,cnbc_3f2425fa,cnbc_1f224f05,cnbc_7a8887a0,cnbc_b44a88a4,cnbc_47b54861,cnbc_49b1fdfe,cnbc_7168d3c8,cnbc_44d0555a,cnbc_1f20d00c,cnbc_5c26fc83,cnbc_0df5ac3b,cnbc_10894baa,cnbc_aec96025,cnbc_b2073e70,cnbc_3bb0befd,cnbc_8c43e482",True,0,-0.0006444960041247745,0.0008385473779268,0.0006454527851287,-0.0087017723462793,0.00108876649161,-0.002468754821786767,-0.00040264781201182487,0.004189644847477258,0.004467635835834709,-0.006276418598693434,0.006290939749659552,0,-0.18990400000000002,-0.8074,0.6597,0.44979559290860116,0.08152,0.1632,-0.5835884641674115,-1.0,0.25,0.005014565934044946,0.005208204970470223,0.023476827481751707,25,0.0,0.0,0.1289476550274875,0.34975190628067604,0.0,0.1806921508818655,0.0,0.0,0.16974938751989999,0.0,0.3193182694947809,0.0,0.0,0.4920763946600324,0.26340778983649554,0.0,0.19416736295096668,0.0,0.0,0.21758897698517765,0.13805091120811663,0.1562135319055296,0.13754659408189468,0.1738293264898364,0.0,0.0,0.28760267385095944,0.313387023885641,0.0,0.16590818179584843
2023-12-19,15506,15516.0,-10.0,-0.0006444960041247,6,"cnbc_4daae466,cnbc_8e02f44a,cnbc_a4e8a025,cnbc_0a564d74,cnbc_a38d41d7,cnbc_df2b8ae0",True,1,0.000386946988262608,-0.0006444960041247,0.0008385473779268,0.0006454527851287,-0.0001279508668671,-0.001506819323347952,-0.0012720802537720122,0.004015707888595867,0.004468672792289241,-0.007996929179195145,0.004534853589012622,1,0.2399,-0.0516,0.6124,0.2902243132475293,0.15883333333333333,0.02816666666666667,-0.7565370016456973,-1.0,-0.38461538461538464,0.004112953635727035,0.004952280492605739,0.035919628869676784,6,0.0,0.0,0.0,0.0,0.0,0.0,0.0,0.0,0.0,0.0,0.0,0.0,0.0,0.8244009201081829,0.0,0.0,0.26969614665218106,0.0,0.0,0.0,0.0,0.0,0.0,0.0,0.0,0.0,0.0,0.3088518562804141,0.0,0.3901764245541872
2023-12-20,15512,15506.0,6.0,0.0003869469882626,7,"cnbc_6e7c664c,cnbc_53a8c905,cnbc_c4997d03,cnbc_f9339d0b,cnbc_f4fe131a,cnbc_0fc6f51a,cnbc_58e299de",True,1,0.0013537906137184115,0.0003869469882626,-0.0006444960041247,0.0008385473779268,-0.0087017723462793,0.000386946988262693,-0.0006539042593970423,0.004069079460838998,0.003891537208301551,-0.007486083562607937,-0.00462012320328542,2,-0.2294285714285714,-0.6705,0.4767,0.38852762970941856,0.06057142857142857,0.1637142857142857,-0.47481203007518796,-1.0,0.0,0.008363976693067958,0.007958017828538192,0.023266445151129408,7,0.0,0.4896065226721728,0.0,0.4995324714130305,0.5099857032302499,0.0,0.0,0.0,0.0,0.0,0.0,0.0,0.0,0.5006669007050503,0.0,0.0,0.0,0.0,0.0,0.0,0.0,0.0,0.0,0.0,0.0,0.0,0.0,0.0,0.0,0.0
2023-12-21,15533,15512.0,21.0,0.0013537906137184,12,"cnbc_74118c0a,cnbc_51c1b591,cnbc_60c42322,cnbc_23b16258,cnbc_bff58853,cnbc_d5e98be2,cnbc_421d96cc,cnbc_5ef6dfd8,cnbc_5797a844,cnbc_a2cb3959,cnbc_94a5f00b,cnbc_e4a1152f",True,0,-0.002832678812850061,0.0013537906137184,0.0003869469882626,-0.0006444960041247,0.0006454527851287,0.0012247002707233001,0.0008924457847241385,0.0007392722081138296,0.0039038074151685545,0.0025818111405151445,-0.003847880459180386,3,-0.166675,-0.7717,0.2263,0.2674838215158578,0.05708333333333334,0.14708333333333332,-0.4847000222000222,-1.0,0.35714285714285715,0.006328624961913519,0.00955895008228294,0.021473005881145122,12,0.23418928102751665,0.0,0.20397075840023726,0.0,0.0,0.2027983636049518,0.0,0.0,0.2685113684543473,0.0,0.40751230703778957,0.2360036678232062,0.0,0.0,0.0,0.0,0.3071359790857802,0.0,0.0,0.0,0.21837038487408636,0.0,0.12850191243384215,0.27496505887428724,0.0,0.36778269464454294,0.29518557120557376,0.20773585274376094,0.0,0.262435308796348
2023-12-22,15489,15533.0,-44.0,-0.00283267881285,10,"cnbc_96370ac6,cnbc_9cba9de3,cnbc_8cb06292,cnbc_e2837d19,cnbc_ce3d41f9,cnbc_872a2af0,cnbc_a27abcb1,cnbc_2e3e977f,cnbc_444edc24,cnbc_4fdbf6ae",True,0,-0.00484214603912454,-0.00283267881285,0.0013537906137184,0.0003869469882626,0.0008385473779268,-0.0014312238898345209,-0.001627535974990768,0.001655584626857377,0.003948502358805068,-0.0009030510223827504,-0.0062872906909604565,4,-0.09934000000000001,-0.5423,0.6124,0.3681347102473344,0.058800000000000005,0.0969,-0.4887445887445887,-1.0,1.0,0.004339026329287097,0.006603787588658988,0.030922339953962576,10,0.0,0.0,0.0,0.0,0.0,0.40356154640716274,0.0,0.0,0.5343280939506259,0.0,0.0,0.0,0.0,0.0,0.0,0.0,0.0,0.0,0.0,0.0,0.0,0.0,0.25571424530376685,0.5471707088495187,0.0,0.43225687548307523,0.0,0.0,0.0,0.0
2023-12-27,15414,15489.0,-75.0,-0.0048421460391245,34,"cnbc_add6619c,cnbc_65949fe5,cnbc_a45e3a89,cnbc_75cdb3fb,cnbc_f61c2766,cnbc_3133591e,cnbc_5506fd30,cnbc_cbda1077,cnbc_cd5119f2,cnbc_b28a6645,cnbc_338d154a,cnbc_8ededc0f,cnbc_48cc0024,cnbc_4db7e4ea,cnbc_f28b79ec,cnbc_ace4bd73,cnbc_4c5693b8,cnbc_3b7dd922,cnbc_e4332c36,cnbc_43b2fc94,cnbc_5757c779,cnbc_82418ae8,cnbc_75d1ec17,cnbc_f9fccef8,cnbc_1430a0b0,cnbc_46b3d096,cnbc_16a078d5,cnbc_fbe90048,cnbc_647dbdd9,cnbc_35044863,cnbc_2b898fc3,cnbc_5607ea1d,cnbc_5515b103,cnbc_9c9f1a10",True,1,0.0001297521733489036,-0.0048421460391245,-0.00283267881285,0.0013537906137184,-0.0006444960041247,-0.0049577813928266545,-0.006099841378332083,0.002510614869486946,0.0040012557584261435,-0.006573859242072655,-0.007277645391898013,2,-0.22562647058823532,-0.8126,0.4019,0.32365136808911166,0.057029411764705884,0.15517647058823528,-0.6320669526551879,-1.0,1.0,0.005838871619070195,0.004907157378635544,0.024571198151079842,34,0.0,0.0,0.12567973579095332,0.3408881469334782,0.1658341488946313,0.20603693504435458,0.0,0.0,0.0,0.0,0.0,0.0,0.1670085254056944,0.45450937285169024,0.31821300479794556,0.0,0.26672108302042086,0.0,0.14265818585889717,0.24114624518876462,0.13455228823384144,0.0,0.20661122251263903,0.0,0.0,0.13384246516363088,0.2563431854460887,0.30544485941884414,0.0,0.2737879474737848
2023-12-28,15416,15414.0,2.0,0.0001297521733489,4,"cnbc_29ebcc94,cnbc_2d3dae25,cnbc_d56310d7,cnbc_d92651d3",True,1,0.0014919564089257915,0.0001297521733489,-0.0048421460391245,-0.00283267881285,0.0003869469882626,-0.003670958068352159,-0.00586190663511077,0.0025851353450347327,0.0038522660863775275,-0.005804204823939174,-0.00220064724919089,3,-0.25222500000000003,-0.7717,0.5574,0.6341549252088694,0.12625,0.24525,-0.5833333333333334,-1.0,-0.3333333333333333,0.0025483320578604677,0.004431694330783269,0.02221130847648804,4,0.0,0.0,0.0,0.0,0.0,0.4580532968053553,0.0,0.0,0.0,0.0,0.0,0.0,0.0,0.0,0.555827373933359,0.0,0.6937168786126592,0.0,0.0,0.0,0.0,0.0,0.0,0.0,0.0,0.0,0.0,0.0,0.0,0.0
2023-12-29,15439,15416.0,23.0,0.0014919564089257,8,"cnbc_71ad7663,cnbc_9875d0d4,cnbc_1ec95f99,cnbc_72420db2,cnbc_f320b005,cnbc_3801c037,cnbc_39b6915b,cnbc_f0c0d6a5",True,1,0.0022022151693762548,0.0014919564089257,0.0001297521733489,-0.0048421460391245,0.0013537906137184,-0.0012420592306996436,-0.004555228519018795,0.0027896789141046564,0.0037378840754208106,-0.004706034038164053,0.0035751430057202604,4,-0.4486875,-0.8979,0.0,0.2907647818991447,0.0,0.22125,-0.4741883116883117,-1.0,0.3333333333333333,0.007148485035530693,0.0072285131230433175,0.022485352418790246,8,0.0,0.0,0.0,0.0,0.3594795921617824,0.15998061317585022,0.0,0.0,0.0,0.0,0.0,0.0,0.0,0.0,0.0,0.0,0.41023084992627334,0.0,0.0,0.21905681209965844,0.29166973160316195,0.3300431596208759,0.0,0.0,0.0,0.0,0.4886863938855708,0.2774655567377574,0.345114680617779,0.0
2024-01-02,15473,15439.0,34.0,0.0022022151693762,26,"cnbc_e0326128,cnbc_3cdc69ee,cnbc_6db4e075,cnbc_4f9b08cb,cnbc_00192d22,cnbc_6db87617,cnbc_4a566062,cnbc_63dd316b,cnbc_0c813802,cnbc_24dc8abd,cnbc_c073e0fa,cnbc_993936f7,cnbc_c03c594d,cnbc_b9377b79,cnbc_6acb6a11,cnbc_bd03351b,cnbc_54f1122c,cnbc_ede23db1,cnbc_fce4860d,cnbc_4fa2374c,cnbc_c29dbed6,cnbc_ba50faee,cnbc_96004a33,cnbc_ca368dc6,cnbc_f0f5a162,cnbc_a2e169b4",True,1,0.0014218315775867641,0.0022022151693762,0.0014919564089257,0.0001297521733489,-0.00283267881285,0.001735054576530004,-0.002327665693044767,0.00298316446365841,0.003469624403055345,-0.0038627438357046184,-0.0007104107465770726,1,-0.19366538461538463,-0.9001,0.6705,0.3865337914773379,0.040499999999999994,0.1355,-0.4888155459422428,-1.0,1.0,0.005351457019433243,0.0054872037063610525,0.018742067018382876,26,0.1598432913649612,0.0,0.13921797454542945,0.0,0.0,0.19508377454920042,0.1506455052574681,0.0,0.0,0.0,0.0,0.1610816809102029,0.0,0.37846620841381423,0.0,0.1607700496443816,0.32308020580208024,0.0,0.2675601684178362,0.2671225525191778,0.1490462795810285,0.0,0.2448583898506162,0.3177602888084635,0.0,0.0,0.2497238520094822,0.33834742248611444,0.0,0.3032804235493502
2024-01-03,15495,15473.0,22.0,0.0014218315775867,7,"cnbc_3d3c9916,cnbc_6cc1438f,cnbc_bd98fb98,cnbc_b542d71b,cnbc_98cc5a7a,cnbc_d3bdbed0,cnbc_21a8b228",True,1,0.001936108422071636,0.0014218315775867,0.0022022151693762,0.0014919564089257,-0.0048421460391245,0.0030814247057757704,-0.0008157264317932844,0.0028516628663059307,0.0034331126672614773,0.0003873716831299667,-0.0018680752383406496,2,-0.2920857142857143,-0.8126,0.5574,0.49171541711499284,0.05485714285714286,0.21371428571428572,-0.6686748633299794,-1.0,0.42857142857142855,0.004046932578665544,0.004036098586435117,0.028406038576185694,7,0.0,0.0,0.0,0.0,0.0,0.1964340338853708,0.0,0.0,0.0,0.0,0.0,0.0,0.0,0.4333257506900284,0.0,0.0,0.2974972689655349,0.0,0.0,0.26897142345308384,0.0,0.0,0.0,0.0,0.0,0.0,0.28592189535425017,0.0,0.0,0.7287255191093199
2024-01-04,15525,15495.0,30.0,0.0019361084220716,3,"cnbc_9a5b418b,cnbc_5f342952,cnbc_2c1c4b17",True,0,-0.00045088566827697265,0.0019361084220716,0.0014218315775867,0.0022022151693762,0.0001297521733489,0.003581217355329125,0.0008638696201552776,0.0007979361931601567,0.003254495215593099,0.007201245620864105,0.005114592774828397,3,-0.26543333333333335,-0.9022,0.4019,0.6525871155128128,0.084,0.20566666666666666,-0.21952861952861955,-0.6363636363636364,0.2,0.013712872197897885,0.009707518747439773,0.017917361523017997,3,0.0,0.0,0.0,0.0,0.0,0.0,0.0,0.0,0.0,0.0,0.0,0.0,0.0,0.0,0.0,0.0,0.0,0.0,0.0,0.0,0.0,0.0,0.5260690587836955,0.0,0.0,0.0,0.0,0.8504418530331376,0.0,0.0
2024-01-05,15518,15525.0,-7.0,-0.0004508856682769,7,"cnbc_340691a8,cnbc_9b3ba568,cnbc_270c839e,cnbc_73790276,cnbc_46daf985,cnbc_6bada375,cnbc_4aa955b0",True,1,0.0002577651759247326,-0.0004508856682769,0.0019361084220716,0.0014218315775867,0.0014919564089257,0.001807617817947138,0.0003674503458546141,0.0010408971634036594,0.003151023394555493,0.00661650233523603,0.000902992776057765,4,-0.038928571428571423,-0.9001,0.5859,0.48904093800787174,0.08485714285714285,0.10071428571428571,-0.5636672850958565,-1.0,-0.2,0.013574397969207916,0.0051840920531150345,0.02008726196821345,7,0.0,0.0,0.3773148797857475,0.0,0.0,0.2215673463234555,0.0,0.0,0.0,0.0,0.0,0.0,0.0,0.0,0.4552231988562465,0.0,0.0,0.0,0.0,0.0,0.0,0.0,0.23770899330125447,0.0,0.0,0.4018209724552797,0.0,0.38427973166329477,0.0,0.4854654057604092
2024-01-08,15522,15518.0,4.0,0.0002577651759247,18,"cnbc_83d60b68,cnbc_71264a08,cnbc_9f58482a,cnbc_7d597a1f,cnbc_d4582138,cnbc_336d4b7f,cnbc_0ab94f04,cnbc_ce20766a,cnbc_ecaf3228,cnbc_f5bafe7d,cnbc_739d4df9,cnbc_4a1a61a6,cnbc_db9f3470,cnbc_1a368492,cnbc_26bd803e,cnbc_69e4633b,cnbc_b454619d,cnbc_5de64b62",True,0,-0.00025769875016106174,0.0002577651759247,-0.0004508856682769,0.0019361084220716,0.0022022151693762,0.000993125507848358,0.0005672588505272191,0.0011323207404380755,0.003151335892090276,0.005375995854653759,0.0011609907120742058,0,-0.14047222222222222,-0.743,0.7003,0.353133260641421,0.05861111111111111,0.11416666666666665,-0.6322208655541989,-1.0,1.0,0.005046017946793082,0.0033058918930630953,0.018151942358106105,18,0.31059301048091503,0.0,0.0,0.0,0.3569449835076802,0.19689373585368486,0.0,0.0,0.0,0.21803151513397365,0.0,0.0,0.359472736730809,0.3504226441703223,0.0,0.1845048126006211,0.14209079225823953,0.0,0.0,0.12846626386241788,0.17105024190603946,0.1935544082078224,0.10065597136659056,0.21538103650490253,0.2123103891133237,0.0,0.2865910200241388,0.3414865648550123,0.0,0.0
2024-01-09,15518,15522.0,-4.0,-0.000257698750161,6,"cnbc_73ea4673,cnbc_53ba3142,cnbc_6ad77862,cnbc_c7188287,cnbc_638bae76,cnbc_2e309ee7",True,1,0.003222064699059157,-0.000257698750161,0.0002577651759247,-0.0004508856682769,0.0014218315775867,0.00015468302869359185,0.0003674503458546141,0.0010507140495070602,0.003116303828715485,0.0029082918632457044,-0.0011585993820802942,1,-0.0428,-0.6808,0.296,0.3336158269626907,0.047999999999999994,0.04533333333333334,-0.4219576719576719,-0.7142857142857143,0.3333333333333333,0.0034499272380089253,0.0066524796661862244,0.016606489938820107,6,0.0,0.0,0.0,0.0,0.8039735678513497,0.0,0.0,0.0,0.0,0.0,0.0,0.0,0.0,0.0,0.0,0.0,0.0,0.46829408863478594,0.0,0.0,0.0,0.0,0.0,0.0,0.0,0.0,0.0,0.3665066830851607,0.0,0.0
2024-01-10,15568,15518.0,50.0,0.0032220646990591,14,"cnbc_55d8a4eb,cnbc_43f0ba40,cnbc_1f1fefd9,cnbc_e2619734,cnbc_306749bd,cnbc_f6001777,cnbc_7d658a04,cnbc_859ee16e,cnbc_8999931f,cnbc_7ab80eb2,cnbc_6e5ae044,cnbc_464afc4c,cnbc_2286a763,cnbc_a77e121d",True,0,-0.0006423432682425488,0.0032220646990591,-0.000257698750161,0.0002577651759247,0.0019361084220716,0.0024339673668078987,0.003370779275185809,0.0015838663182892014,0.003150477988978197,0.004711197160374381,0.004387096774193466,2,0.0445,-0.4019,0.5994,0.25213853335022,0.0805,0.04907142857142858,-0.5855553385628574,-1.0,0.42857142857142855,0.0053836965882194865,0.006445419885523873,0.030380143928061126,14,0.25213168069283837,0.2781802012092051,0.0,0.0,0.6080919230361365,0.12895261100792876,0.0,0.0,0.0,0.0,0.0,0.0,0.0,0.4816400742439402,0.0,0.253593519476255,0.0,0.0,0.0,0.0,0.0,0.0,0.13834707981524447,0.0,0.0,0.0,0.0,0.0,0.2781802012092051,0.2825417764197015
2024-01-11,15558,15568.0,-10.0,-0.0006423432682425,11,"cnbc_e34623dd,cnbc_fc97874a,cnbc_7857dfd0,cnbc_dfdc655f,cnbc_3243dcba,cnbc_88976cf8,cnbc_55d82535,cnbc_0c0ea411,cnbc_3472f21d,cnbc_8151eb96,cnbc_cb81d383",True,1,6.42756138321121e-05,-0.0006423432682425,0.0032220646990591,-0.000257698750161,-0.0004508856682769,0.0013645023428248138,0.002907257830579768,0.001598750317538536,0.0026683583778543316,0.002125603864734371,-0.0035865249135391686,3,-0.23745454545454547,-0.7906,0.0772,0.34498239770642314,0.030727272727272725,0.13354545454545452,-0.5846256684491978,-1.0,0.6666666666666666,0.006666754421731422,0.008230194610388437,0.027256229074493463,11,0.0,0.0,0.0,0.0,0.4038355668568362,0.17972052660752466,0.0,0.0,0.0,0.7071507059362613,0.0,0.0,0.0,0.0,0.0,0.0,0.0,0.0,0.0,0.0,0.0,0.0,0.1928135447949961,0.4125774215509156,0.0,0.0,0.0,0.31170186801038774,0.0,0.0
2024-01-12,15559,15558.0,1.0,6.42756138321121e-05,10,"cnbc_cde52ff6,cnbc_dc2c9911,cnbc_de306f69,cnbc_1753fada,cnbc_725dcc67,cnbc_4ba05cf1,cnbc_f2550dfb,cnbc_3a639f83,cnbc_a7567a1f,cnbc_49e00dbd",True,0,-0.0002570859309724275,6.42756138321121e-05,-0.0006423432682425,0.0032220646990591,0.0002577651759247,0.000900611128980433,0.0032045288955659945,0.001543783854556152,0.0026525828739082965,0.002642093053228489,-0.004606231207216482,4,-0.08286,-0.6249,0.4215,0.2950892000734693,0.0496,0.09159999999999999,-0.552172096908939,-1.0,0.3333333333333333,0.005772108146230456,0.0047734133190781725,0.02426968573972135,10,0.0,0.0,0.0,0.0,0.0,0.22697374706387446,0.0,0.0,0.0,0.0,0.0,0.2641374213008842,0.0,0.500695156475666,0.27542258218029453,0.0,0.20302389884630598,0.2970704236510142,0.0,0.18355673400824435,0.0,0.0,0.14382049268799357,0.0,0.0,0.0,0.0,0.0,0.606888913633716,0.0
2024-01-15,15555,15559.0,-4.0,-0.0002570859309724,24,"cnbc_57e1467e,cnbc_67c90813,cnbc_c86834c0,cnbc_e7f0adc0,cnbc_45109eee,cnbc_c88dfbdc,cnbc_784f54ce,cnbc_fd2b805c,cnbc_9180e658,cnbc_224fb20e,cnbc_e4ed038a,cnbc_56b7030e,cnbc_32f4480e,cnbc_c260f424,cnbc_3257b296,cnbc_cf2507e7,cnbc_9c732166,cnbc_f80ad42b,cnbc_2991bb8d,cnbc_815e9f25,cnbc_2f04243c,cnbc_64c12026,cnbc_f0d0886a,cnbc_aea24b8f",True,1,0.002378656380585021,-0.0002570859309724,6.42756138321121e-05,-0.0006423432682425,-0.000257698750161,0.00021862702229991093,0.0031859457228355925,0.0015830532143347256,0.0026524850627575943,0.00212601468882867,-0.004734787894299042,0,-0.1041625,-0.8225,0.7003,0.4919742886640741,0.12629166666666666,0.17441666666666666,-0.4597041847041847,-1.0,1.0,0.005611591483995367,0.006033045399906789,0.020890488636667873,24,0.15955640011817385,0.0,0.13896810219888622,0.17960960452438762,0.31046921642760283,0.1712573273597545,0.1503751224565562,0.0,0.0,0.1896428771598392,0.0,0.0,0.0,0.1800174947180405,0.16766236215725408,0.16048149502570053,0.20925599564029487,0.18084039646313643,0.0,0.11173940557113438,0.0,0.28504605932864235,0.20892038721683795,0.4888455806898465,0.0,0.0,0.28344685616075554,0.2970235501539364,0.17604067591633984,0.0
2024-01-16,15592,15555.0,37.0,0.002378656380585,13,"cnbc_70a1994f,cnbc_4446513c,cnbc_0fc87991,cnbc_5a5e6afc,cnbc_4d33454f,cnbc_2f7030b1,cnbc_4186d928,cnbc_73f5e9e6,cnbc_d886289f,cnbc_6a23c123,cnbc_4befceda,cnbc_6e43887b,cnbc_a10795ac",True,1,0.0030143663417136995,0.002378656380585,-0.0002570859309724,6.42756138321121e-05,0.0032220646990591,0.0016445677870284836,0.005251264461930694,0.0017306364290371982,0.0018160121130074455,0.004768655754607609,0.006389982572774899,1,-0.06477692307692308,-0.5994,0.6705,0.44646028220855616,0.10969230769230769,0.10753846153846155,-0.6932755662215058,-1.0,-0.25,0.0061108716356385795,0.0041218017040856045,0.026234219943209843,13,0.0,0.0,0.19947777524237148,0.0,0.0,0.2458264171067606,0.0,0.0,0.0,0.4609041691553469,0.0,0.0,0.0,0.25840094800796576,0.0,0.23035855774644817,0.17740366504428,0.0,0.0,0.0,0.0,0.0,0.26373538839065064,0.4553012330401464,0.0,0.0,0.17050103460992583,0.20315993365132343,0.0,0.43455383086648036
2024-01-17,15639,15592.0,47.0,0.0030143663417136,11,"cnbc_343589b3,cnbc_7a757989,cnbc_6b02765a,cnbc_03dff847,cnbc_3c391a35,cnbc_9b86d765,cnbc_a414a70f,cnbc_a606987c,cnbc_ae9c9e6b,cnbc_ddb929a1,cnbc_2edb2ea4",True,0,-0.0005754843660080568,0.0030143663417136,0.002378656380585,-0.0002570859309724,-0.0006423432682425,0.0037482510301272143,0.007839611789384193,0.0016637612366110102,0.0019130125341649958,0.0045606372045221555,0.00877249564600402,2,-0.26481818181818184,-0.8316,0.5423,0.41885391920855136,0.047363636363636365,0.16445454545454546,-0.48860079314624766,-1.0,0.4,0.008317405885152888,0.008656081461104687,0.025342789364195147,11,0.0,0.0,0.0,0.0,0.0,0.27022496473716967,0.0,0.0,0.0,0.0,0.25874355454599424,0.0,0.0,0.48093427784009884,0.2645525105417569,0.0,0.0,0.0,0.0,0.2985227097444432,0.0,0.0,0.3604790930737083,0.0,0.2913834061948851,0.0,0.18742345353839135,0.4686700394304897,0.0,0.0
2024-01-18,15630,15639.0,-9.0,-0.000575484366008,19,"cnbc_f412290a,cnbc_3b5bbfe3,cnbc_0e6ab7ba,cnbc_953dcc21,cnbc_901be257,cnbc_9eb9f5fc,cnbc_230731cf,cnbc_efdb7040,cnbc_8030e1be,cnbc_7309504f,cnbc_731a263d,cnbc_9d393c47,cnbc_bc839e05,cnbc_16841354,cnbc_4a8fbc27,cnbc_d4b8f8b0,cnbc_067618b4,cnbc_563a28a6,cnbc_cf28c647",True,0,-0.00012795905310300704,-0.000575484366008,0.0030143663417136,0.002378656380585,6.42756138321121e-05,0.0022443090734209914,0.006889754268652126,0.0016483473175949663,0.001923552190074995,0.004627844195912001,0.007347254447022333,3,-0.11476842105263159,-0.8658,0.4588,0.38912496286558923,0.05257894736842105,0.10884210526315789,-0.5306547945744622,-1.0,0.5384615384615384,0.005687945741254905,0.006689322077413529,0.021155137339661827,19,0.0,0.0,0.1863727262375174,0.24087780666202943,0.4163760846041252,0.2296764112278726,0.0,0.0,0.0,0.0,0.0,0.0,0.0,0.241424835844941,0.0,0.21522474053655247,0.0,0.2425284447971569,0.21155037326657836,0.0,0.0,0.0,0.30638747423050094,0.25124183507669295,0.24765992694748695,0.4165270760380661,0.15929966437594112,0.0,0.2360914496210662,0.0
2024-01-19,15628,15630.0,-2.0,-0.000127959053103,14,"cnbc_b5228327,cnbc_d24a9353,cnbc_468d3176,cnbc_10e6e82a,cnbc_4d475d45,cnbc_560ad56c,cnbc_65682520,cnbc_7cdef74a,cnbc_8dab923d,cnbc_f789549c,cnbc_993053cd,cnbc_fff447d5,cnbc_16ea175f,cnbc_437504d5",True,0,-6.39877143588431e-05,-0.000127959053103,-0.000575484366008,0.0030143663417136,-0.0002570859309724,0.0012300753421148336,0.00636544820547158,0.0016754596437024295,0.001912681416318724,0.004434732309274381,0.00786792209467313,4,-0.17043571428571427,-0.7351,0.5423,0.3420694432582206,0.03271428571428571,0.1422857142857143,-0.5222069597069596,-1.0,0.23076923076923078,0.00831195534397244,0.005796418780905309,0.020681941473210556,14,0.1930983206699629,0.3607214821134978,0.1681819541016343,0.0,0.0,0.16721526824334676,0.18198695630758113,0.0,0.0,0.38859348480276795,0.0,0.19459435431316044,0.0,0.21786074325769506,0.0,0.32883947096960353,0.14957102371774028,0.0,0.19090215550938877,0.0,0.0,0.20374389163873946,0.25283959712935844,0.0,0.37839682907621364,0.17910514524346785,0.24339217335528995,0.0,0.0,0.0
2024-01-22,15627,15628.0,-1.0,-6.39877143588431e-05,30,"cnbc_acdca110,cnbc_1e92305a,cnbc_cf9a14bb,cnbc_5aea79a2,cnbc_f9538b47,cnbc_07d81034,cnbc_16b9cbd1,cnbc_e3d3e3b9,cnbc_03db2edd,cnbc_995e4fc6,cnbc_7c7f3886,cnbc_0439787b,cnbc_6e3129ef,cnbc_bbdef6f8,cnbc_f59f0fed,cnbc_3f9e99e6,cnbc_a37c3f21,cnbc_e86613e7,cnbc_a5181230,cnbc_a0987ad8,cnbc_953ae732,cnbc_2f6d38f8,cnbc_b0e72a90,cnbc_774acf70,cnbc_616fa599,cnbc_c9cff1a6,cnbc_32dbec26,cnbc_c6ec6cb9,cnbc_fdcfe065,cnbc_d2bbf189",True,1,0.001855762462404812,-6.39877143588431e-05,-0.000127959053103,-0.000575484366008,0.002378656380585,0.00024322801986786935,0.005928586601780639,0.0016444483354612024,0.0019154207210712656,0.0046287367405979385,0.007413615265600804,0,-0.23748333333333335,-0.8126,0.5994,0.4141922850838588,0.071,0.1892333333333333,-0.654052867210762,-1.0,0.6842105263157895,0.00578292267811499,0.006407032606996573,0.02711441046817277,30,0.0,0.0,0.3063768212170906,0.0,0.0,0.17991100507521174,0.0,0.0,0.1921845457414175,0.0,0.1722668851132228,0.16891745759220173,0.0,0.396876599179892,0.0,0.0,0.0,0.18997830917644237,0.16571244767781132,0.2801166599585745,0.3280059597287716,0.2994495115459566,0.2567694628586811,0.0,0.32846703366142904,0.0,0.21127636136273822,0.2517456369384877,0.0,0.0
2024-01-23,15656,15627.0,29.0,0.0018557624624048,5,"cnbc_9b0c3a35,cnbc_47b4b827,cnbc_2d3ee2de,cnbc_bf1a0753,cnbc_a4534b9f",True,1,0.004024016351558508,0.0018557624624048,-6.39877143588431e-05,-0.000127959053103,0.0030143663417136,0.0012790995139422279,0.0073965401308149215,0.0015423588530200357,0.0019321900784208489,0.004104669061056887,0.00791862486319439,1,0.06418000000000001,-0.4019,0.3182,0.28461819513165354,0.146,0.11299999999999999,-0.4177655677655677,-0.7142857142857143,-0.07692307692307693,0.007356572924302527,0.0077548586959432664,0.01657380941980121,5,0.0,0.0,0.0,0.0,0.4934341814037418,0.37180656968576853,0.0,0.0,0.0,0.0,0.0,0.0,0.0,0.0,0.0,0.0,0.33257423103224565,0.0,0.0,0.0,0.0,0.45302871107670367,0.2355929032699613,0.0,0.4969285009769944,0.0,0.0,0.0,0.0,0.0
2024-01-24,15719,15656.0,63.0,0.0040240163515585,10,"cnbc_c5b8f207,cnbc_9ea7a368,cnbc_66922713,cnbc_8639649f,cnbc_8b68d3f3,cnbc_fa58ea50,cnbc_bf56f4b8,cnbc_71d36327,cnbc_e8de9c50,cnbc_65bb97b1",True,1,0.0030536293657357338,0.0040240163515585,0.0018557624624048,-6.39877143588431e-05,-0.000575484366008,0.00428060311781242,0.010702425004259775,0.001921001845106553,0.001937417688845968,0.005115416586738197,0.014849247853315317,2,-0.051980000000000005,-0.6705,0.5574,0.38980835975301165,0.0916,0.1292,-0.7482567730649572,-1.0,-0.2727272727272727,0.007583947731358171,0.004057782184242688,0.030186803288025654,10,0.31608626415623375,0.0,0.0,0.0,0.7623377740071995,0.1616621479485739,0.0,0.0,0.0,0.0,0.0,0.0,0.0,0.0,0.0,0.0,0.24483561508423884,0.0,0.0,0.0,0.0,0.3335121990149933,0.0,0.0,0.0,0.0,0.0,0.0,0.34874213474810123,0.0
2024-01-25,15767,15719.0,48.0,0.0030536293657357,12,"cnbc_fa72a11a,cnbc_22b6e332,cnbc_93890acc,cnbc_8e5eb35d,cnbc_c7d63b87,cnbc_7f2dada3,cnbc_a74b63c9,cnbc_ce288b81,cnbc_9633165d,cnbc_d24ec292,cnbc_a0e9bf5a,cnbc_68d4c543",True,1,0.003932263588507643,0.0030536293657357,0.0040240163515585,0.0018557624624048,-0.000127959053103,0.005586948480171383,0.012639529357362012,0.0018506115638011415,0.0014939946726803652,0.008765195137556026,0.022901258596081497,3,-0.13268333333333335,-0.6249,0.743,0.41897230508023137,0.05833333333333333,0.11649999999999999,-0.5631652661064426,-1.0,0.3333333333333333,0.006379675745145467,0.005323517101212935,0.02344532861610484,12,0.0,0.2806711581245788,0.0,0.0,0.29235369898953223,0.2730448071570992,0.0,0.0,0.0,0.0,0.0,0.0,0.0,0.48595290696332116,0.2673131599593637,0.25586431563028567,0.197046151837869,0.0,0.0,0.0,0.0,0.26841395351848246,0.23633948135075988,0.29868229846316185,0.0,0.0,0.0,0.22565420575520856,0.0,0.2850717889396268
2024-01-26,15829,15767.0,62.0,0.0039322635885076,13,"cnbc_750921d7,cnbc_504a48b8,cnbc_201bd85f,cnbc_88e7aad5,cnbc_0cbaae03,cnbc_c0a7bdfe,cnbc_5190c3a4,cnbc_00a2ed27,cnbc_64b59ec1,cnbc_29a92da5,cnbc_1960471a,cnbc_8a9a2e7d,cnbc_89cdd118",True,0,-0.000252700739149662,0.0039322635885076,0.0030536293657357,0.0040240163515585,-6.39877143588431e-05,0.006959464617420252,0.01527498500723179,0.0017067060857063185,0.0015978332373678327,0.01286153058612749,0.02679034769071098,4,0.10169230769230769,-0.5719,0.8155,0.43260957082481516,0.11007692307692309,0.07130769230769231,-0.3469601923043219,-1.0,0.5555555555555556,0.005972688822692527,0.009651327023979025,0.022519813129363284,13,0.4852140768596207,0.0,0.0,0.0,0.6340664875279758,0.2821810964538183,0.0,0.0,0.0,0.27480427634687443,0.0,0.0,0.26759343852359957,0.0,0.0,0.0,0.0,0.0,0.0,0.0,0.0,0.0,0.12686556507388846,0.2714636452404622,0.0,0.2144523184466719,0.0,0.0,0.0,0.0
2024-01-29,15825,15829.0,-4.0,-0.0002527007391496,29,"cnbc_4d73acf1,cnbc_2b59185d,cnbc_2b5f8df4,cnbc_7b8fb7be,cnbc_8b595bee,cnbc_7e248201,cnbc_cff8aca3,cnbc_403110f6,cnbc_7bea51a2,cnbc_b06811af,cnbc_14da6a7c,cnbc_a2b4b465,cnbc_d1d1673b,cnbc_f64f8f7f,cnbc_40f3fd1d,cnbc_a8362f40,cnbc_553e6607,cnbc_bb970b98,cnbc_1cf563a2,cnbc_b7c33ec6,cnbc_63251641,cnbc_ab7d80ba,cnbc_97ee908f,cnbc_b25fef92,cnbc_dee11b95,cnbc_9e02e517,cnbc_3f222a2c,cnbc_e240b20f,cnbc_a568a105",True,0,-0.0018325434439178515,-0.0002527007391496,0.0039322635885076,0.0030536293657357,0.0018557624624048,0.004175338849687682,0.01376348081216383,0.0017797725398816815,0.0016353631730498294,0.012670378191591558,0.025001619275859754,0,-0.2577896551724138,-0.8271,0.5106,0.35158269129428715,0.024586206896551728,0.14958620689655172,-0.6798502376595683,-1.0,0.6,0.006404276005149005,0.004271806199187032,0.02582252549394184,29,0.19049877882820962,0.0,0.16591784312853958,0.0,0.21892824748948023,0.2542388323303546,0.0,0.0,0.21841771565127477,0.0,0.1957812964806043,0.0,0.0,0.5128810997575275,0.20017671007088575,0.0,0.0,0.0,0.0,0.27997324761144626,0.0,0.0,0.24943580205900567,0.3787018301562624,0.220478616898758,0.0,0.24011556206008478,0.0,0.2101798095301573,0.0
2024-01-30,15796,15825.0,-29.0,-0.0018325434439178,9,"cnbc_708a1063,cnbc_8b63874e,cnbc_c9cf3b6e,cnbc_027b7e59,cnbc_122a6a73,cnbc_c9890511,cnbc_9927a176,cnbc_a6b7334a,cnbc_011bdb49",True,1,0.0004431501645986326,-0.0018325434439178,-0.0002527007391496,0.0039322635885076,0.0040240163515585,0.0005574136008918984,0.010859896456614893,0.0026679674125267548,0.0017545165783056271,0.008942258559018867,0.020875072707296605,1,-0.028288888888888888,-0.8271,0.4939,0.39958738857865767,0.10855555555555557,0.133,-0.4836289441552599,-1.0,0.1111111111111111,0.006207619498202731,0.005565301877614188,0.022582474936976536,9,0.0,0.0,0.3005313845877576,0.0,0.0,0.4211295062100294,0.0,0.0,0.0,0.0,0.3546238487569965,0.0,0.0,0.0,0.0,0.0,0.4525354603538048,0.0,0.0,0.40914361115853015,0.0,0.36407850165949157,0.1893352653527832,0.0,0.0,0.0,0.25687529321352687,0.0,0.0,0.0
2024-01-31,15803,15796.0,7.0,0.0004431501645986,9,"cnbc_e06bfadc,cnbc_bdbf25c2,cnbc_4c80c74d,cnbc_6b6e81d9,cnbc_f7b081d2,cnbc_322d3086,cnbc_e3dd9e06,cnbc_99260a26,cnbc_d59607ea",True,0,-0.0017718154780737834,0.0004431501645986,-0.0018325434439178,-0.0002527007391496,0.0030536293657357,-6.327512022274995e-05,0.01031217834378606,0.0023819407541638103,0.0017568063389052414,0.005343851390037457,0.019877379799935424,2,0.18134444444444442,-0.5423,0.8225,0.4071170473927342,0.13344444444444445,0.05444444444444444,-0.2560486182777204,-1.0,1.0,0.007920459725549563,0.0062632583883771645,0.019715226164170686,9,0.286838382556268,0.0,0.0,0.32288851099165766,0.0,0.14670333480616232,0.2703329786219358,0.0,0.0,0.0,0.0,0.0,0.33197971267056636,0.0,0.0,0.2885014479474993,0.0,0.0,0.0,0.0,0.0,0.0,0.1573909811592939,0.0,0.33197971267056636,0.0,0.0,0.0,0.5358346262346878,0.32143452155675045
2024-02-01,15775,15803.0,-28.0,-0.0017718154780737,13,"cnbc_6e7e27b8,cnbc_0f0fac6d,cnbc_45ba157f,cnbc_a24fe6f8,cnbc_7c6bc9e6,cnbc_30ab6bc3,cnbc_14ec96d4,cnbc_6e7a40a1,cnbc_153eebd3,cnbc_1ce1ae70,cnbc_f120c4a7,cnbc_7c5bcfcd,cnbc_0fec7e82",True,0,-0.005515055467511886,-0.0017718154780737,0.0004431501645986,-0.0018325434439178,0.0039322635885076,-0.0019360226755074095,0.007716778883622322,0.0023540785899534827,0.0018447209858907946,0.0005073888501299084,0.016103059581320522,3,-0.09616153846153846,-0.8176,0.34,0.35269272872776364,0.04715384615384615,0.10038461538461538,-0.5878536496183555,-0.7647058823529411,-0.2727272727272727,0.00767799972819079,0.006078021184618297,0.023845326610072274,13,0.0,0.2564363199933134,0.20243315096831746,0.0,0.26711011992202005,0.2836661236721319,0.0,0.0,0.0,0.0,0.0,0.0,0.4554594625534405,0.0,0.0,0.0,0.180032000380027,0.0,0.0,0.0,0.21672422770270042,0.0,0.267642776890325,0.0,0.0,0.0,0.0,0.0,0.43418443218984654,0.44099199091613606
2024-02-02,15688,15775.0,-87.0,-0.0055150554675118,7,"cnbc_8a4a39bd,cnbc_2e3ad4df,cnbc_4a94e061,cnbc_5e959997,cnbc_870c99d2,cnbc_d1f08d70,cnbc_a0e12b19",True,1,0.0010836308006119328,-0.0055150554675118,-0.0017718154780737,0.0004431501645986,-0.0002527007391496,-0.005666332855857048,0.0016153025978917768,0.0023037110842078364,0.0023135373208190172,-0.008907701055025585,0.01095501997680115,4,-0.4259857142857143,-0.8126,0.0,0.2903662596823273,0.03514285714285714,0.2292857142857143,-0.28522471317502374,-0.7391304347826086,0.5,0.008841541617479723,0.010606295795402195,0.02386991068186669,7,0.0,0.4714357641791125,0.3721556572969962,0.0,0.0,0.21853774082108565,0.0,0.0,0.0,0.0,0.0,0.0,0.4945361092255909,0.0,0.0,0.0,0.0,0.0,0.0,0.0,0.0,0.45084766863418324,0.0,0.0,0.0,0.0,0.0,0.37902527513432255,0.0,0.0
2024-02-05,15705,15688.0,17.0,0.0010836308006119,20,"cnbc_9078ed55,cnbc_88521fa1,cnbc_7f4bb395,cnbc_95aaa4a1,cnbc_2c080940,cnbc_cb910f86,cnbc_bc5dc396,cnbc_a9e2820d,cnbc_443ef79d,cnbc_768687b5,cnbc_ed0920b9,cnbc_ad3094b4,cnbc_2c2962a5,cnbc_04d6648a,cnbc_8a729c7d,cnbc_c568b6ef,cnbc_bee54088,cnbc_62c96bad,cnbc_b87b215d,cnbc_fb97d5e9",True,1,0.0018465456860872335,0.0010836308006119,-0.0055150554675118,-0.0017718154780737,-0.0018325434439178,-0.0030723526349867303,0.0021152576115774924,0.002586232959789219,0.0023154639278857208,-0.00758293838862556,0.011789717819868484,0,-0.30754000000000004,-0.765,0.4019,0.36139635101411277,0.042249999999999996,0.1686,-0.692666877755887,-1.0,0.0,0.004754546562876199,0.004170294482143953,0.02955844349120914,20,0.0,0.2222061312257679,0.0,0.0,0.0,0.21616838244111594,0.18980996306530873,0.0,0.0,0.23937541610120608,0.0,0.0,0.0,0.22722584337985977,0.0,0.20256666226352704,0.2641319398769146,0.3864854715375146,0.19910839667587452,0.23880536481949527,0.317964531642182,0.2125021558213752,0.18710893615776178,0.23646547244323812,0.0,0.0,0.14993072465502233,0.30247981273214114,0.0,0.2256900914406279
2024-02-06,15734,15705.0,29.0,0.0018465456860872,8,"cnbc_c4f1d262,cnbc_929683fc,cnbc_355bf166,cnbc_64f7a269,cnbc_97beed70,cnbc_fc6684be,cnbc_9674ab55,cnbc_c3624654",True,0,-0.0031142748188636073,0.0018465456860872,0.0010836308006119,-0.0055150554675118,0.0004431501645986,-0.0004446985579060758,0.003274319072350762,0.002969527313421644,0.00232277333451676,-0.0039250443150165015,0.013919319499935634,1,-0.3015375,-0.7717,0.34,0.4260702052730613,0.051875,0.186,-0.7249222999223,-0.9166666666666666,-0.14285714285714285,0.007039325422693524,0.0036495587698934235,0.029314931375199773,8,0.0,0.0,0.0,0.26082065448631625,0.0,0.0,0.21836770901777405,0.0,0.0,0.0,0.2381253641323419,0.0,0.26816428267760034,0.6238083046326971,0.0,0.0,0.0,0.0,0.0,0.16226273071615166,0.0,0.0,0.12713620125452876,0.0,0.26816428267760034,0.0,0.3619864088026014,0.3479892344097672,0.0,0.0
2024-02-07,15685,15734.0,-49.0,-0.0031142748188636,4,"cnbc_6e786918,cnbc_289cc129,cnbc_b3541207,cnbc_5888fbc6",True,0,-0.004654128147912018,-0.0031142748188636,0.0018465456860872,0.0010836308006119,-0.0017718154780737,-0.0020614096479061317,-0.0002230933486311315,0.003027985503536405,0.002390928473042335,-0.007466936657596679,0.0075154162384378775,2,0.24212500000000003,0.0258,0.6124,0.25723570740989027,0.17825000000000002,0.0345,0.0743145743145743,-0.5555555555555556,1.0,0.005049760309615875,0.012584480864664611,0.015923984029831202,4,0.0,0.0,0.0,0.0,0.0,0.6174116228451598,0.0,0.0,0.0,0.0,0.0,0.0,0.0,0.0,0.0,0.0,0.0,0.0,0.0,0.0,0.0,0.0,0.0,0.0,0.0,0.0,0.0,0.0,0.7866402532134407,0.0
2024-02-12,15612,15685.0,-73.0,-0.004654128147912,49,"cnbc_4195f018,cnbc_af6a1954,cnbc_62811bee,cnbc_4d533564,cnbc_29a01aa5,cnbc_cb653526,cnbc_2756152c,cnbc_298da33b,cnbc_28334235,cnbc_b43ec652,cnbc_2ae359bf,cnbc_feee898d,cnbc_0ac9c592,cnbc_70a7ba36,cnbc_71f3e0ca,cnbc_0d3cd7c5,cnbc_786095c5,cnbc_bd936b4b,cnbc_186f5dd3,cnbc_7f66f3bb,cnbc_65a479e8,cnbc_120eb632,cnbc_4956c215,cnbc_bf5803a1,cnbc_34eba0a7,cnbc_01d398ae,cnbc_98f554e1,cnbc_476a1ed3,cnbc_d9fd42c3,cnbc_91b5342b,cnbc_b86b4b8d,cnbc_ffdade8d,cnbc_5da10b2c,cnbc_8dac9d7b,cnbc_93f03a72,cnbc_6b42326d,cnbc_a99b179c,cnbc_6c523df9,cnbc_cf450c2a,cnbc_569e4063,cnbc_b7ece66c,cnbc_3dabf291,cnbc_911eb743,cnbc_a77c6347,cnbc_0a5c5874,cnbc_a0d18672,cnbc_a5a3ef9d,cnbc_988cb93c,cnbc_1dde0d26",True,0,-0.0017294388931591083,-0.004654128147912,-0.0031142748188636,0.0018465456860872,-0.0055150554675118,-0.0046414362950116805,-0.005047415111654963,0.0033511695920945654,0.002636623951066955,-0.010332805071315398,0.0034708831469341117,0,-0.18725510204081633,-0.8519,0.6705,0.40112477955806997,0.07189795918367348,0.1516530612244898,-0.469616959176654,-1.0,1.0,0.005262467027451608,0.007236434479488129,0.025678872681393062,49,0.23627338646543328,0.12421710189640053,0.0,0.21458167622563265,0.12938746346375,0.18410197962891228,0.253202724322442,0.0,0.0,0.22656854333023474,0.19590986721505155,0.0,0.0,0.3031147662172452,0.3087101534483394,0.1132382962990194,0.14765435998005394,0.0,0.23358617832231773,0.18814762337404128,0.250514769594627,0.11879241044005681,0.2040230278448802,0.2238142851591279,0.2734570257002106,0.0,0.21870714053390916,0.20958454290777678,0.12421710189640053,0.12616469640526928
2024-02-13,15585,15612.0,-27.0,-0.0017294388931591,13,"cnbc_b74b0221,cnbc_14f6c3e0,cnbc_4bea644b,cnbc_4877d20c,cnbc_810bc2e0,cnbc_bab41648,cnbc_3c2bcf43,cnbc_f586b8a6,cnbc_50c44269,cnbc_73a28e8f,cnbc_254b6fc3,cnbc_bc187320,cnbc_1452f1c2",True,1,0.001347449470644851,-0.0017294388931591,-0.004654128147912,-0.0031142748188636,0.0010836308006119,-0.005056115218140755,-0.006850406245021534,0.0027526222198863658,0.0026709282418260626,-0.00656552779194286,0.0016710585513208809,1,0.03900769230769233,-0.6737,0.5994,0.3848247576528362,0.11153846153846153,0.08476923076923076,-0.3519661312303453,-0.8461538461538461,0.3333333333333333,0.005595946910940482,0.007788051695691519,0.019804267888885334,13,0.0,0.0,0.23851891510453258,0.0,0.0,0.1400633950552647,0.0,0.0,0.0,0.0,0.0,0.0,0.0,0.6484173450255999,0.0,0.0,0.3591580533193894,0.0,0.0,0.4576548512134604,0.0,0.0,0.15026730783848485,0.0,0.3169539786368757,0.0,0.20387094126123761,0.0,0.0,0.0
2024-02-15,15606,15585.0,21.0,0.0013474494706448,19,"cnbc_08e8ee9e,cnbc_1893b8bc,cnbc_bc608d4b,cnbc_5f9f150e,cnbc_8812ad3f,cnbc_7c9096b4,cnbc_a8925c08,cnbc_4bf34c4d,cnbc_e860929a,cnbc_73a35e34,cnbc_7b2feb6d,cnbc_22d43624,cnbc_b3c7ffd3,cnbc_7b53bbbc,cnbc_001f365b,cnbc_db7d04bc,cnbc_397fe7d0,cnbc_d9c8d988,cnbc_12c53e37",True,1,0.0030757400999615533,0.0013474494706448,-0.0017294388931591,-0.004654128147912,0.0018465456860872,-0.0024545524277057584,-0.005673763383996833,0.00281194904581406,0.002684118010704631,-0.006303724928366727,0.003278688524590123,3,-0.0776421052631579,-0.6124,0.5106,0.3292898559624424,0.09352631578947368,0.11657894736842105,-0.2295874060579943,-1.0,1.0,0.00513220065784369,0.008164760031507316,0.017987631722346402,19,0.24866038493473386,0.0,0.0,0.0,0.0,0.2668956739599928,0.23435183926787492,0.0,0.0,0.0,0.25555571980747627,0.25058688693797304,0.0,0.2805479410316411,0.0,0.25010209743035533,0.0,0.0,0.0,0.2948447782650305,0.0,0.0,0.28633958489926403,0.0,0.28779343408475616,0.23064081658251268,0.3134257786740155,0.37346143116201624,0.0,0.0
2024-02-16,15654,15606.0,48.0,0.0030757400999615,8,"cnbc_3f2708c1,cnbc_1dc83aae,cnbc_9b54dc07,cnbc_0c6886c0,cnbc_000c797e,cnbc_e2b2b484,cnbc_3a5cc297,cnbc_eddcd623",True,0,-0.0015331544653123803,0.0030757400999615,0.0013474494706448,-0.0017294388931591,-0.0031142748188636,0.0016380435617209255,-0.0028124333122055978,0.0031810357360732787,0.0027186510198135005,-0.005084530316512015,0.003976398152898852,4,-0.0761125,-0.8625,0.4019,0.3984587178384087,0.055625,0.118125,-0.019663742690058494,-0.8666666666666667,1.0,0.004974764028261829,0.01194571588456372,0.01835361060349884,8,0.0,0.0,0.32001845286947644,0.4136084961290758,0.0,0.0,0.0,0.0,0.0,0.4367133118041121,0.0,0.0,0.0,0.0,0.0,0.0,0.0,0.0,0.36325069941002147,0.25731567985473985,0.0,0.0,0.20161215034144456,0.0,0.4252539964377465,0.3408032198694763,0.0,0.0,0.0,0.0
2024-02-19,15630,15654.0,-24.0,-0.0015331544653123,20,"cnbc_43db9874,cnbc_4347ebad,cnbc_36d7998c,cnbc_4a76e5ed,cnbc_6bd3fdad,cnbc_fe67c19f,cnbc_7115857a,cnbc_b458ee3c,cnbc_5fa88166,cnbc_d5600bfc,cnbc_11f0567f,cnbc_5fc1e272,cnbc_028dba20,cnbc_4ff23548,cnbc_5b2e8803,cnbc_00ec0f3c,cnbc_d63bdf50,cnbc_39cb2fba,cnbc_1dbd0789,cnbc_d7e860f0",True,1,0.0018554062699936021,-0.0015331544653123,0.0030757400999615,0.0013474494706448,-0.004654128147912,0.0008067924238350788,-0.0043127337125821175,0.0029932120906335092,0.0026606012786908498,-0.0035065349059610895,-0.0005754843660080722,0,0.054469999999999984,-0.886,0.8225,0.4838932756409478,0.12079999999999999,0.0947,-0.5389539627039628,-1.0,0.6,0.0066517431069519515,0.006167382744271892,0.022276786583198933,20,0.0,0.2032196354219535,0.16042341871920265,0.0,0.0,0.09420405363799525,0.17359157139725861,0.0,0.0,0.2189218835714303,0.0,0.0,0.0,0.35185365409541336,0.0,0.3136695159985964,0.0,0.0,0.38214784658121503,0.3078102036180868,0.0,0.0,0.3231339506768019,0.0,0.3609407042341059,0.0,0.3272082799651482,0.0,0.2032196354219535,0.0
2024-02-20,15659,15630.0,29.0,0.0018554062699936,10,"cnbc_a6111a92,cnbc_717b1f15,cnbc_8b7f6a01,cnbc_1a832ea7,cnbc_3960f8ed,cnbc_c0129a65,cnbc_42cf8679,cnbc_45ad03cf,cnbc_7c9f8c1f,cnbc_220a4816",True,0,-6.386103838048407e-05,0.0018554062699936,-0.0015331544653123,0.0030757400999615,-0.0017294388931591,0.0020605626231857688,-0.002557463302153229,0.0021354505947469918,0.002689518135957901,0.003010504739943576,0.001855406269993587,1,-0.29918,-0.8555,0.2023,0.39507801423685085,0.021399999999999995,0.15360000000000001,-0.4908585858585859,-1.0,1.0,0.008086324417022086,0.0047022330578025155,0.026652754177534328,10,0.0,0.0,0.2505786201310601,0.0,0.3306379659306751,0.3088005383834367,0.27114704807061135,0.0,0.0,0.0,0.29568011610163714,0.0,0.0,0.0,0.0,0.0,0.2228497161599885,0.0,0.0,0.42283161796972746,0.0,0.0,0.15786494179077884,0.0,0.0,0.0,0.3626362606847345,0.43209801529254616,0.0,0.0
2024-02-21,15658,15659.0,-1.0,-6.386103838048407e-05,14,"cnbc_cec9e7be,cnbc_11ab955e,cnbc_1ae21b1e,cnbc_7971381d,cnbc_d14809b9,cnbc_9cf40dde,cnbc_087aacf5,cnbc_42b5d8fd,cnbc_85b2ec02,cnbc_fe083719,cnbc_ec2c6fe3,cnbc_bf6eef25,cnbc_1b71d26a,cnbc_2f0984cb",True,0,-0.0017882232724485887,-6.386103838048407e-05,0.0018554062699936,-0.0015331544653123,0.0013474494706448,0.0010612860741365804,-0.0027164480451445927,0.0017811184422807742,0.0026892752347849828,0.004683991017003564,0.001919631430765234,2,-0.2105714285714286,-0.868,0.4019,0.34576084093037357,0.08057142857142859,0.1789285714285714,-0.6736717273094983,-1.0,0.0,0.004677276256726047,0.003852423731677254,0.03174341406163239,14,0.2313727522502868,0.25527660228356436,0.0,0.0,0.0,0.28238326082615517,0.0,0.0,0.0,0.2750011557081829,0.0,0.0,0.0,0.2610433876376378,0.24312720863830553,0.39401944658445004,0.0,0.0,0.0,0.1620333235310918,0.0,0.0,0.3029554750279777,0.4599571990143376,0.2677851517893726,0.0,0.0,0.20523747192655165,0.0,0.0
2024-02-22,15630,15658.0,-28.0,-0.0017882232724485,9,"cnbc_8d8fbaaf,cnbc_51b142cc,cnbc_1a3fc196,cnbc_0dd3e0ab,cnbc_18960160,cnbc_c177e8f3,cnbc_b8998b32,cnbc_af51d897,cnbc_0a96a643",True,0,-0.0026231605886116445,-0.0017882232724485,-6.386103838048407e-05,0.0018554062699936,0.0030757400999615,-0.0010353951758255153,-0.004509324365637335,0.0021199721018433865,0.0027222220569471972,0.0015378700499808495,0.00019197542714533,3,-0.053555555555555544,-0.7351,0.6124,0.4376031824356146,0.08,0.1091111111111111,-0.2686786897313213,-1.0,1.0,0.004451653056399821,0.011450607560077156,0.017474400601070077,9,0.0,0.0,0.35508159737119643,0.0,0.0,0.43758477231986614,0.38422801953750213,0.0,0.0,0.0,0.0,0.0,0.0,0.0,0.0,0.410051117490904,0.0,0.0,0.0,0.28550873180035663,0.0,0.0,0.22370198890337212,0.0,0.0,0.3781436683273304,0.3035013782822374,0.0,0.0,0.0
2024-02-23,15589,15630.0,-41.0,-0.0026231605886116,10,"cnbc_8e05516d,cnbc_29775b96,cnbc_b6434507,cnbc_6bb337ba,cnbc_4e98af7d,cnbc_3a49306c,cnbc_4206f58f,cnbc_37c56ea3,cnbc_2ffe27e8,cnbc_16a6f03a",True,1,0.0029507986400667137,-0.0026231605886116,-0.0017882232724485,-6.386103838048407e-05,-0.0015331544653123,-0.002827316224445431,-0.00690876543642438,0.0017625561615314295,0.00274677774337154,-0.004152293343554381,-0.004279509453244734,4,0.06285,-0.5994,0.6249,0.379729117632264,0.0834,0.06459999999999999,-0.30194444444444446,-1.0,0.8,0.009210436138989598,0.01258955731995837,0.025793982132151998,10,0.0,0.0,0.0,0.0,0.6771841922841803,0.17799394005255761,0.0,0.0,0.0,0.0,0.0,0.0,0.4027882335042051,0.0,0.0,0.0,0.0,0.0,0.0,0.24372193797077413,0.0,0.0,0.19096117277971938,0.0,0.0,0.3227989108948138,0.0,0.0,0.38397353625352526,0.0
2024-02-26,15635,15589.0,46.0,0.0029507986400667,22,"cnbc_91a78163,cnbc_eee196be,cnbc_93c4d7f0,cnbc_41330074,cnbc_9821d6ce,cnbc_f141e714,cnbc_ab3b20ff,cnbc_7ae25137,cnbc_2c6b5111,cnbc_926e2a51,cnbc_d9d90f78,cnbc_2957dd35,cnbc_446964bf,cnbc_8ba13e32,cnbc_a0e9d7ea,cnbc_646b8462,cnbc_03bf9ec2,cnbc_e407bfdf,cnbc_43a387db,cnbc_ca546e29,cnbc_8b0212c6,cnbc_0a8e676b",True,1,0.0012791813239526704,0.0029507986400667,-0.0026231605886116,-0.0017882232724485,0.0018554062699936,5.116987117981253e-05,-0.0037117869147563765,0.0023564077699551413,0.0026690759467269867,0.00031989763275741545,-0.005343851390037568,0,0.02049090909090909,-0.6597,0.7227,0.36714110678916395,0.11681818181818181,0.07736363636363636,-0.3888264142274837,-1.0,0.6,0.0059709842647659465,0.006836674571180864,0.020306317200444898,22,0.3386892371278258,0.0,0.17422383994120078,0.0,0.0,0.10230795537131758,0.0,0.0,0.0,0.0,0.20558228469190093,0.0,0.0,0.0,0.21019773664926095,0.20119510780155375,0.0,0.0,0.0,0.23718844246908782,0.31581163211147967,0.2110633293296962,0.2619227831925576,0.39765998519803214,0.23151597523641612,0.18553944342141657,0.25213596357649265,0.3723774207315999,0.0,0.0
2024-02-27,15655,15635.0,20.0,0.0012791813239526,10,"cnbc_c00f9d17,cnbc_0e93ded1,cnbc_74f58a9f,cnbc_c88c6bb7,cnbc_713dc5aa,cnbc_f2f1261c,cnbc_dd579d1e,cnbc_14a2c328,cnbc_2ea02395,cnbc_eb997fb5",True,1,0.0011497923985946982,0.0012791813239526,0.0029507986400667,-0.0026231605886116,-6.386103838048407e-05,0.0013816572210780809,-0.0020812549999521535,0.002259108157772324,0.002581013099350982,-0.0002554441535219665,-0.007103443901820272,1,-0.19156,-0.6369,0.0,0.2612675776117487,0.0,0.0994,-0.35039666216136806,-1.0,0.6666666666666666,0.00483547123181932,0.00653202375626266,0.019382541538352088,10,0.0,0.0,0.0,0.0,0.0,0.2718472190225864,0.29586202558132313,0.0,0.3599342099843307,0.0,0.32263127589414037,0.0,0.0,0.3541831903926905,0.0,0.31574624453150485,0.24316240539025555,0.0,0.0,0.2198465166941411,0.0,0.3312329724234634,0.291651860429236,0.0,0.0,0.0,0.0,0.27846582613301735,0.0,0.0
2024-02-28,15673,15655.0,18.0,0.0011497923985946,9,"cnbc_24f9cd29,cnbc_eef5f538,cnbc_15b6a84e,cnbc_31359c76,cnbc_caea32a8,cnbc_87b0bf77,cnbc_db3044e8,cnbc_3eec547c,cnbc_6cac643a",True,1,0.0026797677534613666,0.0011497923985946,0.0012791813239526,0.0029507986400667,-0.0017882232724485,0.002340692230948349,-0.00043686642410489807,0.0023214596012755564,0.00240698076320317,0.0009579767530973893,-0.009855328826836818,2,-0.1272777777777778,-0.7096,0.4215,0.40195226948537616,0.07966666666666666,0.11388888888888887,-0.5422245071367878,-1.0,1.0,0.005217285645772581,0.005523532927902947,0.02151017060664722,9,0.24228657575683327,0.0,0.3572933731235921,0.0,0.27844470052222653,0.12391733744113113,0.22834479514472067,0.0,0.0,0.0,0.0,0.0,0.0,0.46283324656053765,0.0,0.24369133343016205,0.0,0.0,0.0,0.1696764149409416,0.0,0.0,0.3469116605990272,0.2844722110043943,0.0,0.0,0.18036935498201903,0.363888648194769,0.0,0.0
2024-02-29,15715,15673.0,42.0,0.0026797677534613,10,"cnbc_54bc253d,cnbc_f7a34953,cnbc_eb296f4d,cnbc_6851fd54,cnbc_0d679aa5,cnbc_22fea092,cnbc_d48ca93c,cnbc_26c1c0db,cnbc_f645a563,cnbc_727b8204",True,0,-0.0012090359529112313,0.0026797677534613,0.0011497923985946,0.0012791813239526,-0.0026231605886116,0.003935247294517552,0.0025934089770867086,0.002225804475153069,0.002509481000340831,0.005438259756877839,-0.006951026856240161,3,0.17697000000000002,-0.6908,0.7269,0.43050468070755177,0.1521,0.0489,-0.30393939393939395,-1.0,1.0,0.005043729737725531,0.009718405022896554,0.02055396319252106,10,0.0,0.0,0.0,0.34633526704731615,0.0,0.33022984690608065,0.2899633810295081,0.0,0.0,0.0,0.3161989288767804,0.0,0.0,0.0,0.32329779426484934,0.0,0.0,0.3487085624839106,0.0,0.21546340448031304,0.28688518176045535,0.0,0.28583715455690445,0.0,0.0,0.0,0.38780151574676375,0.0,0.0,0.0
2024-03-01,15696,15715.0,-19.0,-0.0012090359529112,6,"cnbc_c1cab544,cnbc_51e6fda5,cnbc_0f89dfe2,cnbc_4ed9bdc3,cnbc_f002927d,cnbc_de707117",True,1,0.0017201834862385322,-0.0012090359529112,0.0026797677534613,0.0011497923985946,0.0029507986400667,0.0013524893459566645,0.0017007725272586427,0.0016524664689224456,0.002493862175165932,0.006863814227981324,-0.006330716637123368,4,-0.05438333333333332,-0.6486,0.4404,0.3784582535322313,0.049666666666666665,0.1095,-0.36711806711806716,-0.8,0.6363636363636364,0.004627825415075373,0.007821618896084962,0.02258001073981039,6,0.0,0.0,0.0,0.0,0.0,0.1826835230078662,0.0,0.0,0.4095362239646299,0.0,0.0,0.0,0.0,0.0,0.0,0.0,0.0,0.0,0.5978933238240397,0.0,0.0,0.0,0.33184398237013474,0.0,0.0,0.0,0.26590717563170135,0.3168407997191258,0.0,0.40026895702079496
2024-03-04,15723,15696.0,27.0,0.0017201834862385,22,"cnbc_e2432c83,cnbc_bb017671,cnbc_924bbc7e,cnbc_8bcffa3d,cnbc_02fcbf57,cnbc_4887c72b,cnbc_30ea5a36,cnbc_4d45ea77,cnbc_ce1e225e,cnbc_6ba764bf,cnbc_ceaf60a2,cnbc_3c1b4979,cnbc_0810088f,cnbc_5639d9d6,cnbc_eefcacaf,cnbc_03113857,cnbc_618598c3,cnbc_51b7ecf5,cnbc_1501466d,cnbc_80772e7f,cnbc_fc02d64d,cnbc_a5235b92",True,1,0.0020988360999809196,0.0017201834862385,-0.0012090359529112,0.0026797677534613,0.0012791813239526,0.0019499885294793629,0.003680096518750009,0.001435587971722302,0.0025303637389903462,0.005628397825391707,-0.005062329937353671,0,-0.2712818181818182,-0.9117,0.5106,0.3645968192484139,0.050454545454545446,0.18549999999999997,-0.5218880725173631,-1.0,0.7142857142857143,0.007321988188618061,0.0066178923213981505,0.023466128963761112,22,0.21076878534422128,0.0,0.31081495138376547,0.23725841240917564,0.24222328922385608,0.2572367588966836,0.0,0.21879258326301024,0.2416584342884071,0.2505120373645852,0.0,0.21240172131547583,0.24393862555954457,0.0,0.374992304839951,0.0,0.0,0.0,0.0,0.14760409967804713,0.19653188469225197,0.22238853457145397,0.19581392930585423,0.0,0.0,0.0,0.15690605120869408,0.18696087695877067,0.0,0.23619002126721053
2024-03-05,15756,15723.0,33.0,0.0020988360999809,15,"cnbc_1a888953,cnbc_6fce98af,cnbc_ef571f98,cnbc_c38d45c7,cnbc_1643a36a,cnbc_37530adb,cnbc_f79358f9,cnbc_eb34fc6a,cnbc_95d933cf,cnbc_81755132,cnbc_7385b5fb,cnbc_76a5b7d1,cnbc_c9d9c9db,cnbc_b611d7d2,cnbc_e6dcb2ac",True,0,-0.0020944402132520943,0.0020988360999809,0.0017201834862385,-0.0012090359529112,0.0011497923985946,0.002762114481371647,0.005847654554276049,0.0015029591707673984,0.0025557918554791757,0.006451612903225712,-0.0012044374009508862,1,-0.14668666666666666,-0.6288,0.3612,0.2806660009606402,0.03506666666666667,0.09733333333333333,-0.5590957190957191,-1.0,0.0,0.005207026501418052,0.004979180737237559,0.019883251914412748,15,0.0,0.0,0.23270900325941904,0.0,0.30705904378915483,0.2867789177528245,0.0,0.0,0.0,0.317566435900197,0.0,0.0,0.0,0.3014482539679431,0.0,0.45500663808107983,0.35040957889616076,0.3028262438940605,0.0,0.0,0.0,0.0,0.307671364802687,0.0,0.0,0.24782313923557783,0.0,0.0,0.0,0.0
2024-03-06,15723,15756.0,-33.0,-0.002094440213252,8,"cnbc_63c657ac,cnbc_59c6e751,cnbc_c9557381,cnbc_45a48de9,cnbc_7626325b,cnbc_fef000c6,cnbc_0e4f805d,cnbc_142f6ea6",True,0,-0.004134071106023023,-0.002094440213252,0.0020988360999809,0.0017201834862385,0.0026797677534613,2.544108480773133e-05,0.003628843078867572,0.0021419468046965815,0.002269780388838001,0.003190199706501584,0.0022310045894951003,2,-0.041025,-0.8591,0.5423,0.4880490014917998,0.108,0.134,-0.5525949540655423,-1.0,0.07692307692307693,0.006907427605537529,0.007034132850100818,0.0244396596772386,8,0.0,0.0,0.0,0.0,0.0,0.4664128600777601,0.0,0.0,0.0,0.0,0.0,0.0,0.0,0.0,0.45662210818510696,0.0,0.0,0.0,0.0,0.30431804898100395,0.4051933506085461,0.0,0.23843947744423893,0.5102066086927977,0.0,0.0,0.0,0.0,0.0,0.0
2024-03-07,15658,15723.0,-65.0,-0.004134071106023,7,"cnbc_a560a02b,cnbc_0e69a7ca,cnbc_4974f08c,cnbc_5d7841e3,cnbc_2670eae4,cnbc_5583bf22,cnbc_5b3f86c3",True,0,-0.0035125814280240132,-0.004134071106023,-0.002094440213252,0.0020988360999809,-0.0012090359529112,-0.0033861194561841668,-0.00037028051941412343,0.0026307977559127524,0.0024455073332232736,-0.003627107858733658,-0.0029926774912448773,3,-0.21131428571428573,-0.8225,0.4588,0.40917429223812607,0.040857142857142856,0.14971428571428572,-0.6356747827336063,-1.0,0.058823529411764705,0.006946124932015259,0.007236877585426219,0.027963709327161308,7,0.0,0.4431140337147494,0.0,0.0,0.0,0.4310738114051086,0.0,0.0,0.0,0.0,0.0,0.0,0.0,0.4531241305937893,0.0,0.0,0.3110897313150071,0.0,0.0,0.0,0.3744927658592258,0.0,0.2203734569286838,0.0,0.0,0.0,0.0,0.356255149282231,0.0,0.0
2024-03-08,15603,15658.0,-55.0,-0.003512581428024,10,"cnbc_dde03db9,cnbc_1bba881d,cnbc_e3413226,cnbc_767cd189,cnbc_72e3092b,cnbc_a624e2c3,cnbc_c969103f,cnbc_0199e009,cnbc_5c971d80,cnbc_cbcc3236",True,0,-0.0017304364545279755,-0.003512581428024,-0.004134071106023,-0.002094440213252,0.0017201834862385,-0.005709697564457161,-0.0034648485525874406,0.0029225590712984445,0.002508369896619146,-0.0059250764525994315,-0.008325918393288445,4,-0.27832,-0.8979,0.4215,0.42759920954089703,0.0626,0.23220000000000002,-0.35722873617610457,-1.0,1.0,0.0052442673148499815,0.00769788974076267,0.029282749504002854,10,0.39158716712929853,0.0,0.0,0.0,0.4500264661344509,0.42030386509893836,0.3690542539557903,0.0,0.0,0.0,0.4024458515551823,0.0,0.0,0.0,0.41148101475553056,0.0,0.0,0.0,0.0,0.0,0.0,0.0,0.0,0.0,0.0,0.0,0.0,0.0,0.0,0.0
2024-03-13,15576,15603.0,-27.0,-0.0017304364545279,48,"cnbc_f6bc6788,cnbc_274b6870,cnbc_7b9fa817,cnbc_5796f17f,cnbc_e24b999f,cnbc_5139f6bc,cnbc_937d9eb7,cnbc_68554075,cnbc_60bbabc1,cnbc_e1ecdb52,cnbc_8d293bea,cnbc_a4f74ea1,cnbc_010f8af4,cnbc_e14cd5ca,cnbc_5e69acab,cnbc_67297da4,cnbc_bea3d596,cnbc_b26ae368,cnbc_8254649d,cnbc_b3d483c5,cnbc_a5af542a,cnbc_5412a328,cnbc_d1ab875c,cnbc_5550c4d2,cnbc_b9bb16bc,cnbc_c86be71d,cnbc_be2c0ae3,cnbc_928df622,cnbc_38f4fd40,cnbc_96488214,cnbc_e7d0514b,cnbc_f8fc287d,cnbc_f89c2b10,cnbc_2c1680b3,cnbc_2c1ac631,cnbc_be1ba2c3,cnbc_b1491ce4,cnbc_630f4724,cnbc_d064c700,cnbc_1fa25f97,cnbc_2d7d2252,cnbc_59036319,cnbc_e7206e7a,cnbc_3866f07d,cnbc_5191b0a6,cnbc_4a6c5cc0,cnbc_da9fd402,cnbc_26d5ec3d",True,1,0.0003852080123266564,-0.0017304364545279,-0.003512581428024,-0.004134071106023,0.0020988360999809,-0.00556718933551259,-0.004842893469121701,0.0024313319449688633,0.0024483603600156667,-0.009349360809005947,-0.006949314631813808,2,-0.16045208333333336,-0.8779,0.6808,0.40094759565765264,0.0611875,0.14429166666666668,-0.5588153713976082,-1.0,0.5,0.00532972099971394,0.005659237355643843,0.02415421011728351,48,0.13838129979368913,0.0,0.20406711030551097,0.1557731968827757,0.33374842254075654,0.20849691023375183,0.22081770000448864,0.0,0.15866205324627522,0.1644749306110995,0.2407970274403307,0.0,0.2711729696234593,0.15612695502177215,0.14541150078979734,0.29209246204589884,0.18148514659944542,0.0,0.0,0.16408324817966508,0.2184735388889216,0.1460103042438268,0.25076908750336036,0.0,0.3361119062420855,0.12835327988631193,0.24582996576075622,0.12275009851135915,0.0,0.0
2024-03-14,15582,15576.0,6.0,0.0003852080123266,16,"cnbc_6b71bad3,cnbc_351aeb19,cnbc_8a48c17d,cnbc_399db93a,cnbc_f2745f31,cnbc_4af81a70,cnbc_f47e0b9d,cnbc_1b9f2f1a,cnbc_6ee2b241,cnbc_a7f748fa,cnbc_ab971dcd,cnbc_f36effbc,cnbc_a8115239,cnbc_89219ca8,cnbc_4ea8bb2b,cnbc_c78bef17",True,1,0.0026954177897574125,0.0003852080123266,-0.0017304364545279,-0.003512581428024,-0.002094440213252,-0.002968953955619247,-0.0043641335948830795,0.0017590440612451643,0.0022313262752871794,-0.011043412033511002,-0.0019215987701768356,3,-0.24200624999999998,-0.743,0.5106,0.3423818540143933,0.0135,0.1226875,-0.4936487123987124,-1.0,0.14285714285714285,0.007779100485432277,0.0057644606843478465,0.019220745707041555,16,0.3178544481240929,0.2071249324421376,0.0,0.0,0.21574621545381048,0.20149696753304594,0.29956430155494174,0.0,0.0,0.0,0.0,0.0,0.0,0.0,0.19726722391939613,0.0,0.0,0.36025458316783115,0.18559484827289255,0.0,0.17504927158004277,0.33537786351945365,0.17440979484774213,0.2204164877653213,0.21727405088136587,0.0,0.23662558112112556,0.16652445671523675,0.35069299538807447,0.0
2024-03-15,15624,15582.0,42.0,0.0026954177897574,10,"cnbc_5809e442,cnbc_e31b0bee,cnbc_7c11a313,cnbc_dd71dc50,cnbc_967598f3,cnbc_d4f7562d,cnbc_7b34d70d,cnbc_bba804bb,cnbc_5675f40e,cnbc_b95eb9a2",True,1,0.0030721966205837174,0.0026954177897574,0.0003852080123266,-0.0017304364545279,-0.004134071106023,0.00098663557269707,-0.001804852337523366,0.0028243474938313964,0.002279461998874667,-0.006296508299942771,0.002502406159768933,4,-0.03466,-0.5574,0.4404,0.30013327113874677,0.0766,0.0799,-0.5500466200466201,-1.0,0.0,0.005628430621472788,0.006555365241624808,0.020471322138615033,10,0.0,0.0,0.0,0.0,0.0,0.2987893399437913,0.0,0.0,0.0,0.4101001915647816,0.35460648196524,0.0,0.0,0.3892854304602086,0.0,0.3470390917828771,0.0,0.0,0.0,0.0,0.0,0.0,0.18932599314467574,0.0,0.3993392019179725,0.0,0.0,0.0,0.0,0.3866543659393277
2024-03-18,15672,15624.0,48.0,0.0030721966205837,15,"cnbc_44cc6ec8,cnbc_79b89af3,cnbc_7d5fe236,cnbc_19e9e700,cnbc_49d2d190,cnbc_9fdfec10,cnbc_2dacd21c,cnbc_ae17d6e1,cnbc_761cf73f,cnbc_277d2a60,cnbc_9353d03d,cnbc_4990f7ed,cnbc_3a423231,cnbc_539dcf80,cnbc_6b431d09",True,1,0.002552322613578356,0.0030721966205837,0.0026954177897574,0.0003852080123266,-0.003512581428024,0.0038817787001805826,0.001050745582237722,0.002829273055974025,0.0023592753234999092,0.0008941116362242152,0.004229142637447225,0,-0.02396666666666666,-0.802,0.6808,0.4643056546633704,0.0882,0.12113333333333333,-0.5929775865689177,-1.0,0.42857142857142855,0.002971370062359628,0.005018817602411138,0.02362798567762687,15,0.0,0.0,0.17133127737417236,0.0,0.22607126267066097,0.0,0.18539478778307628,0.0,0.0,0.49067086733448056,0.0,0.0,0.0,0.3757776544486609,0.0,0.0,0.15237184446219995,0.0,0.46407920202027797,0.1377615063213161,0.3105683490706162,0.20755913675824608,0.1079389858379259,0.0,0.0,0.0,0.3073274603748933,0.0,0.0,0.0
2024-03-19,15712,15672.0,40.0,0.0025523226135783,9,"cnbc_3395b6a1,cnbc_e0920885,cnbc_1199c6cc,cnbc_8d92ee16,cnbc_515f5230,cnbc_d42b7a61,cnbc_61c4d57b,cnbc_d176c2f4,cnbc_f2d6fa7b",True,1,0.0009546843177189409,0.0025523226135783,0.0030721966205837,0.0026954177897574,-0.0017304364545279,0.005040554716884582,0.0034198787236283668,0.002039087016080425,0.002328559324977428,0.006985836057168404,0.0037051232911715637,1,0.1761888888888889,-0.3818,0.765,0.33916398115234925,0.15611111111111112,0.09788888888888889,-0.43759820426487095,-0.7777777777777778,0.0,0.0062504652587129835,0.006496176461142021,0.018979316839592825,9,0.28932356964143713,0.3192145017090133,0.0,0.0,0.0,0.14797438238969135,0.0,0.0,0.0,0.5822383839096282,0.0,0.0,0.0,0.0,0.0,0.0,0.0,0.0,0.4842959773880233,0.20261702862128284,0.2697804911417858,0.0,0.0,0.0,0.0,0.0,0.0,0.0,0.0,0.32421945192269847
2024-03-20,15727,15712.0,15.0,0.0009546843177189,8,"cnbc_5ffc5115,cnbc_eae70715,cnbc_e0d63bd7,cnbc_a54cee9e,cnbc_b56b8246,cnbc_e8b41142,cnbc_e417d90b,cnbc_775a2bf1",True,0,-0.004133019647739556,0.0009546843177189,0.0025523226135783,0.0030721966205837,0.0003852080123266,0.004060421109082446,0.004066831382914193,0.0011848382368876808,0.0022980540798291887,0.009694401643554285,0.006206014075495814,2,-0.1293,-0.7184,0.5859,0.40251293146928835,0.059250000000000004,0.0985,-0.4552718115218115,-0.8571428571428571,0.3333333333333333,0.010513839456786134,0.008666444241319933,0.026324393200192742,8,0.0,0.5892404073095036,0.27472609215376426,0.0,0.0,0.16132502179316896,0.0,0.0,0.0,0.0,0.0,0.0,0.0,0.0,0.33145178517880586,0.0,0.24432504108366448,0.0,0.3118396587016165,0.0,0.0,0.0,0.17307788878228536,0.0,0.0,0.0,0.2348185550477757,0.27979725854888465,0.34801487671888875,0.0
2024-03-21,15662,15727.0,-65.0,-0.0041330196477395,14,"cnbc_d0937028,cnbc_fe1b2768,cnbc_fe42d0e9,cnbc_8ca051f9,cnbc_fc49fad2,cnbc_16c359b1,cnbc_2928f22c,cnbc_b4e4528a,cnbc_1c335d36,cnbc_674b7170,cnbc_4af5db9e,cnbc_baf387d0,cnbc_7dd8a7a2,cnbc_9445543b",True,1,0.007087217469033329,-0.0041330196477395,0.0009546843177189,0.0025523226135783,0.0026954177897574,-0.0011097363419518835,-9.257219833436192e-05,0.002996834989618562,0.002470050356652728,0.005134129123347542,0.00019158311514155812,3,0.012242857142857142,-0.5267,0.5859,0.28020668666673043,0.06271428571428571,0.04064285714285714,-0.41769040949713215,-0.8571428571428571,0.6,0.0042438235089225776,0.006380742528100348,0.021635077178496765,14,0.0,0.4444498329675486,0.0,0.0,0.0,0.3747174541937446,0.0,0.0,0.27278777412730465,0.0,0.41400249012257995,0.0,0.27536168926198507,0.0,0.0,0.23929849635174855,0.0,0.2696562301239299,0.0,0.0,0.0,0.2510356136164468,0.34065814971637554,0.0,0.0,0.0,0.17711797472478222,0.0,0.0,0.0
2024-03-22,15773,15662.0,111.0,0.0070872174690333,9,"cnbc_b76702fa,cnbc_008fc14c,cnbc_015800a7,cnbc_3a467cb7,cnbc_ef56017f,cnbc_44f2d86b,cnbc_f6b43155,cnbc_5be60b87,cnbc_a72fccbe",True,1,0.0013947885627337857,0.0070872174690333,-0.0041330196477395,0.0009546843177189,0.0030721966205837,0.004061314389020465,0.0066244607254997145,0.0040619428682395695,0.002932674741958248,0.009536610343061858,0.00734448844041391,4,0.19713333333333333,-0.4215,0.7906,0.40902627666202573,0.1788888888888889,0.05455555555555555,0.0014183347516680946,-0.9090909090909091,1.0,0.0047623186535609005,0.011083822094261512,0.019827191759336713,9,0.0,0.37683253938705746,0.0,0.38447218529991967,0.0,0.3665933070393693,0.0,0.0,0.0,0.0,0.0,0.0,0.39529732790334493,0.3853453147438121,0.0,0.0,0.2645565802687632,0.0,0.0,0.0,0.0,0.0,0.317312286413471,0.0,0.0,0.3167956169342709,0.0,0.0,0.0,0.0
2024-03-25,15795,15773.0,22.0,0.0013947885627337,12,"cnbc_2c05b5b7,cnbc_7627db8b,cnbc_7011f545,cnbc_28c15cd6,cnbc_a10bf006,cnbc_5173e89e,cnbc_d56ad46e,cnbc_824fa677,cnbc_45938fe4,cnbc_f8bbee0f,cnbc_67a2167d,cnbc_7807b2f5",True,1,0.00012662234884457108,0.0013947885627337,0.0070872174690333,-0.0041330196477395,0.0025523226135783,0.003889715135568128,0.007498030610845419,0.00401056058029612,0.002895518536922296,0.00784839203675336,0.01055662188099804,0,-0.12043333333333334,-0.8225,0.7096,0.4581582504159916,0.07691666666666667,0.12641666666666668,-0.6664122914122914,-1.0,0.0,0.004271108486296518,0.003243288089335833,0.020611220434757327,12,0.37805378518777316,0.0,0.32927176232190586,0.0,0.4344734027012423,0.19335540288879974,0.0,0.0,0.0,0.0,0.0,0.0,0.0,0.0,0.0,0.0,0.29283471484740786,0.0,0.0,0.0,0.3525172040852677,0.0,0.4353398067355017,0.0,0.0,0.35065751929364986,0.0,0.0,0.0,0.0
2024-03-26,15797,15795.0,2.0,0.0001266223488445,12,"cnbc_19b94436,cnbc_cee0cf31,cnbc_1c8f3a4a,cnbc_1d30e2b4,cnbc_d26bff97,cnbc_53aa2698,cnbc_07244e88,cnbc_76394779,cnbc_06355e3e,cnbc_15599e27,cnbc_8fe4c1a3,cnbc_75297ee8",True,1,0.003544976894347028,0.0001266223488445,0.0013947885627337,0.0070872174690333,0.0009546843177189,0.0029331843461919416,0.006957613694674514,0.004008920579138805,0.0028017217155444415,0.005409877800407248,0.013342741676823477,1,-0.10995,-0.6249,0.4019,0.32228694583328293,0.069,0.11125,-0.5192327824680766,-1.0,0.16666666666666666,0.004074025733508633,0.006931615810095478,0.023042380774862186,12,0.0,0.0,0.0,0.0,0.35913958168903554,0.4170646270606073,0.0,0.0,0.0,0.0,0.0,0.0,0.3616828762501371,0.0,0.0,0.0,0.40984283684219264,0.3541888531094813,0.3089484375527172,0.21884961922455665,0.0,0.0,0.3598557589751549,0.0,0.0,0.0,0.0,0.0,0.0,0.0
2024-03-27,15853,15797.0,56.0,0.003544976894347,8,"cnbc_7f85697f,cnbc_821b1faf,cnbc_49957eab,cnbc_0585bc42,cnbc_e5e36170,cnbc_01182478,cnbc_552b4427,cnbc_fc32313d",True,1,0.0012615908660821296,0.003544976894347,0.0001266223488445,0.0013947885627337,-0.0041330196477395,0.004880831643002015,0.009825623059160682,0.0041524954436060165,0.002830222229143549,0.008011699624848934,0.013943076431084167,2,-0.338325,-0.6249,0.0,0.29354670959539936,0.032375,0.1745,-0.5343177655677656,-0.9047619047619048,-0.16666666666666666,0.00679395365647996,0.007731219072146942,0.031523406959352934,8,0.0,0.4427599633965264,0.0,0.0,0.0,0.43072936182786936,0.0,0.0,0.0,0.0,0.0,0.0,0.0,0.452762061706535,0.4216876636340537,0.0,0.3108411550303898,0.0,0.0,0.0,0.0,0.0,0.37282655193794506,0.0,0.0,0.0,0.0,0.0,0.0,0.0
2024-03-28,15873,15853.0,20.0,0.0012615908660821,6,"cnbc_41afc145,cnbc_bf33064b,cnbc_fdd9cdd0,cnbc_bc919d25,cnbc_bcc23495,cnbc_5d7eb86e",True,1,0.002268002268002268,0.0012615908660821,0.003544976894347,0.0001266223488445,0.0070872174690333,0.0034643638340645655,0.0103980674298918,0.0027547729036005966,0.002830034312125143,0.01347209807176597,0.0139252634940914,3,-0.2695,-0.8481,0.0,0.33529056055904705,0.028333333333333335,0.159,-0.5084401709401709,-1.0,0.4,0.004620249432767123,0.0063441919477592,0.025517498273458363,6,0.0,0.0,0.0,0.0,0.535611573784978,0.5002363896222366,0.0,0.0,0.0,0.0,0.0,0.0,0.0,0.0,0.0,0.0,0.0,0.0,0.0,0.32638671689661497,0.0,0.0,0.25573073461189116,0.0,0.5394045781540979,0.0,0.0,0.0,0.0,0.0
2024-04-01,15909,15873.0,36.0,0.0022680022680022,23,"cnbc_3f2607ec,cnbc_741598a5,cnbc_954fda0b,cnbc_08cbd875,cnbc_97354391,cnbc_afe08d19,cnbc_d5086f86,cnbc_55eff440,cnbc_c1e71c67,cnbc_09c80657,cnbc_b7c70bbd,cnbc_7afeab73,cnbc_05a4eca3,cnbc_ca25c841,cnbc_80e85a38,cnbc_8835933c,cnbc_40d53008,cnbc_49675878,cnbc_7f702de2,cnbc_f7c1c0a3,cnbc_44447d54,cnbc_94a7def5,cnbc_7a3135a0",True,1,0.0015714375510717203,0.0022680022680022,0.0012615908660821,0.003544976894347,0.0013947885627337,0.004013783179976471,0.011929561204596206,0.001273341830799706,0.002850453793951187,0.008622329296899656,0.01505774261468762,0,-0.04122173913043478,-0.8316,0.7184,0.4309595804254435,0.07678260869565218,0.08873913043478261,-0.3781281520411955,-1.0,1.0,0.00508300014612979,0.007011643025267317,0.02005275399115878,23,0.1929016666071107,0.21283094723717227,0.0,0.0,0.0,0.2906418824399428,0.0,0.0,0.0,0.0,0.0,0.19439617666847137,0.0,0.21763887079319622,0.4253922198606994,0.19402009463193123,0.0,0.0,0.19070773805222024,0.3223681465094646,0.17987164482945736,0.20353639597573694,0.25258210170499173,0.0,0.0,0.0,0.3426836586151322,0.0,0.0,0.36600409471300727
2024-04-02,15934,15909.0,25.0,0.0015714375510717,8,"cnbc_a21805f9,cnbc_e7269483,cnbc_b31ee6e7,cnbc_f3df0c0d,cnbc_ab720b19,cnbc_34d4dbfe,cnbc_d52dbb71,cnbc_fdafd8d6",True,0,-0.0006903476841973139,0.0015714375510717,0.0022680022680022,0.0012615908660821,0.0001266223488445,0.0038303555678753654,0.012814319493529291,0.0012645106767734842,0.0028216187489410118,0.008800253244697798,0.013935730194082119,1,0.06845,-0.4767,0.4215,0.3096474585257056,0.122375,0.082375,-0.7428696303696304,-1.0,0.1,0.0067290712558695205,0.0051805270349521565,0.030120779851395545,8,0.0,0.366461922661476,0.0,0.0,0.3817153830296476,0.2876255689396921,0.0,0.0,0.0,0.0,0.0,0.0,0.0,0.0,0.0,0.0,0.0,0.0,0.0,0.0,0.30971110946111696,0.0,0.30857969630842164,0.0,0.0,0.0,0.24726546166848673,0.0,0.6204739711368549,0.0
2024-04-03,15923,15934.0,-11.0,-0.0006903476841973,10,"cnbc_0e1392ca,cnbc_f6767e25,cnbc_fe843f18,cnbc_a9a0c5e7,cnbc_5828a989,cnbc_14a34329,cnbc_a2ddaeb6,cnbc_5e38d85c,cnbc_a53552f3,cnbc_3f84dd29",True,0,-0.0010048357721534886,-0.0006903476841973,0.0015714375510717,0.0022680022680022,0.003544976894347,0.0015473255170332934,0.011385470424771782,0.0015483699501846102,0.0028055252453960057,0.007976198012280777,0.014462283384301777,2,-0.30583,-0.7906,0.296,0.4186022616332172,0.028500000000000004,0.1674,-0.6193080993080994,-1.0,0.0,0.007417350644451028,0.0057194825082992635,0.03362149331323645,10,0.0,0.0,0.28287858308623165,0.0,0.0,0.2812526373815181,0.3060983124821728,0.0,0.0,0.0,0.0,0.0,0.0,0.3664372833104762,0.3412876098434247,0.0,0.0,0.3681123531717511,0.0,0.0,0.0,0.0,0.301742483288504,0.0,0.0,0.0,0.2417867906667304,0.28810023623610165,0.3583422107721338,0.0
2024-04-04,15907,15923.0,-16.0,-0.0010048357721534,1,cnbc_80e95f85,True,0,-0.0021374237756962345,-0.0010048357721534,-0.0006903476841973,0.0015714375510717,0.0012615908660821,-0.00013828476604738071,0.009779120736115976,0.0014466493668860065,0.002820623171995427,0.0034062953384217387,0.011702601284742098,3,0.2006,0.2006,0.2006,0.0,0.178,0.132,-0.6,-0.6,-0.6,0.0024875621890547263,0.007462686567164179,0.029850746268656716,1,0.0,0.0,0.0,0.0,0.0,1.0,0.0,0.0,0.0,0.0,0.0,0.0,0.0,0.0,0.0,0.0,0.0,0.0,0.0,0.0,0.0,0.0,0.0,0.0,0.0,0.0,0.0,0.0,0.0,0.0
2024-04-05,15873,15907.0,-34.0,-0.0021374237756962,7,"cnbc_3d1c1fb6,cnbc_c887a13a,cnbc_baba45de,cnbc_06f182e0,cnbc_47743de8,cnbc_34d35a11,cnbc_f6f0dd5d",True,1,0.01908901908901909,-0.0021374237756962,-0.0010048357721534,-0.0006903476841973,0.0022680022680022,-0.0022754129685967905,0.007246744675990513,0.001848519419611233,0.0028598006123591708,0.0,0.007425742574257432,4,0.10044285714285715,-0.3612,0.7783,0.4019318136912564,0.11614285714285713,0.06142857142857143,-0.5763343799058084,-1.0,-0.23076923076923078,0.005795181327404751,0.008003216076996908,0.02637866714465677,7,0.26013106419083737,0.0,0.22656515368110117,0.0,0.29895224710196505,0.13304389134876538,0.0,0.0,0.0,0.0,0.0,0.0,0.0,0.0,0.0,0.0,0.0,0.29483119916096934,0.0,0.18217314041769975,0.0,0.2744721713295163,0.2995484019674406,0.3054236857743303,0.5097546653565764,0.0,0.0,0.23074731775822063,0.28700602628960786,0.0
2024-04-16,16176,15873.0,303.0,0.019089019089019,81,"cnbc_8ef38eca,cnbc_333ee750,cnbc_a40ac770,cnbc_1e6f413f,cnbc_3e468961,cnbc_7d48d59e,cnbc_a93febd9,cnbc_4b874fb3,cnbc_d9b5b44d,cnbc_c68f5ffe,cnbc_0e7b1b48,cnbc_4144cb51,cnbc_6a4b9ebe,cnbc_ec98b61f,cnbc_b41e911a,cnbc_5aefdadb,cnbc_522f3735,cnbc_5a24b71f,cnbc_1f694ddb,cnbc_e1820886,cnbc_1fe41b3e,cnbc_7fe6deef,cnbc_8c9e0448,cnbc_fc129df9,cnbc_dea6f523,cnbc_e368b85b,cnbc_d6e7748f,cnbc_85c6b863,cnbc_fade8a38,cnbc_e6d3ffa3,cnbc_7c1a2ba4,cnbc_fa01ab59,cnbc_a4c9d7b3,cnbc_43a1f11d,cnbc_5fbf5050,cnbc_5c8be0ed,cnbc_a837af76,cnbc_1ca26304,cnbc_d82acfde,cnbc_b372f346,cnbc_735b524c,cnbc_8d01d5c1,cnbc_c5a2791c,cnbc_9e47440f,cnbc_26648ee5,cnbc_1b3e0086,cnbc_ed73c4b1,cnbc_7ab9198a,cnbc_45b1620c,cnbc_ffcef2ed,cnbc_c2d77489,cnbc_c8c4bfa6,cnbc_fdbf6888,cnbc_5b68e2d0,cnbc_79fb67cc,cnbc_2b9f6f50,cnbc_c9a2a3a0,cnbc_8567b742,cnbc_a356ee9d,cnbc_11320260,cnbc_4a185f39,cnbc_fbe5346a,cnbc_7a75d75a,cnbc_16c3cf26,cnbc_a3a90b00,cnbc_71404d3a,cnbc_21c13f05,cnbc_f0c30f8a,cnbc_6fcd6d3a,cnbc_694bd6f7,cnbc_ea4824b3,cnbc_9796b491,cnbc_50610cda,cnbc_cde278e5,cnbc_b6823612,cnbc_c957c744,cnbc_6d464ed1,cnbc_7c314f62,cnbc_15184cde,cnbc_2917e04d,cnbc_003ee63c",True,1,0.003956478733926805,0.019089019089019,-0.0021374237756962,-0.0010048357721534,0.0015714375510717,0.013368749451843742,0.025000871276086745,0.00889212598129487,0.005011136158063621,0.01678295304544597,0.028811295554283634,1,-0.17568395061728395,-0.8658,0.6908,0.3728386757220843,0.0537283950617284,0.14506172839506173,-0.596098916292153,-1.0,1.0,0.006132461778476175,0.0063469151630049245,0.030139825145167474,81,0.09752092973273745,0.10759612509072614,0.22163875317848813,0.10977745555286246,0.2352012628262176,0.20404903281904085,0.23983168887659106,0.0,0.0,0.11590979543359799,0.16969597790937552,0.1663965371709964,0.11286833353165279,0.439637468644093,0.21505591689045195,0.23406289931751798,0.22252883740169335,0.23195902033001387,0.0,0.1156337665559215,0.1539640303004341,0.21594151552016164,0.20817640991896283,0.0,0.11286833353165279,0.09045392121204986,0.15235736211662904,0.18154090178818816,0.28076540804274275,0.0
2024-04-17,16240,16176.0,64.0,0.0039564787339268,11,"cnbc_4a6e25aa,cnbc_193ecebd,cnbc_b176f129,cnbc_f90308f7,cnbc_c105c46c,cnbc_81871298,cnbc_9a6c7a90,cnbc_66daa48f,cnbc_900831d8,cnbc_8fe2fbc8,cnbc_bb268743",True,0,-0.003879310344827586,0.0039564787339268,0.019089019089019,-0.0021374237756962,-0.0006903476841973,0.013492430010359602,0.0271622429327254,0.008835612542890893,0.004862425314793613,0.019204217396761702,0.037169498020181324,2,-0.21259090909090908,-0.8074,0.7269,0.42777562449149775,0.07400000000000001,0.1710909090909091,-0.42055003819709696,-1.0,1.0,0.005117504147727534,0.0073320923106666045,0.02332152645411275,11,0.0,0.0,0.0,0.430893522571387,0.0,0.11562790255015083,0.0,0.0,0.0,0.0,0.0,0.0,0.0,0.7120957740949934,0.2375643548082961,0.0,0.1751172367867598,0.0,0.0,0.0,0.0,0.0,0.2603362926370542,0.2654424777958802,0.0,0.0,0.16830356939199326,0.20054155137054938,0.0,0.0
2024-04-18,16177,16240.0,-63.0,-0.0038793103448275,6,"cnbc_57c4bea3,cnbc_7f65c369,cnbc_729d2e07,cnbc_64c569c3,cnbc_a519cdca,cnbc_3c8e9062",True,1,0.006367064350621252,-0.0038793103448275,0.0039564787339268,0.019089019089019,-0.0010048357721534,0.006370298483321601,0.02132361065075683,0.00934503136120278,0.004884305111233974,0.01595176788293662,0.036787797218483576,3,0.2373333333333333,0.0,0.5994,0.23871302994739663,0.14133333333333334,0.041,-0.4711399711399711,-0.7333333333333333,0.14285714285714285,0.0071162167080402,0.009922282136591026,0.033534388100903346,6,0.291967698616238,0.0,0.2542937603883273,0.0,0.7041685472769954,0.14932672071625683,0.0,0.0,0.0,0.0,0.0,0.0,0.0,0.0,0.0,0.0,0.0,0.3309146755196567,0.0,0.20446874625641898,0.0,0.0,0.2712514673511187,0.0,0.0,0.0,0.0,0.0,0.0,0.32718249447082304
2024-04-19,16280,16177.0,103.0,0.0063670643506212,6,"cnbc_e4d39aff,cnbc_bbef948b,cnbc_947df50d,cnbc_4eba18c0,cnbc_3d5eceef,cnbc_8b559976",True,0,-0.0034398034398034397,0.0063670643506212,-0.0038793103448275,0.0039564787339268,-0.0021374237756962,0.008099472419686338,0.0255473417976686,0.009092971974123499,0.004910121071972825,0.023448796127490956,0.04519774011299438,4,-0.13708333333333333,-0.4767,0.3818,0.3673559931002442,0.08916666666666667,0.15316666666666667,-0.5219961198222068,-0.9090909090909091,-0.07692307692307693,0.003344235952457489,0.008427366333399654,0.026770916956220945,6,0.4366598027835642,0.0,0.0,0.0,0.5018256072849505,0.37812957564937794,0.0,0.0,0.0,0.0,0.0,0.0,0.0,0.4926559115331746,0.0,0.0,0.3382300451506916,0.0,0.0,0.0,0.0,0.0,0.23959943638103304,0.0,0.0,0.0,0.0,0.0,0.0,0.0
2024-04-22,16224,16280.0,-56.0,-0.0034398034398034,20,"cnbc_45f2a341,cnbc_638d2ff3,cnbc_4292b131,cnbc_39d1c5db,cnbc_2fbb0baa,cnbc_aca878a6,cnbc_47f31dae,cnbc_8d8d4f36,cnbc_dcc1f509,cnbc_da85b80e,cnbc_cad99c06,cnbc_362ea861,cnbc_a625fe5d,cnbc_3615cf42,cnbc_7116c441,cnbc_f856d665,cnbc_db619ccc,cnbc_422a3c29,cnbc_d63aa0a4,cnbc_72ecd4ed",True,1,0.001232741617357002,-0.0034398034398034,0.0063670643506212,-0.0038793103448275,0.019089019089019,0.000283610984376681,0.019957187447938063,0.009352019652339146,0.005057788507865105,0.02211302211302213,0.041201386214863245,0,-0.25665499999999997,-0.8658,0.78,0.428445512687559,0.05415,0.1875,-0.5277104620525673,-1.0,0.6,0.00633407409674863,0.0063059377939096205,0.021673916677546805,20,0.0,0.0,0.0,0.1755349530240352,0.0,0.13503480234370296,0.14696368897583673,0.0,0.0,0.0,0.0,0.0,0.305574613841063,0.5182845476252923,0.0,0.3291480025442746,0.0,0.299243146752922,0.0,0.10920446798934662,0.14540354880097556,0.0,0.23887398557048023,0.18308753441838627,0.0,0.0,0.27701653657520814,0.33007812134215864,0.17204698968700366,0.1747445069150361
2024-04-23,16244,16224.0,20.0,0.001232741617357,12,"cnbc_11c5b86c,cnbc_8e8fb26a,cnbc_4995ed99,cnbc_a5fd64dc,cnbc_b7d7a35e,cnbc_ad8ff2df,cnbc_10ab8b0c,cnbc_08aae86d,cnbc_0edd2e6f,cnbc_896a96ee,cnbc_aa243f3b,cnbc_f75d346e",True,0,-0.005109578921447919,0.001232741617357,-0.0034398034398034,0.0063670643506212,0.0039564787339268,0.0006776319842296541,0.0192281749704315,0.0045000960348547175,0.005058278701462549,0.004203758654797163,0.039682539682539764,1,-0.11524166666666667,-0.8126,0.7506,0.5072011192601885,0.07016666666666667,0.17258333333333334,-0.6335829718956654,-1.0,0.5,0.005519954385543546,0.005545406372428463,0.026934456167509974,12,0.0,0.0,0.22119577315410785,0.0,0.0,0.30995786630375693,0.0,0.0,0.0,0.0,0.2610086680706845,0.0,0.2939342581200682,0.2865341635624756,0.6368267425267075,0.0,0.0,0.0,0.0,0.3011360611319041,0.0,0.0,0.0,0.0,0.2939342581200682,0.0,0.18906421092923298,0.0,0.0,0.0
2024-04-24,16161,16244.0,-83.0,-0.0051095789214479,9,"cnbc_7784fb6f,cnbc_e80f3270,cnbc_a05d9fda,cnbc_84b69b7c,cnbc_e33bf220,cnbc_45456bd5,cnbc_6f71862d,cnbc_afb6c33c,cnbc_3ad60aed",True,1,0.0029082358764927914,-0.0051095789214479,0.001232741617357,-0.0034398034398034,-0.0038793103448275,-0.0034654564289766654,0.012467109384788788,0.004753541419949663,0.005289153736055247,-0.004864532019704382,0.031202143950995298,2,-0.060666666666666674,-0.7003,0.3612,0.45604770309694576,0.127,0.19088888888888889,-0.6694025272972641,-1.0,-0.2,0.0027284991747873817,0.006098350987736759,0.032205480574340126,9,0.0,0.0,0.0,0.0,0.42144647616320363,0.3175632627691477,0.0,0.0,0.0,0.4358681434888679,0.37688758050456184,0.0,0.42443100525793703,0.0,0.0,0.0,0.0,0.0,0.0,0.0,0.0,0.0,0.20122197171205286,0.0,0.0,0.0,0.0,0.0,0.0,0.41094913906475994
2024-04-25,16208,16161.0,47.0,0.0029082358764927,7,"cnbc_bd926298,cnbc_a8de6bf4,cnbc_b4167191,cnbc_ff460e51,cnbc_373afb5d,cnbc_7e196a86,cnbc_7abf0c8d",True,1,0.0008637709772951629,0.0029082358764927,-0.0051095789214479,0.001232741617357,0.0063670643506212,-0.000949246150621974,0.013836415042409955,0.00468214083828598,0.005293298486993626,0.001916300921060765,0.031568228105906204,3,-0.17271428571428574,-0.7096,0.4215,0.39801567150290046,0.03642857142857143,0.10185714285714285,-0.5815116560458176,-0.8181818181818182,-0.42857142857142855,0.004831810033323286,0.006262424646164959,0.026148682488849485,7,0.0,0.0,0.26370190806932026,0.0,0.3479541169572849,0.2621861871544591,0.0,0.0,0.0,0.0,0.0,0.0,0.0,0.5783724139960422,0.0,0.0,0.23452078766081114,0.0,0.0,0.0,0.0,0.0,0.2812870020792547,0.3554863022829167,0.0,0.0,0.38162822441783617,0.0,0.0,0.0
2024-04-26,16222,16208.0,14.0,0.0008637709772951,9,"cnbc_312f71b8,cnbc_1a76dadc,cnbc_ae3cbbd8,cnbc_943f0db0,cnbc_92550d8f,cnbc_2d1fd1be,cnbc_5baa45ac,cnbc_926b5d78,cnbc_e5053c62",True,1,0.0016644063617309826,0.0008637709772951,0.0029082358764927,-0.0051095789214479,-0.0034398034398034,0.0006291713443293823,0.01314363693708609,0.0033967170431797177,0.0052938922868346755,-0.003562653562653617,0.03147453424047808,4,-0.1584888888888889,-0.7003,0.5859,0.4074506118673908,0.0911111111111111,0.1788888888888889,-0.4759588364851523,-1.0,0.5,0.005317613420964676,0.007144092098813547,0.023121645808772545,9,0.32936509833640565,0.0,0.28686560120722093,0.0,0.3785185616754817,0.16845360047040342,0.0,0.0,0.0,0.39147125930572313,0.0,0.0,0.3811990910525494,0.0,0.0,0.0,0.0,0.0,0.0,0.23065862777507123,0.0,0.0,0.3059953777127412,0.0,0.0,0.0,0.24519464256306936,0.0,0.363392847240531,0.0
2024-04-29,16249,16222.0,27.0,0.0016644063617309,11,"cnbc_ee9ae331,cnbc_15cd8a52,cnbc_dd7664c0,cnbc_257e56a0,cnbc_a9129833,cnbc_a3838175,cnbc_3dce041d,cnbc_f1bde34e,cnbc_b4b9eb9f,cnbc_8407abed,cnbc_bba70c7b",True,1,0.0016616407163517755,0.0016644063617309,0.0008637709772951,0.0029082358764927,0.001232741617357,0.0019855951852401077,0.01297308754496318,0.003127106409944918,0.005121448870962238,0.0015409270216961701,0.037479249138041126,0,-0.10066363636363636,-0.7501,0.6705,0.43519590134266495,0.08009090909090909,0.11963636363636362,-0.5169880185690462,-0.9,0.2,0.007082649330020893,0.008157974811716519,0.030438902802922628,11,0.28005005742743805,0.0,0.0,0.0,0.3218438913837185,0.24251192507433375,0.2639352708410716,0.0,0.0,0.0,0.0,0.0,0.32412307156940107,0.0,0.0,0.0,0.0,0.31740728279901514,0.27686496406564687,0.3320645429989767,0.2611333813235206,0.0,0.3224856955635899,0.0,0.0,0.0,0.3529911181466879,0.0,0.0,0.0
2024-04-30,16276,16249.0,27.0,0.0016616407163517,7,"cnbc_8b98420d,cnbc_323b1a67,cnbc_7e941ee0,cnbc_e479fbec,cnbc_3ae104b2,cnbc_ab703303,cnbc_405ef12b",True,0,-0.0045465716392233966,0.0016616407163517,0.0016644063617309,0.0008637709772951,-0.0051095789214479,0.0032545983529759237,0.013067928955779573,0.0031643413533796586,0.004971134790828802,0.001969958138389627,0.03188993850250421,1,0.13207142857142856,-0.765,0.8591,0.6022819763595944,0.1524285714285714,0.07685714285714286,-0.48252937538651824,-1.0,0.25,0.007247209158825713,0.008612752098693456,0.027131853936112563,7,0.0,0.0,0.2877530900219114,0.0,0.0,0.28609912634733886,0.0,0.0,0.0,0.0,0.0,0.0,0.382378423562462,0.37275165698804813,0.0,0.5626321468205281,0.0,0.0,0.0,0.23137222658685191,0.0,0.0,0.30694204916419515,0.0,0.0,0.0,0.0,0.2930647216502404,0.0,0.0
2024-05-02,16202,16276.0,-74.0,-0.0045465716392233,8,"cnbc_722b86a0,cnbc_75c8ce6e,cnbc_18fc3e2e,cnbc_acead985,cnbc_e80dc977,cnbc_a715573d,cnbc_219096f4,cnbc_4a658236",True,0,-0.006665843722997161,-0.0045465716392233,0.0016616407163517,0.0016644063617309,0.0029082358764927,-0.0018113040156733096,0.007186194549433145,0.0029199544480349353,0.0051569902759689154,0.0025369717220469212,0.0257676479898703,3,-0.15862500000000002,-0.6705,0.0,0.23691748262090867,0.0,0.0885,-0.44922071392659624,-1.0,1.0,0.005645864143019508,0.007227894199130335,0.03219859127392302,8,0.0,0.0,0.23146420892827196,0.0,0.0,0.0,0.4240718307690705,0.0,0.0,0.0,0.2731253134584636,0.2678148706476818,0.0,0.5076660773965177,0.0,0.0,0.20585049607936584,0.0,0.0,0.0,0.0,0.28040712782793215,0.24689951580086691,0.0,0.30757938798984047,0.0,0.0,0.0,0.29321200437678907,0.0
2024-05-03,16094,16202.0,-108.0,-0.0066658437229971,8,"cnbc_aaead4b7,cnbc_cd0d6aca,cnbc_17213454,cnbc_591214a3,cnbc_05e66c21,cnbc_9511bbcd,cnbc_d13c7805,cnbc_0d72d817",True,0,-0.0042873120417546914,-0.0066658437229971,-0.0045465716392233,0.0016616407163517,0.0008637709772951,-0.007070320693952636,-0.000450275599720551,0.003921696390964632,0.005452518180166503,-0.007033563672260601,0.018801038171804674,4,-0.2283125,-0.836,0.4019,0.3996353675092905,0.054000000000000006,0.1805,-0.5721674159174159,-0.8333333333333334,-0.07692307692307693,0.004163714377797638,0.00907414853213981,0.038766329403621985,8,0.0,0.0,0.2473918484354598,0.0,0.0,0.3048733205913052,0.4532532894356933,0.0,0.0,0.0,0.0,0.0,0.3287447060942122,0.3204682230263168,0.0,0.0,0.0,0.3219331576449726,0.0,0.33679941407420994,0.0,0.0,0.2638892979377418,0.0,0.0,0.0,0.21145496565247535,0.0,0.3133886663605894,0.0
2024-05-06,16025,16094.0,-69.0,-0.0042873120417546,14,"cnbc_5b59e77a,cnbc_eb27a0e2,cnbc_9560dddf,cnbc_24e07bc2,cnbc_7afdfef8,cnbc_5dc3cd2a,cnbc_e15487c2,cnbc_c37afbbb,cnbc_af4df071,cnbc_6e93b9b8,cnbc_d7c04830,cnbc_06f1d08b,cnbc_e7af3ab5,cnbc_46c43fc4",True,1,0.0018096723868954757,-0.0042873120417546,-0.0066658437229971,-0.0045465716392233,0.0016644063617309,-0.008918190139277193,-0.00526696400028559,0.003852837610942994,0.0055366309586902295,-0.01214400197262977,0.010849681448306336,0,-0.09170714285714286,-0.875,0.5719,0.33340327963013777,0.038571428571428576,0.08114285714285714,-0.48800900840071343,-1.0,1.0,0.004695738952582977,0.0057385367258772175,0.026125881934729114,14,0.0,0.0,0.0,0.23209859059146332,0.0,0.2516424542421298,0.1943206437907745,0.0,0.0,0.4149293865443299,0.0,0.20778247504878009,0.0,0.3938695181662314,0.2166598944136662,0.0,0.2704088224543204,0.0,0.20384004717862098,0.24448038176188036,0.192257770673642,0.0,0.19155542915665047,0.24208488372999376,0.0,0.0,0.25988743797714414,0.0,0.0,0.23105343448621699
2024-05-07,16054,16025.0,29.0,0.0018096723868954,6,"cnbc_8b60f2ff,cnbc_e884d9da,cnbc_6776cf80,cnbc_c2265f87,cnbc_65c966ee,cnbc_51ca96bc",True,1,0.001681823844524729,0.0018096723868954,-0.0042873120417546,-0.0066658437229971,0.0016616407163517,-0.004724057978202412,-0.004026329340091395,0.0038918261990202596,0.005541670798356482,-0.01200073850698502,0.011403011403011476,1,-0.18848333333333334,-0.4588,0.0258,0.22232718607193916,0.024666666666666667,0.1305,-0.4400434847803269,-0.7777777777777778,0.2631578947368421,0.011632997527079846,0.00987916806532447,0.022829038901102564,6,0.0,0.0,0.0,0.0,0.46282370515484833,0.20597224921093402,0.0,0.0,0.0,0.0,0.0,0.0,0.0,0.0,0.4231821507874034,0.0,0.0,0.4564436939802815,0.39814230416339347,0.0,0.0,0.0,0.0,0.0,0.0,0.0,0.0,0.0,0.4443291320831587,0.0
2024-05-08,16081,16054.0,27.0,0.0016818238445247,7,"cnbc_ef1e96ec,cnbc_21e49e4d,cnbc_95a79a5e,cnbc_880ed97d,cnbc_1004325c,cnbc_2360a7c1,cnbc_04f237cf",True,1,0.0002487407499533611,0.0016818238445247,0.0018096723868954,-0.0042873120417546,-0.0045465716392233,-0.0006338868449836665,-0.0028832739110215,0.0038971063998363975,0.00553382667864674,-0.011980830670926479,0.01081149035137341,2,-0.09809999999999999,-0.4019,0.128,0.20152350565959629,0.015857142857142858,0.06942857142857142,-0.6689342403628118,-1.0,0.42857142857142855,0.007216225832971682,0.0035069804767924174,0.022191736409167096,7,0.0,0.0,0.0,0.0,0.7686137255897574,0.3420591816513604,0.0,0.0,0.0,0.0,0.0,0.0,0.0,0.44566066445699337,0.0,0.0,0.3059657321315341,0.0,0.0,0.0,0.0,0.0,0.0,0.0,0.0,0.0,0.0,0.0,0.0,0.0
2024-05-13,16085,16081.0,4.0,0.0002487407499533,20,"cnbc_ea1e4cde,cnbc_78965207,cnbc_d8d1a427,cnbc_856e69c9,cnbc_509786f6,cnbc_99692bdb,cnbc_93154248,cnbc_1785937f,cnbc_175efdd5,cnbc_fb9d93c8,cnbc_0ab02b55,cnbc_01bd1770,cnbc_6c0d5d8a,cnbc_b57f9177,cnbc_0425c9b4,cnbc_09fb20fc,cnbc_a9bd3c98,cnbc_d33ca81b,cnbc_ceeb0158,cnbc_1c9cdcee",True,1,0.0028598072738576313,0.0002487407499533,0.0016818238445247,0.0018096723868954,-0.0066658437229971,0.001070463909184971,-0.0031019426651915927,0.0038267020775160448,0.005528907047589184,-0.007221330699913597,0.009476590937617768,0,-0.160625,-0.8126,0.6435,0.4026369239153309,0.060250000000000005,0.13415,-0.597066142921406,-1.0,0.5384615384615384,0.0054370538316840435,0.006419474947753535,0.02632170257513272,20,0.0,0.0,0.3743474127703781,0.0,0.0,0.27333258972873165,0.0,0.0,0.0,0.0,0.2104847961146925,0.0,0.0,0.5513993198233684,0.21521031254563405,0.0,0.26859962870830434,0.0,0.0,0.3009997022207976,0.0,0.0,0.26816884392884754,0.0,0.23703692620189576,0.0,0.25814863846909253,0.18167123592118584,0.0,0.0
2024-05-14,16131,16085.0,46.0,0.0028598072738576,9,"cnbc_c1d590f0,cnbc_07e1005d,cnbc_819ed781,cnbc_78bec509,cnbc_3ca7edc5,cnbc_13fc21f4,cnbc_e19d6504,cnbc_76153a16,cnbc_96d4a00a",True,0,-0.0037815386522844214,0.0028598072738576,0.0002487407499533,0.0016818238445247,-0.0042873120417546,0.003471185428486123,-0.0008949889907063913,0.002813143867691602,0.005546110658600604,0.00229899341369455,0.013062865037995364,1,-0.13215555555555555,-0.8402,0.3612,0.4167971332408343,0.05177777777777778,0.131,-0.48426126303364153,-1.0,0.38461538461538464,0.007026104349119689,0.0068038181477408834,0.026782350101967372,9,0.0,0.0,0.0,0.0,0.0,0.19039554089955388,0.35084542390067724,0.0,0.0,0.4424623869956288,0.0,0.0,0.0,0.42000507272827287,0.0,0.37442495294906747,0.2883520351360632,0.0,0.3680326822986401,0.26070309020257165,0.0,0.0,0.20426625632014264,0.0,0.0,0.0,0.0,0.0,0.0,0.0
2024-05-15,16070,16131.0,-61.0,-0.0037815386522844,11,"cnbc_20968139,cnbc_be208f12,cnbc_b97065f0,cnbc_92fe8a11,cnbc_3dae6d79,cnbc_205de415,cnbc_5ebd7eba,cnbc_0bda13ea,cnbc_2707a580,cnbc_9ccb6926,cnbc_b6e90610",True,0,-0.007840696950840075,-0.0037815386522844,0.0028598072738576,0.0002487407499533,0.0018096723868954,-0.0008828539809254687,-0.0051753169572108515,0.002600723697749935,0.005624279142798577,0.0028081123244929618,0.010247061042308436,2,-0.11957272727272726,-0.743,0.0,0.23601670318394452,0.017,0.0649090909090909,-0.2674931129476584,-1.0,1.0,0.005808688920492266,0.008764991533598459,0.018073119908753283,11,0.0,0.0,0.24092652958006625,0.3113859800386314,0.3179020526069841,0.0,0.4414080040837702,0.0,0.0,0.0,0.0,0.27876321636869333,0.0,0.0,0.0,0.2782239164713337,0.2142657210908383,0.0,0.27347401248790826,0.32799752502220436,0.0,0.0,0.0,0.32478369894752307,0.0,0.0,0.0,0.2453737901621284,0.0,0.0
2024-05-16,15944,16070.0,-126.0,-0.00784069695084,8,"cnbc_4ee57f0d,cnbc_044fef5e,cnbc_2cb50c7d,cnbc_86d7fdbe,cnbc_6d655a96,cnbc_3d8e0185,cnbc_1cb70f8e,cnbc_730aea85",True,1,0.002132463622679378,-0.00784069695084,-0.0037815386522844,0.0028598072738576,0.0016818238445247,-0.0073588923061598255,-0.013192301860167177,0.004402004994425727,0.005903993074675621,-0.006851874922137791,0.004473004473004583,3,-0.1233125,-0.802,0.4939,0.38567356825429455,0.032375,0.08687500000000001,-0.6031746031746031,-1.0,-0.14285714285714285,0.003360727040460255,0.004601189507326979,0.021893617239838892,8,0.0,0.0,0.3502030818940442,0.2673250654804933,0.0,0.20564672025025746,0.2238134177945802,0.0,0.0,0.0,0.413235925153644,0.0,0.0,0.45364857436764977,0.0,0.0,0.183947260290034,0.0,0.23477761679081868,0.1663092794516955,0.374926202055072,0.2505707973123305,0.13030675577532205,0.0,0.0,0.0,0.0,0.0,0.0,0.0
2024-05-17,15978,15944.0,34.0,0.0021324636226793,13,"cnbc_0943cf51,cnbc_47c74ff5,cnbc_f4e291b6,cnbc_8d00994c,cnbc_fcc073c8,cnbc_2e8f8603,cnbc_98baffa5,cnbc_2cb8a2b8,cnbc_1804b269,cnbc_5bb95c8d,cnbc_3635291c,cnbc_f983e862,cnbc_9736d103",True,1,0.00012517211165352359,0.0021324636226793,-0.00784069695084,-0.0037815386522844,0.0002487407499533,-0.003964691801316644,-0.010481660963941208,0.00448386914737247,0.003948303498006918,-0.006405074311298997,-0.012240356083086046,4,-0.12158461538461539,-0.8807,0.7184,0.47994979745482036,0.07076923076923076,0.135,-0.3830878972579378,-1.0,0.6,0.004717210415003479,0.006165853979038857,0.015698384561464575,13,0.23204281164548224,0.0,0.20210125785855787,0.0,0.0,0.3313209044857286,0.4589465351538922,0.0,0.0,0.0,0.23847734238719345,0.0,0.0,0.0,0.0,0.2333881768155564,0.3043209143982067,0.0,0.3884142602034973,0.27514077630646244,0.0,0.0,0.2155784816108961,0.0,0.0,0.0,0.0,0.20583184310886693,0.2560158876318609,0.0
2024-05-20,15980,15978.0,2.0,0.0001251721116535,9,"cnbc_945a6021,cnbc_3b1a167d,cnbc_4c93e72d,cnbc_4c2fc5ce,cnbc_b89d8998,cnbc_9107f8a1,cnbc_e0f0ba2b,cnbc_ef907b31,cnbc_2f034d10",True,1,0.002753441802252816,0.0001251721116535,0.0021324636226793,-0.00784069695084,0.0028598072738576,-0.0025342371696440713,-0.009560407208268118,0.00447369156056288,0.0038055401444151617,-0.00652782095119675,-0.016009852216748777,0,-0.16261111111111112,-0.8316,0.1779,0.3254752119764439,0.060444444444444446,0.1248888888888889,-0.5076370615586302,-1.0,0.3333333333333333,0.010237813567562768,0.006839995574368065,0.030063910857270282,9,0.30345561101029866,0.0,0.0,0.0,0.0,0.32570925939325984,0.0,0.0,0.0,0.0,0.0,0.0,0.35121208554335687,0.5796827380641498,0.0,0.0,0.23505210316809882,0.0,0.0,0.0,0.0,0.0,0.2819242681727804,0.0,0.0,0.0,0.0,0.45575802841210833,0.0,0.0
2024-05-21,16024,15980.0,44.0,0.0027534418022528,11,"cnbc_66232444,cnbc_a7dad2ad,cnbc_cdb6e1ae,cnbc_08b9d38b,cnbc_857345fe,cnbc_0fe35a1b,cnbc_eaf30870,cnbc_8384f496,cnbc_49890234,cnbc_fecbd1cb,cnbc_dda7bded",True,0,-0.0018097853220169745,0.0027534418022528,0.0001251721116535,0.0021324636226793,-0.0037815386522844,0.0015500775038752579,-0.006362159413639601,0.004449145760015621,0.003812047846259883,-0.006633190750728435,-0.009457872287816027,1,-0.4578909090909091,-0.802,0.128,0.33851952219789466,0.011818181818181818,0.22299999999999998,-0.680384262202444,-1.0,-0.3333333333333333,0.003773643811477119,0.003822837325335608,0.025250002948192993,11,0.0,0.0,0.22207802766023213,0.0,0.29303149368876974,0.2208015548666897,0.24030702064653747,0.0,0.0,0.0,0.0,0.0,0.0,0.28767702471826007,0.0,0.2564575131080588,0.19750298490576748,0.0,0.0,0.0,0.23775596439703425,0.0,0.29361584169884025,0.5068855400155372,0.0,0.23650169610606414,0.18981830649652456,0.0,0.2813218679458098,0.0
2024-05-22,15995,16024.0,-29.0,-0.0018097853220169,4,"cnbc_38867a6f,cnbc_cfeebe10,cnbc_7e8e7b4e,cnbc_6ceec0b9",True,1,0.004313848077524226,-0.0018097853220169,0.0027534418022528,0.0001251721116535,-0.00784069695084,0.0006756672213810155,-0.00728323304794154,0.004260033663109122,0.0034628842083110093,-0.004667081518357152,-0.017506142506142464,2,-0.37485,-0.8625,0.0,0.4425297617110063,0.0,0.21175,-0.6083333333333333,-1.0,-0.16666666666666666,0.009229527712496579,0.005056068564435497,0.025265225784480365,4,0.5710536482609575,0.0,0.0,0.0,0.0,0.4945091632283232,0.0,0.0,0.0,0.0,0.0,0.5754778994243285,0.0,0.0,0.0,0.0,0.0,0.0,0.0,0.0,0.0,0.0,0.3133426328561703,0.0,0.0,0.0,0.0,0.0,0.0,0.0
2024-05-27,16064,15995.0,69.0,0.0043138480775242,26,"cnbc_5d0b8243,cnbc_09829789,cnbc_daf3bb96,cnbc_5882aad1,cnbc_61e1f7b4,cnbc_a51a24d8,cnbc_84189e63,cnbc_1be496e5,cnbc_b8640d70,cnbc_a6134ade,cnbc_f9fd4d97,cnbc_37c78ed8,cnbc_9b7213e5,cnbc_c487afec,cnbc_546a3a29,cnbc_914e4df8,cnbc_ddb7676f,cnbc_2f3a895a,cnbc_c7526f99,cnbc_0c85383c,cnbc_a6cabc3a,cnbc_44f8e9df,cnbc_109f31e7,cnbc_6b811b23,cnbc_a1dd719c,cnbc_29260f92",True,1,0.001929780876494024,0.0043138480775242,-0.0018097853220169,0.0027534418022528,0.0021324636226793,0.003485713571794502,-0.0025055342190153373,0.002383990999550908,0.00359246397280375,0.007526342197691882,-0.009861932938856066,0,-0.02045384615384616,-0.6808,0.8519,0.4352669904605854,0.11211538461538462,0.11061538461538462,-0.46076734488105725,-1.0,0.5,0.009008090093043401,0.007289909663887834,0.023908659339781018,26,0.1482506868467426,0.0,0.0,0.0,0.3575514390271719,0.23349167437295473,0.1397199684396003,0.0,0.1699778684355692,0.29834154344948116,0.15236166789903471,0.0,0.17158171087142135,0.16726196640569335,0.26376233399064863,0.25246556916922236,0.11483272833027111,0.0,0.0,0.21788184949227446,0.13823672630331454,0.15642379369987933,0.23963971177867507,0.4153662687887009,0.17158171087142135,0.13750746618616258,0.1103646814878645,0.22265675208002406,0.0,0.0
2024-05-28,16095,16064.0,31.0,0.001929780876494,7,"cnbc_c533ff55,cnbc_e17c33bc,cnbc_d9cf566d,cnbc_0a0475f3,cnbc_239dafe9,cnbc_b272ecdc,cnbc_8fff0e2e",True,1,0.00403852127990059,0.001929780876494,0.0043138480775242,-0.0018097853220169,0.0001251721116535,0.003954689488260721,-0.0001180351496250509,0.002372307164071392,0.003613369558419964,0.007322568531731077,-0.009172617581876374,1,-0.1378142857142857,-0.6908,0.128,0.29500361821832755,0.018571428571428572,0.072,-0.4368393511250654,-1.0,0.3333333333333333,0.005411802129837916,0.006502691182586244,0.015241985291438928,7,0.0,0.0,0.0,0.0,0.0,0.22869407583780513,0.0,0.0,0.0,0.5314647927618126,0.0,0.0,0.0,0.0,0.0,0.0,0.0,0.0,0.0,0.3131441629370469,0.0,0.471800388045264,0.41542199110757827,0.0,0.0,0.4147455727242253,0.0,0.0,0.0,0.0
2024-05-29,16160,16095.0,65.0,0.0040385212799005,5,"cnbc_321e9518,cnbc_180db472,cnbc_cc2922d2,cnbc_ac49ec9b,cnbc_cf4ce9e7",True,1,0.005754950495049505,0.0040385212799005,0.001929780876494,0.0043138480775242,0.0027534418022528,0.005750703278647684,0.0039231278169331585,0.0024645491975673604,0.0035718496887061015,0.01126408010012514,-6.187735907436931e-05,2,-0.25846,-0.8777,0.0258,0.39716722926243553,0.013600000000000001,0.141,-0.558961038961039,-0.8666666666666667,-0.2857142857142857,0.010349255731142598,0.008399223666148509,0.02958168067190927,5,0.0,0.0,0.0,0.0,0.0,0.0,0.0,0.0,0.0,0.5569264891158104,0.0,0.0,0.0,0.5286595142101842,0.0,0.0,0.0,0.0,0.0,0.32814643909968116,0.0,0.0,0.0,0.5501562671299749,0.0,0.0,0.0,0.0,0.0,0.0
2024-05-30,16253,16160.0,93.0,0.0057549504950495,9,"cnbc_28103b57,cnbc_fc380300,cnbc_85bf1ea3,cnbc_521b6b9d,cnbc_8d94f935,cnbc_f8be617a,cnbc_0850253e,cnbc_4555dcf6,cnbc_b5c04e99",True,0,-0.00012305420537746877,0.0057549504950495,0.0040385212799005,0.001929780876494,-0.0018097853220169,0.008663596757977787,0.009559540595436955,0.002939152555156586,0.0037461809592259044,0.014291063404892723,0.0027764067127344916,3,0.07875555555555555,-0.4215,0.6369,0.33676884546789326,0.09622222222222222,0.06344444444444444,-0.3448836187966623,-1.0,1.0,0.009181383875256346,0.0055222326077606155,0.019543076742012062,9,0.5922514320576675,0.0,0.0,0.0,0.32432730437004165,0.14433665263378498,0.26597184912235383,0.0,0.547853302969479,0.0,0.0,0.0,0.0,0.0,0.0,0.28384721677774055,0.21859633547634436,0.0,0.0,0.0,0.0,0.0,0.15485188121521387,0.0,0.0,0.0,0.0,0.0,0.0,0.0
2024-05-31,16251,16253.0,-2.0,-0.0001230542053774,7,"cnbc_f3263ade,cnbc_75792218,cnbc_7d250f5f,cnbc_5318daed,cnbc_90bde260,cnbc_919d4b9f,cnbc_5a34dc85",True,0,-0.0015999015445203372,-0.0001230542053774,0.0057549504950495,0.0040385212799005,0.0043138480775242,0.005345013176942137,0.00934440127821734,0.0022981631677482933,0.0037427172431622217,0.016005001562988452,0.001787695721859217,4,-0.0489142857142857,-0.6597,0.5719,0.4041650546850524,0.08042857142857143,0.10357142857142856,-0.4931495519730814,-1.0,0.0,0.008167927244431803,0.007108410042949474,0.031194663046621215,7,0.0,0.0,0.0,0.34358468508667084,0.0,0.0,0.2876605025155549,0.3168434790420664,0.0,0.0,0.0,0.0,0.5981188114294637,0.0,0.32073017506625406,0.0,0.0,0.0,0.0,0.0,0.0,0.0,0.0,0.0,0.35325860521567776,0.0,0.0,0.0,0.33675749332741045,0.0
2024-06-03,16225,16251.0,-26.0,-0.0015999015445203,23,"cnbc_0e3b8da5,cnbc_b3f95665,cnbc_18b5c9d9,cnbc_9d10c637,cnbc_c0640b5b,cnbc_ff729374,cnbc_b0a6df72,cnbc_72ad1530,cnbc_c4788abf,cnbc_80044d21,cnbc_718cd6cf,cnbc_447a089a,cnbc_2968813c,cnbc_0878ddbb,cnbc_f6733b45,cnbc_aa9cd6d3,cnbc_90d91a64,cnbc_bc6a12e4,cnbc_8c9b7385,cnbc_370c9019,cnbc_1aa36145,cnbc_b33f4d12,cnbc_f942710e",True,0,-0.0003081664098613251,-0.0015999015445203,-0.0001230542053774,0.0057549504950495,0.001929780876494,0.0017410846586980444,0.007804662921173877,0.002988595122535247,0.003741896079630039,0.01002241035856577,-0.0014770139700904794,0,-0.0996,-0.8519,0.7178,0.4455067502804582,0.10430434782608695,0.14243478260869563,-0.5215981487888878,-1.0,0.8461538461538461,0.007765419266022212,0.006822824001818116,0.025152295541043927,23,0.0,0.0,0.13566036684803098,0.0,0.17900357072994472,0.24531650862562196,0.14679587584838943,0.0,0.17858614162676564,0.44177222857025156,0.16007779514084913,0.0,0.3783193729216435,0.0,0.0,0.1566616953317038,0.0,0.3704806436883788,0.0,0.10907977090646702,0.0,0.1643456411860556,0.22301888259541003,0.30964017031741586,0.30522568798070576,0.0,0.11595393459270056,0.13816452030544774,0.0,0.0
2024-06-04,16220,16225.0,-5.0,-0.0003081664098613,6,"cnbc_800c8b92,cnbc_2f2cc088,cnbc_0dde5ca8,cnbc_fa619004,cnbc_3c41b40a,cnbc_ebb00079",True,1,0.0038224414303329223,-0.0003081664098613,-0.0015999015445203,-0.0001230542053774,0.0040385212799005,-0.0001109617921561945,0.007669345294488705,0.003164177967686665,0.0037198538532205254,0.00776638707673194,-0.003440648808060942,1,-0.044933333333333346,-0.6249,0.5927,0.4615257031484451,0.06566666666666666,0.11599999999999999,-0.43245614035087715,-1.0,0.5,0.0049649903824617895,0.008360120467634576,0.02752388429981747,6,0.3202068500117977,0.0,0.0,0.0,0.0,0.16376961934406523,0.3017813403053062,0.0,0.0,0.6443882850564701,0.0,0.0,0.0,0.0,0.0,0.0,0.0,0.0,0.0,0.2242449883152526,0.0,0.0,0.2974869423337953,0.0,0.3705995589387723,0.29700255383027496,0.0,0.0,0.0,0.0
2024-06-05,16282,16220.0,62.0,0.0038224414303329,9,"cnbc_08afca27,cnbc_c546bae2,cnbc_47c83993,cnbc_31991dba,cnbc_c2989324,cnbc_c38f209c,cnbc_9d9be00c,cnbc_fca620da,cnbc_d690a75c",True,0,-0.00018425254882692543,0.0038224414303329,-0.0003081664098613,-0.0015999015445203,0.0057549504950495,0.0022035922246432804,0.011269801342190133,0.003122942124002217,0.0036715169684555285,0.007549504950495001,0.004937662017034938,2,0.0309,-0.4215,0.5023,0.2867319610716601,0.11,0.10222222222222223,-0.31039116546362927,-0.9230769230769231,0.5555555555555556,0.005573265251369885,0.01014352510255392,0.02582905039914261,9,0.0,0.25159239805872596,0.19860931517045294,0.0,0.0,0.11662762661897626,0.0,0.0,0.0,0.5687916790730931,0.0,0.0,0.5538666400324082,0.0,0.0,0.0,0.17663130832676716,0.0,0.0,0.0,0.0,0.0,0.12512419440290323,0.0,0.2639204216153338,0.21150872238535837,0.16975872965590472,0.0,0.25159239805872596,0.0
2024-06-06,16279,16282.0,-3.0,-0.0001842525488269,9,"cnbc_c46a9c99,cnbc_b1832ebc,cnbc_7f5cd36f,cnbc_2b6b5a2c,cnbc_a8d7e18b,cnbc_df29aa6c,cnbc_12c272e4,cnbc_6af0e238,cnbc_6d890d25",True,0,-0.003747158916395356,-0.0001842525488269,0.0038224414303329,-0.0003081664098613,-0.0001230542053774,0.001698315222073088,0.010502923686203536,0.0020492845474842972,0.003295488084408475,0.0015997046699069983,0.01149496706847275,3,0.07756666666666666,-0.4404,0.6369,0.39666915055244717,0.1131111111111111,0.06311111111111112,-0.4087625337625338,-1.0,0.23076923076923078,0.006957595847210418,0.00931659442150803,0.020419662997999886,9,0.0,0.335698086306709,0.0,0.0,0.5920445446450131,0.0,0.2867555499547898,0.0,0.0,0.612303984331343,0.0,0.0,0.0,0.0,0.0,0.0,0.0,0.0,0.0,0.0,0.0,0.0,0.0,0.0,0.0,0.28221470080096955,0.0,0.0,0.0,0.0
2024-06-07,16218,16279.0,-61.0,-0.0037471589163953,14,"cnbc_feac517c,cnbc_93a32252,cnbc_dbee3d77,cnbc_b08d388a,cnbc_46f002e2,cnbc_ecdbe1df,cnbc_be5507e2,cnbc_b65f818a,cnbc_72a38efd,cnbc_a91ecc9d,cnbc_f90d8ec2,cnbc_12434095,cnbc_e353957a,cnbc_d7d37972",True,1,0.004439511653718091,-0.0037471589163953,-0.0001842525488269,0.0038224414303329,-0.0015999015445203,-0.0016497586920121154,0.00611373216828115,0.0027625699300238694,0.0032554977097281734,-0.002030644268045001,0.012043681747269996,4,0.02478571428571428,-0.5994,0.7003,0.4221989830857973,0.08792857142857144,0.0845,-0.2904231107238626,-1.0,0.5,0.007028424083764661,0.00929856918034522,0.02257578013549764,14,0.21735642061961705,0.0,0.0,0.0,0.2497940435080232,0.18822179318919682,0.2048491840075725,0.0,0.0,0.0,0.22338369877776149,0.0,0.42593317257477636,0.0,0.0,0.21861663530034756,0.0,0.0,0.21488436080710435,0.15221750565390882,0.0,0.0,0.11926555992164987,0.0,0.42593317257477636,0.20160534358666973,0.1618101921903738,0.19280438963148958,0.4060373488529736,0.0
2024-06-10,16290,16218.0,72.0,0.004439511653718,17,"cnbc_6407f8a3,cnbc_5e59867c,cnbc_ae8a9684,cnbc_3afd0906,cnbc_ac651048,cnbc_33fc3a6a,cnbc_52e0726d,cnbc_136e4311,cnbc_ee4c7073,cnbc_184ab96f,cnbc_50d90d34,cnbc_054dd099,cnbc_af4ec558,cnbc_169f0c4d,cnbc_7057019b,cnbc_f5bc8be0,cnbc_44f3b52a",True,1,0.0003069367710251688,0.004439511653718,-0.0037471589163953,-0.0001842525488269,-0.0003081664098613,0.0019805877794043525,0.00984114684230919,0.003363574632370937,0.003358255856845336,0.004006163328197143,0.014700386196586424,0,0.032347058823529416,-0.7096,0.5994,0.37295658949408417,0.10123529411764706,0.056352941176470585,-0.2755156608097784,-1.0,0.6,0.0039889989519617764,0.0073200248712568285,0.015114640468933209,17,0.2937972120550982,0.0,0.15113110437855456,0.0,0.19941717659090868,0.1502624243698668,0.16353650922997107,0.0,0.0,0.4328201552171583,0.30194418794886485,0.174865727005451,0.0,0.0,0.18233679207390127,0.0,0.1344070124422071,0.0,0.29045576817743746,0.0,0.27395195027678115,0.0,0.2272058720503202,0.0,0.20082937576491408,0.0,0.21871625973647857,0.3230201495948986,0.0,0.19445011803355108
2024-06-11,16295,16290.0,5.0,0.0003069367710251,9,"cnbc_15a069dd,cnbc_bcce27f1,cnbc_60a6d752,cnbc_e2f7982c,cnbc_9d79f402,cnbc_cfae9a61,cnbc_21d6c5fd,cnbc_d3083e56,cnbc_89334a92",True,1,0.000122737035900583,0.0003069367710251,0.004439511653718,-0.0037471589163953,0.0038224414303329,0.0013642397128952322,0.009481506261634909,0.0033237193088627593,0.0033519266297045605,0.0046239210850802515,0.013307630122504799,1,-0.09498888888888889,-0.8176,0.8176,0.5455514422225562,0.10033333333333333,0.14788888888888888,-0.14745564892623717,-0.8333333333333334,0.2,0.00854075104901917,0.01648477804660159,0.02055612462257869,9,0.0,0.0,0.0,0.0,0.0,0.0,0.0,0.0,0.0,0.5313009530951568,0.45940666626606885,0.36343983623235354,0.2465246534091495,0.40689398790888043,0.0,0.2142381499494588,0.0,0.0,0.0,0.0,0.0,0.0,0.0,0.0,0.0,0.0,0.0,0.31990809717982244,0.0,0.0
2024-06-12,16297,16295.0,2.0,0.0001227370359005,10,"cnbc_9ba5ea95,cnbc_1349395c,cnbc_18123ba1,cnbc_eb0b31d7,cnbc_b3c484f6,cnbc_5a4c81b9,cnbc_999ac8e0,cnbc_978e0567,cnbc_19584063,cnbc_8987d21e",True,0,-0.0006749708535313248,0.0001227370359005,0.0003069367710251,0.004439511653718,-0.0001842525488269,0.0013025473402230592,0.008942860415228626,0.002903351650164825,0.003352871553156382,0.0009212627441346211,0.013179981349082937,2,-0.11243999999999998,-0.7269,0.5106,0.38639903439032786,0.0663,0.11019999999999999,-0.465968475968476,-1.0,0.42857142857142855,0.01057055309230098,0.007578780952644301,0.021628425033175858,10,0.0,0.0,0.20722139081200666,0.2678237053239141,0.2734281923955518,0.0,0.22423089562219795,0.0,0.2727905688851932,0.478796210993314,0.4140067316496383,0.2397648009284586,0.0,0.0,0.0,0.0,0.0,0.0,0.0,0.0,0.0,0.0,0.1305498161863602,0.0,0.0,0.37364395807796874,0.0,0.0,0.0,0.2666176765409057
2024-06-13,16286,16297.0,-11.0,-0.0006749708535313,10,"cnbc_99a0dd58,cnbc_efdf194d,cnbc_8a681250,cnbc_a9965821,cnbc_448dff13,cnbc_53b1b82e,cnbc_633d204f,cnbc_855f7571,cnbc_036b526e,cnbc_4986a4e8",True,1,0.0054034139751934175,-0.0006749708535313,0.0001227370359005,0.0003069367710251,-0.0037471589163953,0.0005406335241933125,0.007778320947012141,0.0029272577664344853,0.003323863126203428,0.0004300018428651242,0.009608827723017743,3,0.04974,-0.4215,0.5423,0.2657203550936795,0.060399999999999995,0.045,-0.3851282051282051,-0.9047619047619048,0.06666666666666667,0.004373623734862976,0.007969774751715173,0.0199970276302777,10,0.0,0.0,0.25121642275846845,0.0,0.0,0.30958653438989187,0.27183720391703997,0.0,0.0,0.3428225934433196,0.2964327164424938,0.0,0.0,0.0,0.0,0.0,0.37827776182970607,0.0,0.0,0.3420061919014455,0.26895142889459456,0.0,0.2679689159178498,0.0,0.3338269615108896,0.0,0.2147239708247218,0.0,0.0,0.0
2024-06-14,16374,16286.0,88.0,0.0054034139751934,11,"cnbc_4656fba0,cnbc_efb245f6,cnbc_06adefeb,cnbc_a99f6d95,cnbc_f9e5c785,cnbc_48626f28,cnbc_497e3d51,cnbc_972490af,cnbc_5f6f026a,cnbc_405c1cb1,cnbc_c5fd02fe",True,0,-0.00036643459142543056,0.0054034139751934,-0.0006749708535313,0.0001227370359005,0.004439511653718,0.004022466949547443,0.012271645389632546,0.002786041620495861,0.003338056712335887,0.009618941916389234,0.018917237087741068,4,-0.05794545454545454,-0.6705,0.7906,0.49903765061092603,0.0911818181818182,0.123,-0.5133838383838384,-1.0,1.0,0.005131405984376391,0.0075893493876675495,0.03629045984455644,11,0.0,0.0,0.0,0.0,0.49313433025572506,0.12961750055228835,0.23884859231133615,0.0,0.29057388899617287,0.30121960010097654,0.2604593338111395,0.0,0.2933156267189242,0.0,0.2663068101335907,0.0,0.19630433515887935,0.0,0.0,0.1774814829100564,0.0,0.26740345955178274,0.23544973766617372,0.0,0.2933156267189242,0.0,0.0,0.0,0.0,0.0
2024-06-19,16368,16374.0,-6.0,-0.0003664345914254,36,"cnbc_32000b74,cnbc_3ec76086,cnbc_f0be425d,cnbc_ec1399a8,cnbc_d8354b57,cnbc_2e26472e,cnbc_1279efed,cnbc_b1045ffd,cnbc_cbcbaf76,cnbc_3d9c4ee3,cnbc_e6f52f61,cnbc_58eac8d6,cnbc_a9fa50cb,cnbc_90c5c069,cnbc_c2e0197d,cnbc_06fc8123,cnbc_91e8e292,cnbc_7ef6214d,cnbc_32324796,cnbc_765c50f8,cnbc_dbf96adb,cnbc_ef835018,cnbc_8ff47d37,cnbc_a3bedf74,cnbc_ebf136cc,cnbc_746dab4b,cnbc_8396702b,cnbc_f09606b2,cnbc_503e2575,cnbc_da2dae77,cnbc_539ee6e6,cnbc_420ac877,cnbc_4366eb45,cnbc_aebe8c3f,cnbc_edb2fbf4,cnbc_1efe6dc6",True,1,0.003176930596285435,-0.0003664345914254,0.0054034139751934,-0.0006749708535313,0.0003069367710251,0.0026954177897573484,0.010576228490988937,0.0025151527382824895,0.002650535696190353,0.0047882136279926435,0.02659307576517822,2,-0.06278055555555556,-0.8885,0.8225,0.413512321336167,0.0965,0.11766666666666666,-0.5084540096794998,-1.0,1.0,0.008353165121015388,0.006209842017682195,0.023024167389712368,36,0.0,0.159721656439401,0.12608572058649914,0.27591483173456993,0.2816886339656281,0.21811584967595096,0.13643530690289515,0.0,0.16598187721987692,0.17206292985547375,0.38823168732208807,0.0,0.0,0.163329823035335,0.2575615739778435,0.0,0.2675826754137875,0.0,0.3415241016860301,0.21275968879780768,0.13498693414461663,0.15274644375248358,0.1895534093841612,0.0,0.0,0.13427481812421627,0.30086828148102385,0.12841313573709548,0.0,0.0
2024-06-20,16420,16368.0,52.0,0.0031769305962854,9,"cnbc_50750580,cnbc_7968ba8f,cnbc_30898b4a,cnbc_a3f34798,cnbc_5636c20d,cnbc_2fb274f1,cnbc_d8afc826,cnbc_e180e9b7,cnbc_340e8559",True,1,0.0023142509135200976,0.0031769305962854,-0.0003664345914254,0.0054034139751934,0.0001227370359005,0.004342773258303234,0.01240535674649168,0.002653037816365152,0.002677610508198445,0.007671064743786538,0.027663036675428687,3,0.048433333333333335,-0.3182,0.4019,0.2301183880093027,0.08466666666666667,0.08533333333333333,-0.4175744371822803,-1.0,1.0,0.003671085597333122,0.007399844446452856,0.0258827015519242,9,0.0,0.0,0.0,0.0,0.2988642248071474,0.13300471844158201,0.0,0.0,0.2981672854956866,0.0,0.0,0.0,0.0,0.2934031762420913,0.0,0.0,0.20143424086576975,0.0,0.4353027130415798,0.308355121492759,0.2424884475668855,0.0,0.14269439179413182,0.3053337580551908,0.0,0.0,0.0,0.23067937744792363,0.2869215213919013,0.2914201513793018
2024-06-21,16458,16420.0,38.0,0.00231425091352,8,"cnbc_44562845,cnbc_af3ebf81,cnbc_c8040697,cnbc_e87631d5,cnbc_4461baf6,cnbc_503c0b7f,cnbc_e52cf749,cnbc_82ae6eb5",True,0,-0.0016405395552314983,0.00231425091352,0.0031769305962854,-0.0003664345914254,-0.0006749708535313,0.004688301223353619,0.013255185406367165,0.0025405864018731377,0.002668830540664106,0.009879118856231273,0.02991239048811023,4,-0.24025,-0.8442,0.128,0.34030631159924984,0.040125,0.146375,-0.31607142857142856,-1.0,0.2,0.00859286577983759,0.00948312131764765,0.017302440673209712,8,0.0,0.0,0.22830503504700786,0.0,0.0,0.0,0.0,0.0,0.0,0.31155655888880307,0.0,0.0,0.6366798181416793,0.29574341010901545,0.0,0.0,0.2030409147895833,0.0,0.0,0.31081461462981164,0.0,0.0,0.1438325466449888,0.0,0.0,0.24313313922609492,0.0,0.23251931557817476,0.0,0.29374456830108486
2024-06-24,16431,16458.0,-27.0,-0.0016405395552314,13,"cnbc_ac702185,cnbc_1f42ceb3,cnbc_f98ddad9,cnbc_ac59da17,cnbc_37678ae8,cnbc_3d541450,cnbc_2d00d587,cnbc_8c7c56e7,cnbc_059a238b,cnbc_edac8e60,cnbc_f7f5be53,cnbc_5f4d6234,cnbc_d7baae4e",True,0,-0.003164749558760879,-0.0016405395552314,0.00231425091352,0.0031769305962854,0.0054034139751934,0.0012675043570462563,0.010327091166786095,0.002813947832804449,0.0027382763710012306,0.00890335257276198,0.025399400898652003,0,-0.09616923076923077,-0.802,0.7003,0.41228182186585144,0.051769230769230776,0.08923076923076924,-0.3813965571884124,-1.0,0.42857142857142855,0.005205285442671783,0.00823601418891117,0.018446020256377323,13,0.21776217620584054,0.0,0.0,0.24513073947352154,0.0,0.29062444255464925,0.0,0.0,0.24967675580231483,0.0,0.22380070593766943,0.0,0.0,0.0,0.0,0.37084112680145737,0.2855920599925856,0.0,0.3645100400719177,0.15250166152592776,0.0,0.3890301495416737,0.2507594088938086,0.25567775492677847,0.0,0.20198169545214306,0.0,0.0,0.0,0.0
2024-06-25,16379,16431.0,-52.0,-0.0031647495587608,8,"cnbc_4a704737,cnbc_c62443ab,cnbc_40da0c18,cnbc_c530071e,cnbc_54ebfaaa,cnbc_0e92d697,cnbc_ae150d2b,cnbc_4cb732c6",True,1,0.003419012149703889,-0.0031647495587608,-0.0016405395552314,0.00231425091352,-0.0003664345914254,-0.001962074680705861,0.005942053463126928,0.002658454379819894,0.0028332966678464035,0.0003053621595212608,0.024007502344482567,1,-0.18625,-0.6486,0.0,0.2294199019888454,0.037625,0.13725,-0.6802850658113816,-1.0,-0.14285714285714285,0.005284668124002981,0.005034293530760114,0.02990349314341757,8,0.0,0.0,0.28204311209003424,0.0,0.0,0.3475758020185012,0.0,0.0,0.0,0.3848902475714877,0.3328078831499294,0.0,0.0,0.36535502491257565,0.0,0.0,0.0,0.0,0.0,0.0,0.0,0.0,0.3008512984898609,0.0,0.0,0.5085561115915574,0.24107268269623008,0.0,0.0,0.0
2024-06-26,16435,16379.0,56.0,0.0034190121497038,15,"cnbc_ca5a4e83,cnbc_2c0a8dbb,cnbc_639844fc,cnbc_17746f04,cnbc_e50c329b,cnbc_b1f41be4,cnbc_59298aff,cnbc_2d02882e,cnbc_56a4fea8,cnbc_0fecfdc2,cnbc_556366d1,cnbc_2e5c517c,cnbc_ff290242,cnbc_fd738a59,cnbc_1c16d686",True,0,-0.0008518405841192577,0.0034190121497038,-0.0031647495587608,-0.0016405395552314,0.0031769305962854,0.0006331965466435108,0.008232724774244193,0.0030197371955419825,0.0027880867161807063,0.004093352883675516,0.023095119521912455,2,-0.017846666666666667,-0.7003,0.4767,0.3222563284686512,0.07733333333333332,0.096,-0.3388558181107201,-1.0,1.0,0.0060927180978514964,0.005880838047862556,0.022296032615709192,15,0.0,0.0,0.0,0.0,0.0,0.5475590182107678,0.3614198336790044,0.0,0.4396892843963975,0.0,0.3941206778537858,0.0,0.0,0.0,0.0,0.3857100449411328,0.0,0.0,0.0,0.2685606283617657,0.0,0.0,0.0,0.0,0.0,0.0,0.0,0.0,0.0,0.0
2024-06-27,16421,16435.0,-14.0,-0.0008518405841192,9,"cnbc_e6abbf5d,cnbc_18f3b7ee,cnbc_85994b89,cnbc_8f7c2c07,cnbc_4d01f1f8,cnbc_d22cbf3c,cnbc_093ee0ee,cnbc_46c93a82,cnbc_c03dfae6",True,0,-0.0016442360392180744,-0.0008518405841192,0.0034190121497038,-0.0031647495587608,0.00231425091352,-0.00023135745945146446,0.006367553057835096,0.002760293657176797,0.002816166680936939,6.0901339829388945e-05,0.020254737496116837,3,-0.17282222222222224,-0.6597,0.7843,0.5211577970676871,0.08455555555555555,0.184,-0.23926018750580155,-1.0,0.3333333333333333,0.008042705317680688,0.006973091567175258,0.017780506772528664,9,0.3314768837770791,0.0,0.0,0.0,0.0,0.35578544737257795,0.3124028679048793,0.0,0.38005715412529173,0.0,0.0,0.33404500849381535,0.0,0.37398461064738026,0.34831694180508405,0.0,0.0,0.0,0.0,0.2321375383650561,0.0,0.0,0.3079573238534557,0.0,0.0,0.0,0.0,0.0,0.0,0.0
2024-06-28,16394,16421.0,-27.0,-0.001644236039218,11,"cnbc_fbc2656b,cnbc_94dc3064,cnbc_ca8b023a,cnbc_cfdb05cc,cnbc_b9ab0e17,cnbc_21ea68bb,cnbc_243fd11f,cnbc_4e276ade,cnbc_a0437507,cnbc_847d3aa0,cnbc_a418983a",True,0,-0.0023789191167500304,-0.001644236039218,-0.0008518405841192,0.0034190121497038,-0.0016405395552314,-0.0010967584694125954,0.003992944980647728,0.0024905453488806304,0.0027806474342311083,-0.003888686353141324,0.014480198019801938,4,-0.3155181818181818,-0.9169,0.4215,0.4202002018518835,0.021545454545454545,0.188,-0.6243184622863768,-1.0,0.3333333333333333,0.008697329405607973,0.0051389331132683435,0.024588626085383723,11,0.0,0.0,0.0,0.0,0.3323552888902175,0.25043234647354995,0.0,0.0,0.0,0.3437283046381143,0.0,0.0,0.5667114420783609,0.32628226902758944,0.30388855283692606,0.0,0.22400719041740416,0.0,0.0,0.0,0.26966197809603204,0.0,0.0,0.0,0.0,0.0,0.0,0.2565295701825555,0.0,0.0
2024-07-01,16355,16394.0,-39.0,-0.00237891911675,17,"cnbc_94e0ea95,cnbc_1219b931,cnbc_9762ded0,cnbc_bc4217ae,cnbc_a1dcfb9f,cnbc_03abeca1,cnbc_4b4c937b,cnbc_4fb7357a,cnbc_44c74087,cnbc_c25c7414,cnbc_2cd760d1,cnbc_8c40a8d4,cnbc_c95b0fa8,cnbc_23a37834,cnbc_95699b17,cnbc_7cf6abe2,cnbc_8ddcb52e",True,1,0.001773158055640477,-0.00237891911675,-0.001644236039218,-0.0008518405841192,-0.0031647495587608,-0.0025492779078843952,0.001291791917423346,0.0025750460956958316,0.002594500491707642,-0.004625403201265921,0.006275764474250822,0,-0.022935294117647064,-0.7003,0.4939,0.3517894486428929,0.07817647058823529,0.07652941176470587,-0.33366738405101576,-0.8095238095238095,0.2727272727272727,0.009069097299387334,0.011293052373207754,0.027236864300513502,17,0.0,0.0,0.29468475253049625,0.0,0.22965275551986572,0.2144850315243091,0.18833187097923737,0.0,0.0,0.4021416673377181,0.205371918569727,0.3409639842212307,0.0,0.22545638557360592,0.0,0.0,0.15478576768673868,0.0,0.197557895634495,0.0,0.0,0.0,0.23011071697993243,0.0,0.39158950860241026,0.0,0.0,0.3001243356529854,0.22047576302624228,0.0
2024-07-02,16384,16355.0,29.0,0.0017731580556404,3,"cnbc_96e128d8,cnbc_9de17dbe,cnbc_a0fd7db0",True,1,0.00018310546875,0.0017731580556404,-0.00237891911675,-0.001644236039218,0.0034190121497038,-0.0008415763090170447,0.002659029224842513,0.0024444843187918465,0.0026121960065224304,0.0003052689419378307,0.008184111746969425,1,0.11036666666666667,-0.2263,0.5574,0.4033385963843943,0.11766666666666666,0.09233333333333334,-0.2934472934472934,-1.0,0.23076923076923078,0.010276053303120885,0.00945797240484185,0.012715427951084579,3,0.0,0.0,0.0,0.0,0.0,0.0,0.0,0.0,0.0,1.0,0.0,0.0,0.0,0.0,0.0,0.0,0.0,0.0,0.0,0.0,0.0,0.0,0.0,0.0,0.0,0.0,0.0,0.0,0.0,0.0
2024-07-03,16387,16384.0,3.0,0.00018310546875,8,"cnbc_3d41c989,cnbc_c848b07e,cnbc_9f5a1b1e,cnbc_a578704c,cnbc_1785efed,cnbc_fde1d2df,cnbc_fbd60504,cnbc_9c17b8b2",True,0,-0.0028071031915542807,0.00018310546875,0.0017731580556404,-0.00237891911675,-0.0008518405841192,-7.322341684878886e-05,0.0023457594357945144,0.001624978326858073,0.0025700454830505878,-0.0029205962884089054,0.009984591679506938,2,0.0172,-0.5267,0.7413,0.43758595890244395,0.07,0.071625,-0.35204517704517707,-1.0,0.14285714285714285,0.007659448435305541,0.006997902326233691,0.01800992470920462,8,0.0,0.0,0.23037916748572723,0.0,0.0,0.0,0.0,0.0,0.30327594999467306,0.3143870245644899,0.27184497605562,0.0,0.0,0.0,0.0,0.26604373691434113,0.20488552477668068,0.0,0.2615017758142248,0.0,0.0,0.0,0.14513925348427756,0.0,0.5183359114089993,0.41540008809306206,0.19691359782393622,0.0,0.0,0.0
2024-07-04,16341,16387.0,-46.0,-0.0028071031915542,8,"cnbc_4d635117,cnbc_3dce300d,cnbc_7abcb43e,cnbc_72ab9b18,cnbc_4666b20d,cnbc_5be840c2,cnbc_ea0a7a81,cnbc_c504b0ba",True,0,-0.0017746771923382902,-0.0028071031915542,0.00018310546875,0.0017731580556404,-0.001644236039218,-0.0019056693663649371,-0.0008376796884076443,0.0019150097023593142,0.002670197742334406,-0.004871810486572037,0.00745992601726253,3,-0.181725,-0.8555,0.4215,0.3799709190000128,0.04175,0.11775,-0.6389085695006748,-1.0,0.25,0.00957410528765119,0.004527427886806788,0.023567366463984565,8,0.2551090011904207,0.0,0.37620225249704203,0.0,0.0,0.27381719377555425,0.0,0.0,0.0,0.5133845568060377,0.2621831557354661,0.0,0.0,0.0,0.45388083527443696,0.0,0.0,0.0,0.0,0.0,0.0,0.0,0.13998076422722594,0.0,0.0,0.4006360815244429,0.0,0.0,0.0,0.0
2024-07-05,16312,16341.0,-29.0,-0.0017746771923382,8,"cnbc_ce8068f3,cnbc_7a4fecac,cnbc_6f30be30,cnbc_f7f17aa0,cnbc_1ccf2a66,cnbc_469ff4e7,cnbc_bad21525,cnbc_8940a3d7",True,0,-0.0028813143697891124,-0.0017746771923382,-0.0028071031915542,0.00018310546875,-0.00237891911675,-0.0026779491067387973,-0.0027023391741358704,0.001927258729644608,0.0025817146506705558,-0.005001829937782087,0.0018425254882692421,4,-0.01673749999999999,-0.5423,0.6369,0.3659404008363735,0.079,0.058374999999999996,-0.48777056277056274,-1.0,1.0,0.007077713071306452,0.004533490035225084,0.018382149872710016,8,0.0,0.0,0.0,0.0,0.0,0.3236637717109138,0.0,0.0,0.0,0.6068427614161488,0.5247263501896203,0.0,0.0,0.0,0.0,0.0,0.0,0.0,0.0,0.0,0.0,0.0,0.16546332059007823,0.0,0.0,0.4735691847604462,0.0,0.0,0.0,0.0
2024-07-08,16265,16312.0,-47.0,-0.0028813143697891,21,"cnbc_2a8101ef,cnbc_5f3625a8,cnbc_636d610b,cnbc_a957b4a9,cnbc_b27d74ff,cnbc_0efbbfad,cnbc_76f06df0,cnbc_64e736aa,cnbc_8a278e17,cnbc_d48ba7d7,cnbc_34e0e0f0,cnbc_23a3a484,cnbc_7552e991,cnbc_52583893,cnbc_3707fa3c,cnbc_a0acb20a,cnbc_d545fa61,cnbc_a952ad1c,cnbc_011f4eee,cnbc_69f55a7d,cnbc_9dde6c84",True,1,0.0009837073470642483,-0.0028813143697891,-0.0017746771923382,-0.0028071031915542,0.0017731580556404,-0.004455924298253033,-0.0055333068386781425,0.002027551419075597,0.002666138980579345,-0.005502904310608403,-0.0008600036857300264,0,0.026723809523809514,-0.8834,0.7783,0.3996312061197948,0.09376190476190475,0.07138095238095239,-0.35771118327509305,-1.0,0.42857142857142855,0.006396765626967472,0.009120867468059894,0.01968375626485456,21,0.0,0.0,0.14063193496228457,0.0,0.0,0.17330775150547242,0.15217552882020635,0.0,0.1851308177763871,0.4027518767175932,0.16594419282657685,0.16271769897059488,0.31641134472978316,0.308445366605726,0.1696697446207978,0.0,0.21176136900277756,0.0,0.15963032217792153,0.0,0.0,0.0,0.18593358554526612,0.18958045054983985,0.31641134472978316,0.390804529131841,0.0,0.2425058448808233,0.0,0.0
2024-07-09,16281,16265.0,16.0,0.0009837073470642,15,"cnbc_69a51e2b,cnbc_d0f770c1,cnbc_50ba3a5f,cnbc_5835b0ab,cnbc_315bfde0,cnbc_9580c753,cnbc_ad51b789,cnbc_548a53c7,cnbc_e21ad86b,cnbc_f8e4beda,cnbc_b164fb3a,cnbc_e319b11a,cnbc_b69943b6,cnbc_d15cacbb,cnbc_c70113d2",True,0,-0.0015355322154658804,0.0009837073470642,-0.0028813143697891,-0.0017746771923382,0.00018310546875,-0.002218517882970117,-0.00474672421012734,0.001760955314007418,0.0025260763628967508,-0.00628662109375,0.0038845726970033745,1,-0.17519333333333334,-0.875,0.34,0.4147476814137666,0.06346666666666666,0.16293333333333332,-0.3381746031746032,-1.0,0.2857142857142857,0.009064019747423121,0.012040225806537542,0.024378673153746745,15,0.0,0.0,0.0,0.0,0.5899279466812414,0.0,0.23052547156907807,0.0,0.0,0.49223690615181603,0.0,0.0,0.28309450147322673,0.0,0.0,0.24601856819500345,0.18946374770577717,0.0,0.24181848147389487,0.0,0.22807825449096794,0.0,0.13421459097377775,0.0,0.0,0.22687504041727127,0.0,0.0,0.0,0.0
2024-07-10,16256,16281.0,-25.0,-0.0015355322154658,8,"cnbc_9aa43bb4,cnbc_c9736fc9,cnbc_77500671,cnbc_d5eb31ec,cnbc_ecff19c7,cnbc_b433604c,cnbc_65e09483,cnbc_8786bd8c",True,0,-0.0034448818897637795,-0.0015355322154658,0.0009837073470642,-0.0028813143697891,-0.0028071031915542,-0.002148425511018348,-0.006171688487156879,0.0015659687083641922,0.0023447216388325963,-0.007994141697687196,-0.002087170042971098,2,-0.1232125,-0.5106,0.2023,0.21963782810735108,0.025500000000000002,0.095375,-0.34811507936507935,-1.0,0.2,0.005196695574963656,0.009209379669143375,0.022091866152460407,8,0.0,0.0,0.24729816321440723,0.0,0.32630940988037044,0.1452187568250541,0.0,0.0,0.0,0.0,0.0,0.28613549325545923,0.32862021322730867,0.0,0.0,0.0,0.21993227295446363,0.0,0.2807064090991211,0.0,0.0,0.2995891588818557,0.2637893652707317,0.0,0.0,0.0,0.21137488942795502,0.0,0.0,0.5387285077773318
2024-07-11,16200,16256.0,-56.0,-0.0034448818897637,7,"cnbc_28c7d374,cnbc_b8b2c6ba,cnbc_7bca4843,cnbc_8343e45e,cnbc_4ad8fef4,cnbc_2e3fb280,cnbc_78d13232",True,0,-0.002839506172839506,-0.0034448818897637,-0.0015355322154658,0.0009837073470642,-0.0017746771923382,-0.003861573652753525,-0.009307616100585947,0.0017080957638539384,0.0024576582324949137,-0.008628602900679239,-0.005830009205277653,3,-0.1711,-0.5023,0.0,0.19465513093674155,0.055142857142857146,0.13942857142857143,-0.27941683919944793,-1.0,0.7777777777777778,0.008411227187606542,0.013564553343127967,0.025004500584025983,7,0.0,0.0,0.3434118924382485,0.0,0.0,0.34143800991463835,0.0,0.0,0.0,0.0,0.0,0.0,0.0,0.0,0.41431989188919827,0.0,0.30541010528272966,0.0,0.0,0.0,0.0,0.0,0.45403488544087034,0.0,0.4563401840555046,0.0,0.2935268497301587,0.0,0.0,0.0
2024-07-12,16154,16200.0,-46.0,-0.0028395061728395,11,"cnbc_19a02140,cnbc_bd0fe4b1,cnbc_da47f512,cnbc_a6acd65b,cnbc_8388b896,cnbc_36d90d89,cnbc_68fda68d,cnbc_1ca9c8c1,cnbc_319de738,cnbc_9ce7fd73,cnbc_9cf642a3",True,1,0.001238083446824316,-0.0028395061728395,-0.0034448818897637,-0.0015355322154658,-0.0028813143697891,-0.00475627187145744,-0.01168855402706015,0.00177984908058487,0.0025199809349084647,-0.009686120647376173,-0.008774621095907209,4,-0.04716363636363636,-0.7841,0.4215,0.37620085930983005,0.08990909090909091,0.09645454545454545,-0.33385503385503384,-1.0,0.5555555555555556,0.005531566759356143,0.00855122632478819,0.019647276832074973,11,0.0,0.0,0.0,0.0,0.30133775037441163,0.3200152491030464,0.0,0.0,0.30063504290114806,0.3116493629619159,0.26947776782292954,0.0,0.5138222762681555,0.0,0.0,0.0,0.20310139505669192,0.0,0.0,0.18362679941117127,0.0,0.0,0.1438753903784748,0.30786082819075394,0.0,0.0,0.1951988871213108,0.2325885766447369,0.0,0.0
2024-07-15,16174,16154.0,20.0,0.0012380834468243,13,"cnbc_156220a7,cnbc_f245a0c5,cnbc_e8ee53d6,cnbc_79a14d4a,cnbc_cdedd51c,cnbc_dbc6291f,cnbc_7b8e316d,cnbc_fa37ee6b,cnbc_102a31f4,cnbc_72df81a6,cnbc_9dbef7f4,cnbc_00328fcc,cnbc_7d3db165",True,1,0.0017930011128972426,0.0012380834468243,-0.0028395061728395,-0.0034448818897637,0.0009837073470642,-0.0024054770862887986,-0.01012579982802364,0.002151777506294921,0.0025466612667589964,-0.005594835536427922,-0.00687707233206436,0,-0.1696,-0.7506,0.296,0.283413005464934,0.029923076923076924,0.12923076923076923,-0.6369866975130134,-1.0,0.0,0.007454692012369464,0.0038432028858230603,0.022268086978760555,13,0.0,0.0,0.35581338198993945,0.27160764869589227,0.0,0.32201518938569984,0.2273989386087445,0.0,0.0,0.0,0.0,0.0,0.0,0.0,0.2535408954377363,0.0,0.0,0.0,0.2385387855357417,0.28609713429712114,0.22498491224402375,0.0,0.22416301441377215,0.47965820343299354,0.2792549939180713,0.0,0.17962222372732403,0.0,0.0,0.0
2024-07-16,16203,16174.0,29.0,0.0017930011128972,5,"cnbc_b0eb371b,cnbc_fb7b89bf,cnbc_78229c2b,cnbc_86c2c3a2,cnbc_d3b7c313",True,0,-0.0045670554835524286,0.0017930011128972,0.0012380834468243,-0.0028395061728395,-0.0015355322154658,0.0003457345005988266,-0.007831779020139762,0.002369017719933502,0.002225706019231562,-0.004790860512253525,-0.010443385855624765,1,-0.041859999999999994,-0.8979,0.5859,0.6071112813974057,0.1646,0.21059999999999998,-0.24206349206349204,-0.9047619047619048,0.3333333333333333,0.014079956424454032,0.009404346105795939,0.020325380670166805,5,0.0,0.0,0.0,0.0,0.0,0.1607553820711332,0.0,0.0,0.0,0.0,0.0,0.3167484803482194,0.0,0.0,0.0,0.0,0.0,0.0,0.0,0.0,0.0,0.0,0.0,0.0,0.8680826884793275,0.0,0.0,0.0,0.3467860338807789,0.0
2024-07-17,16129,16203.0,-74.0,-0.0045670554835524,4,"cnbc_21e80dd7,cnbc_7cc71806,cnbc_3f9c49a6,cnbc_66f03467",True,1,0.001922003844007688,-0.0045670554835524,0.0017930011128972,0.0012380834468243,-0.0034448818897637,-0.0026589166460548874,-0.011639842024149916,0.0028854853580755047,0.0024014691389616814,-0.0078125,-0.014601661779081176,2,0.2261,-0.3818,0.7003,0.5082602023898126,0.16649999999999998,0.06825,-0.6227272727272727,-1.0,-0.4,0.010116281786163757,0.008341377302875295,0.028212212350296847,4,0.0,0.0,0.0,0.0,0.0,0.5690558133701469,0.0,0.0,0.0,0.0,0.0,0.0,0.0,0.0,0.0,0.6609493253102446,0.0,0.0,0.0,0.0,0.0,0.0,0.0,0.0,0.0,0.0,0.48920493726205716,0.0,0.0,0.0
2024-07-18,16160,16129.0,31.0,0.0019220038440076,8,"cnbc_db3e7a05,cnbc_f3a60b61,cnbc_73672dce,cnbc_ad772908,cnbc_fe3cbb82,cnbc_7f04f467,cnbc_0e9c58fc,cnbc_9d8adb5a",True,1,0.0024133663366336633,0.0019220038440076,-0.0045670554835524,0.0017930011128972,-0.0028395061728395,-0.0002474634991338487,-0.008950720442537863,0.0030066046998094183,0.002308544080388041,-0.0024691358024691024,-0.015834348355663774,3,0.079025,-0.4588,0.5859,0.3260384497483168,0.115625,0.061,-0.5890338827838828,-1.0,0.25,0.004961977952650921,0.0048167422510465175,0.01881841543294971,8,0.2930365858846944,0.0,0.0,0.0,0.0,0.14987340252856152,0.27617452169906986,0.0,0.0,0.0,0.3011624696685969,0.0,0.0,0.0,0.0,0.0,0.0,0.0,0.0,0.0,0.0,0.0,0.1607919949796618,0.34405853989806556,0.7117514116952167,0.2718012258958617,0.0,0.0,0.0,0.0
2024-07-19,16199,16160.0,39.0,0.0024133663366336,16,"cnbc_09e4e944,cnbc_c07ad759,cnbc_c42f3a91,cnbc_f433cf09,cnbc_329716c9,cnbc_5fbc5b1a,cnbc_93fbb559,cnbc_220bd4a4,cnbc_53e2c16f,cnbc_4bc71209,cnbc_2ad57adc,cnbc_d4a24aff,cnbc_ebd0cae3,cnbc_d2387d11,cnbc_be17ee4c,cnbc_2acf7a71",True,1,0.0017902339650595716,0.0024133663366336,0.0019220038440076,-0.0045670554835524,0.0012380834468243,0.0016076176343289283,-0.005769348800098162,0.0028964119187957077,0.0023156658896561094,0.0027856877553547044,-0.015737027585368768,4,-0.078925,-0.6597,0.5994,0.31926431369634783,0.0821875,0.1051875,-0.48230081322186585,-1.0,0.3333333333333333,0.007223708188419142,0.007662137481005417,0.023908269799444014,16,0.22559083866295013,0.24889734093616148,0.0,0.0,0.0,0.27532661480052034,0.21260977286961497,0.0,0.0,0.0,0.3925501744007101,0.0,0.44206939616322877,0.0,0.23705155583388024,0.0,0.1747392342051046,0.0,0.0,0.0,0.0,0.0,0.12378386435345565,0.0,0.2610933067360575,0.35427926575697355,0.2843476024064614,0.20010866865986843,0.0,0.0
2024-07-22,16228,16199.0,29.0,0.0017902339650595,11,"cnbc_2ed55d19,cnbc_ece2c5b1,cnbc_1a04c434,cnbc_c236f8a9,cnbc_1fdc0c18,cnbc_0ea0b7ab,cnbc_a820ea34,cnbc_e70cb249,cnbc_8fce6d3f,cnbc_6f634891,cnbc_9de60573",True,0,-0.0014789253142716292,0.0017902339650595,0.0024133663366336,0.0019220038440076,0.0017930011128972,0.0027311261879163773,-0.003368574911640221,0.0029389473073961427,0.0023756575631508395,0.003338691727463816,-0.012354695392854942,0,-0.08105454545454546,-0.5574,0.5859,0.3645082779955385,0.06654545454545455,0.10445454545454545,-0.4376209470861877,-1.0,0.4,0.006473758270206148,0.008101517458966563,0.027228405603287764,11,0.0,0.0,0.0,0.0,0.5733555091720952,0.2551626515805737,0.0,0.0,0.3378433214964401,0.0,0.0,0.0,0.0,0.3324452695554606,0.0,0.0,0.0,0.0,0.0,0.0,0.2747555031542757,0.0,0.38582135893357977,0.0,0.0,0.0,0.21935779588794066,0.0,0.0,0.3301983707880755
2024-07-23,16204,16228.0,-24.0,-0.0014789253142716,6,"cnbc_351ea991,cnbc_2c4ad9ad,cnbc_8abb228d,cnbc_b457b579,cnbc_e2253387,cnbc_2f48bf33",True,1,0.0012342631449024932,-0.0014789253142716,0.0017902339650595,0.0024133663366336,-0.0045670554835524,0.0012357884330203017,-0.0043074578624932025,0.0029902893422026487,0.002309554202220284,6.171696599399645e-05,-0.01068441296782463,1,0.2753666666666667,0.0,0.5106,0.2217066319862053,0.14933333333333335,0.03916666666666666,-0.30498118439294913,-0.6470588235294118,0.2727272727272727,0.006427214752931255,0.008797723753100081,0.019597825178898857,6,0.0,0.0,0.7608093631161092,0.0,0.5929114593292267,0.26386571279904275,0.0,0.0,0.0,0.0,0.0,0.0,0.0,0.0,0.0,0.0,0.0,0.0,0.0,0.0,0.0,0.0,0.0,0.0,0.0,0.0,0.0,0.0,0.0,0.0
2024-07-24,16224,16204.0,20.0,0.0012342631449024,6,"cnbc_2f205358,cnbc_10297abb,cnbc_7eb43489,cnbc_60fd9cbe,cnbc_298d5e00,cnbc_752e13a2",True,1,0.0027120315581854043,0.0012342631449024,-0.0014789253142716,0.0017902339650595,0.0019220038440076,0.0012960562858730373,-0.0024318183914335822,0.001542473937469541,0.0021595168447594956,0.005890011780023574,-0.012838454517797415,2,0.02965,-0.4939,0.4939,0.3861212490915257,0.09949999999999999,0.08216666666666667,-0.2763167388167388,-1.0,0.14285714285714285,0.0065232002288423555,0.010235204133428747,0.017264266026012366,6,0.0,0.0,0.0,0.0,0.0,0.30298880748650875,0.0,0.0,0.0,0.0,0.608839567295409,0.0,0.0,0.0,0.0,0.0,0.0,0.0,0.585674344046507,0.0,0.0,0.0,0.0,0.0,0.0,0.0,0.44101896394501705,0.0,0.0,0.0
2024-07-25,16268,16224.0,44.0,0.0027120315581854,9,"cnbc_3f3a1563,cnbc_5b2a8687,cnbc_fc5bca8c,cnbc_3ad08ba2,cnbc_50bac945,cnbc_16bcbf45,cnbc_feac3de6,cnbc_54c4d512,cnbc_1f75c9b4",True,1,0.001598229653307106,0.0027120315581854,0.0012342631449024,-0.0014789253142716,0.0024133663366336,0.0026749503839846867,0.0007443451300759296,0.0016729202140838572,0.002284835221030866,0.006683168316831578,-0.009317337555569072,3,0.12298888888888888,-0.4019,0.7351,0.41750333664668016,0.13455555555555557,0.06688888888888889,-0.279708853238265,-0.75,0.5,0.009457166353984116,0.007447509800695442,0.0179545799147289,9,0.0,0.3504682042716167,0.0,0.35757335763418685,0.36505594868264973,0.3409453393410799,0.0,0.0,0.0,0.0,0.0,0.0,0.0,0.0,0.0,0.0,0.0,0.0,0.0,0.0,0.0,0.33516288926742355,0.0,0.0,0.6224705609711688,0.0,0.0,0.0,0.0,0.0
2024-07-26,16294,16268.0,26.0,0.0015982296533071,12,"cnbc_0fd08d78,cnbc_d5294cda,cnbc_7f66b513,cnbc_8397895c,cnbc_0f04d212,cnbc_89ecd592,cnbc_dceef42e,cnbc_b8bed475,cnbc_367fe27e,cnbc_9ddfeaba,cnbc_1c24f468,cnbc_c0d8ca79",True,0,-0.0004909782742113662,0.0015982296533071,0.0027120315581854,0.0012342631449024,0.0017902339650595,0.003102760471816568,0.002652160803401582,0.001578516740599526,0.002311670500286106,0.0058645595407123,-0.006099792607051402,4,0.09611666666666667,-0.0258,0.6369,0.23150408923674184,0.07416666666666667,0.02775,-0.3241889445836814,-0.7894736842105263,0.5,0.005308038845564845,0.007665724809829746,0.020996642717406953,12,0.0,0.0,0.0,0.0,0.529952504385974,0.13929494422810587,0.43459938660526687,0.0,0.31226858633597643,0.0,0.0,0.0,0.5337054333048867,0.0,0.0,0.0,0.0,0.0,0.0,0.0,0.25395651504367434,0.0,0.25302878034977516,0.0,0.0,0.0,0.0,0.0,0.0,0.0
2024-07-29,16286,16294.0,-8.0,-0.0004909782742113,9,"cnbc_a1cd520e,cnbc_99771107,cnbc_11e441fd,cnbc_26e9f011,cnbc_8698b27c,cnbc_57350635,cnbc_6b219be9,cnbc_9b116399,cnbc_29261e0a",True,1,0.0020876826722338203,-0.0004909782742113,0.0015982296533071,0.0027120315581854,-0.0014789253142716,0.0018947782863329987,0.0023726800205570164,0.001681186763288913,0.0022604324217474496,0.0035740695094896857,-0.004218893304799742,0,-0.12008888888888888,-0.8283,0.4404,0.4257466660011692,0.042333333333333334,0.11711111111111111,-0.5027669316885004,-1.0,0.7142857142857143,0.004627292538747034,0.005668418801467058,0.0210074623718263,9,0.0,0.0,0.0,0.0,0.0,0.14894585227288473,0.0,0.0,0.0,0.34613697893548356,0.0,0.0,0.0,0.5563151516383663,0.3060180502818737,0.2929115013184864,0.0,0.0,0.0,0.0,0.0,0.0,0.33535167662122906,0.34192919885912165,0.0,0.2701190775471918,0.0,0.25832719980419644,0.0,0.0
2024-07-30,16320,16286.0,34.0,0.0020876826722338,5,"cnbc_3696210e,cnbc_8fdbe04b,cnbc_14e014b2,cnbc_1ae638bb,cnbc_05597317",True,0,-0.0015931372549019608,0.0020876826722338,-0.0004909782742113,0.0015982296533071,0.0012342631449024,0.002555533713387126,0.004663188512858296,0.0012075706696998416,0.002275988580271681,0.007158726240434454,-0.00390625,1,0.13974000000000003,-0.296,0.5267,0.31598123045522813,0.12879999999999997,0.0754,-0.18701298701298702,-0.8181818181818182,0.42857142857142855,0.004369288353907328,0.010650218424798904,0.02113961948214326,5,0.4426850114362188,0.0,0.0,0.4983220966006041,0.0,0.22641100841397233,0.0,0.0,0.0,0.5261591461208864,0.0,0.0,0.0,0.0,0.0,0.0,0.0,0.0,0.0,0.0,0.0,0.0,0.24290552635783294,0.0,0.0,0.4106051414393454,0.0,0.0,0.0,0.0
2024-07-31,16294,16320.0,-26.0,-0.0015931372549019,6,"cnbc_7fb52647,cnbc_e3aa3867,cnbc_12a41dda,cnbc_ccc5e9ff,cnbc_4b70ea8c,cnbc_9d165b86",True,0,-0.003129986498097459,-0.0015931372549019,0.0020876826722338,-0.0004909782742113,0.0027120315581854,9.820529817594625e-05,0.003349836202862111,0.0018251845866473395,0.002295106645445316,0.004314595660749543,-0.0056752303655336345,2,0.028883333333333344,-0.4215,0.7351,0.4113218759884607,0.09333333333333334,0.04700000000000001,-0.5428338001867413,-1.0,0.3333333333333333,0.003475142102418382,0.00449596251377131,0.02057964208268157,6,0.4286024582848437,0.0,0.0,0.4824696343970272,0.4925658087635405,0.0,0.0,0.0,0.0,0.0,0.0,0.0,0.0,0.0,0.0,0.0,0.33198894858942257,0.0,0.0,0.0,0.0,0.0,0.0,0.0,0.0,0.0,0.0,0.0,0.0,0.48029704005812573
2024-08-01,16243,16294.0,-51.0,-0.0031299864980974,9,"cnbc_ca91ed6c,cnbc_4b0a9f5f,cnbc_85d2c8ac,cnbc_fd967df3,cnbc_fe39ef6d,cnbc_1c0c298d,cnbc_a3dfd73d,cnbc_cb3638e4,cnbc_eba1575c",True,0,-0.0005540848365449732,-0.0031299864980974,-0.0015931372549019,0.0020876826722338,0.0015982296533071,-0.0027260336210812586,0.0005112505928659417,0.0021806905826350915,0.0023148539528537403,-0.0015367592820260123,-0.005997184994798399,3,-0.2727555555555556,-0.8225,0.3818,0.39166295813847113,0.03322222222222222,0.14666666666666667,-0.3102204001326808,-1.0,1.0,0.0054272804775329095,0.008805700766189061,0.021080181752380977,9,0.3501244054344828,0.0,0.0,0.0,0.4023759257490668,0.17907093679900907,0.0,0.0,0.0,0.0,0.0,0.0,0.0,0.6688328264210458,0.0,0.0,0.27120104187186145,0.0,0.0,0.0,0.0,0.0,0.4031783226810548,0.0,0.0,0.0,0.0,0.0,0.0,0.0
2024-08-02,16234,16243.0,-9.0,-0.0005540848365449,10,"cnbc_40fb1331,cnbc_711b0e8e,cnbc_83e7c387,cnbc_1f6cefb3,cnbc_9dc5a04e,cnbc_ae2b8f5e,cnbc_ec4dda24,cnbc_ccdcf7af,cnbc_eef069e7,cnbc_01922dcf",True,0,-0.004927929037821855,-0.0005540848365449,-0.0031299864980974,-0.0015931372549019,-0.0004909782742113,-0.0025437162834707205,0.00019715602434877688,0.0019060540510599678,0.0022898328281909584,-0.003682337056585272,-0.004781755762628737,4,-0.20265,-0.8545,0.802,0.5485117364286748,0.1115,0.18580000000000002,-0.4616666666666667,-1.0,1.0,0.005455277964001161,0.00491538735705956,0.03004925658452968,10,0.0,0.0,0.0,0.0,0.29155103974647506,0.12975010300364,0.23909294132830858,0.0,0.29087115448744916,0.3015277564625663,0.0,0.0,0.616185510053002,0.0,0.2665792497014337,0.0,0.0,0.0,0.0,0.17766305159949355,0.23655477352719037,0.26767702102369356,0.23569060955655588,0.0,0.0,0.0,0.0,0.0,0.0,0.0
2024-08-05,16154,16234.0,-80.0,-0.0049279290378218,11,"cnbc_8ee60660,cnbc_1f9bf1ac,cnbc_9477f7b0,cnbc_d01aceae,cnbc_913b2e60,cnbc_25327b75,cnbc_37a40dcb,cnbc_62a46f44,cnbc_b6aeaadc,cnbc_dcd2d5be,cnbc_d3c3287e",True,1,0.0017952209978952581,-0.0049279290378218,-0.0005540848365449,-0.0031299864980974,0.0020876826722338,-0.005846513631608152,-0.004391303677909408,0.0026507640572743336,0.002454059638935805,-0.008105120962790147,-0.006824469720258186,0,-0.2898909090909091,-0.886,0.5859,0.4057585820522973,0.07327272727272728,0.2241818181818182,-0.7566482906871923,-1.0,-0.5,0.005209277973317799,0.004862262957224384,0.03198830237764729,11,0.0,0.0,0.21277792924055852,0.0,0.2807600332472219,0.0,0.0,0.0,0.28010531217987666,0.4916348930203204,0.0,0.0,0.0,0.0,0.43465206137555784,0.0,0.18923203069586633,0.27688976443959945,0.24152273383801823,0.17108731396482618,0.38569776176119447,0.0,0.13405044451260276,0.0,0.0,0.0,0.0,0.0,0.0,0.0
2024-08-06,16183,16154.0,29.0,0.0017952209978952,6,"cnbc_a67ecd80,cnbc_c9aa0882,cnbc_91097f1a,cnbc_da50b20f,cnbc_bd085f5f,cnbc_466a7c47",True,0,-0.00512883890502379,0.0017952209978952,-0.0049279290378218,-0.0005540848365449,-0.0015931372549019,-0.0023795433249494957,-0.0023026630128203385,0.0025496997513177254,0.0024836194543847094,-0.00839460784313728,-0.006019286284626224,1,-0.14571666666666666,-0.7783,0.2584,0.35167050155886925,0.05416666666666667,0.11883333333333335,-0.6375730994152047,-1.0,-0.3333333333333333,0.00696619696665983,0.007301216073424593,0.031633808577608204,6,0.0,0.0,0.0,0.0,0.0,0.0,0.0,0.0,0.0,0.0,0.0,0.0,0.0,0.4883868324341981,0.0,0.0,0.0,0.0,0.0,0.3031486158078255,0.0,0.0,0.23752320239695762,0.5082459871148857,0.5010000185749431,0.0,0.3222529207490689,0.0,0.0,0.0
2024-08-07,16100,16183.0,-83.0,-0.0051288389050237,8,"cnbc_bbde1770,cnbc_ee5fb53e,cnbc_a804386d,cnbc_06bd7390,cnbc_4c7eb99d,cnbc_b79a2a4b,cnbc_0e4a1a26,cnbc_25d6bb98",True,0,-0.009192546583850932,-0.0051288389050237,0.0017952209978952,-0.0049279290378218,-0.0031299864980974,-0.005116543490619629,-0.006942152838387505,0.00297390979246133,0.0026984638912603298,-0.011906223149625639,-0.009596456692913424,2,-0.158475,-0.5994,0.4019,0.32907258752005286,0.0325,0.10575000000000001,-0.5719720496894409,-1.0,1.0,0.005759299195091778,0.005234336480389142,0.03775765200368712,8,0.0,0.0,0.0,0.0,0.0,0.28580510809093224,0.0,0.0,0.0,0.0,0.0,0.0,0.0,0.0,0.0,0.0,0.0,0.0,0.0,0.0,0.0,0.0,0.5191639820003795,0.0,0.0,0.5183186438408288,0.0,0.0,0.6165468217659097,0.0
2024-08-08,15952,16100.0,-148.0,-0.0091925465838509,8,"cnbc_5c9d8401,cnbc_452dcf6c,cnbc_a0a21b62,cnbc_6c1875d5,cnbc_6cfcd2d4,cnbc_8a106778,cnbc_ef304b46,cnbc_19810e8a",True,0,-0.002382146439317954,-0.0091925465838509,-0.0051288389050237,0.0017952209978952,-0.0005540848365449,-0.010704141498083741,-0.01531775940346225,0.004294278654253526,0.0032753878858146645,-0.01791540971495409,-0.015308641975308679,3,-0.0964625,-0.6705,0.5423,0.3468204473190291,0.05512500000000001,0.11075,-0.7533203706064856,-1.0,-0.5,0.004013513253950691,0.006052354038945956,0.0432986080514413,8,0.0,0.0,0.0,0.0,0.4348292442745536,0.0,0.0,0.0,0.0,0.0,0.0,0.0,0.0,0.0,0.0,0.38055713810662795,0.2930745517741417,0.0,0.3740601773523576,0.26497278325502116,0.35280592204991434,0.0,0.2076116490225548,0.0,0.0,0.35094471414282385,0.2816712624446571,0.0,0.0,0.0
2024-08-09,15914,15952.0,-38.0,-0.0023821464393179,8,"cnbc_1940df3b,cnbc_6398b81a,cnbc_68554ec5,cnbc_c9e1b634,cnbc_c4abdcdc,cnbc_7a4fa262,cnbc_7b94b513,cnbc_42e896af",True,1,0.00307904989317582,-0.0023821464393179,-0.0091925465838509,-0.0051288389050237,-0.0049279290378218,-0.00912792797280304,-0.016935227311335788,0.004040251931712878,0.0032617168647441643,-0.019711716151287417,-0.01485700136189183,4,-0.26363749999999997,-0.7579,0.2263,0.3297216659006285,0.01675,0.16525,-0.5671137685843568,-1.0,-0.2857142857142857,0.009529531838003882,0.0064707664388186405,0.03044956756265402,8,0.0,0.0,0.0,0.0,0.5423910862020813,0.14256435336573967,0.0,0.0,0.0,0.0,0.28647533199328373,0.0,0.5462321005871851,0.0,0.0,0.0,0.3655711444619304,0.0,0.0,0.19520923284011016,0.0,0.0,0.1529504662196099,0.0,0.0,0.25854598187609973,0.2075112408884919,0.0,0.0,0.0
2024-08-12,15963,15914.0,49.0,0.0030790498931758,10,"cnbc_c41732d6,cnbc_ab8e8b28,cnbc_aa3e1c0f,cnbc_8ea5c1ba,cnbc_022553ee,cnbc_563cec17,cnbc_cffbc7cf,cnbc_dd3752fe,cnbc_85adf9a4,cnbc_1ba88924",True,0,-0.004886299567750423,0.0030790498931758,-0.0023821464393179,-0.0091925465838509,0.0017952209978952,-0.0037073097663271604,-0.0132652556621502,0.005029900749701384,0.0033454709009589885,-0.011823696917172222,-0.013045628786942043,0,-0.49191,-0.8176,0.0,0.28402883441259585,0.0,0.2238,-0.6567193121458095,-1.0,0.0,0.006089006155925866,0.005533765767509391,0.04296180084290376,10,0.0,0.0,0.0,0.0,0.0,0.18392588483764472,0.0,0.0,0.0,0.4274274788739976,0.0,0.0,0.0,0.4057332659833732,0.0,0.0,0.0,0.0,0.0,0.0,0.33532571478834633,0.0,0.4708761843884488,0.0,0.0,0.3335567227368848,0.26771551017567013,0.3189955146556809,0.0,0.0
2024-08-13,15885,15963.0,-78.0,-0.0048862995677504,2,"cnbc_86a3f617,cnbc_0d943ad8",True,0,-0.01221277935158955,-0.0048862995677504,0.0030790498931758,-0.0023821464393179,-0.0051288389050237,-0.00487383165860622,-0.017120723686245953,0.0045085803605376725,0.003421179692058659,-0.018414385466229977,-0.01962599518607666,1,0.019250000000000017,-0.4019,0.4404,0.595596041793429,0.125,0.0755,-0.31746031746031744,-0.7777777777777778,0.14285714285714285,0.0037850380426770252,0.0076213551782268974,0.02388644244883308,2,0.0,0.0,0.0,0.0,0.0,0.0,0.0,0.0,0.0,0.0,0.0,0.0,0.0,0.570669782834503,0.5315030294786754,0.0,0.0,0.0,0.5000537958246108,0.0,0.0,0.0,0.0,0.0,0.0,0.0,0.37654578725038185,0.0,0.0,0.0
2024-08-14,15691,15885.0,-194.0,-0.0122127793515895,9,"cnbc_81d70851,cnbc_8dc57150,cnbc_bcaf191a,cnbc_d5f53765,cnbc_683066e3,cnbc_7b9711cc,cnbc_b3a353e1,cnbc_bcdd01c1,cnbc_e75b311d",True,0,-0.0002549232043846791,-0.0122127793515895,-0.0048862995677504,0.0030790498931758,-0.0091925465838509,-0.01196398211699512,-0.02780703602275114,0.005951218912944995,0.004184521037007143,-0.02540372670807456,-0.027156054312108657,2,-0.1131111111111111,-0.7506,0.6369,0.470174630973547,0.055,0.11822222222222223,-0.4321869488536155,-1.0,0.0,0.0062790944978350595,0.005521671146292296,0.01890690858721506,9,0.0,0.0,0.0,0.0,0.29081890403431154,0.0,0.23849253708682522,0.0,0.0,0.0,0.26007106312602196,0.0,0.0,0.0,0.0,0.0,0.19601170130472478,0.0,0.0,0.17721690856765582,0.0,0.0,0.13885310849831645,0.0,0.4958861976869963,0.0,0.3189636120539996,0.0,0.0,0.5951144466347426
2024-08-15,15687,15691.0,-4.0,-0.0002549232043846,5,"cnbc_6984936d,cnbc_317cd34a,cnbc_fd20ef79,cnbc_7c039711,cnbc_994bc0cb",True,1,0.001848664499266909,-0.0002549232043846,-0.0122127793515895,-0.0048862995677504,-0.0023821464393179,-0.00890826383623955,-0.02662856823745119,0.0057609953888201676,0.004122308469718682,-0.01661233701103315,-0.029269801980198018,3,-0.27734000000000003,-0.8176,0.0772,0.36798246969115256,0.083,0.1976,-0.2826728826728827,-1.0,0.38461538461538464,0.006242863442946179,0.009052869283466942,0.018302279148083574,5,0.0,0.0,0.35680041841282456,0.46114742182740304,0.0,0.2095208169890318,0.0,0.0,0.0,0.0,0.0,0.0,0.0,0.4621946793595923,0.0,0.4120360260136335,0.31731706371228113,0.0,0.0,0.0,0.0,0.0,0.0,0.0,0.0,0.0,0.0,0.36338659403755297,0.0,0.0
2024-08-16,15716,15687.0,29.0,0.0018486644992669,10,"cnbc_6115b05f,cnbc_28b39597,cnbc_4026e87d,cnbc_ee00d159,cnbc_c30c0bdc,cnbc_5b1b4c79,cnbc_2c87897a,cnbc_362821e0,cnbc_f79267b6,cnbc_fa9e45fb",True,0,-0.007953677780605753,0.0018486644992669,-0.0002549232043846,-0.0122127793515895,0.0030790498931758,-0.004585645157204055,-0.023365647526721323,0.006227127590549618,0.004096116603667664,-0.012441875078547215,-0.02981665534909561,4,-0.27707,-0.7964,0.2023,0.31136076984745525,0.0107,0.156,-0.4274341884316309,-1.0,0.3333333333333333,0.00845558405730656,0.00995727637503396,0.023474430543038525,10,0.2762871834195122,0.0,0.0,0.0,0.31751945729996084,0.23925342969012656,0.0,0.0,0.3167790147391664,0.0,0.0,0.0,0.5414143103762588,0.31171752775223976,0.0,0.0,0.2140078521696626,0.0,0.0,0.19348747915692577,0.25762467997844535,0.0,0.15160143664387216,0.0,0.0,0.0,0.2056809829744384,0.24507848266155494,0.0,0.0
2024-08-19,15591,15716.0,-125.0,-0.0079536777806057,11,"cnbc_ecdc6bee,cnbc_47782549,cnbc_7bd83d3f,cnbc_5605dc40,cnbc_5b52bd5b,cnbc_1e8bb6ea,cnbc_a85bbebf,cnbc_ac818dea,cnbc_024641c1,cnbc_a7fcffd1,cnbc_040bcfab",True,0,-0.007119492014623821,-0.0079536777806057,0.0018486644992669,-0.0002549232043846,-0.0048862995677504,-0.007827415043909935,-0.029212055927248515,0.005694434974387132,0.004259833293679926,-0.02330389024619428,-0.03925314271629288,0,-0.042581818181818186,-0.8979,0.8176,0.5377459768667392,0.09890909090909092,0.16036363636363637,-0.3689036641189751,-1.0,0.5,0.004339309960298985,0.008436494535985493,0.02132068954179581,11,0.0,0.0,0.0,0.0,0.32215089848824435,0.0,0.0,0.2909886473203788,0.0,0.3331747255918839,0.0,0.0,0.0,0.3162643401253088,0.2945581839952166,0.0,0.2171294397082124,0.0,0.0,0.19630974991792033,0.2613824766316543,0.0,0.26042761397768077,0.0,0.3244322527854395,0.0,0.35332783661177863,0.24865327643518015,0.0,0.0
2024-08-20,15480,15591.0,-111.0,-0.0071194920146238,4,"cnbc_cbb225e5,cnbc_0f2a05b5,cnbc_81f1a825,cnbc_338aed87",True,0,-0.0015503875968992248,-0.0071194920146238,-0.0079536777806057,0.0018486644992669,-0.0122127793515895,-0.00978698906160047,-0.03394606198846106,0.005800102880211775,0.00440824321918041,-0.025495750708215303,-0.044680325845470215,1,-0.16425,-0.872,0.4939,0.7121379103329167,0.12475,0.2225,-0.33937198067632846,-1.0,0.5555555555555556,0.00825769538186812,0.008105561511054678,0.02728499429652408,4,0.0,0.0,0.0,0.0,0.0,0.46489842856666336,0.505967253444219,0.0,0.0,0.0,0.0,0.0,0.0,0.0,0.0,0.0,0.0,0.0,0.0,0.37596963656438626,0.0,0.0,0.0,0.0,0.0,0.0,0.3996630932091884,0.4762172129044345,0.0,0.0
2024-08-21,15456,15480.0,-24.0,-0.0015503875968992,7,"cnbc_abc1589e,cnbc_16ee5480,cnbc_2239b972,cnbc_9f4a7a9a,cnbc_9e49ace4,cnbc_b5fc9c9e,cnbc_1570bb53",True,1,0.00795807453416149,-0.0015503875968992,-0.0071194920146238,-0.0079536777806057,-0.0002549232043846,-0.008340818683433837,-0.03312679263459806,0.00432016580619847,0.004334985373076081,-0.01497673825759993,-0.047337278106508895,2,-0.06301428571428572,-0.4404,0.5719,0.3364215482029028,0.07128571428571429,0.08714285714285715,-0.34841269841269845,-1.0,1.0,0.004099123004104722,0.008103706869937301,0.018240605457135302,7,0.7215013135479599,0.0,0.0,0.0,0.0,0.4573801864627851,0.40160968648111006,0.0,0.0,0.0,0.0,0.0,0.0,0.0,0.0,0.0,0.3300740512436276,0.0,0.0,0.0,0.0,0.0,0.0,0.0,0.0,0.0,0.0,0.0,0.0,0.0
2024-08-22,15579,15456.0,123.0,0.0079580745341614,5,"cnbc_549736c7,cnbc_68465529,cnbc_2299e498,cnbc_cd4d4c32,cnbc_962f13f6",True,0,-0.001604724308363823,0.0079580745341614,-0.0015503875968992,-0.0071194920146238,0.0018486644992669,0.0009380380869163929,-0.02332754480882193,0.00659178592453568,0.0047956401766653615,-0.0068846815834767705,-0.0423530858126383,3,-0.3344,-0.6597,0.0,0.3150829493958694,0.0,0.1502,-0.5555555555555556,-1.0,0.0,0.007650954181105611,0.003486910523450385,0.02498496484473071,5,0.0,0.0,0.0,0.0,0.0,0.4615746834602627,0.0,0.0,0.6111392996307742,0.0,0.0,0.0,0.0,0.0,0.0,0.0,0.4128701801732172,0.0,0.0,0.0,0.0,0.0,0.292473906107203,0.0,0.0,0.0,0.3968057416488518,0.0,0.0,0.0
2024-08-23,15554,15579.0,-25.0,-0.0016047243083638,6,"cnbc_c1b11fd9,cnbc_68f45887,cnbc_f0f5711b,cnbc_e7ef33d3,cnbc_b39dd975,cnbc_7f1b72df",True,0,-0.011186832969011186,-0.0016047243083638,0.0079580745341614,-0.0015503875968992,-0.0079536777806057,0.0014164305949009304,-0.022627732639608933,0.006347490012474655,0.0047166948142799816,-0.010307966403665048,-0.04541549036455139,4,0.03471666666666667,-0.4215,0.4767,0.29021139479122227,0.09633333333333333,0.057166666666666664,-0.541005291005291,-1.0,-0.14285714285714285,0.007454088366250233,0.005865875256364366,0.022391092253359335,6,0.0,0.0,0.2544615623334861,0.0,0.0,0.31358568183260155,0.0,0.0,0.0,0.34725107448360065,0.0,0.2944238796861593,0.5725195002228526,0.0,0.0,0.0,0.0,0.0,0.0,0.20460366994976328,0.0,0.30826725292398255,0.0,0.3430297510144902,0.0,0.0,0.2174977116804229,0.0,0.0,0.0
2024-08-26,15380,15554.0,-174.0,-0.0111868329690111,10,"cnbc_612412ce,cnbc_1f8ecea0,cnbc_6536fc6d,cnbc_1289e3a1,cnbc_6d3b60ad,cnbc_93ac7f6b,cnbc_4b9d1d32,cnbc_dd1e4da7,cnbc_f6b7c633,cnbc_6d61315b",True,1,0.008387516254876463,-0.0111868329690111,-0.0016047243083638,0.0079580745341614,-0.0071194920146238,-0.007088535681545216,-0.030802581165557563,0.007205449873948254,0.005091024544208878,-0.013533448784555202,-0.05563060297187772,0,-0.14834,-0.4767,0.2023,0.22355952823949746,0.0167,0.09659999999999999,-0.511729055258467,-1.0,0.25,0.004975614418294421,0.0062910804215849155,0.024099156369385217,10,0.0,0.0,0.2189892586073322,0.0,0.2889558693743478,0.12859516415180702,0.0,0.0,0.0,0.5059865048611112,0.0,0.0,0.0,0.2836758729584851,0.26420635961930383,0.0,0.19475601748148172,0.0,0.0,0.0,0.39695689865982314,0.26529435939825724,0.0,0.0,0.0,0.0,0.3169202776755242,0.0,0.0,0.2817585920474358
2024-08-27,15509,15380.0,129.0,0.0083875162548764,7,"cnbc_083f7c5e,cnbc_518af23d,cnbc_c90518e6,cnbc_102b33f1,cnbc_fec1e736,cnbc_9228ae02,cnbc_b5c33b8e",True,0,-0.0021277967631697725,0.0083875162548764,-0.0111868329690111,-0.0016047243083638,-0.0015503875968992,0.0008647616097472444,-0.020169633408620657,0.008108676425745458,0.005583394006997434,0.0018733850129200036,-0.04969362745098038,1,-0.2218142857142857,-0.8225,0.4019,0.5252178133199324,0.07457142857142858,0.18328571428571427,-0.7084249084249085,-1.0,0.0,0.005498188586408645,0.0031370816546851693,0.023498222019813022,7,0.0,0.0,0.0,0.0,0.0,0.19510274372383943,0.0,0.0,0.0,0.0,0.0,0.0,0.0,0.4303889769689914,0.4008501098078752,0.0,0.0,0.4323563848632773,0.0,0.2671485264596578,0.3557028802885154,0.0,0.0,0.0,0.0,0.0,0.4808269123030391,0.0,0.0,0.0
2024-08-28,15476,15509.0,-33.0,-0.0021277967631697,10,"cnbc_86c0f597,cnbc_657d245f,cnbc_102294d7,cnbc_e140210a,cnbc_94bb5a09,cnbc_30ad1118,cnbc_39fd7795,cnbc_fe95ad55,cnbc_ada6c2c8,cnbc_c535721d",True,0,-0.004329284052726803,-0.0021277967631697,0.0083875162548764,-0.0111868329690111,0.0079580745341614,-0.0015226199385790506,-0.019721485873183342,0.008147429656221289,0.005579948837755617,0.0012939958592133038,-0.050202528538112134,2,-0.14637000000000003,-0.7574,0.4215,0.4171143649461673,0.0628,0.15489999999999998,-0.4047117794486216,-1.0,1.0,0.004324798822230123,0.0049665711680758964,0.02752213464739303,10,0.0,0.0,0.2653255524782735,0.0,0.0,0.15580482436260495,0.48611011313694835,0.0,0.0,0.0,0.0,0.0,0.0,0.0,0.3201102135331768,0.0,0.2359647603967562,0.0,0.0,0.36121436974877286,0.0,0.0,0.2830189200300234,0.0,0.0,0.28255808934594095,0.38397795535991147,0.2702231943984355,0.0,0.0
2024-08-29,15409,15476.0,-67.0,-0.0043292840527268,4,"cnbc_caa04fe5,cnbc_30363cd5,cnbc_0c991d83,cnbc_e49f4486",True,1,0.004153416834317606,-0.0043292840527268,-0.0021277967631697,0.0083875162548764,-0.0016047243083638,-0.0036597351541486356,-0.021380508267362708,0.007031149032432061,0.005592857489347087,-0.01091212529687402,-0.051345194853167464,3,0.074,-0.3182,0.3182,0.29900639903966375,0.08549999999999999,0.03325,-0.2361111111111111,-0.7777777777777778,0.3333333333333333,0.00662406186068066,0.0075121929854305835,0.015681057591958376,4,0.0,0.0,0.0,0.0,0.0,0.4919578554436568,0.5354170924960276,0.0,0.0,0.0,0.0,0.0,0.0,0.0,0.0,0.0,0.4400473762814992,0.0,0.0,0.0,0.0,0.0,0.0,0.0,0.0,0.5269386227618419,0.0,0.0,0.0,0.0
2024-08-30,15473,15409.0,64.0,0.0041534168343176,8,"cnbc_df3c1bce,cnbc_e399ac2a,cnbc_9be9db86,cnbc_098a035b,cnbc_cf9060aa,cnbc_e8eea213,cnbc_141c62ed,cnbc_008c37fe",True,1,0.004071608608543915,0.0041534168343176,-0.0043292840527268,-0.0021277967631697,-0.0111868329690111,0.0015275674136212558,-0.014935445262166058,0.007596194265557382,0.00578017234344752,-0.005207663623505221,-0.046876924972280354,4,-0.047299999999999995,-0.6369,0.34,0.3373437289006147,0.039125,0.068875,-0.3913690476190476,-1.0,1.0,0.0024367192976342206,0.005070379860467224,0.023012536797127996,8,0.0,0.0,0.48311390680329014,0.0,0.0,0.5953653765167708,0.0,0.0,0.0,0.0,0.0,0.0,0.6419821037212061,0.0,0.0,0.0,0.0,0.0,0.0,0.0,0.0,0.0,0.0,0.0,0.0,0.0,0.0,0.0,0.0,0.0
2024-09-02,15536,15473.0,63.0,0.0040716086085439,11,"cnbc_0537bc56,cnbc_7e0277c1,cnbc_214dc831,cnbc_d6cb3669,cnbc_d969b7cb,cnbc_38cf4b29,cnbc_98c82408,cnbc_64b55725,cnbc_c429eae7,cnbc_fa941b59,cnbc_2cd8ccfc",True,1,0.0013516992790937178,0.0040716086085439,0.0041534168343176,-0.0043292840527268,0.0083875162548764,0.0035786726612663244,-0.008975103178602728,0.005167756750191652,0.005920132127778639,0.010143042912873934,-0.03825677850687137,0,-0.050227272727272725,-0.6486,0.7579,0.35418964155070687,0.07390909090909091,0.09672727272727273,-0.5631879261558406,-0.875,0.0,0.0036401073097479253,0.008598349659721082,0.031333406629969966,11,0.3041722933115505,0.0,0.0,0.0,0.0,0.32647849895611986,0.0,0.0,0.0,0.0,0.0,0.0,0.0,0.0,0.0,0.0,0.39891772461624014,0.0,0.3007128505206185,0.0,0.0,0.0,0.2825900991080533,0.0,0.5960581681010679,0.0,0.0,0.0,0.0,0.3408591092310958
2024-09-03,15557,15536.0,21.0,0.0013516992790937,9,"cnbc_c0a4f955,cnbc_88a45292,cnbc_cdf6f853,cnbc_f7323aa5,cnbc_821e6ce0,cnbc_a09d592b,cnbc_ae422da1,cnbc_cc4f47fc,cnbc_3ef3300b",True,0,-0.004306742945297937,0.0013516992790937,0.0040716086085439,0.0041534168343176,-0.0021277967631697,0.004312403971543199,-0.005650223068761395,0.003774246376970257,0.0059062507580714164,0.0030949771100652335,-0.038682568127046846,1,0.1332111111111111,-0.5719,0.7506,0.3999087941157472,0.13877777777777778,0.0781111111111111,-0.6252136752136752,-1.0,0.2,0.006199855726507049,0.00604494192626247,0.030932068723966564,9,0.0,0.0,0.0,0.0,0.0,0.2605406103180325,0.0,0.0,0.34496390686220285,0.3576022967282922,0.3092124680597187,0.0,0.0,0.574742336234778,0.0,0.0,0.0,0.0,0.0,0.0,0.0,0.0,0.0,0.0,0.0,0.2790664054966742,0.0,0.26688393780251807,0.33195314776955714,0.0
2024-09-04,15490,15557.0,-67.0,-0.0043067429452979,9,"cnbc_26a8b85a,cnbc_6235305a,cnbc_67d5cc0e,cnbc_ac023a76,cnbc_912421a7,cnbc_52516ad9,cnbc_1cd30cca,cnbc_f510f17c,cnbc_bde7c8f2",True,0,-0.005164622336991607,-0.0043067429452979,0.0013516992790937,0.0040716086085439,-0.0043292840527268,-0.0001936358355386636,-0.007998770405189926,0.0042652582502812906,0.005885817668186693,0.0009046265184802227,-0.03788819875776395,2,-0.3822888888888889,-0.7717,0.0,0.26479729721262474,0.011333333333333332,0.19666666666666666,-0.8026455026455026,-1.0,-0.14285714285714285,0.0050792560606812516,0.002722770062073385,0.03943421102850608,9,0.0,0.0,0.0,0.0,0.0,0.3041708596511637,0.0,0.0,0.0,0.0,0.0,0.0,0.0,0.0,0.3690978567911096,0.0,0.4606635533327474,0.39810844781725097,0.3472581981332396,0.41649233320262546,0.0,0.0,0.32633034623117224,0.0,0.0,0.0,0.0,0.0,0.0,0.0
2024-09-05,15410,15490.0,-80.0,-0.0051646223369916,6,"cnbc_5c45231a,cnbc_7f6c5904,cnbc_0b262abf,cnbc_922a6cf7,cnbc_aa2cbb24,cnbc_00da07c8",True,0,-0.002465931213497729,-0.0051646223369916,-0.0043067429452979,0.0013516992790937,0.0041534168343176,-0.005370097849379141,-0.011406356252967043,0.004496529149249027,0.005689247560492292,6.489713803614627e-05,-0.03397693079237718,3,-0.17558333333333334,-0.5574,0.0,0.2274279526941811,0.028,0.10433333333333333,-0.7285714285714286,-1.0,-0.3333333333333333,0.004352380791142249,0.005957791667971259,0.026987447114706117,6,0.0,0.0,0.0,0.0,0.0,0.18100256251482302,0.0,0.0,0.0,0.42063393651054654,0.0,0.0,0.0,0.39928453194788094,0.0,0.3559530629397847,0.0,0.0,0.3498761487297715,0.4196322341697451,0.0,0.0,0.19418897971334848,0.0,0.0,0.0,0.26346043358461296,0.31392539247197565,0.0,0.0
2024-09-06,15372,15410.0,-38.0,-0.0024659312134977,8,"cnbc_1f032231,cnbc_bbd8fb41,cnbc_6dfdc4ce,cnbc_9e196da7,cnbc_01616a46,cnbc_74cd2814,cnbc_9a822fc8,cnbc_710549a7",True,1,0.004813947436898257,-0.0024659312134977,-0.0051646223369916,-0.0043067429452979,0.0040716086085439,-0.0065274995152846405,-0.012126703811525252,0.003912187799530427,0.0056897982102207985,-0.0065274995152846405,-0.03405806208369988,4,-0.11938750000000001,-0.6369,0.0,0.2369043956505903,0.0,0.058875,-0.14930555555555555,-0.875,0.5555555555555556,0.009668326291709143,0.009587586945062995,0.02087567716155656,8,0.33640804410821207,0.0,0.0,0.3786881360844672,0.0,0.17205571125618807,0.0,0.0,0.0,0.0,0.3457366153585914,0.33901437310207394,0.3893504238443525,0.0,0.0,0.33835851032721065,0.2605765569041273,0.381283132640619,0.0,0.0,0.0,0.0,0.0,0.0,0.0,0.0,0.0,0.0,0.0,0.0
2024-09-09,15446,15372.0,74.0,0.0048139474368982,18,"cnbc_bc1d1ecc,cnbc_0d4274fa,cnbc_6ecf9c9a,cnbc_9bd02e73,cnbc_c650faba,cnbc_c8093cf9,cnbc_f458d7b4,cnbc_3985d960,cnbc_198883bc,cnbc_0f70e32c,cnbc_3f9d9f8c,cnbc_c3dc3529,cnbc_77f1303d,cnbc_3110b4a7,cnbc_3a0e914a,cnbc_a2ff92d7,cnbc_d69e9665,cnbc_0f1312d7",True,1,6.474168069403081e-05,0.0048139474368982,-0.0024659312134977,-0.0051646223369916,0.0013516992790937,-0.0005823358136525236,-0.005719398642407225,0.004172558209915326,0.005779265808723691,-0.005792996910401693,-0.03238739585290984,0,-0.1847611111111111,-0.7783,0.6249,0.39325445009095555,0.05938888888888889,0.15455555555555556,-0.5615601718542895,-1.0,0.0,0.0067156487679077064,0.005826928109688181,0.02580916075107308,18,0.2214913196161244,0.5128468830435038,0.0,0.0,0.25454602247828056,0.29560134094767243,0.0,0.2299233157794235,0.0,0.0,0.22763325823075195,0.223207328666189,0.0,0.0,0.0,0.2227755081017413,0.1715638090721636,0.0,0.0,0.26262952595760686,0.2065301387776127,0.0,0.2550536247835281,0.0,0.0,0.0,0.16488840262190982,0.1964722209057478,0.2443742876246014,0.0
2024-09-10,15447,15446.0,1.0,6.474168069403081e-05,6,"cnbc_6264f5a2,cnbc_142bfe41,cnbc_c34bdb85,cnbc_85597adb,cnbc_c0eeb324,cnbc_aafa8fb2",True,0,-0.0020715996633650547,6.474168069403081e-05,0.0048139474368982,-0.0024659312134977,-0.0043067429452979,0.0009071470226138523,-0.004251286828101719,0.004016082332848281,0.005738286754913857,-0.007070771999742931,-0.02757318224740324,1,-0.07024999999999999,-0.4215,0.0,0.17207665443051826,0.0,0.022500000000000003,-0.28475228475228476,-0.7142857142857143,0.0,0.004884460123286724,0.005338794618541936,0.014226958590009747,6,0.0,0.0,0.0,0.38371594713023216,0.0,0.29518341609014404,0.0,0.0,0.0,0.0,0.35032693179046814,0.0,0.0,0.0,0.0,0.34285086826913536,0.26403621028703056,0.0,0.0,0.0,0.0,0.0,0.39252679730074586,0.0,0.39451979720238467,0.0,0.0,0.0,0.0,0.38198804751739285
2024-09-11,15415,15447.0,-32.0,-0.002071599663365,8,"cnbc_008a06be,cnbc_1b37bed2,cnbc_e6943338,cnbc_05e0d41e,cnbc_92303185,cnbc_e718a690,cnbc_9df7e270,cnbc_a57e9c70",True,1,0.0003892312682452157,-0.002071599663365,6.474168069403081e-05,0.0048139474368982,-0.0051646223369916,-0.0001945777662472059,-0.005429329995515819,0.0037272907731877103,0.005148559850266029,-0.004841833440929588,-0.017589701102542876,2,-0.03925,-0.6705,0.3818,0.29518717548604406,0.04475,0.07375000000000001,-0.35138888888888886,-1.0,0.4,0.0037530352609027283,0.007776067838656854,0.02043402926296372,8,0.0,0.29208161239613256,0.0,0.5045630676114157,0.0,0.13539671904098388,0.0,0.0,0.0,0.0,0.4606585488382145,0.26678238978891156,0.3063936068198712,0.0,0.27818055584101326,0.0,0.0,0.0,0.0,0.0,0.0,0.27932610125369856,0.1452606546658717,0.0,0.0,0.0,0.0,0.0,0.0,0.29666114722474796
2024-09-12,15421,15415.0,6.0,0.0003892312682452,11,"cnbc_b6c39cbd,cnbc_5e197076,cnbc_716016a2,cnbc_20bad2c8,cnbc_dbd6d817,cnbc_d7c02d92,cnbc_d3cd0e74,cnbc_63fb199b,cnbc_11e7fce0,cnbc_dbb7850b,cnbc_0d5d1f5a",True,0,-0.0010375462032293625,0.0003892312682452,-0.002071599663365,6.474168069403081e-05,-0.0024659312134977,5.188000155631478e-05,-0.004187693927036662,0.0028980782657913994,0.005154649721496169,0.0007138221933808975,-0.0169567157518965,3,-0.07064545454545455,-0.5859,0.3182,0.27106660570286545,0.04554545454545455,0.05763636363636364,-0.40005812369448734,-0.8181818181818182,0.14285714285714285,0.007481691543590043,0.007861919291246093,0.020431945667286202,11,0.0,0.2979328270122056,0.23519086902569827,0.30397291396407417,0.0,0.3603871095981575,0.0,0.0,0.0,0.0,0.0,0.0,0.0,0.0,0.2837532932717992,0.0,0.0,0.0,0.2669635044554155,0.18910877737309034,0.0,0.0,0.2508746900961468,0.0,0.529161880312214,0.2504661988368214,0.2010263371494196,0.0,0.0,0.0
2024-09-13,15405,15421.0,-16.0,-0.0010375462032293,10,"cnbc_a9f31cd4,cnbc_e699873d,cnbc_cdf68c68,cnbc_f2fcd26e,cnbc_b850009b,cnbc_e5a10c6d,cnbc_81ea68c4,cnbc_eba86854,cnbc_1a64bbba,cnbc_c1021738",True,0,-0.004349237260629666,-0.0010375462032293,0.0003892312682452,-0.002071599663365,0.0048139474368982,-0.0014131252106722725,-0.004220991189569645,0.002634660708455675,0.005115607084895553,0.002146760343481713,-0.019788750318147086,4,-0.12645,-0.91,0.3818,0.46539932972782755,0.0733,0.14250000000000002,-0.4245782906464021,-1.0,0.4,0.006516017215984764,0.008435304227358215,0.02879745332644439,10,0.339876860368962,0.0,0.0,0.0,0.0,0.2943194957839061,0.542348039101477,0.0,0.0,0.0,0.0,0.0,0.0,0.0,0.0,0.0,0.0,0.0,0.0,0.23802015034735993,0.0,0.3586143782569959,0.31576128979579143,0.0,0.39336514675307915,0.0,0.2530200853537568,0.0,0.0,0.0
2024-09-17,15338,15405.0,-67.0,-0.0043492372606296,26,"cnbc_5a162eb0,cnbc_23a8810e,cnbc_eff61043,cnbc_43a328f1,cnbc_1a134ec0,cnbc_c5079d89,cnbc_74bb5020,cnbc_af1c7fb4,cnbc_7f4e6d5d,cnbc_60f1684c,cnbc_575ccf04,cnbc_200674ee,cnbc_15a72995,cnbc_f8070d67,cnbc_1be00ed7,cnbc_81eba1c8,cnbc_5442ca0e,cnbc_cdfd51c6,cnbc_25558472,cnbc_7ab3b111,cnbc_1328be46,cnbc_d24fafb8,cnbc_43e34bad,cnbc_301a9a53,cnbc_0b507400,cnbc_3daa3106",True,1,0.0007823705828660843,-0.0043492372606296,-0.0010375462032293,0.0003892312682452,6.474168069403081e-05,-0.004362163425336907,-0.007740503892894379,0.0019122782299266653,0.004916864325813664,-0.006992101514955329,-0.016227310627926372,1,0.03886153846153847,-0.7351,0.7269,0.41127237016548834,0.10276923076923078,0.10888461538461539,-0.3928230788554675,-1.0,1.0,0.008060663024926754,0.007566204585647352,0.02388379553377234,26,0.31537336259512694,0.0,0.27467928363554267,0.0,0.21406215906809445,0.2933627596215475,0.2972259839445725,0.0,0.0,0.0,0.0,0.0,0.21557806862708853,0.0,0.0,0.3172018714577626,0.24428341237250753,0.0,0.0,0.1304434943709497,0.29407068618499593,0.3327599949672766,0.21448903057978147,0.218695976501856,0.21557806862708853,0.0,0.0,0.0,0.0,0.208730325084772
2024-09-18,15350,15338.0,12.0,0.000782370582866,6,"cnbc_2df4aa1d,cnbc_a72b7cdd,cnbc_d2f55191,cnbc_ff6223a8,cnbc_ec1a80c4,cnbc_205d07ee",True,0,-0.004104234527687297,0.000782370582866,-0.0043492372606296,-0.0010375462032293,-0.002071599663365,-0.0023268208347956287,-0.006546438291000989,0.0020701915964902963,0.004695347302346299,-0.006279536479575354,-0.008397932816537446,2,-0.0013166666666666698,-0.7906,0.4215,0.482569300377331,0.07616666666666667,0.08783333333333333,-0.003846153846153851,-1.0,1.0,0.005546693749737476,0.0065486822777876584,0.01047482406672461,6,0.0,0.0,0.0,0.0,0.0,0.3012489306397574,0.5551170383012843,0.0,0.0,0.0,0.0,0.0,0.0,0.0,0.0,0.0,0.0,0.0,0.0,0.0,0.5492240153427617,0.0,0.5472176317945054,0.0,0.0,0.0,0.0,0.0,0.0,0.0
2024-09-19,15287,15350.0,-63.0,-0.0041042345276872,12,"cnbc_96ffc4eb,cnbc_811df422,cnbc_5f08e681,cnbc_7bfe3ced,cnbc_49916b26,cnbc_bbeaf83b,cnbc_fcf9838b,cnbc_1d25c4e0,cnbc_fe25d970,cnbc_20712be0,cnbc_f5a0d145,cnbc_09407bba",True,0,-0.012232615948191274,-0.0041042345276872,0.000782370582866,-0.0043492372606296,0.0003892312682452,-0.004765562948399138,-0.010082433771296473,0.0024371179524651887,0.004762211858760456,-0.00830360038923128,-0.010934265010351996,3,-0.04274166666666666,-0.7269,0.7003,0.3930496162488056,0.05858333333333333,0.08166666666666667,-0.47562554192988976,-1.0,1.0,0.006258067022765876,0.005651419468186279,0.02227604573300662,12,0.22494401684725512,0.0,0.0,0.4287306034284403,0.2585139899296882,0.0,0.0,0.0,0.0,0.0,0.23118169851170176,0.0,0.0,0.25379024805438194,0.0,0.22624822378793483,0.0,0.0,0.0,0.15753119718594466,0.0,0.0,0.259029504947167,0.4471772018002141,0.44080187957796213,0.2086430926446878,0.0,0.0,0.0,0.0
2024-09-20,15100,15287.0,-187.0,-0.0122326159481912,7,"cnbc_f3e29080,cnbc_ab5effef,cnbc_ccb8dc28,cnbc_cff8107c,cnbc_18cc3fdc,cnbc_450600ba,cnbc_3df3a985",True,1,0.006026490066225166,-0.0122326159481912,-0.0041042345276872,0.000782370582866,-0.0010375462032293,-0.012813807531380728,-0.020672882042967133,0.004984445866890621,0.005000315458182903,-0.020815770702289127,-0.03074651774825088,4,-0.22684285714285712,-0.7902,0.5373,0.40913979622757657,0.04414285714285714,0.16871428571428573,-0.1989010989010989,-1.0,1.0,0.004587333048010425,0.008737837690588711,0.01723853390214907,7,0.0,0.0,0.0,0.0,0.0,0.182963579396744,0.3371504094505097,0.0,0.0,0.0,0.0,0.0,0.7010208228451229,0.0,0.37590947975512895,0.0,0.46916500188042604,0.0,0.0,0.0,0.0,0.0,0.0,0.0,0.0,0.0,0.0,0.0,0.0,0.0
2024-09-23,15191,15100.0,91.0,0.0060264900662251,14,"cnbc_00ae7204,cnbc_66ce76e1,cnbc_51fd6f84,cnbc_91fa2d24,cnbc_5dcb5b1d,cnbc_ee7fa115,cnbc_9a0e7bce,cnbc_cd95b51c,cnbc_6c2b0732,cnbc_ab8e02df,cnbc_83cea6f8,cnbc_c84cae1f,cnbc_0187ff6a,cnbc_9a86a1e2",True,0,-0.0003291422552827332,0.0060264900662251,-0.0122326159481912,-0.0041042345276872,-0.0043492372606296,-0.0040778328481893,-0.013609859356129017,0.006778877094761841,0.005279169161516432,-0.013891593638429067,-0.02333804809052331,0,-0.10755,-0.7845,0.6249,0.4374397782728322,0.10264285714285715,0.13957142857142857,-0.5775391275391275,-1.0,0.5,0.004734946080019407,0.00364741029066936,0.01790735555598703,14,0.0,0.2852756138286827,0.22519915042949837,0.0,0.29714980866436647,0.22390473786792822,0.41259344782705126,0.0,0.0,0.0,0.4499244208054498,0.0,0.0,0.4939250429296394,0.0,0.0,0.20027872580045225,0.0,0.0,0.0,0.0,0.0,0.14187583424033284,0.0,0.0,0.0,0.0,0.2293560994652257,0.0,0.0
2024-09-24,15186,15191.0,-5.0,-0.0003291422552827,7,"cnbc_2dae3ccf,cnbc_74ee4a16,cnbc_14bb7877,cnbc_8a0213ec,cnbc_e476959d,cnbc_e042272f,cnbc_dc11eec0",True,0,-0.006189911760832345,-0.0003291422552827,0.0060264900662251,-0.0122326159481912,0.000782370582866,-0.002417426491841179,-0.013313061614330546,0.006783952466832727,0.004723560339762799,-0.009910027382970421,-0.012613784135240613,1,0.03052857142857143,-0.4215,0.5719,0.39723223566022314,0.11842857142857142,0.10428571428571429,-0.6333761476618619,-1.0,-0.07692307692307693,0.006262417340663852,0.006166648861532778,0.026245006195993934,7,0.29825705685039283,0.0,0.2597715737333395,0.0,0.0,0.15254340956563042,0.28109459359945355,0.0,0.0,0.0,0.0,0.300567810200402,0.0,0.0,0.31340944421264505,0.507921003390117,0.0,0.0,0.0,0.0,0.0,0.3147000619196398,0.0,0.0,0.34519540639139795,0.2766433871705256,0.0,0.0,0.0,0.0
2024-09-25,15092,15186.0,-94.0,-0.0061899117608323,13,"cnbc_0a8b575e,cnbc_0dc4e5f6,cnbc_7aef4d07,cnbc_f14df465,cnbc_c4862e50,cnbc_3f70ddeb,cnbc_286b6357,cnbc_f9825d94,cnbc_8846d7ed,cnbc_c9c721fb,cnbc_91811b41,cnbc_876cc548,cnbc_6e22f331",True,1,0.005234561357010337,-0.0061899117608323,-0.0003291422552827,0.0060264900662251,-0.0041042345276872,-0.0052204176334107455,-0.018090377064485796,0.0067929691733578925,0.004371430025636413,-0.0168078175895765,-0.026887613643690744,2,-0.3014307692307692,-0.7906,0.6369,0.4774729702377845,0.06392307692307693,0.2123846153846154,-0.6674743187008012,-1.0,0.1,0.007202081539989856,0.005896703843446315,0.02766918374857774,13,0.0,0.2607231645940736,0.2058172248790101,0.0,0.0,0.25363883725587305,0.22271147051109233,0.0,0.0,0.0,0.24286214408920018,0.0,0.0,0.4514150317181139,0.0,0.4024262157445578,0.18304159437518844,0.0,0.0,0.0,0.0,0.0,0.2721169597715747,0.0,0.27349859556762324,0.37111208569284876,0.1759195967559649,0.0,0.0,0.0
2024-09-26,15171,15092.0,79.0,0.0052345613570103,8,"cnbc_b86ff074,cnbc_1c0859f7,cnbc_1a47b67d,cnbc_1a91928b,cnbc_5d0829c5,cnbc_1bc78fc2,cnbc_aa5ce177,cnbc_133463a2",True,0,-0.002175202689341507,0.0052345613570103,-0.0061899117608323,-0.0003291422552827,-0.0122326159481912,0.0015183522577237873,-0.011970198244197205,0.007754959333550581,0.004606405629669096,-0.007588146791391415,-0.01970793486689071,3,-0.13345,-0.5859,0.4284,0.36908455864282835,0.113125,0.189,-0.1605020469726352,-0.6923076923076923,1.0,0.006875555741531807,0.013297548482505302,0.02403101370379132,8,0.37218734724089897,0.41063919797181764,0.0,0.0,0.4277314750804193,0.3222990593068762,0.0,0.0,0.0,0.4423682116228235,0.0,0.0,0.0,0.0,0.0,0.0,0.0,0.0,0.0,0.0,0.0,0.0,0.20422277951532064,0.0,0.0,0.0,0.0,0.0,0.41063919797181764,0.0
2024-09-27,15138,15171.0,-33.0,-0.0021752026893415,14,"cnbc_1434f7cd,cnbc_71fd7024,cnbc_0ca48ec2,cnbc_4849e2bf,cnbc_967cf209,cnbc_bc5a5c63,cnbc_55a10e7e,cnbc_7b658664,cnbc_6e74a1a6,cnbc_0c1ac7d3,cnbc_8c30b218,cnbc_9b989ffe,cnbc_fd58a17b,cnbc_696e80be",True,1,0.00039635354736424893,-0.0021752026893415,0.0052345613570103,-0.0061899117608323,0.0060264900662251,-0.0011612869170471996,-0.013248594475678277,0.005137031659061318,0.004548911241944592,0.0025165562913906925,-0.017587124407813626,4,-0.10155000000000002,-0.6486,0.6486,0.3832191936537304,0.04657142857142856,0.08950000000000001,-0.154029304029304,-1.0,1.0,0.009013806520726962,0.008535150381468935,0.014314482080060892,14,0.1857442334462152,0.0,0.0,0.35401802815152617,0.21346414795828103,0.24789343697603577,0.0,0.0,0.0,0.0,0.0,0.18718329113092916,0.4511509031217344,0.0,0.0,0.0,0.14387465955077527,0.0,0.1836317085270092,0.22024303283706329,0.0,0.33183038566707057,0.172564965621483,0.0,0.36398570796153423,0.17228398358979558,0.13827661509380396,0.16476303508806617,0.0,0.20814720916227983
2024-09-30,15144,15138.0,6.0,0.0003963535473642,21,"cnbc_db23b2f8,cnbc_edf63d47,cnbc_3cf575f4,cnbc_238ad486,cnbc_7c5df006,cnbc_6492e3c8,cnbc_a831246b,cnbc_d16a443d,cnbc_a266e98d,cnbc_e664b6c8,cnbc_c0c53ddc,cnbc_a01bb10f,cnbc_24f35686,cnbc_e831dca8,cnbc_75f77c9c,cnbc_af37de6f,cnbc_5711502a,cnbc_695dc470,cnbc_ec306863,cnbc_f75636f7,cnbc_132a86e8",True,1,0.003961965134706815,0.0003963535473642,-0.0021752026893415,0.0052345613570103,-0.0003291422552827,-0.00014525095403472577,-0.011797870119022669,0.004148366097259972,0.00440556058191534,-0.0030939371996576703,-0.021262844955729387,0,0.05028095238095239,-0.7783,0.7506,0.4901700394955282,0.12923809523809524,0.1139047619047619,-0.4779221867457161,-1.0,0.42857142857142855,0.0060397157074772116,0.006967300906207526,0.01943062875238186,21,0.0,0.0,0.14366521517806793,0.18568039768661845,0.0,0.20131561703776202,0.0,0.0,0.1891238912347272,0.4678396775112435,0.0,0.0,0.0,0.44409433107411855,0.1733293392904815,0.16590575930848456,0.0,0.0,0.1630733772580587,0.11551619034324757,0.0,0.0,0.2159818829621525,0.0,0.4555636092976305,0.1529960771852625,0.20791165820688695,0.0,0.0,0.18484426593427908
2024-10-01,15204,15144.0,60.0,0.0039619651347068,3,"cnbc_2692bfac,cnbc_6c1656c8,cnbc_9bda9cee",True,1,0.0028282031044461983,0.0039619651347068,0.0003963535473642,-0.0021752026893415,-0.0061899117608323,0.0035776049848843527,-0.006806809422401083,0.004636807337538234,0.004398895748983766,0.0011853022520742496,-0.021369721936148278,1,-0.2013,-0.5267,0.0,0.2844359857683271,0.078,0.14533333333333334,-0.49831649831649827,-0.6666666666666666,-0.2727272727272727,0.008348174813692056,0.008394172876931498,0.028396699086354258,3,0.0,0.0,0.0,0.0,0.0,0.27295548754030974,0.0,0.0,0.0,0.0,0.0,0.0,0.0,0.6021290669639711,0.0,0.0,0.0,0.0,0.0,0.0,0.0,0.5631125531731583,0.49582269108778815,0.0,0.0,0.0,0.0,0.0,0.0,0.0
2024-10-02,15247,15204.0,43.0,0.0028282031044461,7,"cnbc_22d885f6,cnbc_d5de8b8d,cnbc_98960c2c,cnbc_14be8a5b,cnbc_aa8e9a33,cnbc_06a9eeb9,cnbc_c669f71d",True,1,0.00964124089984915,0.0028282031044461,0.0039619651347068,0.0003963535473642,0.0052345613570103,0.00436077150084313,-0.0029883539204980103,0.0029575971136578715,0.004453730254892548,0.010270341902995028,-0.01992672109018445,2,-0.3648285714285714,-0.8176,0.0,0.36095458954595067,0.0,0.19999999999999998,-0.2440940012368584,-0.8571428571428571,0.5,0.007100394306336998,0.012382758231950954,0.021460159715536258,7,0.0,0.0,0.0,0.0,0.0,0.1802059867044796,0.0,0.0,0.0,0.418782764824475,0.0,0.0,0.0,0.6730722560570056,0.0,0.3543865458937497,0.4620938351218974,0.0,0.0,0.0,0.0,0.0,0.0,0.0,0.0,0.0,0.0,0.0,0.0,0.0
2024-10-03,15394,15247.0,147.0,0.0096412408998491,5,"cnbc_900e36b7,cnbc_04e2e8c0,cnbc_095466f8,cnbc_a97d1041,cnbc_be090809",True,1,0.006560997791347278,0.0096412408998491,0.0028282031044461,0.0039619651347068,-0.0021752026893415,0.011073600693577879,0.006940129121723704,0.004432790503692316,0.004970193039733521,0.014699096961307667,-0.006197546804389886,3,-0.030779999999999995,-0.4939,0.34,0.29782552274779944,0.0312,0.045,-0.7458585858585859,-1.0,-0.1111111111111111,0.010911011192091143,0.002716855487058993,0.02805558011665224,5,0.0,0.0,0.0,0.4571759986498271,0.0,0.20771641390795736,0.0,0.0,0.0,0.0,0.0,0.0,0.0,0.4582142371511395,0.0,0.0,0.0,0.46030884076713846,0.0,0.0,0.0,0.4285230578279133,0.37731614137905456,0.0,0.0,0.0,0.0,0.0,0.0,0.0
2024-10-04,15495,15394.0,101.0,0.0065609977913472,5,"cnbc_bf80375a,cnbc_61bf85bb,cnbc_d439f16b,cnbc_af00d3ef,cnbc_654bc98d",True,1,0.011939335269441756,0.0065609977913472,0.0096412408998491,0.0028282031044461,0.0003963535473642,0.012956958318079748,0.013264975820927782,0.0035512811573203936,0.005056863181917821,0.023583036068172802,0.0055158987670342885,4,-0.20396,-0.6908,0.0,0.2876478802285878,0.0508,0.1458,-0.536969696969697,-1.0,0.1111111111111111,0.009812679102257534,0.0054968328760782075,0.029835543597056036,5,0.0,0.0,0.0,0.0,0.0,0.0,0.4382040810351394,0.0,0.0,0.0,0.0,0.0,0.5381321422739314,0.0,0.0,0.0,0.0,0.5269821128096044,0.0,0.0,0.0,0.490592329327053,0.0,0.0,0.0,0.0,0.0,0.0,0.0,0.0
2024-10-07,15680,15495.0,185.0,0.0119393352694417,11,"cnbc_c25d5fa6,cnbc_625f9190,cnbc_7dbdf31a,cnbc_939f7c2a,cnbc_4e9c758f,cnbc_c48adafa,cnbc_3b8132ab,cnbc_369d497b,cnbc_c8e0f468,cnbc_b58f32d4,cnbc_99b6cbc8",True,0,-0.0005739795918367347,0.0119393352694417,0.0065609977913472,0.0096412408998491,0.0039619651347068,0.017917424045702512,0.024331130716541916,0.003814397812539387,0.005636728230795644,0.03539355520338083,0.020036429872495543,0,0.009918181818181816,-0.7184,0.4767,0.3779581321209582,0.08445454545454546,0.07490909090909091,-0.6419903368045783,-1.0,0.0,0.007343830382690723,0.006275654698255642,0.02600947214716776,11,0.0,0.0,0.0,0.0,0.0,0.27524557162278046,0.2995605864404262,0.0,0.0,0.0,0.0,0.0,0.0,0.3586108220982626,0.0,0.0,0.24620217013605109,0.6099564671673585,0.0,0.0,0.0,0.0,0.36601399946977065,0.373192926514801,0.0,0.0,0.0,0.0,0.0,0.0
2024-10-08,15671,15680.0,-9.0,-0.0005739795918367,4,"cnbc_0cbb7f3d,cnbc_b237ab8e,cnbc_81bc43d1,cnbc_7b3f851f",True,0,-0.0040839767723821075,-0.0005739795918367,0.0119393352694417,0.0065609977913472,0.0028282031044461,0.011201879024868688,0.022991357025354597,0.005052109196860992,0.00557363113913124,0.0307156011575902,0.014566878156156982,1,-0.141675,-0.5667,0.0,0.28335,0.0,0.0795,-0.7544642857142857,-1.0,-0.5714285714285714,0.005987922436595378,0.004155621707572575,0.03016923774949488,4,0.0,0.0,0.0,0.0,0.0,0.0,0.0,0.0,0.0,0.0,0.0,0.0,0.0,0.0,0.0,0.4694026340573461,0.0,0.0,0.0,0.0,0.0,0.4924259035065236,0.0,0.0,0.0,0.7329242093803486,0.0,0.0,0.0,0.0
2024-10-09,15607,15671.0,-64.0,-0.0040839767723821,9,"cnbc_2a416789,cnbc_5be8af1d,cnbc_a278d570,cnbc_781a0900,cnbc_8e6440f2,cnbc_817ecbf1,cnbc_ff157d0a,cnbc_626c2fdb,cnbc_13bf0783",True,1,0.003267764464663292,-0.0040839767723821,-0.0005739795918367,0.0119393352694417,0.0096412408998491,0.002414993512916297,0.018281702638515585,0.00680551622857062,0.005676267981643905,0.023611202203712267,0.010357998316825379,2,-0.1522,-0.7906,0.5574,0.44397301438263115,0.07744444444444445,0.152,-0.6357956857956858,-1.0,0.0,0.006681395919338081,0.0053456902380657634,0.027755934397546284,9,0.2977113270785173,0.328468824867171,0.0,0.0,0.0,0.31954372348856497,0.28058026649497386,0.0,0.0,0.0,0.0,0.30001785237467293,0.0,0.0,0.0,0.0,0.23060266815892344,0.33742447423337957,0.0,0.20849108337182898,0.0,0.0,0.16335707046434597,0.0,0.0,0.2761372045703024,0.0,0.0,0.328468824867171,0.3336188732089799
2024-10-10,15658,15607.0,51.0,0.0032677644646632,10,"cnbc_48efa731,cnbc_96f358fc,cnbc_1a17cd28,cnbc_35c45e14,cnbc_39c8e681,cnbc_13c674cf,cnbc_33878bae,cnbc_d18af604,cnbc_93e6522c,cnbc_75d9d835",True,0,-0.00312939072678503,0.0032677644646632,-0.0040839767723821,-0.0005739795918367,0.0065609977913472,0.002291610656629528,0.02079998956903828,0.006219518390286515,0.005672996220191752,0.0171495387813434,0.015763866363931234,3,0.051379999999999995,-0.4404,0.4019,0.24343536125861234,0.0856,0.0486,-0.22858813700918965,-1.0,0.7142857142857143,0.00808912314814655,0.009242968382448943,0.01605878190995996,10,0.0,0.0,0.0,0.0,0.0,0.38217858593849613,0.0,0.0,0.0,0.0,0.0,0.4447548118320673,0.0,0.0,0.0,0.0,0.0,0.0,0.0,0.0,0.0,0.0,0.5082105841933667,0.0,0.0,0.0,0.0,0.3914834076521102,0.0,0.4945659000064627
2024-10-11,15609,15658.0,-49.0,-0.003129390726785,9,"cnbc_dca7b770,cnbc_0231bdc8,cnbc_c29aaa9b,cnbc_f29a2215,cnbc_420a7842,cnbc_6624404a,cnbc_7bd0ddc1,cnbc_94598851,cnbc_a8df4c33",True,0,-0.0017938368889743098,-0.003129390726785,0.0032677644646632,-0.0040839767723821,0.0119393352694417,-0.002301054650047929,0.01698228148302583,0.006500324426245559,0.005740486531690355,0.007357212003872293,0.012191167887944943,4,-0.11981111111111109,-0.6486,0.5574,0.4297734154308653,0.044000000000000004,0.12355555555555557,-0.13812915479582147,-0.8333333333333334,1.0,0.004894739896394869,0.00995727802681919,0.01849561312914354,9,0.0,0.0,0.0,0.0,0.0,0.21323760196944996,0.0,0.0,0.0,0.4955453153937162,0.0,0.42015816519931226,0.48254225390249966,0.0,0.0,0.0,0.0,0.0,0.0,0.0,0.0,0.0,0.387345360235652,0.0,0.0,0.38671465813518957,0.0,0.0,0.0,0.0
2024-10-14,15581,15609.0,-28.0,-0.0017938368889743,13,"cnbc_b5b9d527,cnbc_35be3ddb,cnbc_cd544175,cnbc_6b0b5789,cnbc_4a40f59d,cnbc_b0c572b0,cnbc_60d813c1,cnbc_70e85a39,cnbc_0ce4df5f,cnbc_a8066845,cnbc_a98045a6,cnbc_e7fcf7ca,cnbc_16291899",True,0,-0.0016686990565432257,-0.0017938368889743,-0.003129390726785,0.0032677644646632,-0.0005739795918367,-0.0028287637918235076,0.01457627229010594,0.0028603184855702023,0.00575446578010211,-0.006313775510204067,0.011424862057773488,0,-0.2514461538461538,-0.743,0.4404,0.35185192106761953,0.03023076923076923,0.15823076923076923,-0.3731768231768232,-1.0,1.0,0.008441828470004,0.006659096105560967,0.020441867082378384,13,0.0,0.0,0.0,0.0,0.0,0.3201223793453169,0.24720147891405347,0.0,0.0,0.3117536925894919,0.0,0.0,0.0,0.29593053822821497,0.0,0.4466781861641291,0.20316938650934577,0.0,0.0,0.18368827143028102,0.0,0.276754951864113,0.24368376132247202,0.30796388954549286,0.30357330563207663,0.0,0.0,0.23266643940482457,0.0,0.0
2024-10-15,15555,15581.0,-26.0,-0.0016686990565432,9,"cnbc_602a6bda,cnbc_6dd98416,cnbc_103d4ab3,cnbc_e8a0db6e,cnbc_06ed9de3,cnbc_18ce4f03,cnbc_8dd5511a,cnbc_6fd717c1,cnbc_909fe3e2",True,0,-0.0012214721954355513,-0.0016686990565432,-0.0017938368889743,-0.003129390726785,-0.0040839767723821,-0.0030124343032944534,0.012168141592920456,0.0028362184282443277,0.005664026895997301,-0.007402207899942614,0.01414786804016166,1,-0.07993333333333334,-0.5994,0.4767,0.420783649872473,0.062333333333333324,0.09422222222222223,-0.2663299663299663,-1.0,1.0,0.004717757717210396,0.0071093477040126175,0.015832839771477675,9,0.0,0.0,0.0,0.0,0.0,0.2967949169781483,0.0,0.0,0.0,0.0,0.0,0.0,0.32003376865840494,0.0,0.0,0.47089813446529205,0.21418571143869264,0.3134027097236194,0.0,0.0,0.25783878865156423,0.0,0.15172743071573458,0.3246624204217604,0.0,0.4342559753642227,0.0,0.24528216434584485,0.0,0.0
2024-10-16,15536,15555.0,-19.0,-0.0012214721954355,7,"cnbc_7dddb79a,cnbc_ecd88695,cnbc_2c39a5f6,cnbc_4eaa49ef,cnbc_3cb122e6,cnbc_92063064,cnbc_555d4f51",True,0,-0.0012873326467559218,-0.0012214721954355,-0.0016686990565432,-0.0017938368889743,0.0032677644646632,-0.0033231116642502556,0.010320407353696659,0.0024409636489456103,0.005680525875246813,-0.004549240725315595,0.012117263843648196,2,-0.05769999999999999,-0.8591,0.7096,0.5865460055841031,0.09885714285714285,0.12799999999999997,-0.6231292517006802,-1.0,-0.2,0.006978819625512791,0.005295147129513756,0.025599963106764538,7,0.0,0.0,0.0,0.49900707387030085,0.5094493112024274,0.0,0.0,0.0,0.0,0.0,0.0,0.0,0.513057044040575,0.0,0.0,0.0,0.0,0.0,0.0,0.0,0.0,0.0,0.24323941635663862,0.0,0.0,0.41116954584891335,0.0,0.0,0.0,0.0
2024-10-17,15516,15536.0,-20.0,-0.0012873326467559,9,"cnbc_69bc3df4,cnbc_c306db29,cnbc_1aeba109,cnbc_0455ab3f,cnbc_4cc73fc9,cnbc_b452e44e,cnbc_e3a1bfd7,cnbc_8825386f,cnbc_b85f2607",True,0,-0.003222480020623872,-0.0012873326467559,-0.0012214721954355,-0.0016686990565432,-0.003129390726785,-0.002789310641798548,0.008269027698805997,0.0007713706136297908,0.005591510108225457,-0.009068846595989277,0.014980048407143398,3,-0.05124444444444444,-0.6604,0.8074,0.494916478082694,0.08366666666666667,0.09422222222222222,-0.09907407407407408,-1.0,1.0,0.006296308183209989,0.006743736383311879,0.023026637574213412,9,0.0,0.0,0.0,0.0,0.40181277008980654,0.17882031342664986,0.0,0.0,0.0,0.0,0.0,0.0,0.0,0.3944705763128962,0.3673968951170251,0.0,0.4585406175463441,0.0,0.0,0.0,0.0,0.0,0.1918477491913882,0.0,0.40465826049201853,0.32429757104622503,0.0,0.0,0.0,0.0
2024-10-18,15466,15516.0,-50.0,-0.0032224800206238,11,"cnbc_feb06534,cnbc_ef5ab110,cnbc_3d3bc0ef,cnbc_63f9ed09,cnbc_0e473309,cnbc_b41a49a2,cnbc_d56f3241,cnbc_e36a0e87,cnbc_51929832,cnbc_42a72a0c,cnbc_5ae7a85d",True,0,-6.46579593948015e-05,-0.0032224800206238,-0.0012873326467559,-0.0012214721954355,-0.0017938368889743,-0.0041723542895407695,0.0038261704868876034,0.000810977229235235,0.004796124993043677,-0.009161381254404466,0.024238410596026494,4,-0.1342272727272727,-0.6808,0.5574,0.4593486020244518,0.06936363636363635,0.11718181818181818,-0.2959415584415584,-0.8125,0.5,0.006292358854816524,0.007027088811675958,0.021606933856443702,11,0.0,0.0,0.0,0.0,0.0,0.29037799947820064,0.0,0.0,0.0,0.0,0.24452089499983895,0.0,0.4662361718332939,0.0,0.0,0.23930275851809876,0.3120330913240458,0.0,0.0,0.0,0.0,0.0,0.22104172555150636,0.27934922369573467,0.4662361718332939,0.37364678500714765,0.0,0.0,0.0,0.0
2024-10-21,15465,15466.0,-1.0,-6.46579593948015e-05,12,"cnbc_b6de083e,cnbc_7214fa97,cnbc_210519dd,cnbc_68a5a493,cnbc_d3386821,cnbc_8d2086c7,cnbc_f26c4b19,cnbc_fc99a95f,cnbc_e5b0cdaf,cnbc_a8f9a3e4,cnbc_38530a9e,cnbc_cb8dd869",True,1,0.006142903330100227,-6.46579593948015e-05,-0.0032224800206238,-0.0012873326467559,-0.0016686990565432,-0.0027470401609533956,0.0028695102378288873,0.0011377783910278161,0.004665738953416091,-0.007444965021500494,0.018036995589493676,0,-0.10527500000000001,-0.802,0.4215,0.40766096458387396,0.13949999999999999,0.18675,-0.651984126984127,-1.0,-0.25,0.006048159353455679,0.005908135556791816,0.021551253772479326,12,0.2555050550752896,0.28190208955693513,0.0,0.0,0.29363586620563115,0.22125695435212323,0.0,0.0,0.0,0.0,0.0,0.0,0.29571528752130155,0.4880841366622437,0.0,0.2569864524064052,0.1979103314833402,0.0,0.25259911939257595,0.0,0.0,0.0,0.29422141942362356,0.0,0.29571528752130155,0.0,0.0,0.22664385092061667,0.0,0.0
2024-10-22,15560,15465.0,95.0,0.0061429033301002,8,"cnbc_0bedb9d6,cnbc_fd0f8ea8,cnbc_a0e6f7fa,cnbc_d9aad5be,cnbc_47a1eb1a,cnbc_ce6b7721,cnbc_271d2deb,cnbc_d27f8bb1",True,1,0.0038560411311053984,0.0061429033301002,-6.46579593948015e-05,-0.0032224800206238,-0.0012214721954355,0.00331429013579565,0.007807920618933872,0.00357941904527842,0.0047982326119736084,0.00032144005143042165,0.024627946793098987,1,0.1566125,-0.296,0.4019,0.2429329798083649,0.131625,0.039,-0.3989046041677621,-0.6923076923076923,0.14285714285714285,0.00855820932074055,0.007310890214121399,0.018615616195083468,8,0.0,0.0,0.0,0.0,0.0,0.175280937142103,0.0,0.0,0.0,0.0,0.3522175317630623,0.34536927945097146,0.0,0.0,0.6097446918985802,0.0,0.0,0.0,0.0,0.5036818532007297,0.0,0.0,0.1880505219037276,0.0,0.0,0.0,0.2551322536927836,0.0,0.0,0.0
2024-10-23,15620,15560.0,60.0,0.0038560411311053,5,"cnbc_ee47b808,cnbc_c5c8f7af,cnbc_15387614,cnbc_b0a8e27b,cnbc_daa018d4",True,0,-0.0017285531370038413,0.0038560411311053,0.0061429033301002,-6.46579593948015e-05,-0.0012873326467559,0.0060932407538614175,0.00996712110876552,0.0038329203856225314,0.0044971945585147895,0.0054067971163749284,0.03498542274052485,2,0.21836000000000003,-0.3818,0.8442,0.476445068187299,0.22240000000000001,0.09759999999999999,-0.4045454545454546,-0.8181818181818182,0.0,0.005330707143776645,0.006339391430370671,0.016048101235803372,5,0.0,0.0,0.0,0.34001017662051297,0.0,0.15448250736784577,0.0,0.0,0.0,0.0,0.0,0.0,0.34958345341207503,0.0,0.0,0.3037996860607945,0.23396212527866292,0.0,0.0,0.2115284153334565,0.0,0.0,0.16573688279614876,0.0,0.34958345341207503,0.28016001621131664,0.0,0.0,0.56424809091504,0.0
2024-10-24,15593,15620.0,-27.0,-0.0017285531370038,14,"cnbc_f8f43590,cnbc_73d8138b,cnbc_b3ea80d0,cnbc_901057fa,cnbc_f7f040dd,cnbc_08d04792,cnbc_793d21f0,cnbc_03d393d9,cnbc_929ed24e,cnbc_708efc51,cnbc_2277750d,cnbc_d704b3b7,cnbc_f30660e4,cnbc_76550ba6",True,1,0.0023087282755082407,-0.0017285531370038,0.0038560411311053,0.0061429033301002,-0.0032224800206238,0.0033589004427057034,0.006847700806162482,0.0039055795290759386,0.00448113951587097,0.004962619231760668,0.02781622833036712,3,-0.14286428571428572,-0.8779,0.5574,0.4516529566401157,0.08321428571428571,0.17414285714285713,-0.6576631701631701,-1.0,0.75,0.006482795788391096,0.004691217025054706,0.02413473868153525,14,0.0,0.21501772392019433,0.0,0.0,0.0,0.168761312841207,0.38545123235378675,0.0,0.0,0.3921863556228457,0.0,0.0,0.0,0.21987504750597217,0.0,0.0,0.0,0.0,0.19266720513282173,0.28641766587632467,0.0,0.0,0.27903906495740033,0.22881577294912372,0.38189542331097776,0.30605518350925337,0.0,0.2926945377550837,0.0,0.0
2024-10-25,15629,15593.0,36.0,0.0023087282755082,9,"cnbc_f0904553,cnbc_f63b57fc,cnbc_888e7f19,cnbc_09642026,cnbc_7b7930d4,cnbc_47fd7ba6,cnbc_45d12118,cnbc_0c5d83ce,cnbc_1ed4bb0b",True,1,0.006398362019323053,0.0023087282755082,-0.0017285531370038,0.0038560411311053,-6.46579593948015e-05,0.0035701901961036064,0.00757502498146545,0.0031151178412658206,0.004405314531934895,0.01053924738135259,0.0324349319593078,4,0.21515555555555557,-0.5367,0.7783,0.4167299098670238,0.15922222222222224,0.05266666666666667,-0.2015873015873016,-0.8666666666666667,0.6,0.005400515034231073,0.010426567171792349,0.017656992476219473,9,0.426523881970411,0.0,0.0,0.0,0.28950645139267717,0.12884019182741505,0.23741623098716133,0.0,0.0,0.0,0.0,0.0,0.6118643259518274,0.0,0.0,0.0,0.19512710930743737,0.0,0.0,0.0,0.0,0.0,0.29008376994859164,0.0,0.2915566297098874,0.0,0.0,0.0,0.0,0.282295460236433
2024-10-28,15729,15629.0,100.0,0.006398362019323,17,"cnbc_83dd1aaf,cnbc_bceeb5c6,cnbc_9c1c4eec,cnbc_a5cefe6c,cnbc_d6bd8897,cnbc_8b5d741a,cnbc_32fd1bfb,cnbc_e9b347a8,cnbc_64156cf5,cnbc_e8944da1,cnbc_a75073b6,cnbc_b509454e,cnbc_565030a0,cnbc_3fb62c1f,cnbc_1a4d8ea7,cnbc_969091de,cnbc_5643d5f2",True,1,0.0019708818106681926,0.006398362019323,0.0023087282755082,-0.0017285531370038,0.0061429033301002,0.006578694756242731,0.01211331499445012,0.0033246991153600674,0.004521445484221987,0.017070805043646997,0.038629160063391454,0,-0.22175294117647057,-0.7351,0.7178,0.44455165914329775,0.065,0.1766470588235294,-0.5424163630707417,-1.0,1.0,0.00718914150809025,0.0085704109491889,0.02631479749307447,17,0.18025384364094255,0.0,0.0,0.0,0.20715438878031586,0.1560924751273772,0.0,0.0,0.0,0.44961319901617464,0.0,0.18165036440542615,0.0,0.2033691241561414,0.39750088235897835,0.1812989406266532,0.0,0.0,0.17820376257296464,0.21373289747654298,0.1680781504525011,0.3220218541571342,0.09890701884297719,0.0,0.20862138004821096,0.0,0.13418931448838048,0.3355530491253984,0.19887643772087968,0.0
2024-10-29,15760,15729.0,31.0,0.0019708818106681,5,"cnbc_7bf7dfaf,cnbc_883d8830,cnbc_a70f1f2e,cnbc_f5d3cdab,cnbc_84232ed3",True,0,-0.0017766497461928934,0.0019708818106681,0.006398362019323,0.0023087282755082,0.0038560411311053,0.005987412391007307,0.012297227423234691,0.0029670956073152015,0.004495653661124602,0.01285347043701801,0.03656932386214162,1,-0.15024,-0.8316,0.2924,0.4461446043605145,0.0824,0.1632,-0.49071895424836603,-1.0,0.6,0.014278649334609756,0.006969041678404514,0.0259514038905741,5,0.0,0.3886645036728527,0.0,0.39654402276053186,0.0,0.0,0.0,0.0,0.0,0.4186955903387285,0.0,0.0,0.0,0.39744456713099574,0.0,0.0,0.0,0.3992613784824883,0.0,0.24669946522838537,0.0,0.3716911161097084,0.0,0.0,0.0,0.0,0.0,0.0,0.0,0.0
2024-10-30,15732,15760.0,-28.0,-0.0017766497461928,7,"cnbc_a47352ce,cnbc_afc9e456,cnbc_5a1b0ca7,cnbc_2253ecf3,cnbc_f503f81e,cnbc_0b04a255,cnbc_fe532c48",True,0,-0.0017162471395881006,-0.0017766497461928,0.0019708818106681,0.006398362019323,-0.0017285531370038,0.0027663398901112135,0.008927197167923673,0.0033914707169928064,0.004558084937395075,0.007170294494238227,0.031809536302223496,2,0.053585714285714285,-0.7269,0.5859,0.4626674234932742,0.099,0.072,-0.20117137764196588,-1.0,1.0,0.008898377736807668,0.007776932054385973,0.015138083194191207,7,0.0,0.0,0.0,0.0,0.0,0.1780681056432593,0.3281294284121875,0.0,0.0,0.4138145184412295,0.0,0.0,0.0,0.0,0.0,0.0,0.26968226468153406,0.0,0.0,0.0,0.0,0.3673580132463002,0.0,0.40878402302475786,0.40295606521385047,0.0,0.0,0.0,0.0,0.3901563411464705
2024-10-31,15705,15732.0,-27.0,-0.0017162471395881,7,"cnbc_80cdab78,cnbc_8a81eb98,cnbc_a29e4a2e,cnbc_5dbb1e85,cnbc_84c1a251,cnbc_f02a9198,cnbc_15b9aadb",True,1,0.001146131805157593,-0.0017162471395881,-0.0017766497461928,0.0019708818106681,0.0023087282755082,-0.000381898033225081,0.006192198406621996,0.0033886046270647213,0.004193384982114177,0.00718271019047001,0.020202676367415906,3,-0.14054285714285716,-0.5106,0.3976,0.3343375682208171,0.04185714285714286,0.10214285714285716,-0.15464535464535464,-1.0,1.0,0.005571387372761199,0.005951879435034315,0.017502165120573513,7,0.0,0.0,0.0,0.0,0.0,0.3737593418433077,0.0,0.0,0.0,0.4138847548615299,0.3578789278310027,0.0,0.0,0.0,0.0,0.35024170284308404,0.0,0.0,0.0,0.0,0.0,0.36742036463966427,0.19107316668790628,0.0,0.40302445863722663,0.32298822430896673,0.0,0.0,0.0,0.0
2024-11-01,15723,15705.0,18.0,0.0011461318051575,6,"cnbc_ab43ad90,cnbc_211759d2,cnbc_55c4ef70,cnbc_ec51ab25,cnbc_709738c1,cnbc_addbc9ab",True,1,0.001780830630286841,0.0011461318051575,-0.0017162471395881,-0.0017766497461928,0.006398362019323,-0.0004323004742590175,0.0066102210342675605,0.003353541719742183,0.003985710904046106,0.006014460298163771,0.014714424007744364,4,-0.06731666666666666,-0.5574,0.4215,0.40316457392318916,0.11433333333333333,0.11850000000000001,-0.25483405483405486,-0.8666666666666667,0.7142857142857143,0.010147473821577503,0.008541010294531505,0.021495440412174816,6,0.3229188400253008,0.0,0.0,0.0,0.0,0.1651566651619793,0.0,0.0,0.0,0.0,0.5619104380324534,0.0,0.6327940330635418,0.0,0.0,0.0,0.2501280244838637,0.0,0.0,0.0,0.0,0.0,0.0,0.0,0.0,0.29951801519514876,0.0,0.0,0.0,0.0
2024-11-04,15751,15723.0,28.0,0.0017808306302868,15,"cnbc_ec8b681f,cnbc_349f60be,cnbc_16501839,cnbc_2239543c,cnbc_a81adde1,cnbc_80fdc5b2,cnbc_0b269e93,cnbc_9ef4a445,cnbc_b6e3ec2b,cnbc_c9a454c1,cnbc_ad079230,cnbc_32fda882,cnbc_d3fb82c6,cnbc_13074144,cnbc_5f2974d6",True,1,0.0009523204875880897,0.0017808306302868,0.0011461318051575,-0.0017162471395881,0.0019708818106681,0.0010677377941044064,0.008173689297395592,0.001875937372882863,0.003011317928227204,0.0013986903172484855,0.004528061224489788,0,-0.13526666666666667,-0.9118,0.4019,0.34174516125044885,0.041,0.11660000000000001,-0.24538461538461537,-1.0,0.3333333333333333,0.005544421693813634,0.008907038733320306,0.015158851724737117,15,0.0,0.0,0.0,0.2412323292625604,0.24628036438319298,0.10960311674511744,0.34196106378024865,0.0,0.0,0.2547079434112885,0.0,0.36565088925434663,0.0,0.0,0.38127317060551597,0.0,0.1659927623377665,0.0,0.0,0.0,0.0,0.38284325062152086,0.11758793421719856,0.2516116113959308,0.0,0.19876950139737445,0.15953412072566,0.1900923443420588,0.23643892768823505,0.0
2024-11-05,15766,15751.0,15.0,0.000952320487588,6,"cnbc_69766429,cnbc_5cc23a4a,cnbc_6d477a8a,cnbc_02840d8e,cnbc_01ca0a1d,cnbc_03d743de",True,1,0.004693644551566662,0.000952320487588,0.0017808306302868,0.0011461318051575,-0.0017766497461928,0.0019446598116348301,0.008827076954578406,0.001692927928950021,0.0030092042584630193,0.00038071065989853103,0.0060621530215045905,1,0.2477666666666667,-0.4939,0.7845,0.47006646196752505,0.17633333333333334,0.035166666666666666,-0.3311965811965812,-1.0,0.5,0.00443259520358321,0.0064455385228733885,0.018654139871390384,6,0.38946580560983896,0.0,0.0,0.0,0.0,0.4180269354118973,0.0,0.0,0.0,0.462904752654994,0.6777086818834739,0.0,0.0,0.0,0.0,0.0,0.0,0.0,0.0,0.0,0.0,0.0,0.0,0.0,0.0,0.0,0.0,0.0,0.0,0.0
2024-11-06,15840,15766.0,74.0,0.0046936445515666,8,"cnbc_5f50fe6b,cnbc_17c3d836,cnbc_b1ad8c4b,cnbc_d04158dd,cnbc_aa8fbacf,cnbc_6d5aa66a,cnbc_7a785cdf,cnbc_67659ac7",True,0,-0.004608585858585859,0.0046936445515666,0.000952320487588,0.0017808306302868,-0.0017162471395881,0.0052675001586597325,0.012807151032308672,0.0022893711219968103,0.0029750606211007215,0.006864988558352492,0.0149291984365989,2,0.052974999999999994,-0.1027,0.6808,0.25768058161774077,0.06787499999999999,0.056375,-0.06700937950937952,-0.5714285714285714,1.0,0.010300924552378098,0.011523300001350621,0.013873362651763286,8,0.0,0.0,0.0,0.0,0.0,0.30897947599278197,0.0,0.0,0.0,0.7180409574431648,0.0,0.0,0.0,0.0,0.0,0.0,0.0,0.0,0.0,0.0,0.0,0.0,0.1957829090042491,0.0,0.4129585659756227,0.33094952695588964,0.26562295229552946,0.0,0.0,0.0
2024-11-07,15767,15840.0,-73.0,-0.0046085858585858,11,"cnbc_f3dcc334,cnbc_006a9b07,cnbc_f34ca6a3,cnbc_76075046,cnbc_7791af7d,cnbc_31a3afdc,cnbc_56fc3bab,cnbc_1bbde146,cnbc_d30404ba,cnbc_49892255,cnbc_4ae02593",True,0,-0.00608866620156022,-0.0046085858585858,0.0046936445515666,0.000952320487588,0.0011461318051575,-0.00015219348865525006,0.007788356135927099,0.0033733533784039917,0.003140314711545845,0.00394778732887624,0.006961297739174865,3,0.04400909090909091,-0.5994,0.5574,0.37114180161912635,0.1449090909090909,0.09581818181818182,-0.3569251784666804,-1.0,0.18181818181818182,0.010484062584004727,0.011220853121696704,0.020998551655163192,11,0.0,0.3750052576340295,0.0,0.0,0.0,0.10267071064694619,0.0,0.0,0.0,0.23859764515888288,0.0,0.20229986178193224,0.0,0.2264875484404537,0.0,0.20190848914634546,0.15549370654395497,0.22752287558544076,0.19846146004458076,0.1405840253006454,0.0,0.0,0.0,0.0,0.6486286453188878,0.0,0.14944357454204318,0.17806898801545815,0.22148414617446927,0.0
2024-11-08,15671,15767.0,-96.0,-0.0060886662015602,14,"cnbc_9b204051,cnbc_1316fc91,cnbc_eb331c4d,cnbc_17a6b443,cnbc_1594901b,cnbc_f91ff750,cnbc_e204508f,cnbc_0b6b5992,cnbc_9f0fa252,cnbc_bd224a15,cnbc_c406c259,cnbc_3c5246ff,cnbc_ec2a766f,cnbc_26d69bde",True,1,0.0003828728224108225,-0.0060886662015602,-0.0046085858585858,0.0046936445515666,0.0017808306302868,-0.005584110666920439,0.0014538366910037404,0.004535424840921107,0.003373985631993692,-0.003307256884818366,0.0039720673970145,4,-0.08471428571428571,-0.6124,0.3182,0.27908883850885147,0.058571428571428566,0.11085714285714286,-0.3907596371882086,-0.8666666666666667,0.0,0.012273468908948327,0.007899403447041837,0.01856217802041587,14,0.0,0.0,0.0,0.0,0.21763624555388109,0.2527384454810465,0.0,0.0,0.0,0.0,0.0,0.0,0.37109970772001305,0.0,0.0,0.32249802901769253,0.14668664988695515,0.0,0.0,0.0,0.0,0.19981483148645943,0.17593770003632672,0.0,0.7447420738589746,0.0,0.0,0.0,0.0,0.0
2024-11-11,15677,15671.0,6.0,0.0003828728224108,5,"cnbc_b9ecb01c,cnbc_1e82708d,cnbc_d02f1a19,cnbc_55b67bdb,cnbc_6cab5f7f",True,1,0.005996045161701856,0.0003828728224108,-0.0060886662015602,-0.0046085858585858,0.000952320487588,-0.0042682384624179726,0.0015300532484086027,0.004388505058381169,0.003341108694468315,-0.00469811440543455,0.006161350362621221,0,-0.04936,-0.3612,0.296,0.2768586065124218,0.0784,0.1492,-0.6076923076923076,-1.0,0.0,0.009412413789615876,0.005260323757954108,0.01960062959293709,5,0.0,0.0,0.0,0.0,0.0,0.2838518350570422,0.0,0.0,0.0,0.0,0.0,0.33032847504778373,0.0,0.0,0.0,0.0,0.0,0.0,0.0,0.0,0.0,0.0,0.17986093676642861,0.0,0.796160752085464,0.0,0.24402126451957784,0.29076271603118714,0.0,0.0
2024-11-12,15771,15677.0,94.0,0.0059960451617018,5,"cnbc_a86217a2,cnbc_026ddc18,cnbc_6ea21833,cnbc_fb5bfd25,cnbc_614c31aa",True,1,0.0006974827214507641,0.0059960451617018,0.0003828728224108,-0.0060886662015602,0.0046936445515666,0.0016385946193124834,0.00684059155316219,0.005394724193485913,0.00353581480387133,0.00031713814537615015,0.013886210221793593,1,-0.42126,-0.6705,0.0,0.26291154976531556,0.025,0.20659999999999998,-0.4178754578754579,-0.5714285714285714,-0.3333333333333333,0.013267917098113025,0.008311134550089602,0.020996739413950326,5,0.0,0.0,0.0,0.0,0.0,0.2568174124641009,0.0,0.0,0.0,0.0,0.0,0.2988675560541509,0.0,0.0,0.0,0.0,0.0,0.0,0.0,0.0,0.0,0.3129198643504204,0.2755271008659991,0.0,0.8190781255635843,0.0,0.0,0.0,0.0,0.0
2024-11-13,15782,15771.0,11.0,0.0006974827214507,8,"cnbc_4dea89a8,cnbc_0388bff6,cnbc_bf7a4347,cnbc_66779f4d,cnbc_88c70e56,cnbc_c5c56015,cnbc_cabe4f4f,cnbc_911bf3a2",True,1,0.005766062602965404,0.0006974827214507,0.0059960451617018,0.0003828728224108,-0.0046085858585858,0.0030762190471347317,0.0067522956848460325,0.004802979235579014,0.0035069708949002913,-0.003661616161616199,0.01583419155509791,2,-0.050487500000000005,-0.8555,0.7783,0.5112682897531813,0.085125,0.1475,-0.45641534391534394,-0.9259259259259259,0.3333333333333333,0.007471249840103098,0.0054507605920257815,0.02371965534614552,8,0.0,0.0,0.0,0.0,0.0,0.4061075796700192,0.0,0.0,0.0,0.39549105504473336,0.0,0.3353251274473505,0.0,0.0,0.0,0.0,0.2577408926770183,0.37713390696784727,0.0,0.0,0.0,0.35109161656576876,0.0,0.0,0.0,0.30863411154565196,0.0,0.0,0.0,0.37288044792059394
2024-11-14,15873,15782.0,91.0,0.0057660626029654,12,"cnbc_86fca092,cnbc_9f74ef65,cnbc_90540ecc,cnbc_541aa677,cnbc_59b1d257,cnbc_ed75732a,cnbc_7d6fd2ed,cnbc_b80cd5da,cnbc_c6d7542d,cnbc_fff6b69e,cnbc_a60044af,cnbc_74cf3885",True,1,0.000945000945000945,0.0057660626029654,0.0006974827214507,0.0059960451617018,-0.0060886662015602,0.007502475436057532,0.011405632725882464,0.004944244388906896,0.003639065048787358,0.006722902264222785,0.023008507347254348,3,0.08028333333333333,-0.4215,0.4767,0.2559607918601929,0.08266666666666667,0.02758333333333333,-0.1449675324675325,-1.0,0.75,0.006919508356338156,0.009600773142428132,0.014843305702455104,12,0.0,0.0,0.0,0.0,0.0,0.12904479899733828,0.0,0.0,0.0,0.0,0.25930852111347663,0.0,0.0,0.4819843978657463,0.0,0.0,0.0,0.0,0.0,0.0,0.0,0.0,0.13844598389348808,0.0,0.8152486004204094,0.0,0.0,0.0,0.0,0.0
2024-11-15,15888,15873.0,15.0,0.0009450009450009,6,"cnbc_76f1d538,cnbc_d882cb3e,cnbc_2d244884,cnbc_acd5e8a9,cnbc_a5e88de0,cnbc_bb8bb933",True,0,-0.0025176233635448137,0.0009450009450009,0.0057660626029654,0.0006974827214507,0.0003828728224108,0.0056841918699597205,0.011002157160947101,0.002859514904005935,0.0034922128175696103,0.01384723374385799,0.02728565886460621,4,-0.1948,-0.6249,0.4767,0.4269451393329124,0.034166666666666665,0.11166666666666665,-0.4881599881599881,-0.7777777777777778,-0.09090909090909091,0.006497795241411347,0.006093335574309443,0.01718680384930427,6,0.0,0.0,0.0,0.0,0.0,0.2223493927350769,0.40972738426343575,0.0,0.0,0.0,0.0,0.0,0.0,0.0,0.0,0.0,0.0,0.0,0.0,0.0,0.0,0.0,0.23854801343804843,0.0,0.8519266772555877,0.0,0.0,0.0,0.0,0.0
2024-11-18,15848,15888.0,-40.0,-0.0025176233635448,17,"cnbc_edad213f,cnbc_4f1d2acd,cnbc_6416515b,cnbc_3f5cdfe2,cnbc_085095b1,cnbc_b99e5616,cnbc_567e297e,cnbc_bead5494,cnbc_b59e8bfa,cnbc_42c61e02,cnbc_6c046fba,cnbc_c4bc141b,cnbc_5b0d42f6,cnbc_a1a12851,cnbc_8a0c77eb,cnbc_1ea8cf3a,cnbc_6f7895c1",True,0,-0.0020191822311963654,-0.0025176233635448,0.0009450009450009,0.0057660626029654,0.0059960451617018,0.0009853212399888456,0.0072294516738962145,0.0036473537364454457,0.003586415096157005,0.010907699177138408,0.024765599741351396,0,0.05664117647058823,-0.765,0.765,0.44543455756545136,0.1136470588235294,0.08841176470588236,-0.3770508503617227,-1.0,1.0,0.009525538662255714,0.007235456949548226,0.0213044316982335,17,0.0,0.0,0.2716694245482128,0.0,0.0,0.24586394335969738,0.0,0.0,0.0,0.2189613489642184,0.0,0.18565082904129282,0.0,0.20784789848657992,0.0,0.0,0.14269676348917285,0.20879801946591597,0.0,0.27075064049825176,0.0,0.32911370362161757,0.2121387195214502,0.0,0.595247296180491,0.0,0.23220590815730416,0.0,0.2032562701457342,0.0
2024-11-19,15816,15848.0,-32.0,-0.0020191822311963,8,"cnbc_ed824e53,cnbc_86b4eaad,cnbc_ef6352a4,cnbc_a26be02b,cnbc_3c95e537,cnbc_144e3a4f,cnbc_31e39e87,cnbc_74d3f978",True,1,0.002655538694992413,-0.0020191822311963,-0.0025176233635448,0.0009450009450009,0.0006974827214507,-0.0016033936394510562,0.004378597896113945,0.0032936731872265,0.0034601146757028403,0.0028533384059350464,0.01645244215938302,1,-0.0930375,-0.7269,0.4019,0.3683514158187997,0.089375,0.11737500000000001,-0.6309253246753247,-1.0,0.3333333333333333,0.004289329057224671,0.0038346520399645543,0.025595865940576862,8,0.48174718906869873,0.0,0.24781373589604613,0.0,0.0,0.24638933792624168,0.0,0.0,0.0,0.0,0.0,0.28673203486196475,0.0,0.0,0.0,0.0,0.0,0.0,0.0,0.337373771921606,0.0,0.0,0.1561230601865525,0.0,0.55756238750756,0.2639089038896856,0.21181556847367447,0.0,0.0,0.0
2024-11-20,15858,15816.0,42.0,0.0026555386949924,7,"cnbc_fc285225,cnbc_d0f1d6a0,cnbc_afde2e0b,cnbc_25fd4f4e,cnbc_3e25bbb6,cnbc_fff0a553,cnbc_7e522fc4",True,1,0.0052970109723798715,0.0026555386949924,-0.0020191822311963,-0.0025176233635448,0.0057660626029654,8.829131087373376e-05,0.006285317232429755,0.0034257308577437004,0.003414826370604579,0.004815612723355622,0.015236875800256122,2,0.10854285714285715,-0.5719,0.6369,0.39580013835749167,0.18399999999999997,0.12914285714285714,-0.25349360784143393,-0.8260869565217391,1.0,0.004186243675675572,0.007970512579135338,0.023644755414916473,7,0.0,0.0,0.0,0.0,0.0,0.31565019078235834,0.0,0.0,0.0,0.0,0.0,0.0,0.0,0.0,0.0,0.0,0.2823433689279499,0.0,0.6101486717222853,0.43221064827041306,0.0,0.38460482073273305,0.20000976563427145,0.0,0.0,0.0,0.27135762108100603,0.0,0.0,0.0
2024-11-21,15942,15858.0,84.0,0.0052970109723798,10,"cnbc_129762e4,cnbc_1344600c,cnbc_65c0ebcb,cnbc_5d36ac91,cnbc_d03760d6,cnbc_dc7b9967,cnbc_7e9b4c8c,cnbc_c39065a6,cnbc_6cb22af5,cnbc_61b1c82a",True,0,-0.001944548990089073,0.0052970109723798,0.0026555386949924,-0.0020191822311963,0.0009450009450009,0.004511543502369264,0.010496691260363678,0.003264029053556806,0.003505307355189164,0.004347004347004413,0.022381838004232657,3,-0.04061000000000001,-0.7003,0.7003,0.3721595519546839,0.0664,0.082,-0.30908521303258146,-1.0,0.5,0.006351632630819992,0.007136408385012109,0.016199630094823787,10,0.0,0.40916122802240695,0.0,0.0,0.0,0.0,0.0,0.0,0.0,0.0,0.0,0.0,0.0,0.0,0.0,0.0,0.0,0.0,0.0,0.259709480005101,0.0,0.0,0.3445346969948866,0.0,0.7267159075502662,0.34397370213246026,0.0,0.0,0.0,0.0
2024-11-22,15911,15942.0,-31.0,-0.001944548990089,4,"cnbc_f441de99,cnbc_4c7e7c01,cnbc_d930a9ed,cnbc_8934b4b2",True,0,-0.00295393124253661,-0.001944548990089,0.0052970109723798,0.0026555386949924,-0.0025176233635448,0.0022677165354330064,0.007631170640574947,0.0034955015042993673,0.0035575895049668963,0.001447633434038309,0.01804338089449109,4,-0.63995,-0.7579,-0.4767,0.1216982470429765,0.01675,0.337,0.01785714285714285,-0.9285714285714286,1.0,0.0031352080220809807,0.00745125534926094,0.022195810592225088,4,0.5176036942619309,0.0,0.0,0.0,0.0,0.0,0.0,0.0,0.0,0.0,0.0,0.0,0.0,0.0,0.0,0.0,0.40092795298392236,0.0,0.0,0.36248454512269734,0.0,0.0,0.28401412867254466,0.0,0.0,0.0,0.3853281766796426,0.4591364913844594,0.0,0.0
2024-11-25,15864,15911.0,-47.0,-0.0029539312425366,6,"cnbc_ba29ffef,cnbc_33c4028b,cnbc_b478c761,cnbc_fdf9418e,cnbc_ec51c102,cnbc_72972e82",True,1,0.00416036308623298,-0.0029539312425366,-0.001944548990089,0.0052970109723798,-0.0020191822311963,-0.0008943079190336656,0.004225418981151696,0.00358748136373447,0.0034084256292250524,0.001009591115598285,0.00858287240129707,0,-0.26533333333333337,-0.7096,0.3182,0.4053967472324694,0.023499999999999997,0.15466666666666665,-0.3303551520942825,-0.8461538461538461,1.0,0.0030173140298964916,0.008354982385325702,0.027748779354677844,6,0.0,0.0,0.0,0.0,0.0,0.0,0.0,0.0,0.0,0.0,0.0,0.0,0.851170030083457,0.0,0.0,0.0,0.3364467219988269,0.0,0.0,0.0,0.0,0.0,0.0,0.0,0.0,0.4028811029869372,0.0,0.0,0.0,0.0
2024-11-26,15930,15864.0,66.0,0.0041603630862329,7,"cnbc_0abf852d,cnbc_9e42db35,cnbc_1fd55b72,cnbc_11e422e4,cnbc_63dd875f,cnbc_8b5357a4,cnbc_a66509fa",True,0,-0.004143126177024482,0.0041603630862329,-0.0029539312425366,-0.001944548990089,0.0026555386949924,0.001823784667631001,0.007861063220663267,0.0036917545033472946,0.0034944976047241645,0.007207890743550882,0.010786802030456899,1,-0.14917142857142857,-0.9052,0.3818,0.46005142724948234,0.07357142857142858,0.12471428571428571,-0.3261904761904762,-0.6,-0.2,0.004073769853259113,0.0063918451073841365,0.01233624691754471,7,0.0,0.3771498647853895,0.0,0.0,0.0,0.17483077369977085,0.3221639362969093,0.0,0.0,0.0,0.35131295275331154,0.0,0.0,0.0,0.0,0.0,0.0,0.0,0.33794614248355004,0.0,0.3187439017059781,0.0,0.18756756310824882,0.0,0.3956302022412154,0.3170623860819061,0.0,0.30322122785076633,0.0,0.0
2024-11-28,15864,15930.0,-66.0,-0.0041431261770244,10,"cnbc_8df5fc07,cnbc_e02257d4,cnbc_2c2d46c1,cnbc_9459f2ec,cnbc_62344601,cnbc_2f95416d,cnbc_a92fd0ed,cnbc_7d572e3f,cnbc_658cc2d7,cnbc_e6948106",True,0,-0.0005042864346949068,-0.0041431261770244,0.0041603630862329,-0.0029539312425366,0.0052970109723798,-0.002402183345700637,0.0032664341479919923,0.004330266988952631,0.0036151354283522528,0.0003783579265985715,0.008390541571319687,3,-0.13097,-0.6124,0.4019,0.3641141000962321,0.0617,0.12789999999999999,-0.5415445665445665,-1.0,0.2,0.005775280029827505,0.00470719781759721,0.016708871262117377,10,0.25046786279680916,0.0,0.21814883971375706,0.0,0.0,0.26883570160972464,0.0,0.0,0.0,0.0,0.0,0.25240836827600616,0.0,0.28258720511787094,0.0,0.0,0.0,0.0,0.0,0.0,0.0,0.0,0.1374341269224249,0.0,0.8092902117674057,0.0,0.0,0.0,0.0,0.0
2024-11-29,15856,15864.0,-8.0,-0.0005042864346949,6,"cnbc_f08c0a04,cnbc_711a8b0f,cnbc_90efec98,cnbc_68052fe2,cnbc_07b6b2f5,cnbc_e8033965",True,1,0.0030903128153380423,-0.0005042864346949,-0.0041431261770244,0.0041603630862329,-0.001944548990089,-0.0018256216556500338,0.0022819360425792024,0.003218486241295728,0.003587421928219021,-0.005394555262827727,0.009614772365488689,4,-0.49461666666666665,-0.8271,0.0,0.31806640449231144,0.0,0.2376666666666667,-0.6048026048026048,-1.0,0.1111111111111111,0.008082029648741943,0.005271075502411922,0.025014609420985056,6,0.0,0.3757297419513279,0.0,0.0,0.0,0.0,0.0,0.0,0.0,0.0,0.0,0.3431851722887625,0.0,0.0,0.0,0.0,0.0,0.0,0.0,0.23848930255749043,0.0,0.0,0.0,0.0,0.8271480829331364,0.0,0.0,0.0,0.0,0.0
2024-12-02,15905,15856.0,49.0,0.003090312815338,20,"cnbc_f9ee8023,cnbc_65d18452,cnbc_31476779,cnbc_7a1dd104,cnbc_4bbb6f34,cnbc_1dd66d0a,cnbc_b441d70b,cnbc_111bec7c,cnbc_72ce2cb8,cnbc_474c3a97,cnbc_a1c21a50,cnbc_7aa56b67,cnbc_61da9f5e,cnbc_6d615dd0,cnbc_c5cf7766,cnbc_ee077b8e,cnbc_e21d3f32,cnbc_9a6cd817,cnbc_1f5048ac,cnbc_89b08e6c",True,1,0.0028292989625903803,0.003090312815338,-0.0005042864346949,-0.0041431261770244,-0.0029539312425366,0.0013346932094335795,0.004801314043843652,0.0036393533016155382,0.003632348706946951,-0.0003770976054302544,0.011575399096864558,0,-0.091745,-0.743,0.4019,0.33757195798198264,0.05795,0.0986,-0.5374348918195667,-0.9166666666666666,0.7777777777777778,0.0048288027908108995,0.005770498373007546,0.029073396520359757,20,0.0,0.0,0.14050960721912376,0.0,0.0,0.08251023872201999,0.1520431599595356,0.0,0.0,0.191746492612368,0.4326444076450425,0.0,0.3161361164487981,0.0,0.16952215853412622,0.2747328341550911,0.2115771697996186,0.0,0.27004253074810314,0.0,0.31569235160323267,0.17022024949332418,0.1857718524659079,0.0,0.44555714983892913,0.14963551674441644,0.0,0.14310327275971743,0.0,0.0
2024-12-03,15950,15905.0,45.0,0.0028292989625903,7,"cnbc_525e78fc,cnbc_ce202bd1,cnbc_8513e9bd,cnbc_bacffe73,cnbc_30eef078,cnbc_1adb002c,cnbc_e3af9ddf",True,1,0.00043887147335423197,0.0028292989625903,0.003090312815338,-0.0005042864346949,0.0041603630862329,0.003081567197031676,0.007011197080614595,0.003405173994353194,0.0036580382818022844,0.0054210791729703,0.012634118468668687,1,-0.02744285714285715,-0.6249,0.5574,0.36413019126471263,0.0672857142857143,0.08814285714285715,-0.2537763823478109,-0.6923076923076923,1.0,0.005187032682954093,0.006301279239967166,0.015198387183574566,7,0.0,0.0,0.0,0.0,0.0,0.23314623121552044,0.0,0.0,0.0,0.541811207842713,0.0,0.0,0.0,0.0,0.0,0.45849690723155057,0.0,0.0,0.0,0.0,0.0,0.0,0.0,0.0,0.5275941337763148,0.0,0.0,0.4043618008540646,0.0,0.0
2024-12-04,15957,15950.0,7.0,0.0004388714733542,8,"cnbc_d98bbf4c,cnbc_cea8ed26,cnbc_619269c7,cnbc_5bce033a,cnbc_e2a95f89,cnbc_9f6f44dc,cnbc_3390c979,cnbc_2ab35bc0",True,0,-0.004073447389860249,0.0004388714733542,0.0028292989625903,0.003090312815338,-0.0041431261770244,0.00318110949051964,0.006846073760923721,0.0029403154961129664,0.00365749059290225,0.0016949152542373724,0.012114677153368003,2,-0.3048625,-0.765,0.0,0.29512360576302843,0.01,0.134875,-0.39657959000064263,-1.0,0.7142857142857143,0.005336886055044453,0.005715404711921677,0.025375053528344967,8,0.37169951463459744,0.0,0.0,0.41841507314016335,0.0,0.3218766161709776,0.0,0.0,0.0,0.0,0.0,0.0,0.0,0.0,0.0,0.0,0.48747873451813784,0.0,0.0,0.0,0.0,0.0,0.20395510106914116,0.0,0.430195906727986,0.3447637210130941,0.0,0.0,0.0,0.0
2024-12-05,15892,15957.0,-65.0,-0.0040734473898602,8,"cnbc_762365c8,cnbc_f47251b1,cnbc_4128d969,cnbc_770b1334,cnbc_84a99766,cnbc_2ee5d031,cnbc_c6bc73a5,cnbc_f2688a86",True,0,-0.0027686886483765417,-0.0040734473898602,0.0004388714733542,0.0028292989625903,-0.0005042864346949,-0.0012569130216188995,0.00258026256852828,0.0029137878624094816,0.003667487889641501,0.0017650025214321907,0.0032828282828283317,3,-0.05786249999999999,-0.7269,0.8555,0.5209517085859028,0.10175000000000001,0.104625,-0.23424145299145296,-1.0,1.0,0.005833795631161919,0.00783128625088053,0.020700353576266973,8,0.0,0.0,0.0,0.0,0.0,0.0,0.0,0.0,0.0,0.0,0.0,0.6566735812735478,0.0,0.0,0.0,0.0,0.0,0.0,0.0,0.0,0.0,0.0,0.0,0.0,0.7541749184753979,0.0,0.0,0.0,0.0,0.0
2024-12-06,15848,15892.0,-44.0,-0.0027686886483765,12,"cnbc_f524fd7f,cnbc_0a447b23,cnbc_4a04777e,cnbc_282fd08a,cnbc_32c8cc5e,cnbc_194cb2e5,cnbc_3d58db1f,cnbc_12fdab9f,cnbc_59e38a20,cnbc_c5bd1933,cnbc_962e17a7,cnbc_5d26efde",True,1,0.0008202927814235235,-0.0027686886483765,-0.0040734473898602,0.0004388714733542,0.003090312815338,-0.003921962992759376,-0.0004509575752988937,0.0032388038128459994,0.003562890776719908,-0.0005045408678102659,0.005137312107566405,4,-0.004691666666666666,-0.7269,0.4019,0.33397841916761173,0.10133333333333333,0.11399999999999999,-0.30733808674985147,-1.0,0.5555555555555556,0.006469656603433315,0.010539667577058669,0.02035879838022459,12,0.4413040316456812,0.0,0.0,0.0,0.0,0.13330483589518105,0.0,0.0,0.0,0.0,0.0,0.2626605943070912,0.5107544684936183,0.0,0.0,0.2621524468068741,0.2018887655784614,0.29540946391821826,0.0,0.0,0.0,0.0,0.0,0.0,0.5107544684936183,0.0,0.0,0.0,0.0,0.0
2024-12-09,15861,15848.0,13.0,0.0008202927814235,16,"cnbc_d11007d0,cnbc_2e0b96bf,cnbc_c237b79f,cnbc_5b05eca8,cnbc_316c9af3,cnbc_c69a276c,cnbc_a0b175b1,cnbc_9a9fd482,cnbc_902b3aec,cnbc_1707b350,cnbc_aa0d5b5e,cnbc_ad6dec68,cnbc_341aa13c,cnbc_3c2cce97,cnbc_71f94e1a,cnbc_81906cb0",True,1,0.0008196204526826808,0.0008202927814235,-0.0027686886483765,-0.0040734473898602,0.0028292989625903,-0.0025532021934899785,-0.00023007125905705195,0.002811249219912025,0.003234517486614512,-0.0027664256523105557,0.012124306043009403,0,-0.13499375,-0.6369,0.34,0.2985907979576732,0.0505,0.12406249999999999,-0.6089675602175602,-1.0,0.0,0.006775072725344192,0.006622641477262729,0.028023115657277962,16,0.0,0.0,0.0,0.0,0.29137488512377646,0.21955328717248584,0.0,0.0,0.2906954106502219,0.30134557392526856,0.0,0.0,0.0,0.0,0.0,0.2550076699276431,0.0,0.2873582908949743,0.0,0.17755570789785832,0.0,0.0,0.13911856477185147,0.0,0.6158132118573582,0.0,0.18874519784060428,0.0,0.2797314579523573,0.0
2024-12-10,15874,15861.0,13.0,0.0008196204526826,6,"cnbc_749f6f3e,cnbc_414c157e,cnbc_a9b48893,cnbc_067e25aa,cnbc_967c994e,cnbc_c63bec26",True,1,0.0019528789215068666,0.0008196204526826,0.0008202927814235,-0.0027686886483765,0.0004388714733542,-0.0007805418471145131,-3.1497055025364595e-05,0.0023053184917360813,0.00323439391323775,-0.004764890282131673,0.012566179753779494,1,0.061816666666666666,-0.7964,0.5432,0.45949429775206857,0.128,0.11633333333333333,-0.6060516934046346,-0.92,-0.4117647058823529,0.00718399267934014,0.005986587558998267,0.02700595316021125,6,0.0,0.0,0.2864510023316261,0.0,0.0,0.0,0.0,0.0,0.0,0.0,0.0,0.0,0.0,0.0,0.0,0.33079594797947964,0.0,0.0,0.0,0.23032526327504282,0.30667344729867047,0.3470208340164362,0.18046460143064366,0.0,0.6444933497590815,0.30505560868164683,0.0,0.0,0.0,0.0
2024-12-11,15905,15874.0,31.0,0.0019528789215068,6,"cnbc_3a1861c3,cnbc_1b90e6a9,cnbc_f15d530d,cnbc_1d401d9b,cnbc_15a29e45,cnbc_3004c0f7",True,1,0.002137692549512732,0.0019528789215068,0.0008196204526826,0.0008202927814235,-0.0040734473898602,0.001826656588561404,0.0014986273077601808,0.002612726418507862,0.002999117167893166,-0.0032587579118882326,0.008496607697672909,2,0.030733333333333335,-0.128,0.4404,0.2102631367279264,0.04599999999999999,0.059,-0.10085470085470084,-0.8,1.0,0.009508931581841127,0.009495074787937327,0.015544415674513848,6,0.24890070527783018,0.0,0.0,0.474390699797938,0.48431781413125363,0.127300130388584,0.0,0.0,0.2853788554718254,0.0,0.0,0.25082906916840825,0.2880715749588575,0.0,0.0,0.0,0.19279470252929867,0.0,0.0,0.0,0.0,0.4446588488523071,0.0,0.0,0.0,0.0,0.0,0.0,0.0,0.0
2024-12-12,15939,15905.0,34.0,0.0021376925495127,8,"cnbc_184aa74a,cnbc_9500e504,cnbc_1ef2d687,cnbc_cc2ed57f,cnbc_69f8b989,cnbc_fd922d22,cnbc_b339c4ba,cnbc_32e78f8c",True,1,0.0030114812723508375,0.0021376925495127,0.0019528789215068,0.0008196204526826,-0.0027686886483765,0.003374167474536449,0.0031436744172874675,0.001977328570781357,0.0030231373740767587,0.002957462874402239,0.009948042073248065,3,-0.22693750000000001,-0.8074,0.4404,0.4305066382016824,0.019125,0.15962500000000002,-0.3080722639933166,-0.8947368421052632,0.3333333333333333,0.0030781614176263235,0.005655865451441363,0.019642046007016266,8,0.0,0.0,0.0,0.33339020391616975,0.0,0.15147474450545637,0.0,0.0,0.0,0.0,0.0,0.29846213865491317,0.0,0.0,0.0,0.5043626888670761,0.0,0.0,0.0,0.0,0.0,0.0,0.0,0.0,0.5803720630279683,0.2747053216530497,0.0,0.0,0.0,0.3318889246272074
2024-12-13,15987,15939.0,48.0,0.0030114812723508,3,"cnbc_a41a2360,cnbc_481ab946,cnbc_0645f2fb",True,1,0.0020016263213861263,0.0030114812723508,0.0021376925495127,0.0019528789215068,0.0008202927814235,0.004637659301711672,0.005803803142547137,0.0009371164649428078,0.0028269501302389498,0.008770822816759116,0.007182007182007233,4,0.42819999999999997,0.0,0.6597,0.3712400705742848,0.229,0.03833333333333334,-0.3670634920634921,-0.625,-0.14285714285714285,0.006654381035819663,0.009497034993243567,0.023310153085688567,3,0.0,0.41779258759610727,0.0,0.0,0.0,0.0,0.0,0.0,0.0,0.0,0.38917141776082903,0.0,0.0,0.0,0.0,0.0,0.0,0.0,0.0,0.0,0.0,0.0,0.0,0.0,0.742046163391738,0.3512299143629103,0.0,0.0,0.0,0.0
2024-12-16,16019,15987.0,32.0,0.0020016263213861,15,"cnbc_455417f6,cnbc_6ca3c9c7,cnbc_b5c85e8a,cnbc_c0692a1e,cnbc_0e3a48ce,cnbc_d3bc05d0,cnbc_ad2e5fc9,cnbc_a46bd42e,cnbc_222fbc13,cnbc_c2ac2dbf,cnbc_138833a5,cnbc_641414fb,cnbc_20cee6f8,cnbc_cebfdacf,cnbc_718eac14",True,1,0.0019352019476871216,0.0020016263213861,0.0030114812723508,0.0021376925495127,0.0008196204526826,0.004653554763935697,0.007401910535616674,0.0007804479365062948,0.0028482186404405045,0.00996154088645107,0.008245216515609277,0,-0.20075333333333337,-0.7717,0.5719,0.3926489542047645,0.0504,0.152,-0.35279108461771,-0.8888888888888888,0.5,0.008075409623918799,0.00854523121489408,0.021609928415289022,15,0.0,0.2313769401436718,0.0,0.0,0.2410076787507236,0.22509000363367263,0.0,0.0,0.0,0.0,0.0,0.2113357719686158,0.4109512131816749,0.0,0.0,0.35713031704544373,0.3876272138223741,0.0,0.0,0.0,0.19554557896540845,0.22127246587056285,0.24148828360215732,0.0,0.24271440657968557,0.0,0.3276324330934983,0.18602260384380578,0.0,0.0
2024-12-17,16050,16019.0,31.0,0.0019352019476871,7,"cnbc_c96fb10e,cnbc_154ec15d,cnbc_1e71db20,cnbc_463ce231,cnbc_30190f07,cnbc_88836df5,cnbc_57aad94d",True,1,0.003115264797507788,0.0019352019476871,0.0020016263213861,0.0030114812723508,0.0019528789215068,0.004380475594493172,0.008710735698932881,0.0004562402545391914,0.002780177719490893,0.011087312586619547,0.012746087834426989,1,-0.1596,-0.8176,0.3182,0.4627677747351616,0.07228571428571429,0.18171428571428572,-0.6006163427216059,-1.0,0.0,0.005688166746891371,0.007022139787413453,0.030111063672313542,7,0.0,0.0,0.0,0.0,0.0,0.0,0.0,0.0,0.0,0.6339809470310206,0.0,0.0,0.0,0.0,0.0,0.5364937071250765,0.41316437664946537,0.0,0.0,0.3735476661481122,0.0,0.0,0.0,0.0,0.0,0.0,0.0,0.0,0.0,0.0
2024-12-18,16100,16050.0,50.0,0.0031152647975077,8,"cnbc_dfc8ac45,cnbc_e686a9f1,cnbc_622b80b3,cnbc_ebfcf98d,cnbc_71f2d94f,cnbc_5c811974,cnbc_58534139,cnbc_29173580",True,1,0.010993788819875776,0.0031152647975077,0.0019352019476871,0.0020016263213861,0.0021376925495127,0.005056495411698503,0.010950921786306411,0.000574664123801953,0.0027589587119569736,0.012260295504558316,0.01795649974709157,2,-0.0629875,-0.7906,0.7003,0.48017559120894215,0.073125,0.126,-0.350094696969697,-0.875,0.6,0.00600109244070214,0.010254251928720478,0.021464196560695932,8,0.0,0.0,0.0,0.0,0.0,0.325217589532483,0.0,0.0,0.0,0.0,0.0,0.0,0.0,0.0,0.0,0.0,0.0,0.0,0.0,0.0,0.28253081348900194,0.0,0.16625766298740563,0.0,0.7359453830484619,0.2810403379861898,0.22556540562747185,0.0,0.0,0.3395426597119508
2024-12-19,16277,16100.0,177.0,0.0109937888198757,3,"cnbc_10370098,cnbc_37acb89d,cnbc_e1379403",True,0,-0.00043005467838053694,0.0109937888198757,0.0031152647975077,0.0019352019476871,0.0030114812723508,0.011835937985652523,0.0207223506024814,0.003831001588904403,0.003554491238398049,0.021205847292803837,0.026421995207466242,3,0.10113333333333335,-0.296,0.5994,0.4561866430895729,0.09366666666666668,0.05566666666666667,-0.7380952380952381,-1.0,-0.5,0.0071236350271699595,0.002651630074171643,0.042668281018991776,3,0.0,0.0,0.0,0.0,0.0,0.47432855219403514,0.0,0.0,0.0,0.0,0.0,0.0,0.0,0.0,0.0,0.0,0.7183655809483976,0.0,0.0,0.0,0.0,0.0,0.5088843843960842,0.0,0.0,0.0,0.0,0.0,0.0,0.0
2024-12-20,16270,16277.0,-7.0,-0.0004300546783805,3,"cnbc_6f82f4a2,cnbc_1b3e9802,cnbc_f48921a6",True,0,-0.006822372464658881,-0.0004300546783805,0.0109937888198757,0.0031152647975077,0.0020016263213861,0.007854700431141337,0.019235166432269635,0.004371534492167783,0.003445472230788091,0.017701882779758593,0.020574582862877833,4,-0.03936666666666666,-0.296,0.1779,0.2393900652352418,0.049999999999999996,0.11366666666666665,-0.6928104575163397,-1.0,-0.4117647058823529,0.004089171096433075,0.0048999632452818125,0.02382914994994823,3,0.0,0.0,0.0,0.0,0.0,0.0,0.4668953663987659,0.0,0.0,0.0,0.0,0.0,0.5733661885220832,0.0,0.0,0.0,0.0,0.0,0.48976769352758975,0.0,0.4619388888929855,0.0,0.0,0.0,0.0,0.0,0.0,0.0,0.0,0.0
2024-12-23,16159,16270.0,-111.0,-0.0068223724646588,12,"cnbc_6347858e,cnbc_09a9285b,cnbc_1ee617d0,cnbc_80ca0133,cnbc_88eca7a0,cnbc_255979aa,cnbc_05fa4d29,cnbc_9ed2cd81,cnbc_32a29355,cnbc_19d6e624,cnbc_cf5f18f4,cnbc_67d88e81",True,1,0.003032365864224271,-0.0068223724646588,-0.0004300546783805,0.0109937888198757,0.0019352019476871,-0.0007544276244187964,0.011495835771986096,0.00643396723696568,0.0038190803435759735,0.008739621699232147,0.01558670102444859,0,-0.10815000000000001,-0.91,0.6705,0.44293675005067545,0.059666666666666666,0.11891666666666667,-0.4781062879528353,-1.0,0.3333333333333333,0.00679736608736852,0.006322528591660017,0.026538837976422352,12,0.0,0.3192175512927339,0.0,0.0,0.0,0.25054480186997047,0.0,0.0,0.3317291442266176,0.0,0.0,0.0,0.0,0.0,0.0,0.0,0.0,0.3279209661817222,0.0,0.0,0.2697830684626454,0.30527698516475504,0.1587561438777958,0.0,0.5669659210255591,0.0,0.0,0.0,0.0,0.3242225493207089
2024-12-24,16208,16159.0,49.0,0.0030323658642242,5,"cnbc_43c5bb89,cnbc_bee29de5,cnbc_f58de09a,cnbc_d8a6cf77,cnbc_ba80cb4c",True,1,0.002653010858835143,0.0030323658642242,-0.0068223724646588,-0.0004300546783805,0.0031152647975077,0.00032093218456075157,0.01347189785243752,0.006460162329376988,0.003744854596536977,0.00984423676012458,0.021684316691880978,1,-0.30510000000000004,-0.5994,0.4228,0.42279658229460654,0.06520000000000001,0.21000000000000002,-0.45619047619047615,-0.7142857142857143,0.0,0.013943282735381419,0.007373066142850169,0.028469969899525837,5,0.0,0.0,0.0,0.3631874173736608,0.0,0.0,0.30407256063430077,0.0,0.3699228269487266,0.0,0.0,0.3251376076699414,0.0,0.0,0.0,0.0,0.24991046117436724,0.0,0.31896850430444385,0.0,0.0,0.0,0.2997455582216963,0.0,0.3734132691651829,0.0,0.2401866510448803,0.28619359525793014,0.0,0.0
2024-12-27,16251,16208.0,43.0,0.0026530108588351,9,"cnbc_6af8baa7,cnbc_4713d2f4,cnbc_b0801c22,cnbc_f6d3d1d7,cnbc_f64b98ef,cnbc_5dd910ec,cnbc_09307954,cnbc_ef5142fc,cnbc_38e1abc9",True,0,-0.005476586056242693,0.0026530108588351,0.0030323658642242,-0.0068223724646588,0.0109937888198757,0.0011088523378304238,0.015141861249578392,0.006443099713425038,0.003694422997567705,0.009378881987577747,0.020150659133709947,4,-0.3181666666666667,-0.5994,0.0,0.22782156943538073,0.016555555555555556,0.17133333333333334,-0.5436391905690151,-1.0,0.0,0.006562936347913421,0.006011437505560358,0.023254033152121236,9,0.4693691889704406,0.0,0.0,0.0,0.3185880416921598,0.0,0.0,0.0,0.0,0.0,0.0,0.0,0.0,0.0,0.0,0.0,0.0,0.0,0.0,0.19413864460697783,0.0,0.0,0.2575473913903695,0.0,0.543236393617081,0.0,0.34942017566833394,0.24590327319144217,0.0,0.31065268985431327
2024-12-30,16162,16251.0,-89.0,-0.0054765860562426,9,"cnbc_bcc31d88,cnbc_f16b1f78,cnbc_db1afd10,cnbc_9716f177,cnbc_ae63dd28,cnbc_54f07709,cnbc_c290acd3,cnbc_dcb829a0,cnbc_7179caf9",True,0,-0.0003093676525182527,-0.0054765860562426,0.0026530108588351,0.0030323658642242,-0.0004300546783805,-0.0029611351017889698,0.008643554778918539,0.004556145692746693,0.003802657963299522,-0.007065184001965985,0.018784669692385236,0,-0.12825555555555557,-0.4404,0.0,0.1765713390609523,0.011777777777777778,0.07922222222222222,-0.7395061728395061,-1.0,-0.3333333333333333,0.008245677824789176,0.003495999435813627,0.02851393960744121,9,0.34014202915470365,0.0,0.29625193495653057,0.3828914120232802,0.0,0.0,0.0,0.0,0.0,0.0,0.0,0.0,0.0,0.0,0.0,0.0,0.2634688449572432,0.0,0.3362734917615001,0.4999017271258622,0.0,0.0,0.3916833292947522,0.0,0.0,0.0,0.25321748928625365,0.0,0.0,0.0
2024-12-31,16157,16162.0,-5.0,-0.0003093676525182,6,"cnbc_8bab9075,cnbc_2b7efdb7,cnbc_374ada17,cnbc_590290fe,cnbc_8b5b28a3,cnbc_36a3c39f",True,1,0.004889521569598316,-0.0003093676525182,-0.0054765860562426,0.0026530108588351,-0.0068223724646588,-0.001878003879560608,0.0073853309681986,0.004562941287030509,0.0037990154751475916,-0.006945298094652719,0.01898335015136232,1,-0.13243333333333335,-0.802,0.4754,0.4233111464002179,0.050333333333333334,0.12183333333333334,-0.529951690821256,-0.9130434782608695,0.0,0.007706447785217477,0.0053818665202402865,0.02839745129238681,6,0.0,0.0,0.0,0.39976398821102754,0.6910232473620238,0.0,0.0,0.0,0.0,0.0,0.0,0.0,0.0,0.0,0.37317255247207426,0.0,0.0,0.0,0.0,0.0,0.0,0.0,0.0,0.0,0.0,0.0,0.26437582620866196,0.0,0.3918204868722676,0.0
