trading_date,usd_idr_rate,ret_1d,ret_2d,ret_3d,ret_5d,rate_to_ma5,rate_to_ma20,vol_5,vol_20,log_rate,n_articles,vader_mean,vader_median,vader_std,vader_pos_ratio,vader_neg_ratio,vader_neutral_ratio,lm_polarity_mean,lm_polarity_median,lm_polarity_std,lm_pos_ratio,lm_neg_ratio,lm_neutral_ratio,lm_negative_mean,lm_positive_mean,lm_uncertainty_mean,lm_modal_mean,target_next_up
2021-09-29,14307,0.0026631158455392434,0.003436667134240512,0.0040000000000000036,0.00407046108498843,0.0027333894028596095,0.0037781122067752637,0.0011306983583718512,0.0018852998725450334,9.568504206966335,11.0,0.1032171103128846,0.1165793103448275,0.14139895186173454,0.6363636363636364,0.18181818181818182,0.18181818181818182,-0.34328089923747307,-0.3076923076923077,0.24973409406826894,0.0,1.0,0.0,55.23335042763562,24.1319027861752,9.968154233843158,7.56992106804123,1
2021-09-30,14321,0.0009785419724610556,0.0036442637886326956,0.004418572029737611,0.004559483726150448,0.002800924305020658,0.004619383170292757,0.0011169201538433946,0.00189431711816779,9.569482270478703,10.0,0.09085020332467666,0.117458596491228,0.22845042524732034,0.6,0.3,0.1,-0.41975450177063084,-0.48461538461538467,0.3310507500966676,0.1,0.9,0.0,56.981383397673895,18.867437317372172,8.230040838222116,8.589216796688595,0
2021-10-01,14315,-0.00041896515606454354,0.0005591668414062223,0.003223771813021248,0.004561403508771988,0.0014691478942212566,0.0040083182246972715,0.0011163509726631045,0.001864749058846041,9.569063217532216,17.0,-0.007185454677116208,-0.0189363636363636,0.18277505223583598,0.35294117647058826,0.4117647058823529,0.23529411764705882,-0.4962240804585053,-0.6101694915254238,0.3199387729170566,0.11764705882352941,0.8823529411764706,0.0,66.93362564083498,18.611436993773378,14.72567989588234,11.439544777749491,0
2021-10-04,14276,-0.002724414949353826,-0.00314223867048391,-0.0021667715104494167,0.0012624491513535396,-0.0015107430617726791,0.0011430815515052206,0.00199502135119914,0.001939775458878374,9.566335084610051,19.0,0.07550401834435587,0.0756705882352941,0.2208346785647408,0.5263157894736842,0.15789473684210525,0.3157894736842105,-0.4148943277160969,-0.5,0.3646655172487156,0.15789473684210525,0.7894736842105263,0.05263157894736842,57.85941299040787,21.041077798021835,7.37918710913415,7.476992560154496,0
2021-10-05,14260,-0.0011207621182404148,-0.0038421236465245867,-0.004259479086655915,-0.0006307379634171717,-0.0025042320121992923,-0.00020682958294049314,0.002050994233019325,0.0018135042439623523,9.565213693968287,9.0,-0.04371395949215395,-0.0142,0.18033409677850912,0.3333333333333333,0.4444444444444444,0.2222222222222222,-0.5505934816328075,-0.5,0.1899069843907501,0.0,1.0,0.0,66.84330600677318,12.980611809442447,10.30992610675662,5.9148149028951655,0
2021-10-06,14245,-0.0010518934081346076,-0.002171476604090783,-0.004889975550122272,-0.0043335430208988335,-0.0026884355265552884,-0.00118497535391493,0.0013374724510187975,0.0014423771375831655,9.56416124693201,11.0,0.11779400039911068,0.1700166666666666,0.16873429818830885,0.5454545454545454,0.09090909090909091,0.36363636363636365,-0.33779028342907796,-0.4523809523809524,0.2750004390624024,0.09090909090909091,0.9090909090909091,0.0,58.43083058992052,25.240854089630215,12.029137399472978,11.371764584482074,0
2021-10-07,14238,-0.0004914004914005066,-0.001542776998597506,-0.002661810030820999,-0.005795684658892575,-0.0020186727226847445,-0.0015567804098119975,0.0009296192317249808,0.0014403772906977958,9.563669725663818,12.0,0.03288834471749628,-0.014041628959276,0.16299664498050678,0.3333333333333333,0.4166666666666667,0.25,-0.5920721579480387,-0.6668831168831169,0.31370628230626174,0.08333333333333333,0.9166666666666666,0.0,70.49764290674108,14.140064094882026,12.726533808160555,9.828964221789091,0
2021-10-08,14225,-0.0009130495856159992,-0.0014040014040014315,-0.0024544179523141585,-0.006287111421585778,-0.0016703160967940223,-0.002468408577719905,0.0008541554333712026,0.0012500002102644153,9.562756258994531,8.0,0.08329561781291463,0.08506488095238089,0.24005622521561154,0.5,0.25,0.25,-0.5543603098290598,-0.6111111111111112,0.262199348124049,0.0,1.0,0.0,55.382954083162346,15.1088235874679,4.949286281603477,3.2157924482390654,0
2021-10-11,14210,-0.0010544815465729496,-0.001966568338249708,-0.002457002457002422,-0.004623143737741642,-0.0017983084660990745,-0.0033455606444238173,0.0002546236845924118,0.001127014438795133,9.561701221091147,22.0,0.08772194271924652,0.12712222222222216,0.2382479968164749,0.7272727272727273,0.2727272727272727,0.0,-0.34671040511167955,-0.4459627329192546,0.4516023183468386,0.18181818181818182,0.7727272727272727,0.045454545454545456,61.144646727998094,20.834242053338293,11.240973905611828,8.306864301221822,1
2021-10-12,14217,0.0004926108374383453,-0.0005623901581722768,-0.001474926253687281,-0.003015427769985979,-0.0007028888732690808,-0.0027147035922473473,0.0006546539382617138,0.0011367733463076269,9.562193710635698,8.0,0.013492366406170946,0.02892173202614375,0.14440484159097364,0.375,0.25,0.375,-0.513327732445358,-0.5104679802955665,0.27722564698866425,0.0,1.0,0.0,66.31821203568198,18.171440390534382,11.090002352889407,9.981987028622909,1
2021-10-13,14221,0.000281353309418364,0.0007741027445460347,-0.0002811950790860829,-0.0016848016848016734,-8.437513183623402e-05,-0.0023256384982618394,0.0006966109680370467,0.0011393858835365566,9.562475024372697,10.0,0.0696913159462513,0.051593509615384545,0.17813559600562862,0.5,0.2,0.3,-0.36978837320515867,-0.4681238615664845,0.4157788149080645,0.2,0.8,0.0,55.972721612479006,21.564342681739426,8.823481494404671,6.731643836014591,0
2021-10-14,14155,-0.004641023837986036,-0.004360976295983643,-0.0038705137227305064,-0.00582947043124038,-0.0035619755589345603,-0.00666666666666671,0.002061433254399926,0.0015179369991740472,9.557823197546,20.0,0.07815260225638954,0.0348375565610859,0.19023380140002322,0.45,0.25,0.3,-0.4236944182102221,-0.5166666666666666,0.35827255748797004,0.1,0.85,0.05,57.02562029077829,19.301388712587237,13.93608180626338,11.56561737901601,0
2021-10-15,14084,-0.005015895443306273,-0.009633640390971143,-0.009354997538158494,-0.009912126537785615,-0.006587949835653917,-0.011132135748163074,0.002663716213256852,0.001849748260236293,9.552794680274943,13.0,0.038285460782653345,0.1175333333333333,0.26093874473649453,0.5384615384615384,0.3076923076923077,0.15384615384615385,-0.23956597206912467,-0.4090909090909091,0.4218067816140983,0.23076923076923078,0.6923076923076923,0.07692307692307693,53.8662519205792,22.315244492116335,6.981857195926576,8.333617896061297,1
2021-10-18,14096,0.0008520306731041316,-0.004168138466972837,-0.008789817874973682,-0.008022519352568591,-0.0041399968914699325,-0.009750751678983871,0.002951564890528646,0.0018309484561240714,9.553646348175961,14.0,0.002966007213859641,0.0440208333333333,0.18235957668078692,0.5,0.35714285714285715,0.14285714285714285,-0.3184452015670762,-0.3854258121158911,0.49169440027181754,0.21428571428571427,0.7857142857142857,0.0,60.88645739752644,23.168733549125516,12.494915789474808,8.446261982900397,0
2021-10-19,14080,-0.0011350737797957144,-0.0002840102243680809,-0.005298481102084085,-0.009636350847576858,-0.0033410725409139808,-0.010304640602814441,0.0027447254842076774,0.001835606364461777,9.552510629712033,9.0,0.07902156018848329,0.0543063829787233,0.2019564812019277,0.5555555555555556,0.3333333333333333,0.1111111111111111,-0.3174275724275724,-0.3076923076923077,0.36970927192293257,0.1111111111111111,0.7777777777777778,0.1111111111111111,65.42150524110149,29.13335948241119,9.398434128156676,7.779356996991514,1
2021-10-21,14133,0.0037642045454544526,0.0026248581157775064,0.0034791252485089075,-0.006188031783981418,0.0016584453138288602,-0.0061740549054905,0.0037166482544939757,0.0020701335523560112,9.556267767368151,23.0,0.09790883206045199,0.0468428571428571,0.18198456154979947,0.4782608695652174,0.2608695652173913,0.2608695652173913,-0.3569782508333349,-0.4642857142857143,0.45833445973947834,0.17391304347826086,0.782608695652174,0.043478260869565216,56.38372293602269,19.58338505211442,15.63198459965975,9.916198245457691,1
2021-10-22,14162,0.002051935187150633,0.005823863636363669,0.0046821793416571555,0.0004945249028611709,0.003614201686627405,-0.0038055444179486697,0.0033726743954649494,0.002134183314544186,9.55831760021172,13.0,-0.0007747883772854567,0.0556391304347826,0.1530119557051201,0.5384615384615384,0.23076923076923078,0.23076923076923078,-0.6002533530140678,-0.631578947368421,0.19626905681524132,0.0,1.0,0.0,66.98474970043115,15.859984127779992,12.879603005813383,12.655746738023794,1
2021-10-25,14183,0.0014828414065810591,0.0035378192881907466,0.007315340909090917,0.007029253053109974,0.0036940583689528683,-0.0020931909728940656,0.0017852285545335246,0.0021719681250760466,9.559799343294607,11.0,0.09665212663364466,0.14718,0.1469783369587495,0.6363636363636364,0.18181818181818182,0.18181818181818182,-0.500181558760949,-0.4615384615384615,0.31501781010715996,0.0,0.9090909090909091,0.09090909090909091,48.59191286093706,12.9813577125135,11.721567999740687,10.622187648582615,0
2021-10-26,14165,-0.0012691250088133765,0.0002118344866544053,0.002264204344442078,0.004895005675368935,0.0014422465110359717,-0.0030334809017391606,0.0021613528420314277,0.0021752802861955602,9.558529412264617,11.0,0.034848507455682805,0.0714186046511628,0.19944131242507476,0.5454545454545454,0.18181818181818182,0.2727272727272727,-0.446074452508276,-0.5,0.24100264819367762,0.0,1.0,0.0,46.104057733888155,15.17321046899793,8.29354458858824,8.398021995973645,1
2021-10-27,14184,0.0013413342746204648,7.050694493404563e-05,0.0015534529021323795,0.00738636363636358,0.001313058579355264,-0.0013975084220123613,0.0018111777132775002,0.002194047626467654,9.559869847754044,12.0,0.05364435729025452,0.13525705128205123,0.2458196749970065,0.5833333333333334,0.25,0.16666666666666666,-0.3452851546601547,-0.3541666666666667,0.44405210760948777,0.08333333333333333,0.8333333333333334,0.08333333333333333,62.22123704227596,20.54018851335948,8.613181998354708,7.26395414393109,1
2021-10-28,14199,0.0010575296108290555,0.0024002823861630773,0.0011281111189451742,0.004669921460411786,0.0014387880326689473,3.8736622659518716e-05,0.0012831543688042212,0.002107736774748432,9.560926818574357,7.0,0.11093758007987885,0.1075117647058823,0.24035539416076454,0.5714285714285714,0.2857142857142857,0.14285714285714285,-0.22298984595136226,-0.2352941176470588,0.5310149546040713,0.2857142857142857,0.7142857142857143,0.0,54.26100773086156,32.76033213716647,4.75924538844694,7.490672197558864,0
2021-10-29,14171,-0.0019719698570321853,-0.0009165256627186036,0.0004235792446170006,0.0006355034599632159,-0.0006628868015006173,-0.0014058255437444656,0.0016227778816380618,0.0021111427251260017,9.55895290182487,6.0,0.14950675925925924,0.1238494444444444,0.14050578938927494,0.8333333333333334,0.0,0.16666666666666666,-0.19476079476079475,-0.1602564102564102,0.24923097235418604,0.16666666666666666,0.6666666666666666,0.16666666666666666,31.441047018059294,20.22291928850454,13.268906513452599,9.119569366909461,1
2021-11-01,14235,0.00451626561287144,0.002535389816184175,0.0035956006768189663,0.0036663611365719273,0.0031146940271162826,0.0033869154398935564,0.002555085072408073,0.002393621445583187,9.563458999712138,19.0,0.11107495627684014,0.1108,0.1901970060346333,0.6842105263157895,0.15789473684210525,0.15789473684210525,-0.3308210034521583,-0.3703703703703703,0.4110839468073626,0.15789473684210525,0.7894736842105263,0.05263157894736842,57.33395672750776,24.22161021233087,8.210406468693956,8.387218242173663,1
2021-11-02,14261,0.0018264840182649067,0.0063509985181002815,0.004366504683428474,0.006777267913872231,0.003589021815622706,0.005272729836037771,0.0023115630821270317,0.002364901340625363,9.565283817736766,9.0,0.055663387380115954,0.10024,0.17535775531112488,0.6666666666666666,0.2222222222222222,0.1111111111111111,-0.48463239616834386,-0.5,0.3090554216994538,0.0,1.0,0.0,71.85690612876692,25.431676131441858,7.735674900700881,11.230581455021316,1
2021-11-03,14301,0.002804852394642676,0.004636459430980011,0.009173664526144876,0.008248730964466988,0.004749392274509212,0.007946716473137938,0.0024005176175048606,0.0024332649212627294,9.568084743872936,7.0,0.037128325422122396,0.0522263157894737,0.15175679428207425,0.5714285714285714,0.2857142857142857,0.14285714285714285,-0.5591669295582441,-0.5833333333333334,0.1774984534176389,0.0,1.0,0.0,65.0186308312812,16.69634472574359,5.464197045777326,7.3651639409887775,1
2021-11-04,14327,0.001818054681490766,0.004628006451160571,0.006462943449244918,0.009014719346432942,0.004768917876428969,0.009487505592801648,0.0023778458329242872,0.002443483414524954,9.569901147893372,5.0,0.047680365079365086,0.1033033333333333,0.20672300529515095,0.6,0.4,0.0,-0.32571428571428573,-0.5,0.5089404760512425,0.2,0.8,0.0,49.63028884130772,18.226343731565983,2.587906671048308,7.900646292036368,1
2021-11-05,14374,0.0032805192992253485,0.005104538144185655,0.007923708014865749,0.01432502999082641,0.005202942739656935,0.012314117394351065,0.001126534447607776,0.002524238440700598,9.573176298028388,15.0,0.10015057839698233,0.1456799999999999,0.16980430314416936,0.6,0.2,0.2,-0.4668296823211465,-0.4722222222222222,0.3565810766794498,0.13333333333333333,0.8666666666666667,0.0,61.051068539442625,18.601241258702586,14.993941872891545,13.7480940489593,0
2021-11-08,14268,-0.007374426047029314,-0.004118098694772088,-0.0023075309418921774,0.0023182297154900056,-0.002670170974822139,0.0046967531141515195,0.004431220733158204,0.0030668687323800853,9.565774546478782,20.0,0.009560465639028484,0.0202694444444444,0.14082482159475412,0.3,0.25,0.45,-0.5229488749781328,-0.5625,0.29377571610682907,0.05,0.9,0.05,56.17791602122493,15.367961878319935,6.195094026306981,6.677278652341528,0
2021-11-09,14233,-0.00245304177179706,-0.009809378043689976,-0.006561038598450475,-0.0019633966762498956,-0.004727074388487185,0.0021510373210256173,0.0045164563823661226,0.0031115265507096587,9.563318491070625,8.0,-0.041550334557462,0.04765048076923075,0.18478939111043913,0.5,0.375,0.125,-0.5304430526617228,-0.529936974789916,0.21172063355370938,0.0,1.0,0.0,69.88612705094738,17.75235871113201,10.314952818615126,11.029734552615228,1
2021-11-10,14253,0.0014051851331413623,-0.0010513036164844225,-0.008417976902741042,-0.0033564086427522177,-0.002659016164019312,0.0034320713870847896,0.004307895092213552,0.0031244754619436112,9.564722689855031,8.0,0.024146859074878214,0.04443499999999995,0.19932132910903216,0.5,0.25,0.25,-0.2984957492271322,-0.3846153846153846,0.4259024423082482,0.25,0.75,0.0,49.97038125742751,19.327950222809903,14.934726149524565,8.070866219485836,1
2021-11-11,14288,0.002455623377534577,0.0038642591161386353,0.0014017381553126373,-0.0027221330355273743,0.00033605914640966184,0.0056589431008755575,0.0044080307998884795,0.003167508104197761,9.567175303116281,12.0,0.03778931739313317,0.07411954545454541,0.22754598934605064,0.5,0.16666666666666666,0.3333333333333333,-0.40287970073086704,-0.48529411764705876,0.46693254352330754,0.16666666666666666,0.8333333333333334,0.0,56.90330603338359,14.0383402468494,10.249714973966405,9.127613808993713,0
2021-11-12,14243,-0.00314949608062709,-0.000701606679295641,0.0007025925665706811,-0.009113677473215565,-0.0009819737672722706,0.002181255277230454,0.003927552438714199,0.0030623576455227845,9.564020836934587,13.0,0.1169851870968155,0.0743619047619047,0.15377762138139436,0.5384615384615384,0.15384615384615385,0.3076923076923077,-0.41461908294487476,-0.45,0.370676226068058,0.07692307692307693,0.9230769230769231,0.0,56.3263195987028,18.743351621463784,8.417187327666426,8.764480049595214,0
2021-11-15,14206,-0.0025977673242996158,-0.005739081746920505,-0.0032975513926892797,-0.00434538828146902,-0.002709798800949126,-0.00085102791512226,0.002594393943440031,0.0028833368373458413,9.561419689557756,25.0,0.051118013750865554,0.039216,0.16001997314415226,0.48,0.24,0.28,-0.46320451817377434,-0.4848484848484848,0.2607578755532232,0.04,0.88,0.08,57.48272705866462,18.831740220228344,11.616918824027316,9.101976641991097,1
2021-11-16,14211,0.00035196395889069976,-0.0022467176858808058,-0.005389137737961902,-0.001545703646455454,-0.002050532998132071,-0.0009034122266474709,0.002466034174844177,0.0028817006141041357,9.561771591591862,10.0,0.12637249437988907,0.1745568181818181,0.1932894969784894,0.6,0.1,0.3,-0.252865897652483,-0.29910714285714285,0.3401926230491378,0.4,0.6,0.0,52.47192115945204,24.05484963290141,12.59948229690861,10.951667387035922,1
2021-11-17,14259,0.003377665188938117,0.0037308179642403516,0.0011233588429404584,0.0004209640075774068,0.0012358335556896805,0.0018408183913214415,0.002923693753985561,0.0029305887099774306,9.565143565282119,8.0,0.15023838807189538,0.1349149411764705,0.19568207507680208,0.875,0.125,0.0,-0.25439285174142257,-0.16271551724137928,0.3486766033603636,0.25,0.75,0.0,42.16340969421075,22.109111075520826,4.331023240107688,6.148167569341745,0
2021-11-18,14231,-0.0019636720667648433,0.001407360495390808,0.0017598197944530547,-0.003989361702127714,7.027406886850329e-05,-0.00047058162484114874,0.002687288101735336,0.002888362065220982,9.56317796268366,16.0,0.08350134154650292,0.0953966666666666,0.13491656236050098,0.625,0.25,0.125,-0.292726731323639,-0.2718894009216589,0.32792874089730667,0.0625,0.8125,0.125,53.05126281103456,24.800761847184255,12.118566007600254,11.48154576604179,1
2021-11-19,14237,0.00042161478462521274,-0.0015428851953152023,0.0018295686440081838,-0.0004212595661026164,0.000576295963117035,-0.00031246818266406073,0.0023601382786647977,0.002860660707373932,9.563599488613745,10.0,0.11086444713310424,0.13084791666666665,0.07899350609380269,0.7,0.0,0.3,-0.21378285911065148,-0.24407114624505927,0.35695520331741015,0.2,0.8,0.0,48.28334181087759,24.26087388160463,8.63971201983402,9.719407704488864,1
2021-11-22,14255,0.0012643113015382568,0.0016864591385004069,-0.0002805245809663903,0.0034492467971278806,0.001151798631887857,0.0006984882467946374,0.0019223456606766382,0.0028561902513523875,9.564863001346772,27.0,0.06878811512587737,0.0320299999999999,0.14687427780167048,0.4074074074074074,0.1111111111111111,0.48148148148148145,-0.3712009971972821,-0.4130434782608695,0.3550126397757798,0.07407407407407407,0.7037037037037037,0.2222222222222222,56.6120402113139,20.79917465114331,8.476164649104067,10.4914099041217,1
2021-11-23,14272,0.0011925640126271286,0.0024583830863242895,0.0028810343616050282,0.004292449510942209,0.00148763578185096,0.0015157469264019952,0.0019221081324896153,0.002839953576842504,9.566054854819791,10.0,0.030812314460393418,-0.0253277777777777,0.21361955077049788,0.3,0.3,0.4,-0.47013305322128857,-0.5798319327731092,0.4096391937287864,0.2,0.8,0.0,53.090568504643194,12.442951230565118,8.003406542389055,6.5431250313559515,0
2021-11-24,14272,0.0,0.0011925640126271286,0.0024583830863242895,0.0009117048881408518,0.001304951800973786,0.0012066111064343854,0.0013121623944346485,0.0028318875026649456,9.566054854819791,10.0,0.015287080046390381,0.0545167857142857,0.2174149916430669,0.5,0.2,0.3,-0.4452488317981655,-0.5535714285714286,0.425471155409894,0.1,0.9,0.0,72.51655272695702,21.982732731770998,9.438022901857796,10.3813941365617,1
2021-11-25,14280,0.0005605381165918466,0.0005605381165918466,0.0017537706068047054,0.0034431874077718305,0.0011778563015312216,0.001483289325576731,0.0005355536819354072,0.0028271881400831387,9.566615235893575,13.0,0.08533307272304841,0.0646973684210526,0.18527187881940677,0.5384615384615384,0.23076923076923078,0.23076923076923078,-0.35981410540804953,-0.4489795918367347,0.3275233310046878,0.15384615384615385,0.7692307692307693,0.07692307692307693,59.73777402125839,21.735943414198776,10.718938600983424,11.683063349743868,0
2021-11-26,14280,0.0,0.0005605381165918466,0.0005605381165918466,0.003020299220341416,0.0005745596210708914,0.0011006498741614745,0.0006152109819281934,0.0027781750051004152,9.566615235893575,13.0,0.08044014734515746,0.11095,0.1309854606060497,0.6153846153846154,0.23076923076923078,0.15384615384615385,-0.4744353965299428,-0.4375,0.2262581263680052,0.0,1.0,0.0,55.50744086620029,16.414805601061065,10.319397026063823,7.106726709253992,1
2021-11-29,14340,0.004201680672268893,0.004201680672268893,0.004764573991031362,0.005962820063135643,0.0035832260231789537,0.004937086313163475,0.0017534711812220141,0.0027543533952828912,9.57080811415361,14.0,0.056504840104895475,0.024460606060606002,0.12449071736542347,0.42857142857142855,0.14285714285714285,0.42857142857142855,-0.5042005293655646,-0.5141065830721003,0.23407296211782685,0.07142857142857142,0.9285714285714286,0.0,54.9701755768761,15.23292746067924,23.047666227274025,9.898449281186958,0
2021-11-30,14320,-0.001394700139469962,0.0028011204481792618,0.0028011204481792618,0.0033632286995515237,0.0015106585352206992,0.0033280784725870927,0.0021003259009085306,0.0027589481841294753,9.569412440514636,10.0,0.014764553093392113,-0.027223290598290602,0.15475192500449683,0.4,0.3,0.3,-0.506252652576182,-0.46875,0.2597524365421118,0.0,1.0,0.0,53.78976971835546,15.977492614374338,44.82451070782032,8.889375320565566,1
2021-12-01,14353,0.0023044692737430594,0.0009065550906555142,0.005112044817927153,0.0056754484304932795,0.002682575831668421,0.005457054591561539,0.0021673602125914892,0.0027363556587056462,9.57171425857138,11.0,0.07981648789637182,0.0799666666666666,0.09658702094075325,0.6363636363636364,0.18181818181818182,0.18181818181818182,-0.26239316136766244,-0.25,0.20509047229890698,0.0,0.9090909090909091,0.09090909090909091,44.607240645503765,24.897640479090466,23.95778376706787,9.605250770213845,1
2021-12-02,14378,0.0017417961401797744,0.004050279329608886,0.002649930264992939,0.006862745098039191,0.0030556291945138536,0.007028467569943242,0.0021535055942041854,0.002734012548322042,9.573454539543818,9.0,0.0387044356439894,0.0803090909090909,0.14165357354258626,0.6666666666666666,0.2222222222222222,0.1111111111111111,-0.45795376121463083,-0.5833333333333334,0.279804105774633,0.1111111111111111,0.8888888888888888,0.0,64.83190953089517,21.670898692377104,23.21280263811384,12.41837942838128,1
2021-12-03,14408,0.002086521073862757,0.003831951508395548,0.0061452513966480105,0.008963585434173638,0.003356592710204831,0.009009513738370334,0.002019494038957147,0.0026751778416415134,9.575538886855792,15.0,0.044616717831360224,0.0507333333333333,0.10717120434965863,0.5333333333333333,0.2,0.26666666666666666,-0.5007268000816388,-0.5806451612903226,0.2814417655549852,0.0,0.8666666666666667,0.13333333333333333,59.03660543271804,16.47546034796992,17.954984238436396,10.13972775818004,1
2021-12-06,14441,0.0022903942254304255,0.004381694255112034,0.006131122413432832,0.007043235704323525,0.004242002781641219,0.01070828667413215,0.001581865115224894,0.0020496329417226673,9.577826662126565,21.0,0.012348079148316345,0.0046117647058823,0.19776413189917152,0.38095238095238093,0.3333333333333333,0.2857142857142857,-0.4979660903848899,-0.631578947368421,0.32764294131091426,0.047619047619047616,0.8571428571428571,0.09523809523809523,60.455069183402074,14.501315719409625,10.57254127757055,7.42811339470231,0
2021-12-07,14408,-0.0022851603074579563,0.0,0.002086521073862757,0.0061452513966480105,0.0007223426126576893,0.007781488799902148,0.001976790774058445,0.0020367541213521926,9.575538886855792,4.0,0.054437839181286515,0.08465155555555551,0.22217668232701565,0.75,0.25,0.0,-0.4209857723577236,-0.42083333333333334,0.5852099916471907,0.5,0.5,0.0,57.41644038913765,16.169089650398064,23.237601326603716,9.342176447193726,0
2021-12-08,14348,-0.004164353137146026,-0.006439997230108685,-0.004164353137146026,-0.0003483592280359993,-0.0033757970631954626,0.0032514071950495715,0.002965435818805693,0.002288018038487314,9.571365838652174,8.0,0.08775398173900936,0.10464810344827585,0.1990870230420633,0.625,0.25,0.125,-0.16911570766190331,-0.27884615384615385,0.6057751504927412,0.25,0.75,0.0,47.59923249379609,24.755119869241295,12.560876642777536,11.788622982661362,1
2021-12-09,14351,0.00020908837468636143,-0.003956135480288725,-0.006232255383976204,-0.0018778689664765702,-0.0027933737283896143,0.0032402051081292793,0.0028067977659863644,0.002232895442890821,9.571574905170932,15.0,-0.04603244089897032,0.0007764705882352,0.22351226434908625,0.4,0.3333333333333333,0.26666666666666666,-0.43654106777177126,-0.4761904761904761,0.3967064010179725,0.13333333333333333,0.8666666666666667,0.0,59.96785274263793,20.68018931273872,14.423938577223447,10.390944519503488,1
2021-12-10,14378,0.0018814019928925507,0.0020908837468636143,-0.002082176568573013,-0.002082176568573013,-0.0005005144175959098,0.004653632768282678,0.002763025820169052,0.0021132165483227026,9.573454539543818,11.0,0.01527041020654924,0.0464846153846153,0.16748022179480204,0.45454545454545453,0.2727272727272727,0.2727272727272727,-0.4881030820137254,-0.5333333333333333,0.2920738344316488,0.0,0.9090909090909091,0.09090909090909091,71.53190899950641,15.071637113001337,11.293991599051928,5.23876150017092,0
2021-12-13,14346,-0.0022256224787869927,-0.00034840777646161225,-0.00013939224979087061,-0.006578491794197117,-0.0014060781556709534,0.0019275896748240928,0.0023679669596446667,0.0020862121686694942,9.571226436686379,14.0,0.032217331432071,0.01278842105263155,0.0961455659006567,0.2857142857142857,0.14285714285714285,0.5714285714285714,-0.48874510615577965,-0.513157894736842,0.3083710955741532,0.0,0.8571428571428571,0.14285714285714285,55.41735675091223,16.203393114008307,11.727647559326304,9.009474511961203,1
2021-12-14,14348,0.00013941168269893112,-0.002086521073862868,-0.00020904466587690074,-0.004164353137146026,-0.0004319293307882832,0.0015881049196349029,0.0023683758717298943,0.0020875068956385597,9.571365838652174,7.0,-0.15457552414690565,-0.1329333333333333,0.10761351382850635,0.0,0.8571428571428571,0.14285714285714285,-0.5543587262491203,-0.6206896551724138,0.3431178488361362,0.0,1.0,0.0,60.20195971767578,12.406918413390885,11.846514001925287,4.353387876187328,0
2021-12-15,14337,-0.0007666573738500659,-0.0006273525721455231,-0.0028515788009458864,-0.0007666573738500659,-0.0010451505016721985,0.0005478343097811145,0.001502310053618814,0.001988263769201916,9.570598887246268,10.0,0.09224204189111539,0.11012607142857139,0.19956548205214722,0.8,0.2,0.0,-0.3600653594771242,-0.35625,0.38532128397411886,0.3,0.7,0.0,55.84001201922715,17.78813594314472,14.31340497238864,7.955720934635576,1
2021-12-16,14343,0.00041849759363876693,-0.00034848062447723205,-0.0002091175240485077,-0.000557452442338513,-0.0005156650685694819,0.0005755245121121799,0.0015177494365118485,0.0019171989461682312,9.571017297294214,10.0,-0.002348354600354617,0.02467863825363825,0.15651609625850224,0.5,0.3,0.2,-0.47337286154878866,-0.4396284829721362,0.2507967444735264,0.0,1.0,0.0,62.682678545582135,19.152414262247824,15.233806766381008,7.395124384580761,0
2021-12-17,14343,0.0,0.00041849759363876693,-0.00034848062447723205,-0.0024342745861732906,-2.7887390716241356e-05,0.00020571755328613328,0.0010665953754311714,0.0019191938055500904,9.571017297294214,17.0,-0.04608323582540017,-0.0866,0.18697682455902417,0.35294117647058826,0.5882352941176471,0.058823529411764705,-0.5631972738827578,-0.6136363636363636,0.3631927502398117,0.058823529411764705,0.9411764705882353,0.0,70.02983639504517,14.706628686073735,29.111274187747178,14.872808631926237,1
2021-12-20,14384,0.0028585372655651753,0.0028585372655651753,0.003278231150170896,0.0026488219712812455,0.002299491324646352,0.0026138779493256603,0.0013737993079078119,0.0019899762220130564,9.573871756711402,19.0,0.08407353532628631,0.1123571428571428,0.14383393496550184,0.631578947368421,0.15789473684210525,0.21052631578947367,-0.38682626306236384,-0.4166666666666667,0.2727838723735789,0.10526315789473684,0.8947368421052632,0.0,54.57479047380523,20.08616109146146,19.311392516265418,9.270272138094874,0
2021-12-21,14349,-0.0024332591768632117,0.000418322526668069,0.000418322526668069,6.96961248953798e-05,-0.00015329728524449138,-9.407436055564045e-05,0.0019270248985465345,0.0020820297019367075,9.571435532348406,9.0,0.022502146180766874,0.03035,0.1360273531974043,0.3333333333333333,0.3333333333333333,0.3333333333333333,-0.5423277396232096,-0.5,0.2853764517808351,0.0,1.0,0.0,67.4344480475001,17.04271725031886,15.347482680209389,5.767188464621535,0
2021-12-22,14264,-0.005923757753153569,-0.008342602892102313,-0.005507913267796094,-0.005091720722605886,-0.0050639621667619705,-0.005989567907902171,0.003324033246915048,0.0025016907316418777,9.565494159542977,7.0,0.1559349517337299,0.1643842105263158,0.09957825426431843,0.8571428571428571,0.0,0.14285714285714285,-0.3816893424036281,-0.5333333333333333,0.2751365767658957,0.0,0.8571428571428571,0.14285714285714285,52.11474078159824,20.678526243177068,16.3205909920247,6.7962125739194335,0
2021-12-23,14251,-0.0009113853056645915,-0.006829744233047608,-0.009246384872080071,-0.006414278742243651,-0.004693327373552547,-0.006795135380004869,0.003232500612019189,0.0025052050774099404,9.564582358673212,12.0,-0.04970858071022544,-0.0204902597402597,0.14613244731213898,0.16666666666666666,0.4166666666666667,0.4166666666666667,-0.49769071454519054,-0.4821428571428571,0.23066388879806685,0.0,1.0,0.0,68.6003766452984,20.910355550397284,19.00888857801816,7.599702450279396,0
2021-12-24,14219,-0.002245456459195827,-0.0031547952888389963,-0.00905986479894072,-0.008645332217806612,-0.005205199602613786,-0.008814641576249005,0.0031651489504857804,0.002550458345467083,9.562334377396374,8.0,0.07723571565109297,0.05811017543859645,0.12790698569906322,0.625,0.125,0.25,-0.5280996963562753,-0.575,0.2223974180050072,0.0,1.0,0.0,53.62737168195383,13.811936223754257,5.961387534846573,6.762669586128624,1
2021-12-27,14225,0.0004219706027146497,-0.0018244333730966789,-0.0027341559169938856,-0.011053948832035587,-0.002566331968362645,-0.007998772638200258,0.0023694101019613297,0.002337419347700754,9.562756258994531,11.0,0.04415758857231819,0.0122952380952381,0.19606631484273213,0.45454545454545453,0.36363636363636365,0.18181818181818182,-0.45746683646822556,-0.631578947368421,0.4363229036716867,0.09090909090909091,0.9090909090909091,0.0,62.16566743416329,17.945152858903274,15.222312217673961,9.517654754215345,1
2021-12-28,14237,0.0008435852372583597,0.001265911808143949,-0.0009823872008981605,-0.007805421980625837,-0.0001545030619698462,-0.006874518243108918,0.0027220542567935077,0.0023408640571744147,9.563599488613745,7.0,-0.005166515495086922,0.0123499999999999,0.15361776147350606,0.2857142857142857,0.42857142857142855,0.2857142857142857,-0.6116077969649398,-0.5666666666666667,0.21354712521324862,0.0,1.0,0.0,57.933516808003255,11.617466596212795,16.38103247727118,12.294675995322178,1
2021-12-29,14265,0.001966706469059387,0.002811950790861051,0.0032351079541459438,7.010656197414811e-05,0.0017978285601920607,-0.0046158193864414,0.001630121913488731,0.002322321286706931,9.5655642636476,4.0,-0.14112653508771927,-0.13707807017543855,0.19742382820508056,0.25,0.5,0.25,-0.6753764005602241,-0.8284313725490196,0.382316556703109,0.0,1.0,0.0,92.02419285730579,17.072336696774677,9.99014209805006,8.613642374552187,1
2021-12-30,14269,0.0002804065895547492,0.0022476645360680614,0.0030931458699472447,0.0012630692582975556,0.0018254581197780784,-0.003957921776946427,0.001545733375279842,0.002277085170019431,9.565844630930576,7.0,-0.025501024885478677,0.0569454545454545,0.23427104611252902,0.5714285714285714,0.42857142857142855,0.0,-0.5201988003626697,-0.5106382978723404,0.3102427228320742,0.0,1.0,0.0,72.34524939592707,18.30398287582314,13.189335166170777,15.992770590487583,1
2021-12-31,14278,0.0006307379634171717,0.0009113214160532124,0.0028798201868371898,0.004149377593360981,0.0016275219575161426,-0.002877255712609661,0.0006709179768526395,0.00221662462714143,9.566475170062406,8.0,0.01187808741830066,-0.0180424836601307,0.15719194972382758,0.375,0.5,0.125,-0.42432758381507285,-0.5477941176470588,0.3177905657697296,0.125,0.875,0.0,53.77812976091102,18.494722234233567,7.690007456691104,12.890951820096532,0
2022-01-03,14270,-0.0005603025633842407,7.008199593516728e-05,0.000350508236943492,0.0031634446397188487,0.00043466677883885474,-0.0028405418342283273,0.0009180705767775829,0.0021206615281576836,9.565914710470881,13.0,-0.012275088100819962,-0.0061421052631578,0.11479608563130879,0.23076923076923078,0.3076923076923077,0.46153846153846156,-0.5867806567699135,-0.7,0.27405387182889585,0.0,0.9230769230769231,0.07692307692307693,69.61449710205854,15.472742451437902,11.614136282876569,7.31471422622602,1
2022-01-04,14310,0.002803083391730965,0.0022412102535369627,0.0028733618333449673,0.005127484722905029,0.0022131331241594943,0.0002970833406148454,0.0013482798229144768,0.0022103252990779117,9.568713872550497,5.0,0.020963564102564107,0.04088,0.11419383855039245,0.4,0.2,0.4,-0.4655555555555556,-0.2777777777777778,0.2832625183835441,0.0,1.0,0.0,60.896091870436635,17.77566594915583,14.659153551001257,10.316637649560993,1
2022-01-05,14365,0.0038434661076169885,0.00665732305536082,0.006093290376803395,0.007010164738871394,0.004657863816930563,0.004082032069114838,0.001845752413516574,0.0022061701740549882,9.57254997141339,6.0,-0.03121084126984128,0.0006566666666665999,0.18915980560309836,0.16666666666666666,0.3333333333333333,0.5,-0.5647306397306397,-0.6597222222222223,0.2912034086832057,0.0,0.8333333333333334,0.16666666666666666,69.716740731609,14.295350529217005,9.70123185555673,5.969618758781148,1
2022-01-06,14396,0.002158022972502671,0.006009783368273958,0.008829712683952273,0.008900413483776015,0.005040561862075688,0.006090636214650447,0.0017496562353130488,0.0022555215375472757,9.574705669198922,12.0,-0.04956731620854805,-0.0230606334841629,0.14715733234377962,0.25,0.5,0.25,-0.5316995644043058,-0.5414870689655172,0.29118056766817424,0.08333333333333333,0.9166666666666666,0.0,64.52905886975789,14.550883718400605,18.241793137918645,12.21541283985743,0
2022-01-07,14360,-0.0025006946373993255,-0.00034806822137134485,0.0034940600978337066,0.005743101274688245,0.0013807338809779246,0.0036378377056112132,0.0026103760564532576,0.0022919432158278142,9.572201842602215,10.0,0.06240085753859666,0.0857409722222222,0.1583231720105616,0.5,0.2,0.3,-0.5105732198835647,-0.6060606060606061,0.2945550259446905,0.1,0.9,0.0,66.85890325379933,17.17295045895143,14.64142059813185,9.15699491822257,0
2022-01-10,14323,-0.002576601671309242,-0.0050708530147263176,-0.00292377305951963,0.0037140854940433954,-0.001937174234188932,0.0011323286828641699,0.0030577934730003304,0.002310663828151713,9.569621915779866,16.0,0.006836933083509507,0.0263075757575757,0.19543818164032292,0.4375,0.25,0.3125,-0.5752669491764402,-0.5420094007050529,0.22213568483961454,0.0,1.0,0.0,61.4759160251014,12.896591261867915,8.45200039516062,8.248889757125434,0
2022-01-11,14299,-0.0016756266145360188,-0.00424791086350973,-0.0067379827729925346,-0.0007686932215233977,-0.0034567832401767307,-0.0003740121012140163,0.002958734471847037,0.0023371794677546536,9.567944883732848,6.0,-0.008710205706658801,0.014549641148325349,0.10014820581129143,0.3333333333333333,0.3333333333333333,0.3333333333333333,-0.2993514371033968,-0.2855543113101904,0.29100643212258487,0.16666666666666666,0.8333333333333334,0.0,54.176992470142046,30.48577406929739,22.020178250836494,12.181416835074288,1
2022-01-12,14302,0.00020980488146027376,-0.0014661732877190303,-0.004038997214484641,-0.0043856595892795,-0.0023716517857143016,-4.195041460997029e-05,0.0020344129299541803,0.0023342222143096876,9.568154666608342,11.0,-0.02381275072150073,-0.0420375,0.18256186450202888,0.36363636363636365,0.36363636363636365,0.2727272727272727,-0.5454471135051897,-0.625,0.4119002377757914,0.09090909090909091,0.9090909090909091,0.0,61.257081959581186,12.193190924313306,19.952590936901387,11.295732873466912,1
2022-01-13,14311,0.0006292826178155853,0.000839219525840873,-0.0008378133072680649,-0.005904417893859426,-0.0005586982331168278,0.0006992518005732862,0.0015120680548891259,0.0023372536041990047,9.568783751310876,12.0,-0.05619850585525583,-0.06120772727272725,0.1258511221357362,0.25,0.5833333333333334,0.16666666666666666,-0.5468107347493313,-0.5357142857142857,0.22436134979954334,0.0,1.0,0.0,60.18476174479128,15.943935690357057,18.712427624109377,8.361836323272266,0
2022-01-14,14310,-6.987631891552937e-05,0.0005593623269473103,0.0007692845653541891,-0.0034818941504177747,6.988608568025967e-05,0.0007447890988052652,0.0013661274184560465,0.0023371341985840826,9.568713872550497,13.0,0.08121790560557082,0.0618681818181818,0.1272905699090497,0.6153846153846154,0.23076923076923078,0.15384615384615385,-0.4033747665864633,-0.4242424242424242,0.3102673515228493,0.07692307692307693,0.9230769230769231,0.0,49.56561261600538,21.625552401084953,13.202225982922076,8.735135329468488,1
2022-01-17,14323,0.0009084556254368437,0.0008385158269861304,0.0014683261082366617,0.0,0.0009784051995247456,0.0018676160964725685,0.0010096921243091677,0.002245540744954902,9.569621915779866,13.0,-0.005508343000366402,-0.0083633333333333,0.19380086605941513,0.38461538461538464,0.3076923076923077,0.3076923076923077,-0.4874408302858529,-0.625,0.36042231611865055,0.07692307692307693,0.8461538461538461,0.07692307692307693,59.51777655425373,13.51134395673363,10.607693217212695,6.505467369558338,1
2022-01-18,14325,0.00013963555121132565,0.0010482180293500676,0.000978268464817189,0.0018183089726553359,0.000754495535901345,0.002091625801848185,0.0003966010402491509,0.0021843384616750654,9.56976154158294,12.0,-0.03391580436523917,0.04994062499999995,0.27032270197596925,0.5,0.3333333333333333,0.16666666666666666,-0.5226116188187266,-0.5363756613756614,0.27783555733589227,0.08333333333333333,0.9166666666666666,0.0,74.87056636722967,20.313976395196377,13.715979374611427,11.004609534770518,1
2022-01-19,14370,0.003141361256544517,0.003281435453466486,0.004192872117400492,0.004754579779051804,0.0029453230782117146,0.004866996727364237,0.0012848626109651035,0.001818039360007094,9.57289797907307,18.0,0.06521873702199124,0.09646666666666659,0.2133105748062421,0.5555555555555556,0.2222222222222222,0.2222222222222222,-0.4082339793541484,-0.47857142857142854,0.38004995302970423,0.1111111111111111,0.7222222222222222,0.16666666666666666,54.333713504060924,17.862979871508557,14.999497200997135,8.697630965217478,0
2022-01-20,14354,-0.0011134307585246583,0.002024432809773158,0.0021643510437756586,0.0030046817133673187,0.0012276443179599639,0.0033867974317660643,0.0015929664959330161,0.0018260885948269247,9.571783927990017,10.0,-0.044911480740509546,-0.03615959752321975,0.2188288617417994,0.3,0.5,0.2,-0.517201839796243,-0.6366396761133604,0.30273305710625664,0.1,0.8,0.1,71.08469026018126,18.06393418288685,11.129192400832938,9.348855414019297,0
2022-01-21,14347,-0.0004876689424551106,-0.0016005567153792866,0.0015357766143107021,0.002585604472396863,0.00022309290425126527,0.002449002407079348,0.0016470105747127277,0.0017339788487676765,9.57129614009839,11.0,0.03776138177554231,0.0048947368421052,0.18999405478141623,0.36363636363636365,0.45454545454545453,0.18181818181818182,-0.4856351123406551,-0.5666666666666667,0.2703945002599023,0.0,1.0,0.0,72.16286252073891,22.717106058296533,13.426446838289433,14.204047799635408,0
2022-01-24,14327,-0.0013940196556770923,-0.0018810087780409823,-0.0029923451635351928,0.0002792711024226513,-0.001226942542838394,0.0006949755710847771,0.0018229195881709838,0.0017823743336029666,9.569901147893372,20.0,-0.033127564410423624,-0.0480460869565217,0.2476287787227775,0.3,0.5,0.2,-0.5351923045077587,-0.5567857142857143,0.3240275057938581,0.1,0.9,0.0,66.09028594231457,17.07420399629074,10.97391405864723,7.369991632821761,1
2022-01-25,14358,0.0021637467718294,0.0007667108106224063,0.00027866796711717434,0.002303664921466053,0.0004738279725737815,0.0024366233566754936,0.0020556982363607672,0.001825202780373434,9.572062557136428,13.0,-0.11274619728896422,-0.0944323529411764,0.2243481436654547,0.38461538461538464,0.6153846153846154,0.0,-0.49827259437823623,-0.6666666666666666,0.34213168094471136,0.07692307692307693,0.9230769230769231,0.0,66.30499187685619,17.11818535471351,14.40366112951218,10.408311443813279,0
2022-01-26,14346,-0.0008357709987463213,0.0013261673762825499,-6.970098278380465e-05,-0.001670146137787043,-2.7881559136799794e-05,0.001315683858967187,0.001435729741383762,0.0018080950332656984,9.571226436686379,11.0,0.009905479471514926,0.0347399999999999,0.10929747360093237,0.36363636363636365,0.2727272727272727,0.36363636363636365,-0.5336748436748436,-0.5185185185185185,0.20112215408266657,0.0,1.0,0.0,76.05458756164654,21.06726025635721,12.868775652141842,10.438957966299212,1
2022-01-27,14385,0.002718527812630711,0.0018804847471791675,0.004048300411809924,0.0021596767451581567,0.0022574307094185286,0.0036314924701474904,0.0018717995174932682,0.0018882074505489357,9.573941275985648,15.0,0.035496278119308465,0.0494238095238095,0.17302284505352555,0.4666666666666667,0.26666666666666666,0.26666666666666666,-0.40959575679367916,-0.4516129032258064,0.30358719700275527,0.13333333333333333,0.8666666666666667,0.0,46.89840106224507,17.769567570172544,15.912602119719347,11.394542172942534,0
2022-01-28,14381,-0.00027806743135205814,0.002439704447232627,0.001601894414263727,0.0023698334146511346,0.0015042411242809361,0.0029920282324715775,0.0018482253838440527,0.00189345781603023,9.57366316988638,12.0,0.00815118693824013,-0.0045412087912088,0.17759843355115243,0.4166666666666667,0.4166666666666667,0.16666666666666666,-0.4524763683700312,-0.5008695652173913,0.34487286661931993,0.08333333333333333,0.9166666666666666,0.0,60.733876805125185,19.966146554890013,17.640991757883903,13.335599299351408,1
2022-01-31,14392,0.0007648981294763324,0.00048661800486615725,0.003206468702077192,0.004536888392545624,0.0013637249172024912,0.0033323573290946484,0.0015266690392849675,0.0018826710311025156,9.574427775630369,15.0,0.04474857138198805,-0.0389814814814814,0.1684217148236184,0.3333333333333333,0.3333333333333333,0.3333333333333333,-0.39460580258010264,-0.5714285714285714,0.44138150092587797,0.13333333333333333,0.8,0.06666666666666667,53.53417427761739,16.401086264497657,15.376468349577854,9.789435551070214,0
2022-02-02,14347,-0.0031267370761534075,-0.0023642305820179566,-0.0026416405978449964,-0.0007661234155175167,-0.0016144521301025838,6.622031848491083e-05,0.0021455259801586393,0.001954411304587278,9.57129614009839,16.0,-0.03575989544361561,-0.01442257142857145,0.2027427200663966,0.4375,0.375,0.1875,-0.37107473956856063,-0.45190562613430124,0.3213900949158742,0.1875,0.8125,0.0,62.875710611847886,28.14388147630321,10.551960610771754,8.451199760200454,1
2022-02-03,14381,0.0023698334146511346,-0.0007643135075041663,0.0,0.002439704447232627,0.00026430737556681905,0.0023803134485966826,0.002358304106753701,0.0018309610324694413,9.57366316988638,13.0,0.024829398328167558,0.10149,0.16552781847920042,0.5384615384615384,0.46153846153846156,0.0,-0.40833594887282615,-0.48,0.4533455142240687,0.07692307692307693,0.8461538461538461,0.07692307692307693,51.96334874486179,14.968399951046136,11.483402220847532,11.104704399503653,0
2022-02-04,14376,-0.00034768096794379755,0.0020213285007317783,-0.0011117287381878782,-0.0006256517205421863,4.173796903050864e-05,0.00210165309131205,0.0020062118453058626,0.0017641571853201073,9.573315428463395,10.0,0.03277601481004302,-0.03859239130434775,0.2005370965068892,0.4,0.5,0.1,-0.5422734171870116,-0.5909090909090909,0.23297708250285143,0.0,1.0,0.0,50.21197749037121,13.980899651812772,14.120798716303645,11.807595167071941,1
2022-02-07,14404,0.0019476905954367574,0.0015993324525416241,0.003972956018679863,0.0015993324525416241,0.0016689847009736525,0.0038994845989526183,0.002200846972297327,0.0017212088705215538,9.575261224768767,13.0,0.047090928221476834,0.1045562499999999,0.286057228490958,0.6153846153846154,0.38461538461538464,0.0,-0.48752596385514935,-0.4615384615384615,0.294588499413027,0.0,0.9230769230769231,0.07692307692307693,61.04948623144763,15.24498690281527,14.329919581217114,9.248875662457277,0
2022-02-08,14385,-0.0013190780338794283,0.0006260434056761799,0.0002781447743549492,-0.0004863813229571967,0.0004451059212997599,0.0023586959930039786,0.002291376924754729,0.0016371086402843015,9.573941275985648,10.0,0.04299135246551695,-0.023214166666666647,0.23491764396534306,0.4,0.4,0.2,-0.3311845289476474,-0.4966666666666667,0.39424857609710645,0.2,0.7,0.1,59.784873620387884,29.956202986531316,14.805403237076977,11.263049744715257,0
2022-02-09,14366,-0.0013208202989224427,-0.0026381560677589677,-0.0006956037840846196,0.0013243186728932876,-0.0011402825675825845,0.0008011424988678684,0.0017791341756418731,0.0016173197998169244,9.572619582634747,12.0,0.0491283682371205,0.0202152777777777,0.12900754219320046,0.4166666666666667,0.16666666666666666,0.4166666666666667,-0.43698806098827453,-0.5264102564102564,0.3317473217865209,0.16666666666666666,0.8333333333333334,0.0,45.7710758666339,17.296970546886342,8.89515121595324,6.723545962655723,0
2022-02-10,14344,-0.0015313935681470214,-0.0028501911713590955,-0.004165509580672078,-0.0025728391627842795,-0.0021565217391303904,-0.0008776451248903028,0.00145101529860442,0.0016649115862230387,9.571087015284968,9.0,-0.016673130885164936,0.0426857142857142,0.17438543755006494,0.4444444444444444,0.4444444444444444,0.1111111111111111,-0.5028525668782706,-0.5185185185185185,0.24157828113184812,0.0,1.0,0.0,54.05218468349764,13.90396663800507,13.710444631880526,10.884561996366697,1
2022-02-11,14359,0.0010457334076965363,-0.0004872615898650068,-0.001807438303788711,-0.001182526432943809,-0.0008767291046229975,0.0,0.0016154938750004132,0.0016738287071974382,9.572132202294377,9.0,-0.09360571409856779,-0.100896,0.15773678073849476,0.2222222222222222,0.7777777777777778,0.0,-0.5614167068390539,-0.625,0.18043847316632586,0.0,1.0,0.0,72.18541300655187,19.61934872246147,14.547932021757024,12.04472668713736,0
2022-02-14,14338,-0.0014624973883975434,-0.00041829336307863674,-0.001949046359459805,-0.004582060538739219,-0.0014207711165589165,-0.0015598451296621185,0.00110137470899834,0.001712791677378489,9.570668634412817,27.0,0.0704282203383485,0.0559745454545454,0.14988554099428222,0.5925925925925926,0.25925925925925924,0.14814814814814814,-0.450672388907091,-0.4761904761904761,0.282264209325394,0.07407407407407407,0.9259259259259259,0.0,55.669992820264284,19.289647712328502,11.750887463318522,10.563022685816408,0
2022-02-15,14292,-0.0032082577765378817,-0.004666063096315898,-0.0036252091466815184,-0.006465067778936406,-0.0033333798239862933,-0.00465566532138717,0.0015185676794107574,0.0018521103055585849,9.5674552191433,11.0,-0.05675724766465801,-0.01783,0.19162786684940683,0.2727272727272727,0.45454545454545453,0.2727272727272727,-0.43025833052231327,-0.5,0.35823824738738297,0.09090909090909091,0.9090909090909091,0.0,60.76806483183987,18.55865144363282,11.70273471155865,11.244826648480194,0
2022-02-16,14278,-0.0009795689896445747,-0.004184684056353749,-0.005641061355247556,-0.006125574272588086,-0.0030861180544888844,-0.005467906523177635,0.001524798010797941,0.0018611616021454846,9.566475170062406,8.0,0.10361372924585575,0.10444552845528449,0.19980106182528773,0.5,0.125,0.375,-0.35706127401300036,-0.31565656565656564,0.29196337813855044,0.0,0.75,0.25,51.22743527591467,23.026903055807978,13.362965940735501,8.092604292510533,1
2022-02-17,14301,0.001610869869729692,0.0006297229219143219,-0.0025805551680848637,-0.002997769102063619,-0.0008802816901408717,-0.00362640693093097,0.0019549526296289816,0.0017460671467969268,9.568084743872936,13.0,0.11226585454579485,0.113675,0.200625967846248,0.6923076923076923,0.23076923076923078,0.07692307692307693,-0.4781398058708674,-0.4897959183673469,0.28731906041755223,0.07692307692307693,0.8461538461538461,0.07692307692307693,70.07342817345169,20.280676619447657,10.974813747765147,9.491732739068167,1
2022-02-18,14339,0.0026571568421789316,0.004272307045804835,0.003288553036663977,-0.001392854655616671,0.002054564767708378,-0.0009266807410658329,0.0023803679838628354,0.0018473292237745598,9.57073837671504,9.0,-0.06548016601408757,-0.0765388888888888,0.1844974445248714,0.2222222222222222,0.6666666666666666,0.1111111111111111,-0.44116949461777044,-0.3095238095238095,0.30236715565547195,0.0,1.0,0.0,73.08278625236855,25.394229217161417,10.376382165494158,10.165764154025675,0
2022-02-21,14329,-0.0006973987028383588,0.0019579050416054233,0.0035719288415745343,-0.000627702608453018,0.001481709277457055,-0.0015608233343088473,0.002308572918325024,0.0018505330209657408,9.570040734716603,25.0,0.04951006668254958,0.0341,0.24257455845843257,0.48,0.32,0.2,-0.4613758663304228,-0.6041666666666666,0.4216118423083667,0.08,0.84,0.08,61.33111449311669,16.54266056593401,16.4218352348496,11.25487931290814,1
2022-02-22,14362,0.0023030218438131467,0.0016040170165283474,0.004265435983497712,0.004897844948222874,0.002806909745981745,0.0006165893897855934,0.0017040252852607285,0.0018945111383486858,9.572341108670264,11.0,-0.10837926639672833,-0.0995,0.15529827891943782,0.09090909090909091,0.6363636363636364,0.2727272727272727,-0.611876704112936,-0.723404255319149,0.24705869613337686,0.0,1.0,0.0,77.69207039288428,16.34567546202198,15.489561684612001,8.795143517147524,0
2022-02-23,14355,-0.00048739729842639523,0.0018145020587618799,0.0011158379245415073,0.005392912172573094,0.0012415255419466753,0.00013934369121448853,0.0015716926858785768,0.001836107903682259,9.571853592555165,18.0,-0.07409809259207084,-0.10740077399380799,0.15944990481144772,0.2777777777777778,0.6111111111111112,0.1111111111111111,-0.6159853870947337,-0.7030892448512586,0.24100352161622585,0.0,0.9444444444444444,0.05555555555555555,61.907864725155974,13.164390604739765,13.973228176851988,10.199088044662293,1
2022-02-24,14371,0.0011145942180423862,0.000626653669405286,0.002931118710307823,0.004894762604013669,0.0013796755671999783,0.0011669017886688504,0.0015450128335407216,0.0018416621844631555,9.572967566074247,9.0,-0.14753819361370957,-0.1200222222222222,0.14187893964496426,0.1111111111111111,0.6666666666666666,0.2222222222222222,-0.6822079659605865,-0.7272727272727273,0.12913105087739027,0.0,1.0,0.0,66.05915697591027,10.321911352169685,11.416718291292543,5.213285666848418,0
2022-02-25,14369,-0.0001391691601141387,0.0009752699407872267,0.00048739729842650625,0.0020921961085151874,0.0008218872760705764,0.0010833632332296617,0.001266179706609769,0.0017346335510811629,9.572828387229206,22.0,-0.1668392886354166,-0.14528183760683755,0.12274143179323604,0.0,0.8636363636363636,0.13636363636363635,-0.6040268955089948,-0.6504934210526316,0.18756904386575335,0.0,1.0,0.0,67.50260469958239,14.100757938376837,9.479329440759455,10.54307478122176,0
2022-03-01,14350,-0.0013222910432180157,-0.00146127618119829,-0.0003483106931382318,0.0014655593551538004,-0.0007937944768615646,-0.0001323866526382611,0.0014247944875505083,0.001757293188696078,9.571505221187767,77.0,-0.0317036647764723,-0.0116116279069767,0.1910463855551791,0.3246753246753247,0.44155844155844154,0.23376623376623376,-0.5447632282881217,-0.5915492957746479,0.26926990228016373,0.03896103896103896,0.961038961038961,0.0,61.23780342465981,14.103924547910369,13.146014602479688,7.9632428529392305,1
2022-03-02,14373,0.001602787456445931,0.0002783770617300618,0.0001391691601140277,0.0007659100403842878,0.0006544320365367007,0.0015364836474240917,0.0011935765376835717,0.0017888633159089823,9.573106725551233,25.0,-0.024924580256978336,-0.07579375,0.1923737538992972,0.36,0.52,0.12,-0.6092039522623701,-0.6486486486486487,0.21872480940441277,0.0,0.96,0.04,61.405727294955135,11.493252132800103,8.77829712391429,6.903138625826175,1
2022-03-04,14383,0.0006957489737702272,0.0022996515679443164,0.0009743197160554384,0.0019505398815744535,0.0009603874954764446,0.0021076100398877973,0.0011512311549942897,0.0016427023671385995,9.573802232603889,56.0,-0.03586175579635568,-0.03577056451612895,0.15064689710470464,0.2857142857142857,0.44642857142857145,0.26785714285714285,-0.5262987308982171,-0.5411036036036037,0.24642626512464152,0.017857142857142856,0.9464285714285714,0.03571428571428571,58.04249789299093,15.29911704477352,12.458456860982736,10.361457046469798,1
2022-03-07,14411,0.0019467426823334133,0.0026438461003270852,0.00425087108013944,0.00278338320228233,0.002350944551094747,0.003953532925788483,0.001328598269841157,0.0016147807131979177,9.575747082838362,45.0,-0.010975768481167695,-0.010160465116279,0.18560657983489381,0.37777777777777777,0.37777777777777777,0.24444444444444444,-0.5268257925820219,-0.5833333333333334,0.2848001656870412,0.044444444444444446,0.8888888888888888,0.06666666666666667,58.515617854802805,14.759221975746115,9.579016773411654,8.399349303001578,0
2022-03-08,14394,-0.0011796544306432732,0.0007647917680595473,0.001461072844917588,0.0017398566358131085,0.0008204586224638266,0.0027063458062088763,0.0015309308508074393,0.0016376227597857534,9.57456673206775,16.0,-0.08910040522274691,-0.06900638888888891,0.17894556149917704,0.1875,0.5,0.3125,-0.593150140149411,-0.5815718157181571,0.12055199049678744,0.0,1.0,0.0,66.00661823125564,14.845025573783504,11.37447216275799,9.76817511734451,0
2022-03-09,14371,-0.0015978880088926006,-0.002775657483866545,-0.0008343182924285264,0.0014634146341463428,-0.001070455430128403,0.0012192148256522373,0.0016090977139921222,0.0016147063461016333,9.572967566074247,21.0,-0.10559386191696192,-0.1108272727272727,0.20573816548438204,0.19047619047619047,0.6666666666666666,0.14285714285714285,-0.4565350986524851,-0.4761904761904761,0.26381707028933205,0.047619047619047616,0.9523809523809523,0.0,61.21997404113892,19.741718198745367,12.870640348529681,12.03619656882456,0
2022-03-10,14298,-0.005079674344165341,-0.00666944560233429,-0.007841232391922803,-0.005218117303276926,-0.005107366018620274,-0.0035646710780777857,0.002673159375248333,0.0019472124019325207,9.567874946326796,19.0,-0.09176227234100418,-0.0653533333333333,0.1654482627244868,0.15789473684210525,0.5263157894736842,0.3157894736842105,-0.5587511362687494,-0.5833333333333334,0.24234017141961867,0.05263157894736842,0.9473684210526315,0.0,79.94122506367346,19.972907622927337,15.953477164005111,11.883607928744524,1
2022-03-11,14306,0.0005595188138201035,-0.0045229977037088975,-0.006113658468806404,-0.005353542376416609,-0.0034828643076065813,-0.0027986602677373407,0.0026516148845487125,0.001940788245266335,9.56843430866833,20.0,-0.0228199325780069,0.00859999999999995,0.19713377004883537,0.45,0.45,0.1,-0.4840526549688701,-0.5064102564102564,0.2291512007575468,0.0,0.95,0.05,56.009258379282855,17.3708127552592,16.713718022214984,10.499976117248,1
2022-03-14,14328,0.0015378163008528123,0.0020981955518253326,-0.0029921369424535937,-0.005759489279022922,-0.0007950123436126777,-0.0012094511461901991,0.002539223061165381,0.0019519039526958077,9.569970943740548,34.0,-0.13296427437817054,-0.15635880952380948,0.23465311128387786,0.20588235294117646,0.5882352941176471,0.20588235294117646,-0.580759996339317,-0.6213235294117647,0.24566259699657467,0.029411764705882353,0.9411764705882353,0.029411764705882353,72.68985416423868,16.76271485364176,11.663026229011976,10.355840602321976,0
2022-03-15,14321,-0.0004885538805137202,0.001048511114217776,0.0016086165897328808,-0.005071557593441689,-0.0002652742097620786,-0.0015651743478730662,0.0025560934205260295,0.0019364971503898906,9.569482270478703,16.0,-0.16044229760308207,-0.13003749999999997,0.24898651847669415,0.1875,0.5625,0.25,-0.6592622942687588,-0.6666666666666666,0.20151543529192567,0.0,1.0,0.0,76.42721780488544,13.712791089356767,6.808042958438054,8.981264800690935,0
2022-03-16,14311,-0.0006982752601075726,-0.0011864879955332253,0.0003495037047391847,-0.004175074803423606,-0.0001257615560895653,-0.0021684411627307387,0.002536282317405286,0.0019162692078258771,9.568783751310876,18.0,-0.061526986392000965,-0.0652285714285714,0.19255869577856724,0.3333333333333333,0.5555555555555556,0.1111111111111111,-0.5759090093916759,-0.6533816425120773,0.28800871186226185,0.05555555555555555,0.9444444444444444,0.0,67.65400600154383,14.61513933642478,14.184625886495626,9.525898405419515,0
2022-03-17,14290,-0.0014674026972258947,-0.0021646533063333084,-0.0026521496370742748,-0.0005595188138201035,-0.0014813572586506174,-0.003625714684144521,0.0011721195966069371,0.0018035130286167531,9.567315270923913,22.0,-0.04734735408035733,-0.06470620915032675,0.22386315099725052,0.36363636363636365,0.5454545454545454,0.09090909090909091,-0.4962746392373548,-0.45742753623188404,0.25913559393020374,0.0,0.9545454545454546,0.045454545454545456,64.31836638155556,17.406243816906226,12.56594721364565,8.603960643971128,1
2022-03-18,14340,0.0034989503149054357,0.0020264132485501296,0.0013267229942042214,0.002376625192227033,0.0015365274479675062,-0.00035552209465250506,0.0020218668228040846,0.001948408124557894,9.57080811415361,17.0,-0.07055714149347804,-0.1047909090909091,0.23719884499445618,0.23529411764705882,0.5294117647058824,0.23529411764705882,-0.6428880057491968,-0.6666666666666666,0.22040410082468037,0.0,1.0,0.0,73.41022299876437,13.818548551260967,11.80719496724034,10.186538992766339,1
2022-03-21,14341,6.973500697360357e-05,0.003568929321203562,0.002096289567465659,0.000907314349525512,0.0014245213189392203,-0.00042517303148370544,0.0019338960126744184,0.0019207207506797019,9.570877846729212,24.0,-0.018909363201618016,-0.0237255172413793,0.1977721549959964,0.4166666666666667,0.4166666666666667,0.16666666666666666,-0.5545274662334152,-0.6719387755102041,0.3360277337265165,0.041666666666666664,0.9166666666666666,0.041666666666666664,59.574439070123084,12.703977076367032,10.932375686763526,8.760908226936012,1
2022-03-22,14358,0.0011854124538037691,0.001255230125523088,0.00475857242827149,0.002583618462397963,0.0020938023450587373,0.0006934740260873262,0.0019334938936098937,0.0018460039043484966,9.572062557136428,12.0,-0.1206305000261001,-0.15592352941176468,0.2144995717863151,0.16666666666666666,0.75,0.08333333333333333,-0.6064992595064923,-0.6875,0.26071836805631254,0.0,0.9166666666666666,0.08333333333333333,74.26092909404055,12.319344981631916,9.70167618237986,7.667216302335117,0
2022-03-23,14351,-0.0004875330826020763,0.0006973014434139557,0.0007670850767085291,0.0027950527566207306,0.0010463169642858094,0.00012892749744763954,0.0019024074596190803,0.0018420173209336363,9.571574905170932,15.0,-0.13057459084804085,-0.126575,0.2759595757990391,0.3333333333333333,0.6666666666666666,0.0,-0.5473983652285385,-0.6530612244897959,0.31429355279435484,0.06666666666666667,0.8666666666666667,0.06666666666666667,69.62762657203368,13.607936342926882,14.2214812078808,10.907643681915184,1
2022-03-24,14361,0.0006968155529232245,0.00020894274968652482,0.0013946028868279114,0.00496850944716587,0.0007526027511810529,0.0008293203058031828,0.001536955650885079,0.0017736638588112526,9.57227147806062,20.0,-0.006325341886921379,0.010390659340659348,0.14933581096306395,0.4,0.35,0.25,-0.478188801938802,-0.4712121212121212,0.320105523922793,0.0,0.95,0.05,50.80626347840935,16.657312991574003,9.051534465221625,9.144216442798793,0
2022-03-25,14341,-0.0013926606782257434,-0.0006968155529231135,-0.0011840089148906774,6.973500697360357e-05,-0.0006550340060207382,-0.0005157369462797101,0.001008932564372184,0.001798086164906826,9.570877846729212,25.0,-0.029810347609347008,-0.0121304347826086,0.13679249267153573,0.36,0.4,0.24,-0.4842949047721858,-0.5,0.2853221916082908,0.04,0.96,0.0,59.02599939984248,17.578977391013456,10.517360415161694,11.344487850302826,1
2022-03-28,14360,0.0013248727424866047,-6.963303391127607e-05,0.0006271339976309243,0.0013248727424866047,0.00040406292235029007,0.0008468167704569485,0.0011695189421675766,0.0018058354364791046,9.572201842602215,37.0,0.030227576317656664,0.076705,0.2334754275411237,0.5405405405405406,0.32432432432432434,0.13513513513513514,-0.47015375225718575,-0.5,0.29419863253594786,0.02702702702702703,0.9459459459459459,0.02702702702702703,55.03883616146405,16.09468800018018,10.901469125037751,11.055700683319056,1
2022-03-29,14364,0.00027855153203337757,0.0016037933198522758,0.00020889910173393922,0.0004178854993732717,0.0005990776989843738,0.0011430483147008008,0.0010559752821763552,0.001807003615411144,9.572480355345974,9.0,0.05692081584453141,0.0224062499999999,0.20069813021355207,0.4444444444444444,0.3333333333333333,0.2222222222222222,-0.5043988833462518,-0.4615384615384615,0.20181376318651864,0.0,1.0,0.0,51.86373235546472,16.087191806258218,13.048130693173283,10.754762632150989,0
2022-03-30,14349,-0.0010442773600668476,-0.0007660167130919548,0.0005578411547311202,-0.0001393631105846005,-0.0004179728317659226,0.0001010625507491536,0.00115593169606084,0.0017974688167929974,9.571435532348406,15.0,0.013059000036783055,0.0554307692307692,0.14848417746392467,0.5333333333333333,0.3333333333333333,0.13333333333333333,-0.4692037892536985,-0.5333333333333333,0.2969820732240428,0.0,0.9333333333333333,0.06666666666666667,59.71391854167496,16.533427058457857,12.446016714061946,10.54246444516705,1
2022-03-31,14357,0.0005575301414733058,-0.0004873294346978696,-0.0002089136490250887,-0.00027853213564510426,0.000195064859065619,0.0007144475229581282,0.0011356170322672937,0.0017632237183097354,9.571992907127694,15.0,-0.019337064115005964,-0.0851095238095238,0.23359825877278279,0.26666666666666666,0.5333333333333333,0.2,-0.4916532506042422,-0.56,0.29036875354500197,0.06666666666666667,0.8666666666666667,0.06666666666666667,60.02624578883449,17.012794899744073,14.78429292418176,9.80629408103744,1
2022-04-01,14364,0.0004875670404680399,0.0010453690152623096,0.0,0.0016037933198522758,0.0003621472546453397,0.0012686639992194326,0.0008598307388621694,0.0017591731928078324,9.572480355345974,17.0,0.05206282173092283,0.0975526315789473,0.1372096126071701,0.5882352941176471,0.17647058823529413,0.23529411764705882,-0.5074123372273094,-0.5263157894736842,0.21647089666490002,0.0,1.0,0.0,56.19239215747848,15.440612364500389,15.369218595776772,12.46897795545691,0
2022-04-04,14362,-0.00013923698134221674,0.0003482621717629808,0.0009059864798941497,0.0001392757660167998,0.00019499693576241484,0.0013002541247337795,0.0006580514886478883,0.0016942866365042316,9.572341108670264,26.0,-0.004667243761571269,-0.01257920168067225,0.13674204593618658,0.3076923076923077,0.38461538461538464,0.3076923076923077,-0.5200855938834456,-0.530791788856305,0.18210089787012432,0.0,1.0,0.0,68.24791122527624,18.634417585509677,13.276430344387604,10.660207810113318,0
2022-04-05,14348,-0.0009747945968527905,-0.001113895850737956,-0.00062687190917321,-0.001113895850737956,-0.0005572582892170441,0.0004846228135317876,0.0007682512678959431,0.0016884637685305455,9.571365838652174,16.0,0.0024262989032201674,0.09048653530377665,0.2173953761258492,0.5625,0.4375,0.0,-0.42611757585087323,-0.4151785714285714,0.344158764777948,0.0625,0.875,0.0625,67.43604868217723,22.068622068050487,8.507555798908522,7.891509036410348,1
2022-04-06,14364,0.001115137998327187,0.0001392563709790018,0.0,0.0010453690152623096,0.00034821366390414,0.0016247463512937266,0.0007973075442612453,0.001675685803698897,9.572480355345974,11.0,-0.1302300628292494,-0.1812166666666666,0.2670828801055167,0.18181818181818182,0.7272727272727273,0.09090909090909091,-0.5603299443662455,-0.6086956521739131,0.17761931075782683,0.0,1.0,0.0,69.14089748706918,16.441637407889093,16.02546363456261,12.740787024680138,0
2022-04-07,14359,-0.00034809245335565286,0.0007666573738500659,-0.00020888455646850268,0.0001393048687050591,-2.7856317116325968e-05,0.0010631808278867005,0.0008012617502187173,0.0011869267859007438,9.572132202294377,14.0,-0.050020945386500294,-0.08530755148741415,0.2421732606558335,0.35714285714285715,0.5,0.14285714285714285,-0.5772056750935225,-0.5964912280701754,0.30213005896147177,0.0,1.0,0.0,63.60516779891525,12.349885299837073,13.356902528596793,8.2151384400587,1
2022-04-08,14365,0.0004178563966850124,6.961849067121939e-05,0.0011848341232227888,6.961849067121939e-05,0.00037605504331583717,0.0012755546571685539,0.0007918194240150674,0.001185174939883132,9.57254997141339,14.0,-0.04844454796953891,-0.052986944444444406,0.19725672368767241,0.21428571428571427,0.6428571428571429,0.14285714285714285,-0.5596568715033714,-0.6421832884097035,0.3633078038866571,0.07142857142857142,0.9285714285714286,0.0,56.23896988400821,12.385176850178832,8.508367319738507,10.892616281771085,1
2022-04-11,14370,0.0003480682213714559,0.0007660700605891524,0.0004177109440266502,0.0005570254839157851,0.0006127621647216142,0.0014774754683319902,0.0007981805998478727,0.001143976154131367,9.57289797907307,18.0,-0.05515801593117396,-0.0442711034482758,0.26823162343304585,0.2777777777777778,0.4444444444444444,0.2777777777777778,-0.5144964229571617,-0.5116495806150979,0.24677111189307627,0.0,1.0,0.0,64.11275438151131,18.207634504963725,8.531263544484858,7.9343476999444595,0
2022-04-12,14364,-0.00041753653444676075,-6.961364427426897e-05,0.00034821366390414,0.001115137998327187,-2.784662081256606e-05,0.0009093474648018685,0.0006296735042900162,0.001142008164648944,9.572480355345974,9.0,-0.026306822150533458,-0.116935294117647,0.19335692462939288,0.3333333333333333,0.5555555555555556,0.1111111111111111,-0.6613776655443322,-0.5666666666666667,0.21695441662322398,0.0,1.0,0.0,65.39218271220307,11.658912686361314,13.338967063824347,9.445995390205782,0
2022-04-13,14359,-0.00034809245335565286,-0.0007654836464857651,-0.0004176818656456138,-0.00034809245335565286,-0.00030633415486580606,0.0003936363288012945,0.0004148000719357277,0.0011309402195277,9.572132202294377,12.0,-0.04393104389033233,-0.03716278409090905,0.17413641912478442,0.25,0.4166666666666667,0.3333333333333333,-0.46038478515739106,-0.4222222222222222,0.24372213579011046,0.0,1.0,0.0,51.8963345343955,17.05838187479057,12.829160272099836,10.037407191363267,0
2022-04-14,14349,-0.000696427327808391,-0.0010442773600668476,-0.0014613778705636626,-0.000696427327808391,-0.0008634255713231287,-0.0005084875629514096,0.0004948110052107408,0.001084444926566953,9.571435532348406,13.0,0.01784014871706128,0.1097777777777777,0.17865609479537065,0.6153846153846154,0.3076923076923077,0.07692307692307693,-0.4133030690600298,-0.4,0.4150139854235839,0.07692307692307693,0.9230769230769231,0.0,45.096929180764135,14.378556745824252,11.888139217599,10.607683788774377,1
2022-04-18,14356,0.0004878388737890038,-0.0002089281983425062,-0.000556947925368978,-0.0006265227984685318,-0.00025070336221066913,-7.661714413076393e-05,0.0005150829595447848,0.0007653872046479969,9.571923252267498,31.0,-0.018474284177051607,0.0088608695652173,0.17428872641266463,0.3548387096774194,0.3870967741935484,0.25806451612903225,-0.572223936165403,-0.5714285714285714,0.23726093634589765,0.03225806451612903,0.967741935483871,0.0,57.72118917288187,13.305608841646357,11.680678862591979,9.689146779067134,0
2022-04-19,14347,-0.0006269155753692024,-0.00013938253536827094,-0.0008357127933700248,-0.0016005567153792866,-0.0005572971090211931,-0.0007243651357488057,0.0004740254883104255,0.0007804352357619475,9.57129614009839,6.0,-0.04395193753390683,-0.0093747058823529,0.0771404364840075,0.0,0.3333333333333333,0.6666666666666666,-0.6383385191383706,-0.6571428571428571,0.20343722866719696,0.0,1.0,0.0,86.91388344688282,17.133671505639708,9.167658842293994,4.505535609016547,1
2022-04-20,14351,0.00027880393113544066,-0.00034828643076068033,0.00013938253536838197,-0.0009050403787246308,-9.75446615200104e-05,-0.0004213957602710039,0.0005364678471607113,0.0007342157933031428,9.571574905170932,8.0,-0.040248459821428564,-0.051976875000000006,0.12759179522006647,0.375,0.5,0.125,-0.6730314317799282,-0.7136363636363636,0.12867940224790667,0.0,1.0,0.0,68.15239016258937,11.483780303511404,12.237367837524598,6.715482651646016,0
2022-04-21,14348,-0.00020904466587690074,6.970098278391568e-05,-0.0005572582892170441,-0.0007660700605891524,-0.00015330796783330491,-0.0006199109835688388,0.000529192598192817,0.0007275754588794856,9.571365838652174,15.0,-0.007055602715025348,-0.0190714285714285,0.29363622988799504,0.4666666666666667,0.3333333333333333,0.2,-0.49542477366614424,-0.5882352941176471,0.39114606070151897,0.13333333333333333,0.8666666666666667,0.0,71.47834248980575,17.98272169418873,14.686053693363265,9.847907621776873,1
2022-04-22,14361,0.0009060496236408255,0.0006968155529232245,0.0009758137589739313,0.0008362952122098477,0.0005852598135529519,0.00028557696995878956,0.0005986115141744549,0.0007396801980437632,9.57227147806062,16.0,0.005265740347758531,0.0315605263157894,0.19003670482265192,0.4375,0.3125,0.25,-0.4261913427627634,-0.5294117647058824,0.34081143521291246,0.1875,0.75,0.0625,66.18447728925987,18.291640463641397,14.357597255399762,11.228610751779973,1
2022-04-25,14452,0.006336606085927121,0.007248396989127492,0.007037837084523657,0.0066870994706045295,0.005580372674264922,0.006235008651030993,0.0028525767565338307,0.0015494886461111443,9.57858809226753,20.0,0.0487548540311165,0.057222619047619,0.14774855193022113,0.55,0.2,0.25,-0.5485623163068815,-0.6257763975155279,0.30271881662060696,0.05,0.9,0.05,55.476872468432724,15.391598514366667,13.965707917528562,12.913853356928943,0
2022-04-26,14412,-0.0027677830058123742,0.0035512847294756344,0.004460551993309192,0.004530563880950744,0.0018908848228686992,0.003268349222592448,0.0033400905950873284,0.0016835219938275538,9.575816471867984,11.0,0.04445740328465883,0.0635263157894737,0.14904863915328515,0.6363636363636364,0.18181818181818182,0.18181818181818182,-0.4513350286077559,-0.5,0.2869074302594139,0.09090909090909091,0.9090909090909091,0.0,51.43907363438432,17.796588299691663,11.686315892025773,12.609940200923658,1
2022-04-27,14418,0.00041631973355538143,-0.002352615554940485,0.003969082932943291,0.004668664204585005,0.0013751718964869486,0.003497416088114047,0.0033341657734035357,0.0016842191597746558,9.576232704964523,11.0,0.10598195120316657,0.0576521739130434,0.21977593875727558,0.5454545454545454,0.18181818181818182,0.2727272727272727,-0.4253407978166953,-0.375,0.3156101350500809,0.09090909090909091,0.9090909090909091,0.0,50.351467477790905,16.209039897152795,11.502658536867783,14.774902688075104,1
2022-04-28,14480,0.004300180330142789,0.004718290313627582,0.0019374481040685954,0.009199888486200125,0.003840661092855191,0.007353401556945416,0.0035497440646548263,0.001889697618058337,9.580523665939708,12.0,0.04895769847118173,0.021234523809523752,0.16384496347041425,0.4166666666666667,0.25,0.3333333333333333,-0.5639339280699721,-0.5957894736842105,0.28338457745869944,0.08333333333333333,0.9166666666666666,0.0,62.20045275022378,15.74649463105591,12.600804117655997,8.029907595164582,1
2022-05-09,14534,0.0037292817679557277,0.008045498682202723,0.008465167915625793,0.012046514866652647,0.005173176939249791,0.010487966822288586,0.0035887138613782997,0.0020267678401216984,9.584246011176582,100.0,0.02274572006332697,0.0409221052631579,0.1777638343797669,0.43,0.29,0.28,-0.4647173952488772,-0.5,0.3296875846022845,0.08,0.88,0.04,60.19253796129209,18.25714319068111,12.371003610615915,9.024363615690572,1
2022-05-10,14546,0.0008256501995320686,0.004558011049723865,0.008877791649327227,0.006504290063658935,0.004696781323387134,0.010682832774583595,0.0028484753109033686,0.0020270607638695507,9.585071320714485,8.0,-0.1607341359319075,-0.0871746153846153,0.17632419126957033,0.125,0.75,0.125,-0.5487206393991488,-0.6499999999999999,0.27020049551693065,0.0,1.0,0.0,71.68840338349166,16.692843549845367,9.65761611403392,8.342594007999008,0
2022-05-11,14546,0.0,0.0008256501995320686,0.004558011049723865,0.009297807382736556,0.0028404390270806434,0.010037183755802426,0.002003885186787702,0.0020245111820415863,9.585071320714485,13.0,0.10107729799235453,0.0755923076923076,0.20880457532062044,0.6153846153846154,0.23076923076923078,0.15384615384615385,-0.3857204880491493,-0.4571428571428571,0.4667100763114181,0.15384615384615385,0.7692307692307693,0.07692307692307693,51.024689433307564,17.42372883775242,10.955543347022008,9.386226538095883,1
2022-05-12,14585,0.0026811494568954597,0.0026811494568954597,0.0035090133480115693,0.011582743792481587,0.003219105528882382,0.011912608493544141,0.0018474500659668776,0.002036179733850537,9.587748882301822,12.0,-0.046464424375745016,-0.00158799999999995,0.23909991097764058,0.3333333333333333,0.4166666666666667,0.25,-0.3555615265608094,-0.45138888888888884,0.4499897223854265,0.08333333333333333,0.75,0.16666666666666666,49.72753205887184,17.882788518865336,6.393818963770596,5.948810165391477,1
2022-05-13,14619,0.0023311621528967486,0.005018561803932453,0.005018561803932453,0.009599447513812143,0.0036386104627215143,0.013375109610739067,0.0014921201540678882,0.0020633846302655807,9.590077331511615,13.0,0.06639746160272474,0.0716894736842105,0.1911090278658914,0.5384615384615384,0.15384615384615385,0.3076923076923077,-0.22903579280750494,-0.2222222222222222,0.19757478248089622,0.07692307692307693,0.8461538461538461,0.07692307692307693,48.76675734179753,30.57164181879366,9.659864043357874,12.213503327183616,1
2022-05-17,14651,0.002188932211505623,0.004525197120329061,0.007218479307026016,0.00805008944543828,0.004222243546684545,0.014566518820136265,0.0011412489153922948,0.002061749368243232,9.592263871501313,27.0,-0.01884620053634774,-0.016165,0.20614681064898413,0.4074074074074074,0.4074074074074074,0.18518518518518517,-0.4993828954490387,-0.5,0.25249885264639893,0.0,0.9629629629629629,0.037037037037037035,63.49857202000866,17.518946374211797,12.666047770224145,9.932921167642004,1
2022-05-18,14682,0.0021158965258343265,0.004309460291401557,0.006650668495029155,0.009349649388147974,0.0044743647633511685,0.015598519697022084,0.0010641312041146705,0.0020710618220764216,9.594377532670727,8.0,0.02567131124325879,0.04972914438502675,0.15368722678744515,0.5,0.25,0.25,-0.4264138139887765,-0.404040404040404,0.39247607992461114,0.125,0.875,0.0,45.47564489745409,14.742899905109738,7.706480370792061,8.246622602012609,1
2022-05-19,14731,0.003337419970031341,0.005460378131185495,0.007661262740269459,0.012718273064760144,0.005281978489927397,0.01771730381946246,0.0005005283259047148,0.0021216467087623292,9.597709395814938,13.0,0.08307123257740709,0.136903125,0.19459589958569534,0.5384615384615384,0.3076923076923077,0.15384615384615385,-0.47658474847240034,-0.5454545454545454,0.41148297195836353,0.07692307692307693,0.9230769230769231,0.0,64.48636531350115,17.692757679902254,9.782692912838664,7.000956423163185,0
2022-05-20,14661,-0.004751883782499466,-0.0014303228442991145,0.0006825472663982701,0.005210833047651686,-0.0005317408376962485,0.011843140502712401,0.0032775242886847644,0.00248968763543187,9.592946185938265,7.0,0.029694640022675727,0.04141875,0.09833936691723368,0.42857142857142855,0.14285714285714285,0.42857142857142855,-0.5995327423898853,-0.5909090909090909,0.2478776457236884,0.0,1.0,0.0,64.26915556473334,13.031564107944925,5.617348872669502,8.305128605891126,1
2022-05-23,14665,0.00027283268535560623,-0.004480347566356624,-0.0011578803977659868,0.0031465900540392777,-0.0008856792478538766,0.011051590174219417,0.00320392289714027,0.002475471875466038,9.593218981411551,21.0,0.02474640112108821,0.0409647058823529,0.10180829046908726,0.38095238095238093,0.23809523809523808,0.38095238095238093,-0.5112491916217226,-0.5,0.20295476942964907,0.0,1.0,0.0,64.28939541770997,18.98715959326235,9.652436696296766,10.193079539715423,0
2022-05-24,14653,-0.0008182748039550214,-0.0005456653707114345,-0.0052949562147851514,0.00013650945327969843,-0.0017304338347503556,0.009166729798414597,0.003119893201803473,0.0024801619299145232,9.592400371638025,18.0,0.00496852102001786,0.014882380952380949,0.18887293322738924,0.4444444444444444,0.3888888888888889,0.16666666666666666,-0.44151458301864,-0.5092592592592593,0.34227304467136355,0.1111111111111111,0.8333333333333334,0.05555555555555555,63.69810307274947,20.151799950926858,10.64147376517912,12.476040982028145,0
2022-05-25,14645,-0.0005459632839691642,-0.0013637913399250357,-0.001091330741422869,-0.002520092630431847,-0.0017722036670984043,0.007612999549343469,0.002894174436285767,0.002503198322026014,9.591854259261833,10.0,0.0013141304049264558,-0.01495578947368415,0.22944349151462132,0.4,0.3,0.3,-0.5652391939318935,-0.6,0.25198005380716876,0.0,1.0,0.0,72.35565160787945,16.547521398163372,16.1640200839982,10.40136440745919,0
2022-05-27,14578,-0.0045749402526459315,-0.005118405787210789,-0.005932492328673766,-0.010386260267463143,-0.004262178628999136,0.0022068074165229046,0.002389804600313585,0.00277875360339437,9.587268821942159,28.0,0.016515597316348867,0.04061388888888885,0.20031323585475422,0.4642857142857143,0.4642857142857143,0.07142857142857142,-0.5380060371752661,-0.603988603988604,0.31026645260749286,0.03571428571428571,0.9642857142857143,0.0,66.03895236918602,15.046680450506225,12.463279668163436,8.32650358840978,0
2022-05-30,14544,-0.002332281520098789,-0.006896551724137945,-0.0074387497440797645,-0.007980356046654369,-0.004994184853253092,-0.0007935117532487101,0.0019115501106935903,0.002864669492713951,9.58493381641726,8.0,0.04145531167328038,0.0669385416666666,0.11173724243429968,0.5,0.25,0.25,-0.36335603580168796,-0.4412162162162162,0.3324467948247454,0.125,0.875,0.0,74.45848404383966,29.97448304359333,11.287893108704608,12.24131650616663,1
2022-05-31,14592,0.0033003300330032292,0.0009603512141582726,-0.0036189825879139326,-0.004977838390726186,-0.0007122116912288146,0.0016646359252459053,0.0028847450901486106,0.002914897567397692,9.588228712314113,6.0,0.18023061068044788,0.14286200000000002,0.16879199494145383,0.8333333333333334,0.0,0.16666666666666666,-0.1592760942760943,-0.32,0.4501859467611412,0.3333333333333333,0.6666666666666666,0.0,45.361263136207164,31.390928829312475,6.836643749866639,6.6380922622885805,0
2022-06-02,14526,-0.004523026315789491,-0.0012376237623762387,-0.003567018795445187,-0.0086671671330103,-0.0034986622761885577,-0.003430296377607056,0.0032773256356504613,0.0031522897419783476,9.583695426166113,16.0,0.030614614831771515,0.034975624999999996,0.10864928926799455,0.4375,0.1875,0.375,-0.47960313900281004,-0.39583333333333337,0.2647864450791164,0.0625,0.9375,0.0,59.19475083450762,18.523757605090474,9.00821396929085,4.259282107254889,0
2022-06-03,14431,-0.006539997246316931,-0.011033442982456121,-0.007769526952695283,-0.01461249573233181,-0.007100494007238112,-0.009876534739398868,0.0037897836934809525,0.0032278903098296465,9.577133949436078,9.0,0.06446121857349929,0.0293999999999999,0.2593337125850335,0.4444444444444444,0.4444444444444444,0.1111111111111111,-0.42989841754143815,-0.5,0.3348352256017097,0.1111111111111111,0.8888888888888888,0.0,44.496416199311156,16.021405338328684,5.769843751129873,7.170137612909991,1
2022-06-06,14462,0.002148153281130938,-0.004405892881729323,-0.008908991228070207,-0.00795719577445464,-0.0033767486734201935,-0.007919766488652003,0.004229220191933463,0.00319850266322544,9.579279798734897,12.0,0.09749155212380212,0.07659294871794864,0.26110513381065703,0.6666666666666666,0.3333333333333333,0.0,-0.36635490444913194,-0.2986111111111111,0.41691796397654074,0.16666666666666666,0.75,0.08333333333333333,55.951832610729724,21.394824263079187,6.662130645165317,8.843128721206455,1
2022-06-07,14464,0.00013829345871929632,0.0022867438153975073,-0.004268208729175327,-0.005500550055005493,-0.002138668506381558,-0.007939093605857428,0.00426489569574972,0.0031980167209029655,9.579418082631959,10.0,0.10918731067026158,0.10357037037037034,0.14457891173083723,0.6,0.2,0.2,-0.436769943019943,-0.4391025641025641,0.24056182794698386,0.0,0.9,0.1,52.62889153827261,17.996914535596353,8.985291658019026,10.594822557473407,1
2022-06-08,14477,0.0008987831858406903,0.0010372009403956106,0.0031875822881297644,-0.007881030701754388,0.0003454947484797799,-0.007037230102334813,0.003750296766079845,0.0030536720168095784,9.580316462154043,5.0,-0.004454128933008219,-0.0125999999999999,0.20456013013215996,0.4,0.4,0.2,-0.3936531210724759,-0.3870967741935484,0.2610930036011962,0.0,0.8,0.2,74.02074074951943,33.61967602117732,12.954114437439841,16.407124104241028,1
2022-06-09,14555,0.005387856600124419,0.006291482300885054,0.006430645830452164,0.0019964202120335006,0.005332301869068523,-0.001759180832130225,0.004370794296714363,0.0031803418123634054,9.585689856179723,11.0,0.06099748098392833,0.0684421052631579,0.19194606958248817,0.5454545454545454,0.2727272727272727,0.18181818181818182,-0.5755022124340307,-0.5769230769230769,0.19058104289453054,0.0,1.0,0.0,64.1486145301827,14.938983925584267,17.933835896835497,9.828931261804534,1
2022-06-10,14569,0.0009618687736172582,0.006354907784761998,0.007259402654867353,0.009562746864389071,0.004384574020709575,-0.0008778065808061619,0.0020744044075250143,0.0031821748059377994,9.586651262653996,3.0,0.13138506944444442,0.095109375,0.11951333271819632,0.6666666666666666,0.0,0.3333333333333333,-0.26818783068783064,-0.2777777777777778,0.04980448567632067,0.0,1.0,0.0,41.58780273206556,23.8328821386352,6.070607180296636,5.987118697532832,1
2022-06-13,14672,0.00706980575193894,0.008038474750944768,0.013469641500310825,0.014520813165537216,0.008565104417284308,0.005751263015745689,0.003121080674328665,0.0035444279451610746,9.593696194496246,30.0,-0.05534663617740008,-0.053512121212121205,0.2326969268842608,0.36666666666666664,0.5,0.13333333333333333,-0.564482778244504,-0.6533333333333333,0.3648112537534278,0.06666666666666667,0.9333333333333333,0.0,68.07634599430288,16.451249967219123,8.851417602980167,7.253279655920945,1
2022-06-14,14729,0.0038849509269356375,0.01098222252728398,0.011954654757815097,0.01832134955752207,0.008807977863620309,0.009160483169239564,0.0027186957122321644,0.003594406365378064,9.597573618489543,9.0,-0.01837255404575892,0.0072333333333333,0.16416970431231415,0.4444444444444444,0.4444444444444444,0.1111111111111111,-0.5416097914344759,-0.5833333333333334,0.2456461336063236,0.0,1.0,0.0,66.37764800997263,16.550321961423307,10.786208098426666,7.861707024469699,1
2022-06-15,14746,0.0011541856202050838,0.005043620501635759,0.012149083670807803,0.018581197761967205,0.006264415662403877,0.009885869062743025,0.002655976720095997,0.003572372284815285,9.598727138549595,10.0,0.07293444408369407,0.05648839285714285,0.1887473766665409,0.5,0.2,0.3,-0.45995597969282176,-0.4807017543859649,0.24355275601580462,0.0,1.0,0.0,56.63931798270901,19.054249728384086,12.273604308874312,6.564266420317852,0
2022-06-16,14741,-0.0003390750033906986,0.0008147192613212617,0.004702835332606403,0.012779113706629985,0.0033761248077106565,0.009232412374239551,0.002959217981520836,0.003551847878690915,9.598388006047278,15.0,0.0931928488332655,0.110625,0.18761069469374123,0.6666666666666666,0.2,0.13333333333333333,-0.41165003558026814,-0.4651162790697674,0.26024701918653503,0.06666666666666667,0.8666666666666667,0.06666666666666667,57.5115768905244,21.669589684737993,12.89878195440828,10.707146598052677,1
2022-06-17,14828,0.005901906247880007,0.005560830055608257,0.006721433905899854,0.01777747271604091,0.0057518042216071485,0.014681680232936145,0.003118344701215208,0.003748482437996269,9.604272564270623,7.0,-0.011946208665284288,-0.029615,0.14726334248366346,0.2857142857142857,0.42857142857142855,0.2857142857142857,-0.28606279704722415,-0.3225806451612903,0.4492111248925799,0.2857142857142857,0.7142857142857143,0.0,50.67306504032299,24.074663584387647,24.353126200051715,14.16674936144021,1
2022-06-20,14836,0.0005395198273536739,0.006444610270673667,0.0061033500610334634,0.011177753544165725,0.004060638873849554,0.014864522837187977,0.0025902215030084827,0.0036888105810524803,9.604811938609481,24.0,0.032592425993838416,0.03328333333333325,0.18723173573315918,0.4583333333333333,0.25,0.2916666666666667,-0.43720259710489556,-0.5061525840853158,0.3277323928754191,0.08333333333333333,0.875,0.041666666666666664,60.27826796541256,21.308112230907362,11.660426644680092,10.859959113180542,0
2022-06-21,14804,-0.0021569156106767684,-0.0016185594820609106,0.004273794179499246,0.005091995383257553,0.000878912852410263,0.012180488655360255,0.003000906247433985,0.0035422070661429647,9.602652693506046,11.0,0.02513099515843633,0.0477633333333333,0.12573248131894715,0.45454545454545453,0.18181818181818182,0.36363636363636365,-0.5322342283626639,-0.6111111111111112,0.296528010550163,0.0,1.0,0.0,60.07294778830024,17.251362060610106,10.793056957269838,8.603158965598192,1
2022-06-22,14860,0.0037827614158336687,0.0016176867080075485,0.0021580793094146955,0.007730910077309083,0.0031187136318837627,0.01533247697395379,0.003250196699723118,0.003616967987770514,9.60642831827175,6.0,-0.049988419789524285,-0.001184291725105202,0.2493927097904312,0.5,0.5,0.0,-0.4221650693541914,-0.3935926773455377,0.23577567652724082,0.0,1.0,0.0,54.26828812868601,19.503852650630268,7.470358615990822,9.09178638819119,0
2022-06-23,14835,-0.001682368775235532,0.002094028640907908,-6.74036128336386e-05,0.006376772267824515,0.0001618057521943772,0.012994462160371922,0.0034914937722634464,0.0036407248601304436,9.604744532724922,5.0,-0.0484078955684838,0.0038222222222222,0.1434466580523565,0.2,0.4,0.4,-0.5253021978021978,-0.5625,0.30982998354818786,0.0,1.0,0.0,65.97070694456451,16.09834003225404,9.998811507943874,6.060206133735545,1
2022-06-24,14846,0.0007414897202562276,-0.0009421265141319468,0.0028370710618752515,0.0012139196115457107,0.0006605465011255696,0.013050376157901056,0.002362887468238342,0.003630322428612033,9.605485747677493,10.0,0.024482500702437498,0.07786993006993005,0.17574652631209234,0.6,0.3,0.1,-0.4818408816147709,-0.5165441176470588,0.22078146089192804,0.0,1.0,0.0,67.87368552474923,19.838732783028238,10.391417266876179,10.327450747966019,0
2022-06-27,14802,-0.00296376128250031,-0.002224469160768461,-0.003903095558546399,-0.0022917228363440456,-0.0018476809580967313,0.009276589651539657,0.002742582752505994,0.003523697174569818,9.602517585757411,24.0,-0.044438187023037486,-0.06372572115384614,0.25522529837676566,0.375,0.5,0.125,-0.5294781392816202,-0.543560606060606,0.20878217440438968,0.0,1.0,0.0,71.53554028835576,18.85333884543886,9.580776251133969,8.632946532457144,1
2022-06-28,14837,0.0023645453317118204,-0.0006062238986932478,0.00013481631277389994,0.002229127262901809,6.74036128336386e-05,0.010653515523888712,0.002786507700969695,0.0034621314923792158,9.604879339950793,16.0,-0.0008527944569375503,-0.027119,0.2157622680591022,0.375,0.3125,0.3125,-0.508013401005023,-0.5357142857142857,0.32076538739295124,0.0625,0.875,0.0625,63.0499902104444,16.400383647880417,6.027976333301439,7.861657421125852,1
2022-06-29,14848,0.0007413897688210991,0.0031076881502498654,0.0001347164219318575,-0.0008075370121130021,0.0009707690648257383,0.010521730845141297,0.002131736384072188,0.003419806259080763,9.605620455025981,10.0,0.05477877261904762,0.0341963333333333,0.18035069903359513,0.5,0.4,0.1,-0.47431268842559166,-0.530791788856305,0.4077980347457974,0.1,0.9,0.0,64.94246823705473,17.50815407767297,9.538772501388047,8.266387161122003,1
2022-06-30,14882,0.002289870689655249,0.0030329581451775667,0.005404675043912954,0.0031681833501853163,0.002627501179006897,0.011610201751046878,0.0021623867158814384,0.0031850122101463904,9.607907707957207,14.0,0.09199494892493575,0.124895,0.16910826503126172,0.7142857142857143,0.14285714285714285,0.14285714285714285,-0.385399037607984,-0.37810559006211175,0.2585941375180657,0.07142857142857142,0.9285714285714286,0.0,63.374684658907505,26.07211490992001,11.2164796174297,9.708544692930795,1
2022-07-01,14956,0.004972449939524282,0.007273706896551824,0.008020489317247526,0.007409403206250831,0.00612176252943164,0.014829566851795928,0.002912390466924845,0.0027151291285031297,9.612867836097005,13.0,-0.041746773638155196,0.031315,0.19406208276943454,0.3076923076923077,0.38461538461538464,0.3076923076923077,-0.6161727743294783,-0.7222222222222222,0.25261113147800296,0.0,1.0,0.0,74.37502594336841,14.036782030073955,7.808118073419753,7.694238696875505,1
2022-07-04,14960,0.00026745119015769703,0.005241231017336423,0.007543103448275801,0.010674233211728223,0.004256004725910589,0.01338878972521318,0.0018410172048009279,0.00273463499493162,9.613135251528469,31.0,-0.060032941590443006,-0.0749949999999999,0.2545838893629837,0.3870967741935484,0.5161290322580645,0.0967741935483871,-0.5721879513391679,-0.5909090909090909,0.22861451603719696,0.0,0.967741935483871,0.03225806451612903,64.80874108030217,16.260412362257718,7.861180596420986,6.1198005958966375,1
2022-07-05,14990,0.00200534759358284,0.002273335116341313,0.007257089100927372,0.010312057693603771,0.00420708505278955,0.013615171094048417,0.0018364398903485146,0.002710357891700228,9.615138591096644,6.0,-0.08482328982078587,-0.09204383301707775,0.08185042182795424,0.0,0.6666666666666666,0.3333333333333333,-0.6192384812111978,-0.5923632610939112,0.13640830081220048,0.0,1.0,0.0,77.55756362842561,16.091919510777497,9.480629487864807,6.336132220488555,1
2022-07-06,15015,0.0016677785190126748,0.003676470588235281,0.0039449050548274744,0.011247306034482651,0.003636217798751451,0.013462206937980836,0.0017133458539099805,0.0027024761020383163,9.616804980417431,9.0,-0.0025030215790019764,-0.0365,0.30972005213335485,0.2222222222222222,0.4444444444444444,0.3333333333333333,-0.4745881595881596,-0.8333333333333334,0.6294133551561574,0.2222222222222222,0.7777777777777778,0.0,70.76966990999166,16.885064968688102,11.139982349515881,8.69191451015676,0
2022-07-07,14986,-0.0019314019314019548,-0.00026684456304204573,0.0017379679144384763,0.006988308023115231,0.000307047405449401,0.01003565386766958,0.002528902317414221,0.0026908112918234924,9.614871710924255,10.0,0.08067157202111615,0.09348153846153845,0.15685337481125508,0.5,0.3,0.2,-0.42279028421219095,-0.42454954954954954,0.16462650933063536,0.0,1.0,0.0,71.28901221467456,26.264029322321353,12.414869415007367,9.415109811068877,0
2022-07-08,14981,-0.0003336447350861249,-0.0022644022644022765,-0.0006004002668446029,0.0016715699384861615,-0.00036032669620456037,0.00829872725926628,0.0015933130535104145,0.0027189709095309014,9.614538010517382,12.0,0.143484613064052,0.11673733333333325,0.13029262931583382,0.75,0.0,0.25,-0.4581064990079286,-0.4752136752136752,0.2122910363456602,0.0,1.0,0.0,66.51927584344024,21.883534507899608,8.053083071661225,11.033047563609946,0
2022-07-11,14969,-0.0008010146185167821,-0.0011343920992926693,-0.003063603063603093,0.0006016042780747632,-0.0012810077260778652,0.0064851017478508854,0.0016742502252904594,0.002406623155751065,9.613736674915236,24.0,-0.022038689611400514,0.02219861111111105,0.18984036829813417,0.4583333333333333,0.4166666666666667,0.125,-0.5143591607286513,-0.5619747899159664,0.2871642165960179,0.041666666666666664,0.9583333333333334,0.0,61.242834361135635,17.119443564492588,11.721997477809483,8.207543812479374,1
2022-07-12,14993,0.0016033135145967492,0.0008010146185168932,0.00046710262912053047,0.00020013342228142328,0.00028020922288640726,0.007204877147607647,0.0015673982057812857,0.0023152774119936013,9.615338704494903,8.0,-0.006700484770057125,-0.037510606060605994,0.15574386861149805,0.375,0.375,0.25,-0.5748214537010977,-0.6347402597402598,0.27534966583759785,0.0,1.0,0.0,62.84284309844102,15.970862639900785,16.940140622480136,11.872097069068019,0
2022-07-13,14985,-0.0005335823384245986,0.0010688756763979068,0.0002670048728390384,-0.0019980019980020414,0.00014683503750978488,0.0058599649610342475,0.0012788192020602828,0.002335854025150371,9.614804979750764,7.0,-0.11028944755680051,-0.0640333333333333,0.2327724971818818,0.2857142857142857,0.5714285714285714,0.14285714285714285,-0.5997666456242948,-0.7222222222222222,0.2542800140289238,0.0,1.0,0.0,86.23236721786675,16.839141300886997,16.855475144367322,10.448467308884144,1
2022-07-14,14999,0.000934267600934291,0.00040018675381836566,0.0020041418932459365,0.0008674763112237471,0.0009075500153483684,0.005928668195780196,0.0010404293957063614,0.002320279104515898,9.61573881119536,8.0,0.14758168356880103,0.2144598214285714,0.2309539021495762,0.75,0.25,0.0,-0.3961039429166766,-0.37857142857142856,0.21067148891848345,0.0,1.0,0.0,59.060554886595504,23.228387513910075,11.108898284468793,6.796692515082855,0
2022-07-15,14999,0.0,0.000934267600934291,0.00040018675381836566,0.0012015219277752287,0.0006671559143371919,0.005352181592114924,0.0010099963527207517,0.001999880930546353,9.61573881119536,13.0,-0.005920032301785687,-0.0261949999999999,0.2585510501709253,0.3076923076923077,0.46153846153846156,0.23076923076923078,-0.64350930115636,-0.6666666666666666,0.19764532124167883,0.0,1.0,0.0,79.75824617886921,14.559959152971167,14.696519592145082,7.340561492829087,0
2022-07-18,14986,-0.0008667244482966074,-0.0008667244482966074,6.673340006679851e-05,0.0011356804061728454,-0.00042688295403003895,0.003976109843802922,0.0010272186935609085,0.002025760928902121,9.614871710924255,31.0,0.004869979077629803,0.034676923076923,0.23084835489242908,0.4838709677419355,0.3548387096774194,0.16129032258064516,-0.39281528078631517,-0.5,0.3804653886104692,0.12903225806451613,0.8387096774193549,0.03225806451612903,50.54632352609625,18.93991695669502,8.16861719630384,5.949962709228857,1
2022-07-19,14992,0.00040037368210321667,-0.0004666977798519767,-0.0004666977798519767,-6.669779230306094e-05,-1.3340270273887178e-05,0.0037459703201314642,0.0007190643269130016,0.001927205297915409,9.615272004478204,11.0,-0.0009640016333933248,0.0659055555555555,0.19289091822018906,0.5454545454545454,0.2727272727272727,0.18181818181818182,-0.41440750077113714,-0.5454545454545454,0.40373639819490686,0.09090909090909091,0.8181818181818182,0.09090909090909091,57.43829667225723,15.96391237808666,5.467353128412267,9.073724014556985,0
2022-07-20,14984,-0.0005336179295624133,-0.00013345789403440556,-0.0010000666711114103,-6.673340006668749e-05,-0.0005336179295624133,0.002794090582074249,0.000719070767158884,0.0017929114663903238,9.614738244123924,14.0,0.012404139452002107,0.020063636363636297,0.1748775128980621,0.42857142857142855,0.35714285714285715,0.21428571428571427,-0.49399611188100173,-0.6640461215932913,0.4293544477198804,0.21428571428571427,0.7857142857142857,0.0,73.64527756892893,15.252098256924109,6.877264437571823,6.801256568706191,1
2022-07-21,15017,0.002202349172450546,0.0016675560298826664,0.002068597357533619,0.0012000800053337812,0.001427085278348228,0.004390907844442182,0.0011997350295578568,0.0017636808109899513,9.61693817168028,15.0,0.022332864191192372,0.0535190476190476,0.18178868956140837,0.5333333333333333,0.3333333333333333,0.13333333333333333,-0.4680876168485156,-0.4827586206896552,0.25282684170639963,0.0,1.0,0.0,59.710100235581635,22.107177203225024,11.122568678083828,11.74237877999021,1
2022-07-22,15024,0.000466138376506553,0.0026695141484249785,0.002134471718249653,0.001666777785185758,0.0015599376024959533,0.004261292424926122,0.0011944762743661584,0.0017636861203180836,9.617404201448045,15.0,0.08181836183261185,0.0379722222222222,0.1528439229686979,0.4666666666666667,0.2,0.3333333333333333,-0.3005521430181847,-0.3255813953488372,0.3259785107134931,0.13333333333333333,0.8666666666666667,0.0,58.52429841195588,25.414844484240895,13.387149212025355,9.083116703493381,0
2022-07-25,14992,-0.0021299254526091493,-0.0016647799160950383,0.0005339028296849069,0.00040037368210321667,-0.0006532549427401557,0.0014863307670469617,0.001582434830053353,0.001683082417201058,9.615272004478204,13.0,-0.09250982872053723,-0.1038214285714285,0.2309827371535643,0.38461538461538464,0.6153846153846154,0.0,-0.5664967775079438,-0.5681818181818182,0.202751187328489,0.0,1.0,0.0,62.161700744205206,15.272677425141227,7.848388629427844,7.442703060043775,0
2022-07-26,14984,-0.0005336179295624133,-0.0026624068157614644,-0.002197509489245575,-0.0005336179295624133,-0.0010799856001920682,0.0004607033404331329,0.0015904249665678477,0.0016511825936567864,9.614738244123924,11.0,-0.06315656841643204,-0.0800153846153846,0.27878109604426976,0.45454545454545453,0.5454545454545454,0.0,-0.493578836493275,-0.6666666666666666,0.34744598107872365,0.09090909090909091,0.8181818181818182,0.09090909090909091,59.185751887128326,15.078691550800283,9.785578979826619,7.240486717960682,1
2022-07-27,15020,0.002402562733582414,0.001867662753468613,-0.00026624068157610203,0.002402562733582414,0.0008395858043366289,0.0022888487024295134,0.0019040776760418515,0.0017051611170803276,9.617137925318126,7.0,0.04868757067557946,0.0919913043478261,0.27489895664011127,0.5714285714285714,0.2857142857142857,0.14285714285714285,-0.5219166380820516,-0.5263157894736842,0.2945048263993771,0.0,1.0,0.0,67.80446405366008,15.859741594777224,6.089890000352378,6.646670459345196,0
2022-07-28,14958,-0.004127829560585883,-0.001735184196476225,-0.002267876200640395,-0.003928880601984375,-0.00250740217130363,-0.002101471029720803,0.0024885954483984795,0.0019519415379282107,9.613001552751612,8.0,0.055351616560271454,0.062014583333333304,0.14015061256369973,0.5,0.375,0.125,-0.5088620902240724,-0.5657294832826747,0.22372948570504844,0.0,1.0,0.0,60.495403199737225,19.494018508198824,12.43006466461694,14.127227371817078,0
2022-07-29,14860,-0.006551678031822439,-0.010652463382157085,-0.0082754938601175,-0.01091586794462196,-0.0068703718555349624,-0.008321821591356526,0.003413877690429626,0.0021747721429113934,9.60642831827175,10.0,0.1219535123932225,0.1052944444444444,0.21895230414042413,0.7,0.2,0.1,-0.36168728240283965,-0.2967032967032967,0.3364949205798304,0.1,0.9,0.0,53.69778477293621,23.041202371297775,7.829012624992126,9.215325632605207,1
2022-08-01,14874,0.0009421265141318358,-0.005615724027276392,-0.009720372836218405,-0.007870864461045901,-0.004364356859805074,-0.007102614082400982,0.0036920746940468344,0.0021895410128589914,9.607370001263245,26.0,-0.08480349797337337,-0.0745059210526315,0.2829720052339747,0.34615384615384615,0.5384615384615384,0.11538461538461539,-0.5400617894263886,-0.6126811594202899,0.30269472457525903,0.07692307692307693,0.9230769230769231,0.0,65.08263823263003,17.513210123626983,9.566769906921138,11.800739866323873,1
2022-08-02,14888,0.0009412397472099432,0.0018842530282638936,-0.004679770022730345,-0.006406833956219993,-0.00214477211796249,-0.005829599407023545,0.0038514196985211537,0.0021433749127911317,9.608310798322087,6.0,0.05069314814814815,0.00941666666666665,0.16616201121925545,0.3333333333333333,0.16666666666666666,0.5,-0.4146165183905761,-0.4593023255813954,0.4506200283918278,0.3333333333333333,0.6666666666666666,0.0,62.237502285042545,24.7066497020809,15.521071922089407,4.3473162978250395,1
2022-08-03,14917,0.0019478774852230707,0.0028909506521446193,0.003835800807536982,-0.006857523302263635,0.0011812556210317737,-0.003567038956874824,0.003746714550818194,0.002158043351390981,9.61025678115393,12.0,0.004522950747768027,-0.00483313343328335,0.15595712707323883,0.25,0.3333333333333333,0.4166666666666667,-0.37556544409405473,-0.44354838709677413,0.3342202750489143,0.16666666666666666,0.8333333333333334,0.0,58.238700156062244,26.77487144650958,13.663344590205464,10.370477727130169,1
2022-08-04,14929,0.0008044512971776552,0.0027538957549704257,0.003697727578324539,-0.001938761866559724,0.0023768598592683876,-0.0025755718203713807,0.0034786919268552045,0.0021374791133842103,9.61106090905359,8.0,-0.01935660261387161,-0.0538083333333333,0.189510218048052,0.375,0.625,0.0,-0.5595035212566769,-0.6551948051948051,0.2745366740966189,0.0,1.0,0.0,64.88103902909774,14.371465407891295,10.437569559342164,11.24515596211276,0
2022-08-05,14904,-0.0016745930738830683,-0.0008714889052758856,0.0010746910263299547,0.002960969044414563,0.00010736525660304252,-0.0039896549650153545,0.0013477333012547352,0.002163153543008749,9.609384912281424,10.0,0.04741388359120407,0.08639790209790205,0.20539140046394222,0.7,0.2,0.1,-0.4173354930276143,-0.546875,0.44000819211700126,0.1,0.8,0.1,68.42888120483397,22.45345327894818,17.143520538845898,9.195382963233465,1
2022-08-08,14915,0.0007380568974770796,-0.0009377721213744694,-0.00013407521619623886,0.0027564878311145957,0.0002950920821429559,-0.003074660784706862,0.0013375392813282957,0.00217008656186085,9.61012269694885,28.0,-0.08499772608513483,-0.06744464285714286,0.24749522678425181,0.35714285714285715,0.5,0.14285714285714285,-0.5436988601865782,-0.6213235294117647,0.3139110484656236,0.07142857142857142,0.8928571428571429,0.03571428571428571,64.09525566260501,14.397275257302862,12.885539834917026,10.495934565135956,0
2022-08-09,14862,-0.0035534696614146766,-0.0028180354267310914,-0.004487909438006588,-0.001746372917786121,-0.0029116964321654892,-0.006182106329554182,0.0022256235563763048,0.002252049253575279,9.606562898717415,9.0,-0.05562866450354308,-0.0027526315789473,0.18134841834184529,0.1111111111111111,0.3333333333333333,0.5555555555555556,-0.6037505110156284,-0.7222222222222222,0.3079502643664446,0.0,1.0,0.0,71.56771107271763,13.781942091045558,12.393009855976672,8.25544383367393,1
2022-08-10,14875,0.000874714035796087,-0.002681863895407255,-0.0019457863660762298,-0.002815579540122015,-0.0014768074108880702,-0.004946835730937682,0.0019879787628906613,0.002270785430284957,9.607437230413831,12.0,-0.0431093464616133,0.01247462365591395,0.21663908677106897,0.3333333333333333,0.25,0.4166666666666667,-0.4322559431966126,-0.45934065934065926,0.2908038687689886,0.08333333333333333,0.8333333333333334,0.08333333333333333,52.28063202846453,16.24558002357112,11.405044667203276,11.627521857304423,0
2022-08-11,14799,-0.0051092436974790045,-0.004238998788857473,-0.007777405296681139,-0.008707883984191866,-0.004841638087553002,-0.009368128282108201,0.0026278379159412227,0.0024810434887013633,9.602314889901848,11.0,-0.05099890859920189,-0.0545454545454545,0.24238362013464218,0.36363636363636365,0.5454545454545454,0.09090909090909091,-0.44600422208867,-0.6153846153846154,0.4377215158123189,0.18181818181818182,0.8181818181818182,0.0,65.33557208237936,22.247384380788624,6.7964633008968125,10.32612050932022,0
2022-08-12,14688,-0.0075005067909993395,-0.012571428571428567,-0.011707710940654037,-0.01449275362318836,-0.009428236151013625,-0.01577388530763768,0.0036727325679899525,0.002905343503406782,9.594786112860271,4.0,0.14291907738095233,0.1389845833333333,0.09285718518621212,0.75,0.0,0.25,-0.36035885167464116,-0.40071770334928225,0.30749573191500473,0.0,0.75,0.25,38.157559666118324,15.254588484247316,3.525734361175975,4.484304932735426,1
2022-08-15,14727,0.0026552287581700362,-0.004865193594161821,-0.009949579831932787,-0.012604760308414398,-0.00427309975524337,-0.012303451606088367,0.004209647995050406,0.003021026972942725,9.597437822726162,23.0,-0.07872129758950928,-0.02418,0.23782839461243946,0.30434782608695654,0.43478260869565216,0.2608695652173913,-0.5897926636474322,-0.6274509803921569,0.31224571120612965,0.08695652173913043,0.9130434782608695,0.0,69.85693573460179,15.202882202914267,10.077444433857352,7.783476838507728,1
2022-08-16,14767,0.002716099680858397,0.005378540305010837,-0.0021623082640719327,-0.006392141030816867,-0.00028433708838826455,-0.008872959621993193,0.004729037407983755,0.0031150700420350787,9.600150240473774,5.0,-0.05594812044817924,-0.0815794117647058,0.1327566432493577,0.2,0.6,0.2,-0.5477414437601495,-0.5625,0.21586116744933892,0.0,1.0,0.0,76.54865226021785,19.014702442052602,11.026985326538584,7.805735845698311,1
2022-08-18,14822,0.003724520891176253,0.006450736742038332,0.009123093681917105,-0.003563025210084003,0.004159722504505137,-0.004640355648676042,0.005200768359468952,0.0032722723458974852,9.603867842511304,18.0,0.056981899119824396,0.1072011494252873,0.1458779690829366,0.5555555555555556,0.2222222222222222,0.2222222222222222,-0.44919677646074635,-0.5212224108658743,0.42022254387677527,0.16666666666666666,0.7777777777777778,0.05555555555555555,59.23183815731751,20.559573121184865,10.700805111542056,11.52789405128957,1
2022-08-19,14858,0.0024288220213195544,0.006162389110855315,0.008895226454811,0.003986755861882463,0.005794589910915082,-0.0016898304458397018,0.004669515273409485,0.0032826308380467214,9.606293719711752,12.0,0.0138282670940851,-0.01527125,0.2364520998649056,0.4166666666666667,0.3333333333333333,0.25,-0.5700656795105971,-0.6086956521739131,0.2378667450217158,0.0,0.9166666666666666,0.08333333333333333,68.84556715883626,16.095616640512784,14.659193167461355,11.876311316908556,1
2022-08-22,14882,0.0016152914254947692,0.004048036702199331,0.007787634590641357,0.01320806100217875,0.004780166360591975,0.00039997176669892553,0.0007543393711744485,0.0033108640014372736,9.607907707957207,16.0,-0.13017817026860262,-0.13497771739130432,0.16847674683905906,0.1875,0.625,0.1875,-0.6457417217805276,-0.7596153846153846,0.2561891753291103,0.0,1.0,0.0,64.30154787902805,10.742654548304568,11.542154931003983,9.553170541165736,1
2022-08-23,14893,0.0007391479639833332,0.0023556333288463627,0.004790176764269294,0.011271813675561848,0.0032739618980894836,0.0014726550154327,0.0011301361096614049,0.0032972619411910046,9.608646582885868,7.0,0.03464935035552681,0.1348,0.1853642779720797,0.5714285714285714,0.14285714285714285,0.2857142857142857,-0.38602893353723916,-0.55,0.35224529043273467,0.14285714285714285,0.8571428571428571,0.0,68.06561066039303,25.004545386012914,14.58830754995993,9.496782231926959,0
2022-08-24,14851,-0.0028201168334116566,-0.002083053353043929,-0.00047112666576931694,0.005688359179250924,-0.0006863510349097712,-0.0009048434351759393,0.0024703182810940382,0.00334414426802051,9.605822482030945,6.0,-0.08962897167348778,-0.08692354838709675,0.2020235846834931,0.3333333333333333,0.6666666666666666,0.0,-0.7688218333598767,-0.8072916666666667,0.11636231333649423,0.0,1.0,0.0,102.56959408367449,10.189772450448741,10.395771147417795,8.038796324800382,0
2022-08-25,14827,-0.0016160527910578093,-0.004431612166789778,-0.0036957398199166658,0.0003373363918499628,-0.00236842459393638,-0.0018714489592589478,0.0022133274469187114,0.003284535196568409,9.604205122018026,6.0,0.050447876401979674,0.03134487179487175,0.1641764893227622,0.3333333333333333,0.16666666666666666,0.5,-0.3880421629682978,-0.3764705882352941,0.2271003266406331,0.0,1.0,0.0,50.210778946687356,21.04940638512772,13.092806719439347,10.699053611926146,0
2022-08-26,14814,-0.000876778849396409,-0.0024914147195475023,-0.005304505472369603,-0.002961367613406929,-0.0026525913258916844,-0.0022629919987068314,0.0017845431929336426,0.0031817433571001345,9.603327958573235,4.0,0.037984583333333335,0.12860416666666666,0.3278966536978533,0.75,0.25,0.0,-0.5960525346301209,-0.7013888888888888,0.30964817345781265,0.0,1.0,0.0,60.29809197289269,10.291477651609402,8.990678089140049,9.3225122051781,1
2022-08-29,14887,0.004927771027406491,0.00404667161259864,0.002424079186586825,0.0003359763472652322,0.0021946359327875697,0.002562470747089707,0.003005729308923163,0.003061710005245398,9.608243627877057,21.0,-0.0600192126627652,-0.1015058823529411,0.22957847532159978,0.2857142857142857,0.5238095238095238,0.19047619047619047,-0.5714614476621602,-0.7105263157894737,0.37710978674247414,0.09523809523809523,0.8571428571428571,0.047619047619047616,68.63715655245336,13.509191006705604,8.790611474444772,10.036417123292965,0
2022-08-30,14875,-0.0008060724121716767,0.004117726474956118,0.003237337290078912,-0.0012086215000335354,0.0016295418428637909,0.0017509596605831401,0.002999262055714703,0.0030612140254901274,9.607437230413831,6.0,0.009798978905597335,-0.007008333333333299,0.13335318638931087,0.3333333333333333,0.3333333333333333,0.3333333333333333,-0.6132609710550887,-0.6325000000000001,0.08293265745623232,0.0,1.0,0.0,60.297213176267434,12.733586401894044,14.92973442138228,13.290025256542636,0
2022-08-31,14853,-0.001478991596638668,-0.0022838718344864173,0.0026326447954636567,0.00013467106592157663,0.0001212023270846796,0.0003872771051878221,0.002761157883188637,0.0030701967370694184,9.605957144029533,5.0,-0.18841336896436892,-0.1160307692307692,0.162069946671655,0.0,0.8,0.2,-0.7245446950710108,-0.6388888888888888,0.14099795203407775,0.0,1.0,0.0,83.88759473765833,11.43210915128602,20.81868292270538,14.003022474466798,1
2022-09-01,14884,0.002087120447047841,0.0006050420168066672,-0.00020151810304291917,0.003844338031968597,0.0014398557452934835,0.0025866249932640084,0.0027053517497055545,0.003075270207660073,9.608042089466514,13.0,0.05728907976791609,0.0039083333333333,0.22362147229185675,0.46153846153846156,0.23076923076923078,0.3076923076923077,-0.4163103456372687,-0.4722222222222222,0.28521040473122583,0.07692307692307693,0.8461538461538461,0.07692307692307693,57.8636476806471,20.431690621936177,13.868399748996268,8.971979327253706,1
2022-09-02,14900,0.0010749798441278546,0.00316434390358844,0.001680672268907557,0.0058053192925611175,0.0013575451282947792,0.003762424928338781,0.0025442381973878364,0.003080077811495847,9.60911649193355,10.0,0.09692498356625254,0.10834749999999996,0.19462553515951903,0.6,0.2,0.2,-0.4232207207207207,-0.5202702702702703,0.4305607035165698,0.2,0.8,0.0,58.30219651375368,21.026267617433398,12.723669073804853,8.496296635552875,1
2022-09-05,14920,0.0013422818791946067,0.0024187046492878395,0.004510873224264467,0.002216699133472222,0.002257093723129877,0.005055591295356265,0.001513726224018627,0.0030723935438847264,9.610457873757753,14.0,-0.043370173684071034,-0.00031495098039215075,0.20922698761311678,0.2857142857142857,0.42857142857142855,0.2857142857142857,-0.5502625447981365,-0.5733173076923077,0.2638163291987887,0.0,1.0,0.0,54.51129952782098,13.31363277413182,13.49955558872587,7.529363749486784,0
2022-09-06,14885,-0.0023458445040214215,-0.0010067114093960106,6.718624025792153e-05,0.0006722689075631116,-0.00022836570753070884,0.002799214468334421,0.0019307653972443328,0.0031135846027200574,9.608109273449877,11.0,0.020935256523524123,0.049747619047619,0.16746142931849436,0.45454545454545453,0.2727272727272727,0.2727272727272727,-0.4885241389045737,-0.46875,0.17870624804769114,0.0,1.0,0.0,65.46726892033338,20.09878283605655,13.789040124439635,7.981927962362628,1
2022-09-07,14927,0.0028216325159555744,0.0004691689008042843,0.0018120805369128412,0.004982158486501076,0.0015969724622899584,0.005408609320589619,0.0019885642780774703,0.003066979140050486,9.61092693263324,11.0,-0.024106558206769456,-0.024605,0.13295819824359587,0.2727272727272727,0.45454545454545453,0.2727272727272727,-0.5104829050216112,-0.5925925925925926,0.24299533133328355,0.0,0.9090909090909091,0.09090909090909091,64.59712208254355,19.61420825437727,12.968183111787733,10.802922279202221,0
2022-09-08,14905,-0.0014738393515106862,0.0013436345314075115,-0.001005361930294879,0.0014109110454179064,-0.00016099386881684996,0.0038253795072802355,0.0021325612307760227,0.0030856049384748,9.609452006112171,10.0,-0.028231512085137078,0.02556388888888885,0.1794769661416265,0.4,0.4,0.2,-0.5069328043521593,-0.5008417508417509,0.28730103657530226,0.0,0.9,0.1,58.64145909400187,13.780518390033118,8.625643219879525,7.950292217536065,0
2022-09-09,14846,-0.0039584032203958675,-0.005426408521471138,-0.0026200873362445254,-0.0036241610738254604,-0.0033967482512788916,-0.0003063859587691953,0.002761115118542025,0.002992572018478652,9.605485747677493,10.0,0.03322774971592733,-0.0007771103896104005,0.23256340690591976,0.4,0.3,0.3,-0.5099085976590221,-0.5208333333333333,0.26400587559249433,0.0,1.0,0.0,56.765705346299036,15.169106390713296,9.649973028513852,7.094946418986129,0
2022-09-12,14839,-0.00047150747676139027,-0.0044280442804428555,-0.005895357406042745,-0.00542895442359248,-0.0027821832746430797,-0.0012854941075911563,0.0025315765793100407,0.0023991203206821517,9.605014129006127,27.0,-0.011051623783579744,-0.0764567164179104,0.20630243560083988,0.37037037037037035,0.5185185185185185,0.1111111111111111,-0.5152791896585226,-0.5957446808510638,0.3388676159812762,0.037037037037037035,0.9259259259259259,0.037037037037037035,63.529618126041086,15.908051380647457,9.503369106697294,8.946488190620332,1
2022-09-13,14861,0.00148257968865817,0.0010103731644888203,-0.002952029520295163,-0.0016123614376889472,-0.0009814730162145402,-0.0002556374791453653,0.002632082166049869,0.0023580203443032926,9.60649561075857,9.0,0.15697242438117437,0.1730499999999999,0.2134299164204154,0.5555555555555556,0.2222222222222222,0.2222222222222222,-0.30438489385857803,-0.2857142857142857,0.3589643322588512,0.1111111111111111,0.7777777777777778,0.1111111111111111,46.79097055043399,20.618594567047595,19.94213118511726,10.400852664447166,1
2022-09-14,14923,0.004171993809299446,0.005660758811240729,0.005186582244375515,-0.0002679707911837914,0.003240379702584395,0.003388782055592232,0.003068168626286442,0.002452073112840957,9.610658925931467,6.0,0.014442408962897483,0.13517546296296296,0.27876472471396707,0.6666666666666666,0.3333333333333333,0.0,-0.3566651213710037,-0.2626262626262626,0.39238948349860875,0.16666666666666666,0.6666666666666666,0.16666666666666666,52.19640247540656,20.264277541294387,8.100637287651717,11.97620380195297,0
2022-09-15,14899,-0.0016082557126583241,0.002557028463764155,0.00404339915088614,-0.0004025494800402596,0.0017077237521514466,0.0015158186260835205,0.0030843114291049497,0.002374968776050392,9.60904937558734,9.0,0.033267630923997565,0.0566129032258064,0.1587694950624358,0.5555555555555556,0.3333333333333333,0.1111111111111111,-0.5035489450812032,-0.5416666666666666,0.2616846864250366,0.1111111111111111,0.8888888888888888,0.0,60.317332223606655,16.49197507604943,11.276457565074775,13.064738542543719,1
2022-09-16,14939,0.0026847439425465858,0.0010721704751055494,0.00524863737298964,0.006264313619830153,0.003142584708773599,0.003931319512113118,0.0023336573639129964,0.002387913219792611,9.611730522042317,7.0,0.13736257575757574,0.1567363636363636,0.20123366125380227,0.8571428571428571,0.14285714285714285,0.0,-0.23728886853886852,-0.2333333333333333,0.3485508276818256,0.14285714285714285,0.7142857142857143,0.14285714285714285,46.663536493162646,24.283169139410084,9.76205533140523,12.54094643148696,1
2022-09-19,14980,0.0027444942767254066,0.005436606483656625,0.003819607317563589,0.009501988004582573,0.003994530977721844,0.006355220551681473,0.0021778962250425657,0.002434182741954487,9.61447125707121,17.0,-0.18273335094479973,-0.181795652173913,0.2189529467163736,0.23529411764705882,0.6470588235294118,0.11764705882352941,-0.6246264359678603,-0.625,0.1928335565758333,0.0,1.0,0.0,65.27691982095963,14.459336201131771,8.0742337420919,8.378841026139021,0
2022-09-20,14975,-0.00033377837116155273,0.0024097998527343734,0.0051010134908382465,0.007671085391292687,0.002128058247229392,0.005742301621948442,0.002403687948956156,0.0024365371078545594,9.61413742298365,10.0,-0.06302759868366928,-0.022399999999999996,0.2747917205935143,0.5,0.5,0.0,-0.3995524768501988,-0.6622807017543859,0.5851688235712617,0.2,0.7,0.1,62.571407293684956,15.573364617855741,7.844607263643255,8.195644614399267,1
2022-09-21,15011,0.0024040066777963887,0.002069425901201516,0.004819599705468969,0.005896937613080411,0.003355435538206608,0.0076187279744923675,0.0020171742889519384,0.002365996434242567,9.616538544660177,7.0,-0.07977195972591933,-0.0907521739130434,0.13344887110348602,0.14285714285714285,0.5714285714285714,0.2857142857142857,-0.6130494505494505,-0.6538461538461539,0.28988440938875254,0.0,0.8571428571428571,0.14285714285714285,75.10665506572433,14.280449776360086,9.26852015390222,17.625472684346796,1
2022-09-22,15033,0.001465591899273866,0.0038731218697829473,0.003538050734312348,0.008993892207530774,0.003029170781179147,0.008398288144461308,0.0012946292984673856,0.0023181523659445086,9.618003063627834,22.0,-0.001407326260396398,0.012389880952380899,0.18406905982745134,0.4090909090909091,0.2727272727272727,0.3181818181818182,-0.40909753948291494,-0.5617424242424243,0.3954631686914688,0.13636363636363635,0.7727272727272727,0.09090909090909091,50.5353034235458,17.882805102807172,7.194037854935084,12.968994481646517,1
2022-09-23,15035,0.0001330406439166154,0.0015988275264806617,0.00400667779632724,0.006426132940625218,0.0018791481195192805,0.0077854526320728645,0.0013566815742118309,0.0022930303235287612,9.61813609542263,16.0,0.02287240856975432,0.08615851063829785,0.1919497789119066,0.625,0.375,0.0,-0.3157231111007917,-0.4125,0.4175936135808692,0.125,0.75,0.125,51.28559623232735,20.27679360638698,8.134024257974021,10.16019373019218,1
2022-09-26,15119,0.00558696375124712,0.0057207476884189035,0.007194723869162534,0.009279038718291055,0.005613717691192344,0.01262855439722177,0.0023524679426445796,0.0023601013485007338,9.623707509980202,20.0,-0.12571055260973735,-0.09311099999999994,0.2370822087368946,0.2,0.5,0.3,-0.6304590485988619,-0.6702898550724637,0.23466789055481832,0.0,1.0,0.0,75.50807064705825,13.262692799098005,9.458436364510522,8.032491000038611,1
2022-09-27,15155,0.0023811098617634308,0.007981376787495886,0.008115479278919757,0.012020033388981721,0.005600307884224831,0.01408884234615515,0.0020105448587243034,0.0023552420245668755,9.626085789491903,11.0,0.0995033308402827,0.055975,0.17400358188911202,0.5454545454545454,0.18181818181818182,0.2727272727272727,-0.31848263035763036,-0.40625,0.40092259261851587,0.18181818181818182,0.7272727272727273,0.09090909090909091,59.07781016218633,26.06585314312105,9.888495937724388,10.947600513020758,1
2022-09-28,15243,0.005806664467172595,0.008201600634962558,0.013834386431659462,0.01545533275597899,0.00833498710061531,0.018648151056372075,0.0025248145936529057,0.0025198227619797624,9.63187566026184,11.0,-0.0036719032768354797,0.0108541666666666,0.19014415668625254,0.36363636363636365,0.36363636363636365,0.2727272727272727,-0.5941363327256745,-0.6428571428571429,0.26592569681465617,0.0,1.0,0.0,66.38294822392044,15.172362354834245,16.494066834645757,13.6118477629575,1
2022-09-29,15247,0.00026241553499972703,0.006070603761134885,0.008466168397380791,0.014235348899088729,0.0057520547764482455,0.017681099445338022,0.0027626473274597048,0.0025228468296080607,9.632138041371906,10.0,-0.06218771491702742,-0.06257888888888885,0.19190666565090048,0.2,0.5,0.3,-0.5600214363869505,-0.6605113636363636,0.3371051195696167,0.1,0.9,0.0,61.90737943650456,12.815406432681318,18.21894220909239,15.051748844003942,0
2022-09-30,15232,-0.0009838000918213075,-0.0007216427212490828,0.005080831408776021,0.013102760226139099,0.0021580083162271446,0.015554681405721693,0.00306430731399312,0.002570142007677618,9.631153757031147,13.0,0.12351492156754361,0.0420166666666666,0.1973591957290365,0.46153846153846156,0.07692307692307693,0.46153846153846156,-0.38144878741252614,-0.5,0.3234725113306375,0.15384615384615385,0.8461538461538461,0.0,58.888521641081624,22.669802058778455,10.398383004192217,9.759107546262683,1
2022-10-03,15293,0.0040047268907563716,0.0030169869482521428,0.0032801941874958107,0.011508697665189471,0.0038729158461336954,0.018355435546218102,0.0027451910185220937,0.002650734084790223,9.635150486348124,28.0,-0.0984232961914341,-0.10001379310344825,0.25245077999964693,0.25,0.6071428571428571,0.14285714285714285,-0.5088148014991556,-0.5657142857142857,0.3266828071090046,0.10714285714285714,0.8928571428571429,0.0,65.18645922063193,16.60624345037707,8.557145125548091,9.030205131361047,0
2022-10-04,15276,-0.001111619695285393,0.0028886554621849747,0.0019020135108545055,0.007984163642362319,0.00116658583581275,0.01590088382578858,0.0031343532196621516,0.0025762094179983203,9.634038248345407,10.0,-0.02308588813170047,-0.00327921052631575,0.1633877973249961,0.3,0.3,0.4,-0.5930268490374873,-0.6499999999999999,0.3322712387695701,0.1,0.9,0.0,57.363005192387405,10.809903362889466,9.062154506177148,9.436434686707111,0
2022-10-05,15196,-0.0052369730295889205,-0.006342771202510922,-0.002363445378151252,-0.003083382536246182,-0.0034625675462987004,0.009677515805280201,0.00331123069533751,0.002931470786073237,9.628787514307517,12.0,0.06720756339519496,0.05990727272727265,0.18339621817908588,0.5,0.08333333333333333,0.4166666666666667,-0.3916602804102804,-0.43000000000000005,0.32367837425698703,0.08333333333333333,0.9166666666666666,0.0,54.14443730067413,19.621761344329894,8.422142237623428,12.49599550251052,1
2022-10-06,15197,6.580679126089173e-05,-0.005171510866719076,-0.006277381808670657,-0.003279333639404469,-0.002742998136336161,0.008765379241218785,0.0032993813996218375,0.0028857801316550824,9.628853318933604,13.0,-0.039620175624589075,-0.022984375,0.19651678344040813,0.3076923076923077,0.3076923076923077,0.38461538461538464,-0.574387039899534,-0.6071428571428571,0.18003932983376614,0.0,1.0,0.0,70.93142625658606,16.132521646390693,8.394694816731855,11.900596357342314,1
2022-10-07,15246,0.0032243205895901017,0.00329033956304281,-0.0019638648860957897,0.0009191176470588758,0.00028868360277134464,0.010676203766005088,0.0037054322940920496,0.0026791155063435267,9.632072452548218,13.0,-0.049525419073727914,-0.0309432432432432,0.1978608012054131,0.38461538461538464,0.38461538461538464,0.23076923076923078,-0.5204975869390662,-0.5405405405405406,0.22733587832489283,0.0,0.9230769230769231,0.07692307692307693,66.22127214772159,18.664095522510987,13.697967045650008,10.030786569671674,1
2022-10-10,15299,0.003476321658139936,0.0067118510232282436,0.006778099499868295,0.00039233636304181196,0.003686986642874146,0.012645660066388897,0.003574634601914662,0.0026845455005403453,9.63554274576738,22.0,-0.09598281664314573,-0.14448959899749364,0.2683421738458239,0.22727272727272727,0.6818181818181818,0.09090909090909091,-0.5757390258081958,-0.6666666666666666,0.37976665826935585,0.045454545454545456,0.9090909090909091,0.045454545454545456,68.92025698285191,15.293829893142314,5.907624222194044,6.505754198208924,1
2022-10-11,15362,0.004117916203673522,0.007608553063098489,0.010857406066986819,0.00562974600680799,0.006684141546526856,0.015132491905108125,0.003888762614268873,0.002746014855586608,9.639652206558628,9.0,0.14728142967304392,0.157231914893617,0.21240836547040784,0.7777777777777778,0.2222222222222222,0.0,-0.22017346220148104,-0.2857142857142857,0.4342623697722766,0.2222222222222222,0.6666666666666666,0.1111111111111111,54.09252886298613,29.480154053423764,8.730551804709485,7.436789766874254,1
2022-10-12,15373,0.0007160525973179954,0.004836917445584676,0.008330053784599167,0.01164780205317184,0.005073420767027992,0.014351225627659892,0.0018056447905976578,0.0026879296243463727,9.640368002912599,18.0,-0.09435081445701195,-0.075480606060606,0.2794641278092467,0.2777777777777778,0.5,0.2222222222222222,-0.4972325284635903,-0.5754901960784313,0.3828039178520959,0.1111111111111111,0.8333333333333334,0.05555555555555555,64.73507714610471,17.325558023972558,11.141157859301012,9.557359865524266,0
2022-10-13,15357,-0.001040785793273935,-0.0003254784533264221,0.0037910974573500678,0.010528393761926713,0.0019311820661038759,0.01176672113002697,0.002180033376293651,0.002656312729867514,9.639326675125693,15.0,-0.020741323502296537,0.0511299999999999,0.25856517813685215,0.5333333333333333,0.4,0.06666666666666667,-0.3805446275004878,-0.5833333333333334,0.4677426054133229,0.13333333333333333,0.8,0.06666666666666667,54.476251979418706,15.083663739424424,11.317051233591902,8.66911290677931,1
2022-10-14,15390,0.0021488571986716387,0.001105834905353431,0.0018226793386277862,0.009445100354191327,0.002201065367734234,0.012436722704830983,0.002092515934167293,0.0026466131937767953,9.641473226832925,12.0,-0.07197664965853434,-0.026088131313131303,0.2700210911500927,0.4166666666666667,0.5,0.08333333333333333,-0.47112968193657045,-0.5071428571428571,0.29133354143084855,0.08333333333333333,0.9166666666666666,0.0,58.11735006367218,15.95593871834185,8.621369901075497,8.740108991595582,1
2022-10-17,15480,0.005847953216374213,0.008009376831412451,0.006960254992519399,0.011830838616903039,0.005691120293131791,0.01668532997941008,0.0027188488073772695,0.002809882655835378,9.647304147143718,23.0,-0.02903680273471903,0.010395,0.26511866803907563,0.43478260869565216,0.43478260869565216,0.13043478260869565,-0.5223064905246104,-0.6428571428571429,0.4504928487960711,0.13043478260869565,0.8695652173913043,0.0,68.19445375236248,17.540915181824683,10.589776058192205,8.146215374234554,0
2022-10-18,15469,-0.0007105943152454497,0.005133203378817397,0.007293091098521831,0.006965238901184723,0.0035812064513618402,0.014317422536088698,0.0027939490827297957,0.0028250835335126424,9.646593300236665,4.0,0.0693245833333333,0.15859749999999995,0.29772531623708487,0.75,0.25,0.0,-0.36458333333333337,-0.40625,0.23105284388352962,0.0,1.0,0.0,43.13419051230107,18.36305435943661,2.3255813953488373,2.3255813953488373,1
2022-10-19,15491,0.0014221992371841186,0.0007105943152454497,0.006562703053931029,0.007675795225395188,0.003472087268581614,0.014163990664270543,0.0027689558291824996,0.0028194121629031127,9.648014489106362,10.0,0.03230869661282564,0.0777343434343434,0.2000453558695994,0.5,0.4,0.1,-0.5732450950608845,-0.6305555555555555,0.16671517991463627,0.0,1.0,0.0,73.07728554798895,15.431877638364028,17.08207338514206,9.7309459017363,1
2022-10-20,15579,0.005680717836162863,0.007110996185920149,0.006395348837209269,0.014455948427427145,0.0062783397279386755,0.01810553556899608,0.0028374664522895937,0.00296432376967066,9.653679132512428,9.0,0.09212540051108162,0.1702333333333333,0.24803250324381318,0.5555555555555556,0.2222222222222222,0.2222222222222222,-0.436749760431931,-0.3636363636363636,0.34311896253456253,0.1111111111111111,0.8888888888888888,0.0,50.814012721186664,17.964179625434433,4.626419700394379,7.5180554507991575,1
2022-10-21,15610,0.0019898581423711814,0.007681879801174851,0.009115004201952326,0.014294996751137212,0.005423231009030083,0.018218346194237567,0.002848547828990127,0.002938678093918002,9.655667013509477,5.0,0.1523161205461205,0.1477523809523809,0.12232881667751903,0.8,0.0,0.2,-0.2243952126305067,-0.1666666666666666,0.2790535420874972,0.2,0.8,0.0,58.776067831353394,34.15310697967253,11.404697850636863,12.330232143873038,0
2022-10-24,15590,-0.0012812299807815064,0.000706078695680068,0.006390807565683332,0.007105943152454719,0.002714210370599046,0.015354055066186811,0.0027529318454534452,0.002883774791715214,9.654384962051822,24.0,-0.01810881074081793,-0.01517445652173905,0.21619423455485276,0.4583333333333333,0.4583333333333333,0.08333333333333333,-0.4791408588340806,-0.5885416666666667,0.41583782306542766,0.125,0.875,0.0,64.78176569227112,18.364113667628043,8.385963385257986,7.38890636339773,1
2022-10-25,15616,0.0016677357280308058,0.0003843689942344408,0.002374991976378471,0.009502876721184217,0.0024908199162878564,0.015522881129977462,0.0024851700363524095,0.0028772149982299834,9.656051308652874,11.0,0.006090961870373624,0.1041380952380952,0.2622028199829528,0.5454545454545454,0.36363636363636365,0.09090909090909091,-0.517113824632663,-0.4705882352941176,0.21168805172310212,0.0,1.0,0.0,78.63792549115931,21.671973879607553,9.028017495593913,7.213095490416308,0
2022-10-26,15596,-0.001280737704917989,0.00038486209108401503,-0.0008968609865470656,0.006778129236330699,-0.00014104191509278774,0.013059477296126332,0.002877042956493646,0.0027530815125480475,9.654769750102489,11.0,0.07348198482724079,0.0930045454545454,0.19359056534797026,0.6363636363636364,0.18181818181818182,0.18181818181818182,-0.3343299025828969,-0.4166666666666667,0.3655703904335215,0.18181818181818182,0.8181818181818182,0.0,69.87986368224837,27.427384643597858,12.692104736637521,10.404657473590023,0
2022-10-27,15573,-0.0014747371120800157,-0.002753586065573743,-0.0010904425914047833,-0.0003851338340072896,-0.0015387574533564097,0.010495579527942223,0.0017441919152187744,0.0028093511960730067,9.653293924495339,9.0,-0.004767894219977534,0.0792,0.23757971567532232,0.5555555555555556,0.2222222222222222,0.2222222222222222,-0.5030659796314445,-0.45,0.33485361222210436,0.1111111111111111,0.8888888888888888,0.0,58.112445078018126,13.991945095278076,10.499446085079256,7.693628115925282,0
2022-10-28,15542,-0.001990624799332208,-0.0034624262631444136,-0.0047387295081967595,-0.004356181934657255,-0.002656673126532061,0.007470789375597642,0.0014490864960208108,0.002856565514726188,9.651301315769187,5.0,0.09000876156523212,0.0469928571428571,0.11934458342030389,0.4,0.0,0.6,-0.35058823529411764,-0.3529411764705882,0.11319995628888833,0.0,1.0,0.0,51.86778119505152,22.69299691190891,10.429603858754854,9.360877628379495,1
2022-10-31,15596,0.0034744563119288863,0.001476915173697968,0.0,0.00038486209108401503,0.000731491344019064,0.009979341920359541,0.0023769485159918177,0.0028296580163721654,9.654769750102489,18.0,-0.08378356007566534,-0.012353132832080201,0.27689049997138504,0.3888888888888889,0.4444444444444444,0.16666666666666666,-0.6501765805031366,-0.6987179487179487,0.24729855541424234,0.05555555555555555,0.9444444444444444,0.0,64.69188320017079,10.342759476679227,10.425621015292254,7.292074456084148,1
2022-11-01,15647,0.0032700692485252425,0.006755887273195205,0.004751814037115443,0.0019851434426230163,0.003604689945352346,0.012066272327131422,0.002726911440305893,0.00282838943134098,9.658034484302057,13.0,0.0113962324354584,0.0306,0.20271306657056357,0.46153846153846156,0.38461538461538464,0.15384615384615385,-0.5238650881681618,-0.5,0.25797134945747824,0.0,0.9230769230769231,0.07692307692307693,54.50793883918771,13.715357603014045,13.563262415994982,8.51109575760128,1
2022-11-02,15652,0.00031955007349648845,0.0035906642728904536,0.007077596190966373,0.0035906642728904536,0.003204717343930241,0.010898874590283159,0.0025697568150133358,0.002403338271184932,9.658353983330302,8.0,0.1961618740862573,0.26331,0.17405001483189658,0.625,0.0,0.375,-0.24130443295739346,-0.20789473684210524,0.3901463872500664,0.25,0.625,0.125,60.78219913252415,36.836291020897605,8.751472812092796,6.5637236196660655,1
2022-11-03,15681,0.0018527983644263113,0.0021729404997763435,0.0054501154142088115,0.006935079946060574,0.003673929184054847,0.011191395103643753,0.002273113233024718,0.0023810250829152516,9.660205067381032,9.0,0.03449681093235014,0.0907857142857142,0.13177295798920197,0.5555555555555556,0.2222222222222222,0.2222222222222222,-0.5552085052085052,-0.4615384615384615,0.20712847058089637,0.0,1.0,0.0,61.890183916210475,16.29212567788037,11.607772727266216,7.390214420658178,1
2022-11-04,15736,0.003507429373126758,0.005366726296958779,0.0056879913082379385,0.012482306009522492,0.0046991521095107736,0.013137436059219798,0.0013901053499992598,0.002392183816576139,9.663706360068895,8.0,-0.03489825699441025,-0.02349697855750485,0.18890345271168438,0.5,0.5,0.0,-0.5599356335090031,-0.7524154589371981,0.35187362564879443,0.125,0.875,0.0,68.14408818654519,20.816300646416245,12.84532363451667,12.08863654008979,0
2022-11-07,15692,-0.002796136248093495,0.0007014858746252628,0.002555583950932805,0.006155424467812365,0.0006631976328945743,0.009028009979680451,0.002587234734902756,0.002537992147950909,9.660906307329443,21.0,0.01989540925172314,0.0169235294117647,0.19419733769923936,0.38095238095238093,0.38095238095238093,0.23809523809523808,-0.5182426288578319,-0.5925925925925926,0.2892419377813006,0.047619047619047616,0.9047619047619048,0.047619047619047616,55.994786118054904,16.0704976164328,11.663118769691735,13.41466028857723,0
2022-11-08,15684,-0.0005098139179199324,-0.0033045246568378372,0.00019131432944319293,0.0023646705438742366,-0.00031869462680855776,0.0074705961702756785,0.002386855224312139,0.002475052919930966,9.660396363412222,10.0,0.008692552466859273,0.0236284722222222,0.12643915826581545,0.2,0.2,0.6,-0.5115210979394416,-0.4982142857142857,0.22730398222380782,0.0,1.0,0.0,63.200605935429486,18.71678976366976,10.296907090772276,8.436564857212181,0
2022-11-09,15654,-0.0019127773527161107,-0.0024216161101198175,-0.005210981189628927,0.00012777919754669576,-0.002256300432138869,0.004636834758611874,0.0026204924858783123,0.0025614930788838697,9.658481754364784,8.0,0.03675260101010101,0.06206161616161615,0.18861212633924643,0.5,0.375,0.125,-0.6229378141563496,-0.6458333333333333,0.24096705831006868,0.0,1.0,0.0,62.0820373911871,9.859646238433255,5.995966937941951,5.552329531769528,1
2022-11-10,15701,0.003002427494570137,0.0010839071665391664,0.00057354065765991,0.0012754288629550636,0.00048428001580291813,0.006542107000791608,0.002860080157021002,0.0025590437289108774,9.661479683575521,8.0,0.014453410227207156,0.06072606951871655,0.16550412374504475,0.5,0.375,0.125,-0.621564745876753,-0.6398671096345515,0.2909336989921691,0.0,0.875,0.125,82.57023535738654,15.047517478616832,11.225894469544219,7.805122377183064,0
2022-11-11,15493,-0.013247563849436372,-0.010284911204803904,-0.01217801581229283,-0.015442297915607472,-0.009702904479443553,-0.0071199236098205,0.006091455223809314,0.00408898073192983,9.648143587996293,8.0,-0.029524390489891597,-0.0367540920716112,0.2285540979086583,0.25,0.5,0.25,-0.5192907219833001,-0.5797619047619048,0.30377402113069907,0.0,0.875,0.125,68.59561542608822,14.871923250661201,11.104703691938898,9.30258778578562,1
2022-11-14,15499,0.0003872716710773272,-0.012865422584548702,-0.009901622588475822,-0.01229926076981902,-0.006869064858838203,-0.006795876975722592,0.006293234579580631,0.0038788641580702926,9.648530784697051,18.0,-0.03995637000166312,-0.055679333333333296,0.22863652724501943,0.4444444444444444,0.5,0.05555555555555555,-0.5515222879734333,-0.6291666666666667,0.2902183550383412,0.05555555555555555,0.9444444444444444,0.0,67.03718129558486,16.230356863276867,9.377911094305741,9.02496729315775,1
2022-11-15,15564,0.004193818956061746,0.004582714774414187,-0.00872555888159987,-0.007651109410864554,-0.0011679993839124325,-0.0029340542479723286,0.006971866378364588,0.003980707519690584,9.652715834104445,13.0,-0.039641536657786657,0.0331666666666666,0.23155511574001694,0.38461538461538464,0.3076923076923077,0.3076923076923077,-0.4661866262845455,-0.5416666666666666,0.2583545510352883,0.0,0.9230769230769231,0.07692307692307693,60.73159954851347,15.685155898936934,9.501177912061834,5.21827675433534,1
2022-11-16,15610,0.0029555384219994707,0.007161752371120711,0.007551797586006659,-0.0028107831864060406,0.002350161172255172,-0.00036821798504715897,0.007237379024677463,0.004017772942503105,9.655667013509477,8.0,0.07575845667490402,0.10902692307692305,0.16844392636347894,0.625,0.25,0.125,-0.47185977045312083,-0.6388888888888888,0.3460613279173653,0.125,0.75,0.125,70.99692555936556,23.04124164044647,12.020421155070121,10.233846515125478,1
2022-11-17,15687,0.004932735426008916,0.007902852737085686,0.012129814826763008,-0.000891662951404415,0.007475627143462615,0.004215438684091799,0.007519674394912741,0.003969123376317469,9.66058762285624,17.0,-0.07930354671241868,-0.1105923076923077,0.26240484523121327,0.35294117647058826,0.5294117647058824,0.11764705882352941,-0.41590968088642377,-0.5,0.3644601565029685,0.17647058823529413,0.8235294117647058,0.0,63.405059955517345,21.58950624425301,12.34475907841153,11.345017662926608,1
2022-11-18,15692,0.00031873525849435147,0.005253042921204321,0.008224106913389928,0.012844510424062427,0.005227284374519581,0.004271931649093563,0.002133053921954038,0.003950397151697014,9.660906307329443,10.0,-0.09388910995877522,-0.116545625,0.17647476726325467,0.2,0.6,0.2,-0.6720384551787075,-0.7504873294346979,0.3345220469240621,0.1,0.9,0.0,96.14375521312638,16.1351623791437,14.441044359233942,12.270066411919569,1
2022-11-21,15707,0.0009559010960999981,0.0012749410339771838,0.006213965406790534,0.013420220659397408,0.00351392793253269,0.004855704333028399,0.001999381147386018,0.003935823973261484,9.661861751843032,24.0,-0.06644637601757863,-0.029016435185185152,0.19354779164118233,0.375,0.4583333333333333,0.16666666666666666,-0.6053732863951528,-0.618421052631579,0.24383676704818397,0.041666666666666664,0.9583333333333334,0.0,91.36714032730744,18.97892903458778,11.942084998461384,13.312456734082955,1
2022-11-22,15716,0.000572992933087102,0.001529441753759908,0.0018486644992670165,0.009766126959650512,0.0021425292047136946,0.00510996987739909,0.0019655269106089598,0.003924587884489319,9.662434580678351,5.0,0.02281968571000154,-0.0115368421052631,0.08089724529463511,0.4,0.2,0.4,-0.5810592185592185,-0.5714285714285714,0.1727846528375929,0.0,1.0,0.0,62.2151347933123,14.607394914667044,13.6880230633362,7.03366607201246,0
2022-11-23,15700,-0.0010180707559175328,-0.0004456611701788571,0.0005098139179200434,0.005765534913517056,-2.5477057909339962e-05,0.0037528849903780692,0.002240044669632805,0.003919362085241542,9.6614159913364,4.0,-0.18078124647092036,-0.13956768774703554,0.34672611701108774,0.25,0.5,0.25,-0.5538666279519938,-0.5220189701897019,0.23591115589410588,0.0,1.0,0.0,88.13263902420101,21.297493039619898,11.57643490912977,9.627237790023171,0
2022-11-24,15647,-0.003375796178343937,-0.004390430134894374,-0.0038199528872476796,-0.0025498820679543677,-0.0028931202365476416,0.00012783636944702081,0.0017663141455517156,0.003988131158437389,9.658034484302057,7.0,-0.04469511686492776,-0.1155714285714285,0.22018700077636416,0.2857142857142857,0.5714285714285714,0.14285714285714285,-0.39528216144757494,-0.5192307692307693,0.2892241357204693,0.0,0.7142857142857143,0.2857142857142857,52.55865331856428,17.059869644189046,7.0557525698636905,6.967986647627088,1
2022-11-25,15668,0.0013421103086854735,-0.0020382165605095093,-0.0030542122677525985,-0.001529441753759908,-0.0012493944261710022,0.0010670040188356378,0.0019372644174100826,0.003959340997958184,9.659375694785721,4.0,-0.0861530756704981,0.029018055555555547,0.377330397091875,0.25,0.25,0.5,-0.32924645975493433,-0.46753246753246747,0.6184075936029236,0.25,0.75,0.0,63.59924244440638,14.639051506864647,10.852147956348164,8.134756652000338,1
2022-11-28,15729,0.003893285677814662,0.005240621205342855,0.0018471337579617497,0.0014006493919909158,0.002357889370379729,0.0045376310436551215,0.00270737639438565,0.003977461382490867,9.663261421240643,16.0,-0.040278411187307295,-0.01840899550224885,0.1840499639625299,0.375,0.375,0.25,-0.46414787798408486,-0.5227272727272727,0.2933695797739417,0.0,0.875,0.125,55.01888172365109,16.787282170611586,10.76314750602125,7.546554378421249,1
2022-11-29,15737,0.0005086146608175302,0.004403880520806647,0.005751901322937236,0.0013362178671416647,0.0025993552579604007,0.004759791731178575,0.0027058045298741693,0.003921297968660996,9.663769906600864,8.0,0.040536261738261734,0.0440487179487179,0.09695234958560857,0.5,0.25,0.25,-0.6599252136752136,-0.6666666666666666,0.13843169184563037,0.0,1.0,0.0,76.37961923484724,14.722581628725507,11.815504720322767,10.233733344372792,1
2022-11-30,15742,0.000317722564656453,0.0008264988238286808,0.004723002297676748,0.002675159235668856,0.0023814678501838937,0.004790338898126301,0.0026111165350785996,0.0039212973669836785,9.664087578702395,9.0,0.0013148065775294704,0.0099647058823529,0.2274910371678795,0.4444444444444444,0.2222222222222222,0.3333333333333333,-0.45781425240661566,-0.55,0.2822345018704709,0.1111111111111111,0.8888888888888888,0.0,77.4612409273858,24.704891575601422,7.79487957344897,5.063613453733086,0
2022-12-01,15617,-0.007940541227290043,-0.007625341551756981,-0.007120605251446421,-0.0019173004409791528,-0.005197915737709113,-0.0029845981964727875,0.004462756463825272,0.004308733042763605,9.656115343487846,9.0,0.03631336152199669,0.10165,0.21910104271361863,0.5555555555555556,0.2222222222222222,0.2222222222222222,-0.45787169754561063,-0.6153846153846154,0.3156735224175852,0.0,0.8888888888888888,0.1111111111111111,62.54899442279928,16.807813143386078,11.202707015053026,11.034189662090133,0
2022-12-02,15429,-0.012038163539732305,-0.01988311523313424,-0.019571709982842966,-0.015254020934388546,-0.014171799524624884,-0.01402060274532857,0.006650544534043342,0.0049587183196730285,9.644004134443026,8.0,0.02608168487405039,0.047453588516746345,0.264176367219303,0.5,0.25,0.25,-0.35865805605712436,-0.5770750988142292,0.47187690141518307,0.125,0.875,0.0,62.784585768207315,23.989640798687997,12.866992070834012,8.18902250855365,0
2022-12-05,15409,-0.0012962602890660424,-0.013318819235448531,-0.021153601829500657,-0.02034458643270387,-0.011407088048861813,-0.014407470777299869,0.005620948042789083,0.004941003022307274,9.642707033281853,18.0,-0.04228729152285058,-0.0445677083333333,0.2071921872300358,0.2777777777777778,0.5,0.2222222222222222,-0.5055577208410625,-0.5080459770114942,0.24021566260905436,0.0,1.0,0.0,70.77872686689238,22.34549903109979,11.056518322072549,9.437169504960286,1
2022-12-06,15576,0.01083782205204753,0.009527513124635512,-0.0026253441762181806,-0.010230666581940606,0.0013757987990690168,-0.0033815667819449002,0.008756835438427176,0.005596026013446192,9.653486547052035,7.0,0.06409874261997128,0.0904631578947368,0.1979727303882455,0.5714285714285714,0.2857142857142857,0.14285714285714285,-0.41214099909752083,-0.5217391304347826,0.5526211897650529,0.2857142857142857,0.7142857142857143,0.0,49.07547631792803,11.817372065297592,12.019650870060815,11.18834520181071,1
2022-12-07,15619,0.0027606574216743063,0.013628398987604706,0.012314472746127514,-0.007813492567653402,0.0057308435286542725,-0.0005183303364028058,0.008985318541669512,0.005623982156276626,9.656243400857722,8.0,0.028781528043212823,0.049497619047619,0.1761871217337523,0.5,0.25,0.25,-0.3406565930515928,-0.33436532507739936,0.3196149598953328,0.125,0.875,0.0,56.93484280610594,23.456035270108018,11.854987779970061,9.919499453851996,1
2022-12-08,15624,0.00032012292720406954,0.0030816640986133237,0.01395288467778566,0.00044822949350065144,0.005962115456430217,4.800537660210047e-05,0.008241837085045698,0.0055779783264608175,9.656563472556515,7.0,0.09910502717833546,0.0202333333333333,0.24554941526963797,0.42857142857142855,0.2857142857142857,0.2857142857142857,-0.3325613498988112,-0.6666666666666666,0.5323214925959976,0.2857142857142857,0.5714285714285714,0.14285714285714285,66.25296292358009,21.086463239069452,14.536896493371751,5.436661513558953,0
2022-12-09,15587,-0.002368151561699894,-0.002048786734105912,0.0007062146892655718,0.010240456283621802,0.0015421191287026126,-0.0026203052863620346,0.00527827724519583,0.004703752075297918,9.65419251248905,13.0,0.0061232587886287295,0.0160199999999999,0.1783705744351006,0.38461538461538464,0.38461538461538464,0.23076923076923078,-0.5644070524145812,-0.64,0.2719840948294929,0.0,1.0,0.0,67.17267031931591,15.648668291093003,12.396883829402956,8.236581617874476,1
2022-12-12,15642,0.003528581510232831,0.0011520737327188613,0.001472565465138631,0.015121033162437625,0.002075645756457467,0.00044131473415576217,0.004943826475882536,0.004758490120384469,9.657714883161557,19.0,-0.06447986014386727,-0.0431199999999999,0.19933521954339367,0.3157894736842105,0.42105263157894735,0.2631578947368421,-0.6075244972112394,-0.7111111111111111,0.28483805106770854,0.05263157894736842,0.9473684210526315,0.0,65.34959900518508,12.448028087042601,8.775098616690332,7.256828844271909,1
2022-12-13,15661,0.0012146784298683322,0.004747546031949712,0.002368151561700005,0.0054571135079610755,0.002201374579243076,0.0013459122311771932,0.0023078581362922864,0.004681800058502049,9.658928824466434,9.0,-0.00715222580559538,0.029725,0.2470838818198937,0.4444444444444444,0.3333333333333333,0.2222222222222222,-0.5053085146906657,-0.5714285714285714,0.37748409018222223,0.1111111111111111,0.8888888888888888,0.0,56.50204076776895,12.169948773823403,10.295106959849305,10.868377346604579,0
2022-12-14,15619,-0.0026818210842219914,-0.001470400204577449,0.0020529928786809926,0.0,-0.00048635019773979327,-0.0013682514513695399,0.002589839764880162,0.004684545433756727,9.656243400857722,7.0,0.06545427370248795,0.0349874999999999,0.21602919710362134,0.42857142857142855,0.14285714285714285,0.42857142857142855,-0.380921459492888,-0.35,0.4747959613180118,0.2857142857142857,0.7142857142857143,0.0,92.66911015615678,27.844957572936845,10.726169275392072,10.445048074581754,1
2022-12-15,15630,0.0007042704398489974,-0.0019794393716876524,-0.0007671653241273502,0.00038402457757302777,0.0001407747731607678,-0.00048281220523671564,0.0026072506463405034,0.004545422654595925,9.656947423415522,10.0,0.1150051321485532,0.12339736842105259,0.13464864427909165,0.6,0.0,0.4,-0.5069441460056405,-0.5565476190476191,0.2305713518735338,0.0,1.0,0.0,77.05989773073448,20.557172546611593,10.652245468952419,11.494893266621911,0
2022-12-16,15617,-0.0008317338451695466,-0.0001280491708816056,-0.002809526850137245,0.0019246808237634028,-0.0010745947882152551,-0.0010745947882152551,0.0023215415849761997,0.0045461628877249095,9.656115343487846,6.0,0.13455856080647746,0.07954050925925925,0.16740889954273666,0.6666666666666666,0.0,0.3333333333333333,-0.43532467532467534,-0.6095454545454546,0.44890446067693257,0.16666666666666666,0.8333333333333334,0.0,56.359363576626386,17.122589265318528,6.482533081358035,10.832928053291527,1
2022-12-19,15621,0.00025613113914313423,-0.000575815738963481,0.00012804917088171663,-0.001342539317222835,-0.0005502380099299264,-0.0005438433731085324,0.0015461796625288672,0.004539245570128068,9.65637144183101,19.0,-0.06202801858896251,-0.07836,0.258583641101717,0.3157894736842105,0.631578947368421,0.05263157894736842,-0.5536276039674609,-0.631578947368421,0.2729736613358973,0.05263157894736842,0.8947368421052632,0.05263157894736842,65.24609200648094,15.630501306967616,12.76654936024087,10.573672703350757,0
2022-12-20,15608,-0.0008322130465399091,-0.0005762950630723296,-0.0014075495841330277,-0.0033842027967562194,-0.0007042704398488864,-0.0010304593544588903,0.0013082414681919697,0.004536471683942393,9.655538882302947,3.0,-0.024172642390289444,-0.0256941176470588,0.23924886648940444,0.3333333333333333,0.3333333333333333,0.3333333333333333,-0.6944444444444443,-0.75,0.19645863165851693,0.0,1.0,0.0,88.01433194637077,14.775003852673755,5.220372938819541,1.6181229773462782,0
2022-12-21,15601,-0.0004484879548949383,-0.0012803277639075183,-0.001024524556572981,-0.0011524425379345615,-0.000922166579146233,-0.0011620350659287126,0.0006858689876107258,0.004533744433209501,9.65509029374725,5.0,0.1613684329787859,0.1224099999999999,0.14720154596139362,0.8,0.0,0.2,-0.3332894736842105,-0.2456140350877192,0.21594644661461465,0.0,1.0,0.0,56.56852885417992,25.421816291578335,7.198247910887173,2.457002457002457,0
2022-12-22,15594,-0.00044868918659057844,-0.0008969759097898766,-0.0017284424812752386,-0.002303262955854146,-0.0009097781935136773,-0.0014407837863797957,0.00044436130794491034,0.004476329156397165,9.654641503869545,3.0,0.05408057040998213,0.0613235294117646,0.03709329413014297,0.6666666666666666,0.0,0.3333333333333333,-0.3,-0.25,0.08660254037844388,0.0,1.0,0.0,36.508227127442716,19.067906976962963,22.538920209440235,21.00064428496657,1
2022-12-23,15605,0.0007053995126331536,0.0002563938209088068,-0.00019220912352635455,-0.0007683934174297358,-5.126299196445139e-05,-0.0005347987459449755,0.0006205465264709735,0.0044673382576759955,9.65534665470488,5.0,0.021548677988678,0.0965571428571428,0.15456742316864047,0.6,0.4,0.0,-0.5517989417989417,-0.6111111111111112,0.29076266942159773,0.0,1.0,0.0,52.10007225995389,11.623417354510893,10.503654596430342,9.138232857793014,1
2022-12-26,15636,0.0019865427747516318,0.0026933435936897787,0.002243445932953003,0.0009602458229307498,0.001742606734662644,0.001749024582444303,0.0011569011783883532,0.004395332756030379,9.657331226912845,17.0,-0.15220815619045505,-0.2141666666666666,0.20621532082376492,0.23529411764705882,0.7647058823529411,0.0,-0.6274634878032961,-0.5714285714285714,0.18200752612136176,0.0,1.0,0.0,69.39723400465218,11.902196712543212,9.727380664586407,7.4850515881048745,1
2022-12-27,15659,0.001470964441033562,0.003460429349567473,0.004168269847377282,0.0032675550999488046,0.0025609834176323343,0.0034732902696605894,0.0011042126765236297,0.004409748245437233,9.658801110545443,6.0,-0.0516944948947321,-0.016425,0.17946206118103364,0.5,0.5,0.0,-0.6103069020021075,-0.7031963470319634,0.3187800784472745,0.0,1.0,0.0,79.86293450156982,14.34217574306951,8.665308807279795,9.693197712376547,1
2022-12-28,15703,0.002809885688741298,0.004284983371706241,0.006280038449214986,0.006538042433177349,0.004066652173356999,0.006418699147912044,0.0012441535307648505,0.004461223114674153,9.661607055884954,9.0,0.012884637596426805,0.051795,0.16178856786556076,0.5555555555555556,0.2222222222222222,0.2222222222222222,-0.47999414644529587,-0.6333333333333333,0.4824182231869428,0.1111111111111111,0.8888888888888888,0.0,63.01476228948575,13.857822661303373,11.571136963765598,9.169089861010569,1
2022-12-29,15731,0.0017830987709355206,0.0045979947633949525,0.00607572269122536,0.008785430293702712,0.004097837465213194,0.007845059278408284,0.0007663957473588392,0.0040767324413932835,9.663388566822505,9.0,-0.09851207855869619,-0.1015321428571428,0.16746894660623338,0.2222222222222222,0.6666666666666666,0.1111111111111111,-0.4742786923702581,-0.4745762711864407,0.3617954184080866,0.1111111111111111,0.7777777777777778,0.1111111111111111,59.16379912435145,14.192430416163493,13.911858720159678,9.56792873921973,0
2022-12-30,15592,-0.008836056194774677,-0.007068712984779957,-0.004278689571492467,-0.0008330663248958814,-0.004609236347850598,-0.0015816401672569258,0.004876921522534058,0.0035985452052208107,9.654513241187397,11.0,-0.01945093454925431,0.011325,0.10240065733235017,0.36363636363636365,0.2727272727272727,0.36363636363636365,-0.3835143092146488,-0.4210526315789473,0.3094308421491986,0.09090909090909091,0.8181818181818182,0.09090909090909091,57.90475049379359,22.641815757330654,16.617988646786316,7.25385271416213,0
2023-01-02,15572,-0.0012827090815803466,-0.010107431186828553,-0.008342354964019583,-0.004093118444615018,-0.0050730286108591205,-0.003382432471351726,0.004734753417408235,0.00359818415897496,9.653229708730347,18.0,-0.09194262606701814,-0.09068382352941175,0.1717672555888131,0.1111111111111111,0.7222222222222222,0.16666666666666666,-0.5986929744547997,-0.641025641025641,0.16122824298603441,0.0,1.0,0.0,66.1791347448303,15.410689743086923,12.516330225817699,7.765613633230237,1
2023-01-03,15590,0.0011559208836373625,-0.00012827090815803466,-0.00896319369398002,-0.004406411648253394,-0.0030439453624597768,-0.0022751199157788893,0.004698753781542498,0.0026704231237106354,9.654384962051822,5.0,0.044676647092038405,0.1757173913043478,0.2887336352327314,0.6,0.4,0.0,-0.42800865800865806,-0.4090909090909091,0.2924204613301392,0.0,1.0,0.0,52.36326777930659,18.513455018341283,10.455267280129297,16.001899414436608,1
2023-01-04,15615,0.001603592046183433,0.0027613665553558597,0.0014751154438172875,-0.005604024708654398,-0.0003201024327784685,-0.000662385162572332,0.004488586517272893,0.0026206386268709282,9.65598726971718,5.0,0.056372037878787896,0.11578,0.12366937475770512,0.6,0.2,0.2,-0.42495849297573435,-0.3,0.29336701007001553,0.0,1.0,0.0,54.82322979162437,15.24003240206452,3.2553509208561473,5.28135151337807,0
2023-01-05,15610,-0.00032020493115592075,0.0012828736369467908,0.0024402774210121603,-0.007691818701926145,0.0009105015452879339,-0.0009376210027104426,0.004240772647376879,0.0026203106647172594,9.655667013509477,8.0,0.04636748346560848,-0.04546571428571425,0.25389351501382357,0.375,0.375,0.25,-0.6515476500838343,-0.6637500000000001,0.18664647805892562,0.0,1.0,0.0,70.59189495184096,12.094264964143207,4.597950715177583,4.563603272550679,1
2023-01-06,15635,0.0016015374759770218,0.001280819724623683,0.0028864656831302238,0.002757824525397634,0.0019609853631026297,0.0005087332541970913,0.0012941206802429626,0.002584908347994122,9.65726726989194,3.0,0.0242682651321398,0.022525,0.03636536678078344,0.3333333333333333,0.0,0.6666666666666666,-0.5753968253968254,-0.4761904761904761,0.3240951631730086,0.0,1.0,0.0,56.0150721441044,16.06010476978219,8.309591642924977,8.89317771038201,0
2023-01-09,15574,-0.003901503038055698,-0.002306213965406756,-0.0026256804354787278,0.00012843565373743537,-0.001973751666153989,-0.003177874568362715,0.0023341463491894925,0.0026086483131118514,9.653358136136932,17.0,0.06888698805795278,0.0208423076923076,0.2290795319243702,0.47058823529411764,0.35294117647058826,0.17647058823529413,-0.3838844759537633,-0.631578947368421,0.4609672160580198,0.11764705882352941,0.7647058823529411,0.11764705882352941,47.8011449912054,15.122406762280033,10.1402018797828,10.218408510972141,1
2023-01-10,15589,0.0009631437010402255,-0.002942117045091175,-0.0013452914798206539,-6.414368184737285e-05,-0.000999705215128932,-0.0019878297444629878,0.002312345217840187,0.002601992854589513,9.654320816312682,4.0,-0.05201150568181816,-0.022804374999999995,0.22461282892604154,0.5,0.5,0.0,-0.5541218637992832,-0.55,0.3068062673536692,0.0,1.0,0.0,81.90406014814312,12.889522649946121,4.940476190476191,4.171670880741678,0
2023-01-11,15527,-0.003977163384437765,-0.003017850263259292,-0.006907579149344367,-0.005635606788344516,-0.0038493616475268055,-0.005664261996932596,0.0026592214098739436,0.002681223925491032,9.65033572298117,7.0,0.0501038680169037,0.062340909090909,0.33503112313392447,0.5714285714285714,0.2857142857142857,0.14285714285714285,-0.3104837840843534,-0.3076923076923077,0.3273146690857769,0.14285714285714285,0.8571428571428571,0.0,58.174452638566486,23.627881757587573,10.693006902113739,9.769294820504655,0
2023-01-12,15366,-0.010369034584916559,-0.014304958624671293,-0.013355592654423987,-0.01563100576553489,-0.011082364752674101,-0.015142046820170174,0.004818131864150773,0.0034869331385933462,9.63991255542758,7.0,-0.09878243265993267,-0.0746074074074074,0.2474644779909473,0.14285714285714285,0.5714285714285714,0.2857142857142857,-0.6289555900561592,-0.6666666666666666,0.2493700614877549,0.0,1.0,0.0,71.57953077439846,13.83922973793989,12.340425572578797,8.572872862730966,0
2023-01-13,15177,-0.012299882858258449,-0.022541379532427408,-0.026428892167554063,-0.029293252318516094,-0.017453679126798183,-0.025882126410038397,0.0053787400223125215,0.00432642015629518,9.627536402960045,4.0,0.04725676679561673,0.0733668302945302,0.23594915322523047,0.5,0.25,0.25,-0.36195652173913045,-0.3,0.38934088714392223,0.0,0.75,0.25,76.08850356852585,20.008540333231736,12.715683099664737,15.646739751600123,0
2023-01-16,15019,-0.010410489556565872,-0.022582324612781424,-0.0327172022927803,-0.035636316938487234,-0.020644774250762943,-0.034157226779162886,0.005553842673919368,0.004746148502693777,9.61707134520558,17.0,0.048288441582028004,0.09988,0.22621192322367886,0.5882352941176471,0.35294117647058826,0.058823529411764705,-0.45448973176293495,-0.4827586206896552,0.33375392549721317,0.058823529411764705,0.8823529411764706,0.058823529411764705,62.612696801526866,18.717061565141023,10.581973949563686,9.703802237185387,1
2023-01-17,15154,0.008988614421732377,-0.0015154510113988273,-0.013796693999739706,-0.02790429148758744,-0.006203848222131936,-0.024050954921767675,0.008749761093660876,0.00533912820526748,9.626019802491319,6.0,0.11342374271561768,0.1389934659090909,0.2545657328911356,0.6666666666666666,0.16666666666666666,0.16666666666666666,-0.5250357913647009,-0.6512820512820513,0.4355923666295244,0.16666666666666666,0.8333333333333334,0.0,69.93345305343253,19.701828891351592,8.17892833849654,13.775027452120689,0
2023-01-18,15137,-0.0011218160221723172,0.007856714827884748,-0.0026355669763458156,-0.02511753719327625,-0.0022148102250405532,-0.023687053549833137,0.008973583777990242,0.005334526737260003,9.624897356762565,16.0,0.0777059480778724,0.0643951704545454,0.17696473774153504,0.5625,0.1875,0.25,-0.3773686918677728,-0.453125,0.3352459835276778,0.125,0.875,0.0,51.12459935641584,21.00748838799494,12.653710784750094,8.178714731692601,0
2023-01-19,15113,-0.0015855189271322123,-0.0027055562887686735,0.006258738930687846,-0.01646492255629306,-0.0004629629629629983,-0.023720623764550863,0.008518361386304577,0.005328845405706714,9.62331057957012,15.0,0.04053843650355493,0.01449,0.2706493078635985,0.4666666666666667,0.4,0.13333333333333333,-0.4347470411799056,-0.5,0.33020261781878546,0.2,0.8,0.0,62.16642050998817,22.9185352217066,13.46594215617397,7.2017363333788325,1
2023-01-20,15121,0.0005293455965063032,-0.0010570126180881045,-0.002177642866569851,-0.003689793766884053,0.0008074764375729515,-0.02167443064182195,0.006903517679062571,0.005325064600839774,9.623839785112668,15.0,0.09815497369539357,0.1234,0.2592351082918227,0.6666666666666666,0.2,0.13333333333333333,-0.3877841777446694,-0.4705882352941176,0.35633648154205877,0.2,0.6666666666666666,0.13333333333333333,56.64705121989976,22.599683015463373,11.117768854160538,9.867959246418742,0
2023-01-24,14930,-0.012631439719595239,-0.012108780520082019,-0.013675100746515123,-0.005925827285438445,-0.010668610430057623,-0.03182086416310548,0.0077075390071882095,0.0057950402446509935,9.611127890533236,20.0,-0.046986641551484895,-0.0038595,0.23231013892364347,0.3,0.45,0.25,-0.575987682473641,-0.5669642857142857,0.2956987733577505,0.05,0.95,0.0,68.02504445494108,12.61321934979365,6.14024819402166,8.101350314994125,1
2023-01-25,14958,0.0018754186202276646,-0.010779710336617954,-0.010256070932309957,-0.01293387884386965,-0.0062318128064416944,-0.027795380760643806,0.005780685239051594,0.0058095484866131095,9.613001552751612,8.0,-0.07135114363432618,-0.02527321428571425,0.2247204267722808,0.375,0.375,0.25,-0.49203250163586526,-0.4722222222222222,0.2217791570383117,0.0,1.0,0.0,59.49663307429156,16.312576534735754,11.686263279357268,6.957106703820044,1
2023-01-26,14964,0.00040112314480555966,0.002277294038848021,-0.010382911183122845,-0.011428948933077887,-0.0035426044801960543,-0.025064011935864272,0.005915719136797125,0.005722990050961238,9.613402595468036,12.0,0.01272510724179203,0.02727499999999995,0.17971940564806102,0.4166666666666667,0.4166666666666667,0.16666666666666666,-0.49330912440384495,-0.5176252319109462,0.366611866084293,0.16666666666666666,0.8333333333333334,0.0,63.07925586602625,18.000085434714126,9.591228047683838,13.327318531047604,1
2023-01-27,14978,0.0009355787222666834,0.0013370771493514955,0.0032150033489617424,-0.008932706941044088,-0.0008138650585048923,-0.02175226388784568,0.006094681128354006,0.005693512511934272,9.614337736809313,10.0,0.11878645134785973,0.1654618055555555,0.13297470211796933,0.8,0.2,0.0,-0.498312298718013,-0.41964285714285715,0.2679386211178867,0.0,1.0,0.0,60.98268626136856,19.18447706933175,12.898197049760146,10.005164392328593,1
2023-01-30,14979,6.676458806254004e-05,0.001002405773857351,0.0014039310068190147,-0.009390913299384906,0.0011495943001511577,-0.01972461453888641,0.006054276867415074,0.005511764800826636,9.61440449916872,13.0,-0.18776547570791371,-0.180778947368421,0.3109757366777135,0.3076923076923077,0.6153846153846154,0.07692307692307693,-0.6260502615378596,-0.75,0.31954141129264896,0.07692307692307693,0.9230769230769231,0.0,74.47542570030454,13.760633284247728,6.818042898961512,7.8322007555299065,1
2023-01-31,14992,0.0008678817010481232,0.0009347042328748945,0.0018711574445335888,0.004152712659075686,0.0011887112500166275,-0.017008274650196054,0.0006840949388788474,0.005547132368115091,9.615272004478204,3.0,0.21957696805006585,0.10109375,0.21158216917723519,1.0,0.0,0.0,-0.42147034252297405,-0.5263157894736842,0.20033017973276385,0.0,1.0,0.0,52.202284478418285,20.93324752310528,12.907399380940499,8.325535985569871,0
2023-02-01,14991,-6.670224119531554e-05,0.0008011215701981822,0.0008679396448123544,0.002206177296429912,0.0006808715155399714,-0.015139819136810284,0.0004544887091492666,0.005518561625933928,9.615205300012315,10.0,0.11719391113947426,0.1035694047619047,0.17876705928411762,0.7,0.2,0.1,-0.5219621588988226,-0.5135566188197767,0.25624971078313474,0.0,1.0,0.0,67.14122369050324,17.07253752057164,14.331108529413637,6.52799997330326,0
2023-02-02,14868,-0.008204922953772287,-0.008271077908217683,-0.007410374524334018,-0.006415396952686447,-0.006256015399422554,-0.020817829176572933,0.0038975187205136596,0.0056217060966647575,9.606966531417143,8.0,-0.12065268884586557,-0.1435685661764705,0.19209825755859378,0.25,0.75,0.0,-0.6487551185391911,-0.718265503875969,0.30072265127394693,0.0,1.0,0.0,90.74319186706795,15.57761260243204,9.631909955391619,10.85256957855516,1
2023-02-03,14898,0.0020177562550443007,-0.006203722233339981,-0.00627001067235855,-0.005341167044999318,-0.0031848838454127115,-0.016536290721853697,0.00407723559555185,0.005691821759091138,9.608982254736222,14.0,0.04384757839487162,0.0361634085213032,0.23929878936920784,0.42857142857142855,0.14285714285714285,0.42857142857142855,-0.5340127443404245,-0.5921814671814671,0.2760975358126655,0.0,0.9285714285714286,0.07142857142857142,70.59333543617679,14.851561398347558,11.442770672393134,6.55644434694912,1
2023-02-06,15055,0.010538327292253902,0.01257734732311011,0.004269228203588771,0.005073769944589079,0.006296454735041035,-0.0042660140877675,0.006668897759968247,0.00633052069587258,9.619465440915834,16.0,-0.08635071165475362,-0.010559821428571451,0.23045436154728174,0.375,0.4375,0.1875,-0.6333011914707033,-0.7137537239324727,0.3191894738268816,0.0625,0.9375,0.0,68.07087174094096,10.85263983545044,9.540208455724676,8.970069536790968,1
2023-02-07,15139,0.005579541680504896,0.016176668009128647,0.01822706483723424,0.009805229455709608,0.009926485303731747,0.0027321951946481793,0.0069664280360291105,0.006522406046891066,9.625029474611878,9.0,0.04953572180466562,0.048165625,0.18317859324496494,0.4444444444444444,0.3333333333333333,0.2222222222222222,-0.46969172634933504,-0.5909090909090909,0.33819057624705534,0.0,1.0,0.0,63.27241580686122,16.90189097576942,14.664555009974801,10.326704721215926,0
2023-02-08,15122,-0.0011229275381464676,0.004450348721354969,0.015035575244999322,0.008738576479220939,0.0070323113396020265,0.0031576712837659837,0.007059130887750561,0.006499346948604359,9.623905916118215,11.0,0.047410174441422454,0.12204,0.21667899613067595,0.7272727272727273,0.2727272727272727,0.0,-0.5289087115324899,-0.5714285714285714,0.2971201736070837,0.0,1.0,0.0,54.840167052098806,14.152145741461341,9.67900971584357,8.915392258399995,0
2023-02-09,15120,-0.00013225763787860778,-0.0012550366602813723,0.00431750249086682,0.016949152542372836,0.0035309422040512572,0.004380880892517425,0.004757824472862995,0.00647903461205108,9.623773649733524,4.0,0.09357553921568625,0.09087166666666666,0.11810300293310325,0.5,0.0,0.5,-0.5165898617511521,-0.6831797235023042,0.44693684239547,0.25,0.75,0.0,59.835009334281935,25.829078816236045,4.493755575379126,4.092328278322926,1
2023-02-10,15140,0.001322751322751392,0.001190318740907248,6.605456106734131e-05,0.016243791112900974,0.0016407325076743806,0.006464908344551379,0.00481721119742243,0.006136798213295639,9.625095526991439,19.0,0.0318781459989978,0.07062,0.18560950207098664,0.5789473684210527,0.3157894736842105,0.10526315789473684,-0.43967062055504197,-0.5263157894736842,0.3257024712150772,0.10526315789473684,0.8947368421052632,0.0,53.7297250546495,17.79977447728679,6.664280249141182,8.062628329050758,1
2023-02-13,15216,0.005019815059445154,0.006349206349206327,0.0062161089802936775,0.010694121554300828,0.004528830030236186,0.011386069512851593,0.0030249507938977078,0.00561712742062932,9.630102784785171,18.0,0.0003281915699225386,0.04825317725752505,0.1931262181730696,0.5,0.3333333333333333,0.16666666666666666,-0.5412045700542077,-0.575,0.3189231715264891,0.1111111111111111,0.8888888888888888,0.0,71.49805166791387,16.96064409708637,11.534302565628664,8.41852222257229,0
2023-02-14,15168,-0.003154574132492094,0.001849405548216554,0.0031746031746031633,0.0019155822709557846,0.0009766913919171394,0.007696574907903653,0.0030590383273241834,0.005111137276006396,9.626943224494804,7.0,0.054602812109692374,-0.0345464285714285,0.23262181865858717,0.42857142857142855,0.42857142857142855,0.14285714285714285,-0.4159439011838036,-0.4313725490196078,0.2374538378385619,0.0,1.0,0.0,52.29144658271239,18.364060382152513,9.678933224017811,6.700449635431647,1
2023-02-15,15194,0.001714135021096963,-0.0014458464773922097,0.0035667107001320364,0.004761274963629214,0.0017405522297528897,0.00928979716556566,0.0029708993562797582,0.0047195657042682256,9.628655892063167,9.0,0.11917647223549396,0.09541875,0.17512432452331644,0.6666666666666666,0.3333333333333333,0.0,-0.30459224298233584,-0.4615384615384615,0.45472060998898495,0.2222222222222222,0.6666666666666666,0.1111111111111111,45.28894004910773,18.418719104015647,9.792855049055854,5.167093175286747,0
2023-02-16,15176,-0.0011846781624325065,0.0005274261603376296,-0.002628811777076745,0.0037037037037037646,-0.00018446781036707272,0.007963549657613811,0.0031015072099986494,0.0047204728062497665,9.62747051161485,12.0,0.051130278667293805,0.05312833333333325,0.15745467266363294,0.5,0.25,0.25,-0.47037701743656024,-0.4353146853146853,0.2217365020795634,0.0,1.0,0.0,62.866557560473126,20.785455881085046,11.187308837714701,7.626504533716364,1
2023-02-17,15199,0.0015155508697943798,0.0003290772673423259,0.002043776371307926,0.003896961690885048,0.0005529735494318455,0.009202942816923798,0.003111691177519904,0.004711759207642334,9.628984915196462,5.0,0.07380725009290225,0.0737692307692307,0.1767867111600734,0.6,0.2,0.2,-0.3059943664145702,-0.1935483870967742,0.5526421971398827,0.2,0.8,0.0,49.50322669551231,16.266449870022278,7.214308911256547,6.732886795893338,0
2023-02-20,15168,-0.002039607868938753,-0.0005271481286240887,-0.0017112017901803611,-0.003154574132492094,-0.000856333574863366,0.006987435893180294,0.0021660155905571005,0.004739946981890891,9.626943224494804,32.0,0.018573201201734956,0.036832983193277255,0.17776975304568624,0.4375,0.375,0.1875,-0.612512597355108,-0.5900537634408602,0.23005729764103464,0.03125,0.96875,0.0,68.41651530646735,13.594885113616861,12.93752879314173,7.930863521581928,1
2023-02-21,15179,0.0007252109704640741,-0.0013158760444765827,0.00019768054823399162,0.0007252109704640741,-0.00027662152905849613,0.006885480789641241,0.0016746483535186295,0.0036598561360935812,9.627668172626858,9.0,0.08031397396584897,0.12,0.1983875483418848,0.5555555555555556,0.2222222222222222,0.2222222222222222,-0.27478320899373526,-0.3157894736842105,0.3503600581917746,0.2222222222222222,0.6666666666666666,0.1111111111111111,45.51194036082911,23.027630067100947,13.225372132398991,11.701861919783896,1
2023-02-22,15218,0.0025693392186574293,0.0032964135021096297,0.001250082242252759,0.001579570883243342,0.001975243613379085,0.008602749168224122,0.0019029470669471777,0.003673515228219797,9.630234216736469,10.0,-0.042532494179894194,-0.04843500000000005,0.16878651550454554,0.4,0.5,0.1,-0.47933174748748525,-0.4916666666666667,0.34799585236703123,0.1,0.8,0.1,52.05056199955838,14.493751464211687,15.749191078533258,11.973285076069635,0
2023-02-23,15187,-0.002037061374687843,0.0005270439422886408,0.0012526371308017037,0.0007248286768581913,-0.00021066213743070605,0.005804885640772639,0.00209918819242664,0.003729863233960728,9.62819507773027,10.0,0.0370524023783537,0.078465909090909,0.27216910234137387,0.6,0.4,0.0,-0.3656253932161959,-0.5001748251748253,0.4282575099671822,0.1,0.8,0.1,54.66634082366046,20.89524864205965,9.701336445626199,8.803260442784584,1
2023-02-24,15216,0.0019095278856917641,-0.0001314233144960042,0.0024375782330852136,0.001118494637805112,0.0014743049705139288,0.006931921581603051,0.002169627899387463,0.0037388091060804726,9.630102784785171,8.0,0.07388213082750583,0.07146692307692304,0.15777897570104002,0.5,0.25,0.25,-0.292530866314668,-0.4240576496674058,0.3212101295193396,0.125,0.875,0.0,50.209583674869535,22.655142523150193,13.583751669056054,12.018124853518833,1
2023-02-27,15274,0.003811777076761391,0.00572858365707507,0.0036798528058876734,0.006988396624472593,0.0038909482871940515,0.009784477059368024,0.0022199258281276686,0.00379378362024857,9.63390731544833,27.0,-0.08442114393703604,-0.1478842105263157,0.22535654257265306,0.25925925925925924,0.6296296296296297,0.1111111111111111,-0.4502602210192617,-0.5,0.2330032455200172,0.037037037037037035,0.9259259259259259,0.037037037037037035,56.39295187484135,19.560535714983146,11.560915182967596,8.554192730757473,0
2023-02-28,15240,-0.0022260049757758527,0.001577287066246047,0.003489826825574527,0.004018710059951358,0.0008537466342681821,0.006711409395973256,0.002767575012972993,0.003861179962241988,9.631678829240638,7.0,0.09835010248781142,0.1809545454545454,0.14396416551029392,0.7142857142857143,0.14285714285714285,0.14285714285714285,-0.4097999883714169,-0.4444444444444444,0.22452983681208838,0.0,1.0,0.0,59.25214537645153,22.890635371404187,10.906293599847462,10.974465229215301,1
2023-03-01,15250,0.0006561679790026975,-0.001571297629959445,0.0022344900105153442,0.002102773031935845,0.0010897107671301587,0.00651097096958364,0.0025892601161260627,0.0038557460342491293,9.632334782035558,12.0,0.0688425030008118,0.0823844444444444,0.19076832168505342,0.5833333333333334,0.16666666666666666,0.25,-0.3348792784276655,-0.34615384615384615,0.4041167298386831,0.08333333333333333,0.9166666666666666,0.0,66.33755598048317,21.18233673289843,7.76709101248709,15.259322390601227,1
2023-03-02,15273,0.0015081967213115277,0.0021653543307087464,-6.547073458162966e-05,0.00566273786791327,0.00146879467037353,0.006683540298979551,0.0022039675743046197,0.0032111912538489774,9.633841842570446,15.0,0.12383994656049475,0.1546652173913043,0.15277202532227988,0.6666666666666666,0.2,0.13333333333333333,-0.3742072629969503,-0.5230769230769231,0.3340500819275201,0.2,0.8,0.0,65.53724278338068,25.916530336609647,13.003369315862605,10.072164973387109,1
2023-03-03,15306,0.002160675702219672,0.003672131147540947,0.004330708661417271,0.005914826498422787,0.0024494714643124027,0.00750394944707744,0.002228841347076784,0.003212915058742081,9.636000187369866,8.0,0.042515826604864394,0.0354449999999999,0.1707930003258976,0.375,0.125,0.5,-0.46032575751585925,-0.5306873977086743,0.35142156977033245,0.125,0.75,0.125,66.31428149278771,19.447629095188343,9.147590207943159,13.027358264377426,0
2023-03-06,15301,-0.000326669280020897,0.0018333005958226511,0.00334426229508189,0.001767709833704334,0.001767709833704334,0.00636004288260561,0.001718086717549083,0.002392560642074077,9.635673464721814,20.0,0.07959354037013586,0.12568195970695967,0.18686338167194036,0.65,0.3,0.05,-0.2886061079443432,-0.4183006535947712,0.3640114158660656,0.2,0.7,0.1,55.32655883838189,24.800163376827715,9.857837575344469,10.16305818274702,1
2023-03-07,15359,0.003790601921443093,0.0034626943682216638,0.005630851830026762,0.00780839895013119,0.004000575246113858,0.0094444407931491,0.0015584839417257875,0.0022331280175811475,9.639456900415627,7.0,0.11457792815371762,0.1797399999999999,0.25022390245741977,0.5714285714285714,0.2857142857142857,0.14285714285714285,-0.37408302651395386,-0.3571428571428571,0.13896648650758517,0.0,1.0,0.0,56.020821888404164,24.196107610165804,14.476862283246463,11.660625241686745,1
2023-03-08,15451,0.005989973305553731,0.009803280831318206,0.009473409120606346,0.013180327868852482,0.007367322988655722,0.014394275116122568,0.0023904429691299573,0.002476628033668983,9.645429005150419,12.0,0.03022016533990606,0.0310453560371517,0.1990448853847717,0.5,0.4166666666666667,0.08333333333333333,-0.5441165955871838,-0.6074561403508771,0.2885905796208699,0.08333333333333333,0.9166666666666666,0.0,68.05102728576183,17.37553533512717,10.577441303598192,9.327224959479311,0
2023-03-09,15438,-0.0008413694906478364,0.005143564034116865,0.008953663159270597,0.010803378511097916,0.004358857588966147,0.012483890960246269,0.0028512785734624044,0.0024998577481676137,9.6445872815098,11.0,0.10109209330709396,0.1618833333333333,0.24055358003456576,0.6363636363636364,0.2727272727272727,0.09090909090909091,-0.2863319711791698,-0.2666666666666666,0.4021918172468834,0.18181818181818182,0.6363636363636364,0.18181818181818182,43.95907900477571,19.048043264917425,7.306995869578618,8.500237394176885,1
2023-03-10,15468,0.001943256898562007,0.0011002524108472134,0.00709681619897129,0.010584084672677463,0.004193879273407086,0.01336146042498565,0.0028528210279466118,0.002507336210738406,9.646528652727188,10.0,0.1411282911420421,0.17495624999999995,0.13023347712277392,0.8,0.1,0.1,-0.34957052609226524,-0.44047619047619047,0.31859593723311486,0.2,0.7,0.1,53.904186118574195,24.551091636679963,6.019814232253944,9.053395751124263,0
2023-03-13,15374,-0.006077062322213611,-0.0041456147169322,-0.004983496213837313,0.004770930004574847,-0.0028538072382928714,0.006682185313597655,0.004664892955811267,0.002799305259750067,9.640433049909078,25.0,0.02531928471872182,0.0951333333333333,0.2594667003656261,0.56,0.4,0.04,-0.36112923198389457,-0.4444444444444444,0.365990947289733,0.2,0.68,0.12,52.88474003385512,21.06515082809894,9.82477973633039,9.754363973616366,1
2023-03-14,15380,0.00039026928580709885,-0.0056891647271787305,-0.003756963337219865,0.0013672765153980304,-0.0027363151820103404,0.006376553651059602,0.004388965816195671,0.0026632934682227247,9.640823243059636,8.0,0.07991580415052785,0.05780288888888885,0.18381278471116652,0.5,0.25,0.25,-0.17261470569660226,-0.2068965517241379,0.5424157009256689,0.375,0.5,0.125,26.655696084215517,18.301105870903612,7.809132612716865,11.588768969572525,0
2023-03-15,15365,-0.0009752925877762886,-0.0005854039287107593,-0.006658908714765932,-0.005565982784285772,-0.0025965595585848433,0.004832876640660233,0.0030139335331111224,0.0026771267656532575,9.639847474564585,4.0,0.1962797827172827,0.22015851648351645,0.09985417560801617,1.0,0.0,0.0,-0.4328947368421052,-0.46578947368421053,0.2591799736597735,0.0,1.0,0.0,57.82462595883625,21.95440367810215,9.735046067187982,8.167765612906678,1
2023-03-16,15418,0.0034493979824274934,0.00247074122236679,0.0028619747625862058,-0.001295504599041375,0.0011038244269852004,0.007501698991060568,0.003653303133737849,0.0027181168943244344,9.643290937019207,11.0,0.05048234125226045,0.0880137931034482,0.19790940762211287,0.5454545454545454,0.2727272727272727,0.18181818181818182,-0.38546708117810236,-0.3055555555555556,0.37683090348413895,0.09090909090909091,0.8181818181818182,0.09090909090909091,67.61739499612521,23.104497747353335,9.440520807572781,7.406194740471698,0
2023-03-17,15364,-0.0035023997924503725,-6.508298080054598e-05,-0.001040312093628093,-0.006723558313938449,-0.001053302297759462,0.0034320720767790913,0.0036462605197931956,0.002875146887828921,9.639782389465795,8.0,0.10790398370663075,0.10055912698412695,0.07505110025419545,0.75,0.0,0.25,-0.3467931968899461,-0.3676470588235294,0.3216973462513002,0.125,0.875,0.0,42.78259631239093,21.305599424312625,8.083092386322317,10.202542604989631,1
2023-03-20,15372,0.0005206977349647701,-0.002983525749124416,0.0004555808656037108,-0.00013008976193573663,-0.0005071587406857425,0.003286199593385941,0.0025267088021309818,0.002810328251070198,9.640302951684735,15.0,-0.025234596193675584,-0.0437679999999999,0.17951896115569246,0.26666666666666666,0.4666666666666667,0.26666666666666666,-0.40632938029596044,-0.4375,0.32485553611637363,0.06666666666666667,0.8666666666666667,0.06666666666666667,53.546625813013335,16.59761509767803,8.856476583542463,7.40888715498023,0
2023-03-21,15349,-0.0014962269060629918,-0.000976308253059055,-0.004475288623686624,-0.0020156046814043815,-0.0016001457043243184,0.001229603102383292,0.0025895513938553843,0.0028517069632229834,9.638805604313408,4.0,0.0053372895622895294,0.07282962962962955,0.17593904676290037,0.75,0.25,0.0,-0.35235507246376807,-0.35351966873706,0.25856075111511384,0.0,1.0,0.0,58.966867643959525,26.72102066152783,7.641478660249716,8.942941967517099,0
2023-03-24,15189,-0.010424131865268138,-0.011904761904761862,-0.011390262952356123,-0.01145460462089165,-0.009740259740259716,-0.009113623464481746,0.005222662149776719,0.0037184301691547223,9.62832676063802,26.0,0.11190968983560798,0.0996979824561403,0.1751863850091061,0.6923076923076923,0.15384615384615385,0.15384615384615385,-0.43721543021056064,-0.46606334841628955,0.2506735465694883,0.038461538461538464,0.8846153846153846,0.07692307692307693,59.60298524400653,19.99425079592008,12.36145010354618,7.831764102821992,0
2023-03-27,15174,-0.00098755678451512,-0.011401394227636974,-0.012880562060889944,-0.01582565832144245,-0.0075606948514023165,-0.010050202080499449,0.004298791381287891,0.0036968312883842616,9.62733871589802,24.0,-0.04920183824118035,0.0188019736842105,0.22151763958376822,0.2916666666666667,0.4166666666666667,0.2916666666666667,-0.534249565655276,-0.6015963736696887,0.27459775841606565,0.041666666666666664,0.9583333333333334,0.0,77.53487945163438,19.895535994357047,9.78665196697568,4.902032180506834,0
2023-03-28,15088,-0.005667589297482567,-0.006649549015735112,-0.017004365105218633,-0.017964071856287456,-0.00960983038386809,-0.015249663058482632,0.004446177320503482,0.0038710740908197584,9.621655004873238,12.0,0.02454390943608049,-0.04118500797448165,0.3014492204934804,0.4166666666666667,0.4166666666666667,0.16666666666666666,-0.4063553509918398,-0.5977801268498943,0.48518979775611354,0.25,0.6666666666666666,0.08333333333333333,63.0946952676204,22.835878328574367,10.15076099684965,10.16377440000049,1
2023-03-29,15094,0.0003976670201484289,-0.005272176090681424,-0.00625452630192902,-0.01808482956023938,-0.005586739399689011,-0.01427904379712197,0.004417845582055221,0.0037481920608432003,9.622052592844813,5.0,0.060987886087768464,-0.0300066666666666,0.25801638708352975,0.4,0.2,0.4,-0.5920720919946926,-0.631578947368421,0.3526053119176205,0.0,1.0,0.0,71.6130118299968,14.213336639151123,4.338454321999937,4.563438912889007,0
2023-03-30,15062,-0.0021200477010733243,-0.0017232237539767103,-0.007381046526954038,-0.018698286533324615,-0.003928207705635733,-0.015796781834517715,0.004350621503636461,0.003745825942886715,9.619930294661296,4.0,0.20674982213438733,0.2739796442687747,0.20149959503320478,0.75,0.25,0.0,-0.15379709576138145,-0.33163265306122447,0.5493956104093253,0.25,0.75,0.0,48.29360314409399,27.926395707153212,4.728503629257398,8.387383449127931,0
2023-03-31,14977,-0.0056433408577878375,-0.007751424407049123,-0.007356839872746601,-0.013957469221146934,-0.006764374295377684,-0.0204773023067214,0.002751360046913228,0.0038981165432895814,9.614270969992395,12.0,0.07852054119477299,0.07561952380952375,0.15676618726315503,0.5,0.16666666666666666,0.3333333333333333,-0.3829062319882393,-0.45,0.40635485259115045,0.16666666666666666,0.8333333333333334,0.0,54.04320147630039,21.542837298896846,11.673140719194215,11.419331443416867,1
2023-04-03,14990,0.000867997596314396,-0.004780241667773244,-0.00689015502848811,-0.012126005008567309,-0.0034702370663866056,-0.01871896674183937,0.00315341308656906,0.003879925062865089,9.615138591096644,23.0,0.04489273813625193,0.0799736842105263,0.21367963810749063,0.5652173913043478,0.2608695652173913,0.17391304347826086,-0.2930137414505251,-0.3098591549295774,0.4401564524618657,0.21739130434782608,0.7391304347826086,0.043478260869565216,51.34936935911332,25.751458636567758,9.581214283486991,8.532361224626312,0
2023-04-04,14913,-0.005136757838559047,-0.004273218935701428,-0.009892444562475067,-0.011598621420996769,-0.006276987046217819,-0.02250217942751509,0.0030235535801370114,0.003917169414059848,9.609988594762783,7.0,-0.05443744897959181,-0.0249035714285714,0.14138098060144452,0.14285714285714285,0.2857142857142857,0.5714285714285714,-0.6610278045704848,-0.7352941176470589,0.2214907484033555,0.0,1.0,0.0,63.065612435325136,11.294777914882427,13.369011987086322,9.767562366682943,1
2023-04-05,14933,0.0013411117816670703,-0.0038025350233489297,-0.002937838018294725,-0.01066648999602493,-0.002804674457429046,-0.02000931886939794,0.0032565520689808486,0.0039563664827832815,9.61132880805727,12.0,-0.041865817513907194,0.026935869565217346,0.2597207705034995,0.4166666666666667,0.3333333333333333,0.25,-0.4468950968848811,-0.5669642857142857,0.33871568613075953,0.16666666666666666,0.8333333333333334,0.0,62.19135356318704,18.74631146499918,12.658375760857716,8.981688667720887,1
2023-04-06,14943,0.000669657804861723,0.0020116676725006055,-0.0031354236157438153,-0.007900677200902928,-0.0005484509604580801,-0.018012630527498685,0.003490981645814839,0.003807540648902544,9.611998241741393,11.0,0.04384946007082164,0.07172,0.20311207606719833,0.5454545454545454,0.36363636363636365,0.09090909090909091,-0.36508701735974464,-0.5454545454545454,0.35688868322422135,0.18181818181818182,0.8181818181818182,0.0,63.22921387036472,25.51204264218488,8.63361216523779,6.6354341914085815,0
2023-04-10,14905,-0.002542996720872659,-0.0018750418536127578,-0.0005364447126667837,-0.004807371302664065,-0.0021289700605215955,-0.018749423955549016,0.00279480140931698,0.003395817282125523,9.609452006112171,27.0,-0.01627764283512612,-0.0519181818181818,0.25262280320315883,0.37037037037037035,0.5185185185185185,0.1111111111111111,-0.46277180121467837,-0.5,0.34055009121332935,0.1111111111111111,0.8518518518518519,0.037037037037037035,56.11698718560664,18.278769345873688,9.021412448647837,7.844608119581604,0
2023-04-11,14888,-0.0011405568601140503,-0.0036806531486314187,-0.0030134601218777535,-0.006804536357571722,-0.0019039446515244363,-0.018090922881093152,0.0026041809536271293,0.003392067274438129,9.608310798322087,5.0,0.14428557479557483,0.0823428571428571,0.23305495953831426,0.6,0.2,0.2,-0.4531481481481482,-0.5,0.2899742195626604,0.0,1.0,0.0,61.76033174332033,19.7757806418475,17.96893156991154,14.72100789073141,0
2023-04-12,14866,-0.0014777001612036322,-0.002616571620261632,-0.005152914408084075,-0.0031516126869174377,-0.00275038572482722,-0.01759162580457574,0.0015979058438677916,0.003277332333990439,9.60683200528524,4.0,0.18435169127959738,0.21025869565217387,0.20599218410455514,0.75,0.25,0.0,-0.3186600042983022,-0.34893617021276596,0.2779554804656362,0.25,0.75,0.0,66.52470375679977,28.86330668396851,3.5382858400630615,27.838424243274247,0
2023-04-13,14792,-0.00497780169514328,-0.006448146157979617,-0.007581348540758093,-0.009442175048550161,-0.005833803801381765,-0.020598420191881184,0.002076316030097204,0.0032135629672674216,9.60184177306696,5.0,0.21021630555555554,0.21121,0.13395198675808825,0.8,0.0,0.2,-0.39286324786324783,-0.4583333333333333,0.4453523456089041,0.2,0.8,0.0,39.022168650530816,15.573219595411135,12.90156796277866,10.125230018705986,0
2023-04-14,14666,-0.008518117901568423,-0.013453518094981853,-0.014911337990327733,-0.01853710767583483,-0.010618346668105794,-0.02664029626876563,0.0030687993964076607,0.0034822336222101987,9.593287168653745,10.0,0.016430493004957213,0.015099451013513548,0.24113150939048836,0.4,0.3,0.3,-0.3735572460938902,-0.44592728946157384,0.2299257836688952,0.0,0.9,0.1,58.97605871910704,23.575616609653068,15.368981870135281,15.615760931087852,1
2023-04-17,14773,0.007295786172098806,-0.0012844780962683044,-0.006255885914166592,-0.0088560885608856,-0.0016219503953504022,-0.01760895875726498,0.00588423750107817,0.004093801211104629,9.600556469321608,23.0,-0.02249174466421073,-0.0321399999999999,0.200998196714067,0.21739130434782608,0.391304347826087,0.391304347826087,-0.545587423559071,-0.631578947368421,0.2545865608701984,0.0,0.9565217391304348,0.043478260869565216,65.88650381592355,17.46758197844004,10.795730492261336,11.125902668774597,1
2023-04-18,14855,0.005550666756921396,0.012886949406791137,0.004259058950784267,-0.0022165502418054484,0.004367697966248363,-0.0103033714976698,0.0067574749285403074,0.004263246958760239,9.606091787896707,4.0,0.08648298368298366,0.137451923076923,0.20179170212708972,0.75,0.25,0.0,-0.7150014728986646,-0.69375,0.06961020983077125,0.0,1.0,0.0,76.98782843928126,10.44672089943541,11.8781962311505,11.018217709289038,1
2023-04-26,14882,0.0018175698418041453,0.00737832532322491,0.014727942179189935,0.001076281447598637,0.005975556997620535,-0.00690998995699188,0.006789806822387032,0.0043202784380820414,9.607907707957207,54.0,0.05936720845257643,0.039326328502415395,0.21259856435524918,0.48148148148148145,0.2777777777777778,0.24074074074074073,-0.4085264156069045,-0.5669642857142857,0.4158777471341917,0.16666666666666666,0.7962962962962963,0.037037037037037035,60.81107313889484,18.771058525654066,11.59288421856665,9.765729123818991,0
2023-04-27,14751,-0.008802580298347018,-0.007001009761023247,-0.0014892032762472418,-0.00277176852352623,-0.002326619503023264,-0.013607944097094538,0.007680724657738632,0.004576663054499777,9.599066156080049,9.0,0.09879895925004083,0.1127571428571428,0.24107764136603257,0.6666666666666666,0.1111111111111111,0.2222222222222222,-0.3281012144517892,-0.4137931034482758,0.41038311505570174,0.1111111111111111,0.8888888888888888,0.0,45.43790731218508,18.582599359277406,8.67175112745204,8.680318089233152,0
2023-04-28,14661,-0.006101281269066505,-0.014850154549119754,-0.013059575900370213,-0.00034092458748125054,-0.008346635642974998,-0.0173658353496291,0.0071070652513652854,0.004662387377413527,9.592946185938265,9.0,-0.02218133697457227,-0.0063117647058823,0.2103066472312434,0.3333333333333333,0.3333333333333333,0.3333333333333333,-0.5529940511558159,-0.6111111111111112,0.23408897907276216,0.0,1.0,0.0,88.71618724294888,20.260435845250502,12.524277177834016,7.985857655013588,1
2023-05-02,14703,0.0028647431962349756,-0.0032540166768354473,-0.012027953232092492,-0.004738374060786588,-0.004563180414883794,-0.012943245747123355,0.006177941422578907,0.004378963208260462,9.595806833577658,34.0,0.06251971652365633,0.10919087837837835,0.24074701908683108,0.5294117647058824,0.2647058823529412,0.20588235294117646,-0.4626261921548484,-0.4834956709956709,0.2839085345705958,0.058823529411764705,0.9117647058823529,0.029411764705882353,67.28894694255807,21.646470289371216,12.043240864275603,10.39044270708782,1
2023-05-03,14706,0.0002040399918383784,0.0030693677102517913,-0.003050640634533197,-0.010030292830696785,-0.0023472585919162015,-0.011188510260616957,0.005152497054867368,0.004396030560460131,9.596010852756168,4.0,0.02313055314171125,0.01030911764705885,0.1784081013186004,0.5,0.5,0.0,-0.6024398395721925,-0.767379679144385,0.41080191591642073,0.0,0.75,0.25,87.11055461822876,14.90646619569791,12.48696847678043,9.647253272855568,0
2023-05-04,14632,-0.005031959744322023,-0.004828946473508844,-0.0019780369688288113,-0.016798817363257612,-0.0039889453119682505,-0.014653593362784156,0.004779661671792672,0.004366942249394314,9.590966190070702,2.0,0.026292647058823546,0.026292647058823546,0.16481619206544915,0.5,0.5,0.0,-0.6627659574468086,-0.6627659574468086,0.33549960043531935,0.0,1.0,0.0,74.93279569892474,13.10483870967742,10.678016726403824,6.048387096774194,1
2023-05-05,14674,0.0028704209950791704,-0.0021759825921392473,-0.0019723865877712132,-0.00521998508575694,-8.17706061928547e-05,-0.010425798794222008,0.004290639546198359,0.004458267767861922,9.59383249927394,3.0,-0.19788039682539674,-0.1506916666666666,0.21942722939253712,0.0,0.6666666666666666,0.3333333333333333,-0.6992596775205472,-0.7536231884057971,0.11111631416207059,0.0,1.0,0.0,80.00990416132298,12.483538643585689,15.580257252951304,13.979299639202948,1
2023-05-08,14709,0.0023851710508382418,0.005262438490978738,0.000203998368013103,0.003273992224268385,0.001647962519067292,-0.006883420712378352,0.0033663542017495552,0.004533188152124527,9.596214830319344,10.0,-0.07948336099787448,-0.03329934640522875,0.23641179543466623,0.2,0.4,0.4,-0.5196446365756262,-0.5853174603174603,0.3206478205365103,0.0,0.8,0.2,68.55709918281953,21.732531517508825,8.24402765979337,9.322855339560325,1
2023-05-09,14757,0.0032633081786661577,0.005656262777702148,0.008542919628212076,0.0036727198530912553,0.004178121342442553,-0.002902036831205601,0.003435663026162488,0.004508573535916974,9.59947282546345,1.0,-0.3822884615384616,-0.3822884615384616,0.0,0.0,1.0,0.0,-0.8863636363636364,-0.8863636363636364,0.0,0.0,1.0,0.0,112.32876712328766,5.47945205479452,21.91780821917808,10.95890410958904,0
2023-05-10,14746,-0.0007454089584604251,0.0025154667210551818,0.004906637590295748,0.0027199782401741146,0.0028836475420985774,-0.002823282784737313,0.0034982349930544384,0.004492883698496287,9.598727138549595,8.0,0.15293842147435896,0.16273557692307689,0.20550499938733457,0.75,0.25,0.0,-0.34499240628745775,-0.46739130434782605,0.31660621369335423,0.125,0.875,0.0,52.73241164797599,19.43665458385773,6.078169438236068,5.4477843828170105,0
2023-05-11,14722,-0.0016275600162756199,-0.002371755776919393,0.0008838126317221029,0.00615090213231273,2.7170959678191053e-05,-0.003802898864543769,0.002248756869698203,0.004382203085748811,9.59709825261865,7.0,0.15715819508898327,0.1756454545454545,0.2628799260731968,0.8571428571428571,0.14285714285714285,0.0,-0.43641923552637835,-0.4761904761904761,0.38429170028751164,0.2857142857142857,0.7142857142857143,0.0,60.04213829222077,19.293117801574397,7.580709562145687,11.682158073211246,1
2023-05-12,14752,0.002037766607797753,0.00040689000406879394,-0.0003388222538456276,0.005315524056153764,0.0010042613250820231,-0.0011612042670025025,0.002124212670428629,0.004401465150570742,9.599133945796375,8.0,-0.04309248008935511,-0.04169545454545455,0.17352336947208424,0.375,0.5,0.125,-0.49285090119935854,-0.41666666666666663,0.18319618779992713,0.0,1.0,0.0,62.52875833192196,19.958252194467583,14.839154442665771,9.750120831468058,1
2023-05-15,14812,0.004067245119305785,0.006113299823393481,0.004475790044757844,0.007002515466721038,0.003672634132458885,0.0033462940132495955,0.002488059237115921,0.004517109588336,9.603192942033504,19.0,0.005568967411054916,0.0342333333333333,0.2589202167090832,0.47368421052631576,0.3157894736842105,0.21052631578947367,-0.36429148373989145,-0.3888888888888889,0.38110797792704576,0.10526315789473684,0.7894736842105263,0.10526315789473684,60.04407242405256,20.57897263733907,10.27310808393828,7.745007433257733,0
2023-05-16,14810,-0.0001350256548744433,0.003931670281995592,0.005977448716206979,0.0035915158907637856,0.0028168251130793465,0.0035337125665324542,0.0023092253710848294,0.004489847415401732,9.603057907261844,9.0,0.09642797318094094,0.11628,0.1677253131295942,0.5555555555555556,0.3333333333333333,0.1111111111111111,-0.4664838015070026,-0.4,0.28634550306002193,0.0,1.0,0.0,62.66133581645561,19.494849296728077,13.928499286036283,16.714869773586763,1
2023-05-17,14875,0.004388926401080351,0.0042533081285445196,0.00833785249457697,0.008748135087481401,0.005461599816144025,0.00798254411405952,0.0026161771227659588,0.004604790964117891,9.607437230413831,4.0,0.16225650623885915,0.12112816399286985,0.10897739366147566,1.0,0.0,0.0,-0.3422317885487528,-0.39852607709750565,0.3218475033813776,0.25,0.75,0.0,62.71801818284687,23.096930974104176,13.084076011441981,9.977273278357151,1
2023-05-19,14936,0.004100840336134448,0.008507765023632707,0.008371590602214374,0.014536068468957941,0.00667250791939078,0.0118761305358146,0.001934934345809315,0.004681036469682107,9.611529685221559,17.0,0.06698042254777399,0.0183735294117647,0.1743790089275643,0.47058823529411764,0.23529411764705882,0.29411764705882354,-0.38656017550274296,-0.5,0.3561325260354663,0.17647058823529413,0.8235294117647058,0.0,56.042669837993955,21.722004031468824,11.206744938605377,10.171799248686522,0
2023-05-22,14897,-0.0026111408677021997,0.001478991596638668,0.005874409182984541,0.00982917570498909,0.0020852953047221234,0.008875148568158409,0.003170481059801072,0.004570662613657144,9.608915129379593,23.0,0.0033680288941551196,0.010891304347826,0.2321495503732408,0.43478260869565216,0.391304347826087,0.17391304347826086,-0.5074642744138392,-0.55,0.22809378760788787,0.0,0.8695652173913043,0.13043478260869565,68.25136054549253,21.022841025621087,11.916398436449521,11.272748868393428,0
2023-05-23,14878,-0.001275424582130591,-0.00388323513658273,0.00020168067226888908,0.0044558466108559625,-8.064949728481263e-05,0.006865608007281754,0.003183930124199596,0.004091749175747228,9.607638890751288,8.0,0.16096240744444706,0.1788152406417112,0.08885379261393198,0.875,0.0,0.125,-0.15652994905757733,-0.32120743034055727,0.41712915719305943,0.25,0.75,0.0,42.65299191918776,23.20970035620336,10.005495252734114,7.031459413629388,1
2023-05-24,14905,0.0018147600483935378,0.0005370208766866114,-0.002075522228173532,0.00641458474004053,0.00045643097823888645,0.00824249229697327,0.0031456175627370287,0.0038018340791306764,9.609452006112171,11.0,0.03437410606353304,-0.0379333333333333,0.21329225113793246,0.36363636363636365,0.45454545454545453,0.18181818181818182,-0.4712625337625337,-0.5185185185185185,0.27041120376539557,0.0,0.9090909090909091,0.09090909090909091,65.37475218302524,18.433409987549958,12.484926936830645,11.085305068909015,1
2023-05-25,14952,0.0031533042603153483,0.004973786799300939,0.003692018527220231,0.005176470588235338,0.002574831026713742,0.011090073032188341,0.002877803408986394,0.003668048379778458,9.612600349135398,16.0,0.11798948615733157,0.17253833992094855,0.25069593210145197,0.625,0.1875,0.1875,-0.31736790379871965,-0.4117647058823529,0.4621899536050655,0.25,0.75,0.0,55.30725361283628,27.568370958542406,12.671311958771723,9.916198688925238,1
2023-05-26,14959,0.000468164794007464,0.0036229453203622253,0.005444280145180835,0.0015399035886449752,0.0027349143998605108,0.01130014163204729,0.002314105284661354,0.003651656217032717,9.613068404374461,9.0,0.0945706587369247,0.06382,0.12360351736953673,0.6666666666666666,0.0,0.3333333333333333,-0.4121002782682972,-0.3529411764705882,0.25496145588294955,0.0,0.8888888888888888,0.1111111111111111,49.62955504415024,17.707774400104714,9.882853073485704,10.13380615231618,1
2023-05-29,14973,0.0009358914365933391,0.001404494382022392,0.004562227440456201,0.005101698328522586,0.0026517738760094556,0.011487575111717607,0.0016403657195518243,0.0029634248088884524,9.61400385813772,12.0,-0.05916388028570014,-0.022940454545454497,0.2401962247465838,0.5,0.5,0.0,-0.6103760822510823,-0.615546218487395,0.2232075885653661,0.0,1.0,0.0,67.83954500709889,12.929385804596258,10.936544841302508,11.686151681711726,0
2023-05-30,14969,-0.00026714753222467635,0.0006684938832810516,0.0011369716425895238,0.006116413496437767,0.0011637550496268467,0.010166449031099978,0.0013180460507254354,0.002505077990486624,9.613736674915236,10.0,0.026979647886061414,0.13582986111111112,0.2949813105052411,0.6,0.2,0.2,-0.4417748917748917,-0.373015873015873,0.2236599119086663,0.0,1.0,0.0,54.97908834192949,19.050802393061876,10.854233665609716,12.094286174638897,1
2023-05-31,15003,0.0022713608123454687,0.0020036064916850727,0.002941373086436272,0.006574974840657388,0.002124078230201887,0.01143706580104964,0.0013836542637921106,0.002485806765234828,9.616005460087013,7.0,0.1048827124151096,0.1749142857142857,0.15124349909489462,0.5714285714285714,0.2857142857142857,0.14285714285714285,-0.2730217644880214,-0.4516129032258064,0.45715846745421396,0.2857142857142857,0.7142857142857143,0.0,56.85035527363277,23.078975036409894,5.487574718451725,6.583528731600578,0
2023-06-05,14888,-0.007665133639938704,-0.005411183111764362,-0.0056768850597742615,-0.004280363830925671,-0.004706385709701499,0.003068900350009507,0.00391968155831779,0.003153701169778559,9.608310798322087,33.0,0.03636295835994001,0.0263681818181818,0.20707942430215193,0.45454545454545453,0.3333333333333333,0.21212121212121213,-0.36760773380057377,-0.4761904761904761,0.41253494002160107,0.18181818181818182,0.7575757575757576,0.06060606060606061,62.64692825090526,20.682814259198683,12.241360578160851,9.278439620980746,0
2023-06-06,14839,-0.003291241268135403,-0.01093114710391252,-0.008684614870732799,-0.00802192659937162,-0.006387936575958819,-0.0009291177421091312,0.0039636083866832,0.0030102695298680274,9.605014129006127,7.0,0.11073012910878481,0.0775448275862069,0.14381198319121763,0.5714285714285714,0.0,0.42857142857142855,-0.41007124233572706,-0.5588235294117647,0.28953415933973037,0.14285714285714285,0.8571428571428571,0.0,78.59814971093746,24.493551158824094,14.501077539596725,9.840135091442436,1
2023-06-07,14875,0.002426039490531773,-0.000873186458893116,-0.008531627007931752,-0.00654511453950446,-0.002668490358569975,0.0008174744413083079,0.004248076156513119,0.0029950619169005857,9.607437230413831,3.0,0.02820979689366783,0.0889333333333333,0.36846843363337606,0.6666666666666666,0.3333333333333333,0.0,-0.4611111111111111,-0.3,0.4563754305784619,0.0,1.0,0.0,55.846849188029616,17.564241710870263,13.065895827033847,8.694440705661776,1
2023-06-08,14903,0.0018823529411764461,0.0043129590942785345,0.0010075228371844158,-0.004409112165141282,9.394964299125341e-05,0.0020473960417011217,0.004481729005357115,0.0029821194008928928,9.609317813948794,7.0,0.017273248428159128,0.0220375,0.13273592061390266,0.42857142857142855,0.2857142857142857,0.2857142857142857,-0.5130226436082957,-0.5882352941176471,0.26309881441977956,0.0,1.0,0.0,71.01523332244105,18.623832272730844,14.729308830154206,11.606015116835124,0
2023-06-09,14853,-0.0033550291887539663,-0.001478991596638668,0.0009434598018733809,-0.009998000399920048,-0.0012507060437343398,-0.0016367162162616022,0.00419105104332014,0.0030445415977227476,9.605957144029533,10.0,0.052082224822112756,0.09103277777777774,0.16597108793828375,0.6,0.2,0.2,-0.33381772264796805,-0.28754940711462446,0.39411175670524984,0.2,0.7,0.1,68.86650510982004,22.871792837385783,14.050115910627596,8.497354038437788,1
2023-06-12,14874,0.0014138557867098278,-0.0019459169294773204,-6.722689075633337e-05,-0.0009403546480386549,0.00034972559991386376,-0.0006550768455529932,0.002887283970854751,0.003042733088330218,9.607370001263245,20.0,-0.012572860589616774,0.048411403508771954,0.25690384153330514,0.5,0.35,0.15,-0.5263501214479895,-0.560032894736842,0.26408257081425457,0.0,0.9,0.1,76.15504031246118,17.66161891513994,10.883846172755195,11.944455178591884,0
2023-06-13,14868,-0.0004033884630899598,0.0010098969905070199,-0.002348520432127743,0.0019543095895950824,-0.0004437094106732875,-0.0015479096504275036,0.002349229948360281,0.0030111727384482356,9.606966531417143,5.0,0.056151516608391606,0.1599692307692307,0.2457082966745226,0.8,0.2,0.0,-0.2221417469998032,-0.3529411764705882,0.49736031133621683,0.2,0.8,0.0,57.18846429119916,27.554138014747245,12.240908195219175,13.637195126186096,1
2023-06-14,14895,0.001815980629539915,0.0014118596208148038,0.0028277115734194336,0.0013445378151260012,0.001102254244350842,-0.00021479104858312947,0.0022300465225534565,0.0030056064208806832,9.608780865147382,8.0,0.17013306319024663,0.19685909090909087,0.2648086761041491,0.75,0.125,0.125,-0.2124695616883117,-0.0952380952380952,0.5163530402170954,0.375,0.625,0.0,46.11553251311541,23.46154240937809,6.9812083023541565,7.465679049237795,1
2023-06-15,14943,0.00322255790533732,0.005044390637610974,0.004638967325534482,0.002684023351003262,0.0037886421345370014,0.0025662959794696683,0.002532246746263605,0.002958206872238706,9.611998241741393,6.0,-0.01663376029199559,-0.0704577380952381,0.20634760945738664,0.3333333333333333,0.5,0.16666666666666666,-0.42939814814814814,-0.5515873015873015,0.48199521576209936,0.16666666666666666,0.8333333333333334,0.0,53.495734716181346,17.633353405828974,8.426444321316183,13.540953708888182,1
2023-06-16,14945,0.0001338419326775142,0.0033568311513931803,0.005178907721280712,0.0061940348751095,0.0026836632002684713,0.0022465882037354667,0.0014332452545761055,0.002956044659053082,9.612132074718039,8.0,0.06566533911631531,0.013595833333333298,0.16359701577097768,0.375,0.25,0.375,-0.5916457811194653,-0.7282894736842105,0.3499753534885862,0.0,0.875,0.125,64.35122354081987,8.139839355207114,2.2805758388982507,6.7474480242105095,1
2023-06-19,14994,0.003278688524590123,0.0034129692832765013,0.006646525679758319,0.008067769261799196,0.004353941992095933,0.005131574096108871,0.0017073420188224188,0.002887980542531994,9.615405400063008,27.0,-0.0023215037793450724,0.026416129032258,0.259569510094973,0.4444444444444444,0.3333333333333333,0.2222222222222222,-0.5055418042519018,-0.5192307692307693,0.29773985917789525,0.1111111111111111,0.8888888888888888,0.0,66.31809989453573,17.315912417686793,12.576150173583224,9.945754100002784,1
2023-06-20,15040,0.003067893824196366,0.00635664101706257,0.006491333734859106,0.011568469195587738,0.005119157410748976,0.007863884765775486,0.0013532413724120012,0.002826950795641019,9.618468597503831,5.0,0.03421860152247104,0.157985,0.39723307023222454,0.6,0.2,0.2,-0.33262210631378986,-0.1785714285714285,0.4752299823456126,0.4,0.6,0.0,62.1418598022134,20.938517466503296,5.55174517196717,11.606681454068289,0
2023-06-21,14982,-0.0038563829787233717,-0.0008003201280512018,0.002475744396119195,0.005840886203424045,8.010253124002276e-05,0.0036913223777208515,0.0031064332156278563,0.0029081659259305916,9.614604759507829,9.0,0.0486741926541437,0.0341909090909091,0.12178134463965848,0.3333333333333333,0.2222222222222222,0.4444444444444444,-0.39788921227800683,-0.4,0.1945534951737919,0.0,1.0,0.0,55.19191937789877,22.41238496731697,14.64796179389642,11.799012833060077,0
2023-06-22,14918,-0.004271792818048348,-0.008111702127659548,-0.005068694144324426,-0.0016730241584688166,-0.0038595600902788796,-0.0007301274708786387,0.0036316859434855206,0.0030658812971540547,9.610323816515109,16.0,0.08973138773558222,0.1301731366459627,0.15057908436674491,0.625,0.3125,0.0625,-0.3377350765272935,-0.43485086342229196,0.403264410860294,0.1875,0.8125,0.0,54.91852097352535,21.93012440022729,7.61866885912021,10.819898075401317,1
2023-06-23,14998,0.005362649148679344,0.0010679482045121702,-0.002792553191489411,0.003546336567413766,0.0007740351251801503,0.004315785596860744,0.004457434475745962,0.0032641902475385697,9.615672137861335,8.0,0.11615334753787876,0.09238920454545455,0.10309362224682357,0.75,0.0,0.25,-0.3626509052568456,-0.4021164021164021,0.33101481034693664,0.25,0.75,0.0,58.52185211065904,24.288923870972123,7.85002366063424,10.099147390782305,1
2023-06-26,15026,0.0018669155887451883,0.007239576350717147,0.002936857562408246,0.002134187008136612,0.00221439624353037,0.005941522033841462,0.004296338506217125,0.0032176850337273803,9.617537312929105,13.0,-0.06886231368760322,-0.0866521739130434,0.25090199330065976,0.23076923076923078,0.6153846153846154,0.15384615384615385,-0.6003409816557532,-0.5925925925925926,0.29663884857768696,0.07692307692307693,0.9230769230769231,0.0,76.09375895122217,15.0918176422504,8.64373464462062,11.062202563095468,0
2023-06-27,15000,-0.0017303340875814976,0.0001333511134817833,0.005496715377396377,-0.0026595744680850686,0.001014361219368931,0.0040631087132596555,0.004091914857489786,0.0032473214177376813,9.615805480084347,11.0,-0.07455321914733855,-0.0665304347826087,0.18024530391316396,0.18181818181818182,0.5454545454545454,0.2727272727272727,-0.5648919203356711,-0.6415094339622641,0.26893981080526985,0.0,1.0,0.0,69.74159867231127,16.83098765366897,10.021465329163648,7.173568289191413,1
2023-07-03,15034,0.002266666666666639,0.0005324104884865122,0.0024003200426723215,0.003470831664664331,0.0025874946649593333,0.006133573366973621,0.003747721780323727,0.003277937015028464,9.618069581737414,38.0,0.042970606626855,0.0459193760262725,0.21025981150778153,0.47368421052631576,0.3684210526315789,0.15789473684210525,-0.45500465936331014,-0.5280464216634428,0.3616540694141893,0.07894736842105263,0.8421052631578947,0.07894736842105263,72.27199826842889,21.42211861197799,10.856381276083187,11.832738492408762,0
2023-07-04,15018,-0.00106425435679125,0.0012000000000000899,-0.0005324104884866232,0.006703311435849235,0.00018647770259461183,0.004898024731010198,0.0028515542780997495,0.0032888512893611247,9.61700476065983,7.0,-0.03255346559067067,0.2547461538461538,0.44383551883339056,0.5714285714285714,0.42857142857142855,0.0,-0.42124579926437505,-0.2666666666666666,0.339161688158834,0.0,0.8571428571428571,0.14285714285714285,60.74244742232575,20.072004770598333,9.335836166505642,8.243697082171204,0
2023-07-05,15013,-0.00033293381275800726,-0.0013968338432885918,0.0008666666666665712,0.0010001333511133748,-0.0003462465541810289,0.0045298521943353265,0.0017789223257019028,0.0032525692890974203,9.616671771412305,13.0,-0.06815859644149926,-0.0785594594594594,0.24569671278270244,0.38461538461538464,0.5384615384615384,0.07692307692307693,-0.5196962481125377,-0.5833333333333334,0.3358727473079664,0.07692307692307693,0.9230769230769231,0.0,72.74931145292842,15.675990328751757,9.29402589331775,9.769802621312088,1
2023-07-06,15062,0.0032638380070606487,0.0029298175522705083,0.001862445124384715,0.002395847198189749,0.0024358752512412263,0.007222147920288968,0.002172158473125887,0.0027729233757453563,9.619930294661296,5.0,-0.07085423809523807,0.0166,0.22303908574716158,0.2,0.2,0.6,-0.5268095238095238,-0.64,0.42504711444400667,0.2,0.8,0.0,62.27697356299517,13.99204748601961,15.304982479902929,9.237330504887534,1
2023-07-07,15136,0.004913026158544609,0.008192899487111216,0.007857237981089282,0.009066666666666556,0.005540571064134969,0.011166522478346597,0.002490203881914226,0.002776189979656293,9.62483129129166,9.0,0.06393070902182418,0.0779909090909091,0.1614204763776495,0.6666666666666666,0.2222222222222222,0.1111111111111111,-0.473025123025123,-0.5,0.3316792408694951,0.1111111111111111,0.8888888888888888,0.0,57.945419987348515,15.69247569804287,11.974566747003275,8.6161719214794,1
2023-07-10,15192,0.0036997885835095,0.008630991900146157,0.011923000066608846,0.010509511773313829,0.0071465506954295765,0.013834110793008891,0.0026343190210326587,0.0028249289358966666,9.628524252492122,15.0,0.035636920826009076,0.035875,0.18544993522098446,0.4666666666666667,0.26666666666666666,0.26666666666666666,-0.4369517370323822,-0.4444444444444444,0.27310309528989263,0.0,0.8666666666666667,0.13333333333333333,58.18433368883394,22.10795834878654,8.961644025879638,9.350239702823265,0
2023-07-11,15162,-0.001974723538704537,0.001717758985200879,0.006639224538573796,0.009588493807431098,0.003242241778601107,0.010958383480078604,0.0029230182828490063,0.0028964917569896382,9.626547576616248,6.0,0.24190917192922567,0.2348218279569892,0.0878128803846108,1.0,0.0,0.0,-0.013816425120772935,-0.07666666666666666,0.3446382256022158,0.5,0.5,0.0,30.88179262551749,28.682354377792603,9.244507971662442,7.37694047873413,0
2023-07-12,15084,-0.005144440047487153,-0.007109004739336511,-0.003435517970401647,0.0047292346632918925,-0.0028557829604950458,0.004983610052501142,0.004310364136676332,0.0030569271362657726,9.621389858378247,13.0,0.017112904203309038,0.00662,0.15133257635335942,0.46153846153846156,0.23076923076923078,0.3076923076923077,-0.40067432567432565,-0.4090909090909091,0.2626516210393062,0.0,0.9230769230769231,0.07692307692307693,55.41409639325935,20.320553287309597,8.740952755768875,6.69823321493941,0
2023-07-13,14978,-0.007027313709891292,-0.012135602163303005,-0.014086361242759304,-0.0055769486124020995,-0.008762177043625585,-0.0024243393009377723,0.005278492014263362,0.0035129814556713306,9.614337736809313,9.0,0.05537279367962046,0.09236,0.14949869644297156,0.5555555555555556,0.2222222222222222,0.2222222222222222,-0.527066204427161,-0.4848484848484848,0.15177196559904155,0.0,1.0,0.0,64.01541476926805,19.4092618174258,10.472110956977884,8.296011869063125,0
2023-07-14,14945,-0.002203231406062267,-0.00921506231768765,-0.014312096029547527,-0.012618921775898517,-0.008439378458353852,-0.004877399164350038,0.004070826169940293,0.003556200587621327,9.612132074718039,15.0,0.09786866991997548,0.1398647058823529,0.19828154938591527,0.6,0.2,0.2,-0.2799101391173002,-0.3055555555555556,0.3692980947212563,0.13333333333333333,0.8,0.06666666666666667,51.85018580067117,24.13276633289236,11.246281284683166,19.787897396820224,1
2023-07-17,15007,0.00414854466376724,0.001936173053812329,-0.005104746751524836,-0.012177461822011626,-0.0018755985952964016,-0.0011215500687240532,0.004243786785153644,0.0036468601359264186,9.616272037895989,24.0,0.12856585412953056,0.1486517857142857,0.22876159613391447,0.75,0.20833333333333334,0.041666666666666664,-0.3790397178551217,-0.4409722222222222,0.30820884814496213,0.125,0.8333333333333334,0.041666666666666664,57.216935849236336,22.584539061909634,11.871470222134457,12.406038659059412,0
2023-07-18,14994,-0.0008662624108749517,0.003278688524590123,0.0010682334089999745,-0.011080332409972304,-0.000506612627986347,-0.00215620507906078,0.0043027273858421405,0.003593393577380627,9.615405400063008,10.0,0.03397675629174745,0.04227641941391935,0.20852592906403591,0.4,0.3,0.3,-0.46901369541607235,-0.5080645161290323,0.2523349248135394,0.0,1.0,0.0,67.00072132666149,20.10957572040725,8.754809199742095,10.589695129169812,0
2023-07-20,14991,-0.0002000800320127727,-0.001066169121076821,0.0030779524924724466,-0.0061654733492442215,0.0005339384635920652,-0.002508533672240465,0.004021125711345666,0.0035943778789352455,9.615205300012315,20.0,0.08517892428557747,0.0885904569892473,0.16955541133122046,0.55,0.2,0.25,-0.3524203009308805,-0.5283347863993025,0.4285016883720796,0.2,0.75,0.05,58.89318114251462,21.60110850228901,9.444703248269178,9.013410533277279,1
2023-07-21,15026,0.0023347341738375604,0.002134187008136612,0.0012660758312788012,0.0032047002269997016,0.0022277656977442994,-0.00028608876735658484,0.0025612739872620098,0.0035572745308168406,9.617537312929105,8.0,0.17501528855896423,0.23635199999999995,0.18777809462909706,0.875,0.125,0.0,-0.39719259202954854,-0.3318181818181818,0.253334798158757,0.0,1.0,0.0,50.53968803981469,17.594652995197478,7.788957823519081,7.022681472965331,1
2023-07-24,15028,0.00013310262212162804,0.002468147555199751,0.0022675736961450532,0.0055536968885914195,0.0012525650934094301,-0.00011310937676733968,0.002080203040798617,0.003488823800769139,9.61767040669386,15.0,0.01674623280275005,0.0267111111111111,0.2774886263026701,0.4666666666666667,0.26666666666666666,0.26666666666666666,-0.5392891325451996,-0.5441176470588235,0.4024394123516417,0.06666666666666667,0.8666666666666667,0.06666666666666667,63.261735504783154,12.668040840960803,7.064897842520347,9.780765579402717,0
2023-07-25,15007,-0.0013973915357998745,-0.0012644749101556885,0.0010673070508973037,0.0,-0.00014657676625007277,-0.001593378994674377,0.0014328156102504273,0.0033889327799483627,9.616272037895989,9.0,0.0863242113906473,0.1203375,0.21002812912876942,0.5555555555555556,0.3333333333333333,0.1111111111111111,-0.4393564984066776,-0.5,0.3983056677286967,0.2222222222222222,0.7777777777777778,0.0,63.97973837993542,23.085386092506795,10.79363598110293,10.681253513113331,1
2023-07-26,15032,0.0016658892516825397,0.00026616981634286496,0.00039930786636488413,0.0025343470721621575,0.0010121996697032287,-0.0003092444128179883,0.0014958362824534844,0.0032437938977357555,9.617936541093302,5.0,0.1737872752247752,0.1383964285714285,0.12232500074163755,1.0,0.0,0.0,-0.18116713352007469,-0.1777777777777777,0.30849677724196695,0.2,0.6,0.2,52.45023408022598,30.42963252481232,16.678678054702814,12.37358161592914,0
2023-07-27,15003,-0.0019292176689728047,-0.000266542280269233,-0.0016635613521426285,0.0008004802881729223,-0.0010786193672099875,-0.0022544540430540216,0.0018566221592158775,0.0030595164010881045,9.616005460087013,9.0,0.2129948195962973,0.1618399999999999,0.19582037136247568,0.7777777777777778,0.0,0.2222222222222222,-0.10080384908760195,-0.25,0.45730562998721924,0.3333333333333333,0.5555555555555556,0.1111111111111111,46.81349929161932,38.203027134331855,14.64014282984343,15.073062924148708,1
2023-07-28,15083,0.005332266879957359,0.003392762107504055,0.005064303325114983,0.0037934247304671764,0.0034862214415924964,0.002875712694692334,0.0029157111339455128,0.003261038622521183,9.621323560768252,10.0,0.03662246678717701,0.0345826923076923,0.116278617834419,0.5,0.1,0.4,-0.4946551075169496,-0.5,0.2728342088905997,0.0,0.9,0.1,75.61302277602115,21.12073119857695,7.584535886670747,9.097223403088597,1
2023-07-31,15092,0.0005966982695750911,0.0059321469039526065,0.003991484832357672,0.004258717061485173,0.003230652645013876,0.0031673020103892835,0.002898072911871232,0.0032301185364618044,9.621920081084202,16.0,0.11152288442137245,0.1471925,0.21081395860136679,0.6875,0.1875,0.125,-0.2688199943438914,-0.25,0.5220290212090111,0.25,0.6875,0.0625,43.38346573328868,19.30236122670636,8.077024268057919,5.776801674098942,1
2023-08-01,15117,0.0016565067585476712,0.0022541934628390603,0.007598480303939281,0.00732991270740313,0.0034250667091482168,0.004551948699205832,0.002612826261843844,0.0032135115080117716,9.623575217348709,4.0,0.09352000858337065,0.12626674876847285,0.1660219019212659,0.75,0.25,0.0,-0.3966531713900135,-0.3976923076923077,0.2783083026066417,0.0,1.0,0.0,64.86786106490857,31.012301039081617,5.04151371476855,11.783883454570896,1
2023-08-02,15171,0.003572137328835101,0.005234561357010392,0.005834383080289163,0.009246939861628611,0.005154639175257714,0.007628112100370954,0.002783097971200366,0.003278002456214217,9.627140989748092,13.0,0.003602391330179799,-0.0191777777777777,0.1607826965548609,0.38461538461538464,0.46153846153846156,0.15384615384615385,-0.5156448609155565,-0.6122448979591837,0.29152572994131265,0.15384615384615385,0.8461538461538461,0.0,76.43255623730812,22.39710946717552,9.388932384817771,7.009456639981081,1
2023-08-03,15198,0.0017797112912794066,0.005358205993252652,0.007023588656241753,0.012997400519896063,0.004348343267998045,0.008801624915369066,0.0018698809074132123,0.0032833753410988695,9.62891911922973,10.0,-0.026540394651723677,0.022946,0.21455995265026553,0.5,0.4,0.1,-0.6112821565407772,-0.74375,0.2907622847291808,0.0,1.0,0.0,68.45646169249969,12.075193021918446,8.406951663990238,9.953620795996661,0
2023-08-04,15168,-0.001973943939992062,-0.0001977456990310822,0.0033736852550108054,0.005635483657097318,0.0012409896232143947,0.006456236273033156,0.0020360609157982954,0.0032700648220870313,9.626943224494804,4.0,-0.036329788469632196,0.026811505681818146,0.21958396133232136,0.5,0.5,0.0,-0.578905529953917,-0.61,0.20861889212142634,0.0,1.0,0.0,61.66890979220526,14.636054796295113,25.458545588659945,11.886861448493134,1
2023-08-07,15178,0.0006592827004219259,-0.0013159626266614488,0.0004614066310724141,0.005698383249403749,0.0007648486127229681,0.006979459688976286,0.002032180465957672,0.0030915176424339877,9.627602289963859,19.0,-0.03330300612118557,0.0017285714285713,0.2908805591877287,0.47368421052631576,0.42105263157894735,0.10526315789473684,-0.5574809959117901,-0.6153846153846154,0.33649254715171784,0.05263157894736842,0.9473684210526315,0.0,73.35392840814326,13.249156168949977,10.495683665351876,6.8813189445711505,1
2023-08-08,15229,0.003360126498880067,0.004021624472573926,0.002039742071325179,0.007408877422768967,0.0026466870325503322,0.010239043692556793,0.002269639029449551,0.003071821032101434,9.63095678385169,4.0,0.08908368442381367,0.10450465517241375,0.05358270763889412,0.75,0.0,0.25,-0.5372228648544438,-0.45219298245614026,0.2657380514897933,0.0,1.0,0.0,55.723762683786546,16.234605934749702,3.914195764650276,9.291874301003908,0
2023-08-09,15206,-0.0015102764462538998,0.001844775332718429,0.0025052742616034074,0.0023070331553622925,0.0006712381052660366,0.008566112947996363,0.0022359624980972724,0.003056822128590054,9.629445365788381,7.0,0.1672538495860864,0.1610105263157895,0.12180629450810858,0.8571428571428571,0.0,0.14285714285714285,-0.33035714285714285,-0.5,0.3455714728636362,0.14285714285714285,0.5714285714285714,0.2857142857142857,52.41793778479583,20.996732050119363,14.836022206501903,11.003372242104675,0
2023-08-10,15204,-0.00013152702880436795,-0.0016416048328846689,0.0017130056660956683,0.00039478878799847905,0.0004606172270842368,0.008032301587564739,0.0021146633409354822,0.002794142007131818,9.629313830109139,5.0,0.05049757256778311,0.06863,0.11768426973617896,0.6,0.2,0.2,-0.42821428571428566,-0.4166666666666667,0.22772179017129843,0.0,1.0,0.0,53.08253161230289,19.919963975769008,5.461623897459704,6.012680835642794,1
2023-08-11,15225,0.0013812154696133394,0.0012495067736419951,-0.00026265677326153813,0.003757911392405111,0.0010915020646484752,0.008598759870687367,0.0018100653918428412,0.002183673790200715,9.630694092578098,10.0,0.14526696304022774,0.15705884615384613,0.16491127958898485,0.7,0.2,0.1,-0.5283781955749169,-0.5256147540983607,0.30669711596228166,0.0,0.9,0.1,59.45796296106073,18.032879559660522,10.660510798965898,6.452021506580579,1
2023-08-14,15323,0.006436781609195474,0.007826887661141813,0.007694331185058578,0.009553300830148936,0.005617756310131616,0.013821530888375788,0.0031120860298962105,0.0023981226303425624,9.637110246578176,19.0,0.0319824335288671,0.0714189189189189,0.24325190043379108,0.5263157894736842,0.3157894736842105,0.15789473684210525,-0.4093125453900562,-0.45,0.40929368210048944,0.15789473684210525,0.7894736842105263,0.05263157894736842,50.51199084884562,14.65001671340301,9.905639504414307,11.059452046219944,1
2023-08-15,15346,0.0015010115512628097,0.007947454844006607,0.009339647461194422,0.007682710617900046,0.005582931432166038,0.01420588789277688,0.0030043005775048383,0.0023009450241708515,9.638610132737611,7.0,-0.04139818743109896,0.0307107142857142,0.18489333080293596,0.42857142857142855,0.2857142857142857,0.2857142857142857,-0.5864641311069884,-0.5714285714285714,0.14823940515474696,0.0,1.0,0.0,74.12494189827632,17.10604413109915,10.44860163900611,6.540877936369452,0
2023-08-16,15308,-0.0024762153004039833,-0.0009789205769105136,0.005451559934318562,0.006707878469025319,0.0017537889694525521,0.010645848119233525,0.0032685498250769112,0.0024001169270211117,9.636130846545592,4.0,0.04406711101398596,0.0481318181818181,0.23956090342114195,0.5,0.25,0.25,-0.4112458619811561,-0.4046345811051693,0.3512391810071698,0.0,1.0,0.0,70.94072806395351,21.785243660736818,15.347880017027386,7.170272088342699,0
2023-08-18,15308,0.0,-0.0024762153004039833,-0.0009789205769105136,0.006840305182846729,0.0003921056071101159,0.009589384406368362,0.0032542213906880603,0.002395089798797851,9.636130846545592,18.0,0.021068970127944158,0.0250242474916388,0.15488741144333093,0.5,0.2777777777777778,0.2222222222222222,-0.4785245492254436,-0.5607142857142857,0.265791005073634,0.05555555555555555,0.8888888888888888,0.05555555555555555,69.99529827671704,21.674876061382278,12.581292867648528,11.035777918505456,1
2023-08-21,15329,0.001371831721975525,0.001371831721975525,-0.0011077805291280773,0.006830870279146195,0.00040462578640987346,0.009965245177974369,0.0032542149723750365,0.0023775091507954355,9.637501738166108,14.0,-0.04973810124968854,-0.0772155913978494,0.20702502666340875,0.2857142857142857,0.5714285714285714,0.14285714285714285,-0.39756236396301387,-0.41012488849241746,0.37162718436018044,0.14285714285714285,0.7857142857142857,0.07142857142857142,59.70286641828985,20.562330444012836,6.270633513425866,7.530062194839309,0
2023-08-22,15326,-0.00019570748254937875,0.001175855761693212,0.001175855761693212,0.00019578411538212492,0.00016967513737164985,0.008777270588080421,0.0016044335273267256,0.0023849546540606124,9.637306011530349,7.0,0.17206412304800464,0.05464,0.17103970429835288,0.5714285714285714,0.0,0.42857142857142855,-0.2839588090148001,-0.5,0.574980101469968,0.14285714285714285,0.8571428571428571,0.0,45.1436332108601,19.44074351051896,11.837420263684212,8.340343092030652,0
2023-08-23,15319,-0.0004567401800861237,-0.0006523582751647439,0.0007185785210348516,-0.0017594161344975934,6.528267397842846e-05,0.0072822316834613154,0.0013823156564519406,0.002344431549831904,9.636849167012697,7.0,0.19101251873126873,0.26456875,0.1904921738034746,0.7142857142857143,0.14285714285714285,0.14285714285714285,-0.06158212900629377,-0.1176470588235294,0.40766465272956837,0.2857142857142857,0.7142857142857143,0.0,35.29771739583803,27.22029749562842,12.623532203771646,10.787867145273738,0
2023-08-24,15253,-0.004308375220314686,-0.004763147592326766,-0.004957922891251854,-0.003592892605173814,-0.003527797739596217,0.0022142936928768453,0.0021280719450103352,0.002623416072113837,9.632531483999934,7.0,0.1595594847493465,0.2443,0.15035217782821017,0.7142857142857143,0.14285714285714285,0.14285714285714285,-0.30026465131507146,-0.3809523809523809,0.3401584184125689,0.14285714285714285,0.8571428571428571,0.0,51.259487471766825,22.03847770115061,15.1926126210996,13.075796609215159,1
2023-08-25,15297,0.002884678423916709,-0.0014361250734382658,-0.0018922093174996713,-0.0007185785210347406,-0.000509644033244383,0.004135486411973144,0.0026885447107294546,0.002586858320117339,9.635412009723266,17.0,0.03419857989022162,-0.05364375,0.2141367954058715,0.4117647058823529,0.5294117647058824,0.058823529411764705,-0.3822329154267281,-0.4242424242424242,0.2636705202116205,0.058823529411764705,0.8235294117647058,0.11764705882352941,56.10884429115763,21.873265193340057,15.323741496770712,14.911434517534504,0
2023-08-28,15294,-0.0001961168856638995,0.0026879958041041707,-0.0016319603107252112,-0.0022832539630764925,-0.000248401730967851,0.0032437822041320175,0.0025561791392811613,0.0023840602081801553,9.63521587360417,18.0,-0.11938221693349499,-0.05729779411764705,0.29302356566863164,0.2777777777777778,0.5555555555555556,0.16666666666666666,-0.5178477336097951,-0.6435897435897435,0.39460624927300453,0.1111111111111111,0.8888888888888888,0.0,61.11778006111214,16.06750964997255,11.526507453868627,11.4687774078679,0
2023-08-29,15263,-0.0020269386687590263,-0.0022226580375237504,0.0006556087327083127,-0.0041106616207751134,-0.0014523853138984633,0.0006490483901633315,0.0026396633426465934,0.002460847448244561,9.633186877915122,8.0,0.1057727244633031,0.10925136363636359,0.11858011015574872,0.625,0.0,0.375,-0.2066791419844659,-0.1538461538461538,0.2702931583596925,0.25,0.75,0.0,47.33235916411855,31.803814609655298,7.30864607441925,4.97776658325186,0
2023-08-30,15239,-0.001572430059621266,-0.0035961815090885807,-0.0037915931228345023,-0.005222272994320765,-0.0019778377387158486,-0.0013237915487051,0.0026483472267573006,0.0024912944492824474,9.63161321028986,7.0,-0.05302334656084654,-0.092037037037037,0.11533108859936654,0.14285714285714285,0.5714285714285714,0.2857142857142857,-0.4711645082768312,-0.5909090909090909,0.2883834175095359,0.14285714285714285,0.8571428571428571,0.0,88.27100946195233,28.459201529676513,7.939859586091687,4.890098591832965,0
2023-08-31,15237,-0.00013124220749394233,-0.0017034658979230288,-0.003726951745782636,-0.001048973972333278,-0.001899646272762956,-0.0016707616707616335,0.0019196939358381946,0.0023785765862884283,9.631481959469355,8.0,0.12126380548373195,0.15540142857142855,0.143302713405245,0.75,0.125,0.125,-0.34697254499886077,-0.4035714285714285,0.3903206521942151,0.25,0.75,0.0,65.78781425929449,27.13058370854516,9.65425443522974,6.525572281258743,1
2023-09-01,15252,0.00098444575703871,0.0008530743487105141,-0.000720697110659807,-0.0029417532849578265,-0.0003277184243297704,-0.0008647118937190612,0.001211861348125098,0.0023576814321561394,9.632465920977454,7.0,0.10271110261495901,0.1041147058823529,0.07854992691328773,0.8571428571428571,0.0,0.14285714285714285,-0.40447547344099066,-0.5,0.33918339130015046,0.14285714285714285,0.8571428571428571,0.0,51.71360206085933,20.801019268241614,11.295637261213354,8.24294474843148,0
2023-09-04,15247,-0.00032782585890378524,0.000656297171359288,0.0005249688299757693,-0.0030731005623120256,-3.935045515357505e-05,-0.001450637396318677,0.0012025972142239165,0.0023067124400309343,9.632138041371906,16.0,-0.06579897348830836,-0.0862633333333333,0.2568203665948133,0.3125,0.5625,0.125,-0.4411554154585125,-0.4849290780141844,0.3739352180801699,0.0625,0.875,0.0625,62.65606275916369,18.98138577260353,6.764376313133818,5.003811387961322,1
2023-09-05,15260,0.0008526267462451997,0.0005245213742459676,0.0015094834941260515,-0.00019655375745264436,0.0008526267462451997,-0.0008675298315682367,0.0010351058104855386,0.0023088678595400165,9.632990304838447,2.0,0.10120990476190479,0.10120990476190479,0.25468019828052707,0.5,0.5,0.0,-0.013076923076923042,-0.013076923076923042,0.4710419019288847,0.5,0.5,0.0,37.04156932547187,31.178848221900843,6.671116549857233,8.321281566358882,1
2023-09-06,15307,0.0030799475753604533,0.003935200367285452,0.0036060844479413046,0.004462235054793595,0.0030405095474621557,0.0019538984692826222,0.0013539026890833322,0.0022899166312235005,9.636065519091707,7.0,0.014861506653260371,-0.0222117647058823,0.10670449333205964,0.42857142857142855,0.2857142857142857,0.2857142857142857,-0.3064349477164603,-0.3137254901960784,0.22677462909860832,0.14285714285714285,0.8571428571428571,0.0,50.60370836818613,24.50941922254818,16.19219588615013,10.630360768017544,1
2023-09-07,15334,0.0017638988697981084,0.004849279161205811,0.005706040532563739,0.006366082562184072,0.003534031413612526,0.0033009346650483273,0.0012578387754105646,0.0022738310406234777,9.63782786411884,11.0,0.010479358220903663,0.0087818181818181,0.13085549484006004,0.36363636363636365,0.2727272727272727,0.36363636363636365,-0.5298247504129857,-0.5,0.2389895730335586,0.0,1.0,0.0,61.888759670387394,16.535682065208793,11.971276880170679,8.518298204812856,1
2023-09-08,15341,0.0004565018912221497,0.0022212059841901777,0.005307994757536072,0.005835300288486778,0.0028239354678452067,0.003309265944644979,0.0013089862234746802,0.00227010023665902,9.638284261844774,9.0,0.1162345874033374,0.1212625,0.17024861727555554,0.6666666666666666,0.1111111111111111,0.2222222222222222,-0.3802342727130552,-0.375,0.2857474089234927,0.0,1.0,0.0,52.78443309359948,21.718525287400443,9.423077257368185,8.863431777814398,1
2023-09-11,15352,0.0007170327879537641,0.0011738620059997817,0.002939831449663588,0.006886600642749485,0.0021672715878529036,0.0036118783401704047,0.0010732563796201637,0.002260615330916012,9.639001037687535,21.0,0.041719375706102416,0.0220999999999999,0.2200417578438012,0.47619047619047616,0.2857142857142857,0.23809523809523808,-0.39238916266183094,-0.4230769230769231,0.35234047047116607,0.14285714285714285,0.8095238095238095,0.047619047619047616,54.23586834823498,21.80016782049545,8.739776971015598,8.917542456940273,0
2023-09-12,15344,-0.0005211047420531356,0.00019555439671470332,0.000652145558888817,0.005504587155963359,0.0005477451159394686,0.0030200420975565745,0.0013738345627876487,0.0017671096804883183,9.63847979712322,9.0,-0.026625146180979532,0.0413076923076923,0.29130969565918413,0.4444444444444444,0.2222222222222222,0.3333333333333333,-0.24893743899591853,-0.25,0.21312244458219512,0.1111111111111111,0.7777777777777778,0.1111111111111111,48.329184965612086,24.66614813384499,11.523688364095046,11.335858145075743,1
2023-09-13,15367,0.0014989572471324486,0.0009770713913497264,0.0016948047715272807,0.003919775266218117,0.0012640412833275771,0.004454583187625261,0.0009064214282652546,0.0017670221788400244,9.639977632055333,11.0,0.04126412530313683,0.0725967741935483,0.12360449317995101,0.6363636363636364,0.36363636363636365,0.0,-0.5112180351671708,-0.5882352941176471,0.3562106452220737,0.18181818181818182,0.8181818181818182,0.0,56.127722527955164,16.315675485717808,6.905546931093914,11.90005196237514,0
2023-09-14,15357,-0.0006507451031431133,0.0008472367049008334,0.0003256904637831681,0.0014999347854440792,0.0003126587720325702,0.0036402135766242516,0.0008963867517365762,0.0016732434777399258,9.639326675125693,15.0,0.00042176339999869434,0.0308588235294117,0.18754854852822142,0.4,0.4,0.2,-0.43516419360537006,-0.48,0.32807939242277995,0.0,0.8,0.2,57.54877561281146,18.79324093920565,7.396149609214739,4.893749653384733,1
2023-09-15,15367,0.0006511688480823619,0.0,0.0014989572471324486,0.0016948047715272807,0.000625105812181781,0.0041001682539163475,0.0009090151966625311,0.0016762756175150975,9.639977632055333,13.0,0.11735109154734152,0.13418125,0.15367421886645138,0.6923076923076923,0.15384615384615385,0.15384615384615385,-0.35168924851199096,-0.4,0.27427984420096324,0.07692307692307693,0.8461538461538461,0.07692307692307693,40.96978800401402,16.46502099019284,14.635482898580602,9.709338732283419,1
2023-09-18,15373,0.00039044706188584577,0.0010418701569316902,0.00039044706188584577,0.0013678999478894394,0.0007421101968545507,0.0043478402895511525,0.0008865214670446845,0.0016541915632608934,9.640368002912599,15.0,-0.02515322304706332,0.0050571428571428,0.23464819594507355,0.4,0.26666666666666666,0.3333333333333333,-0.48898541222335473,-0.5185185185185185,0.28980347307745774,0.0,0.9333333333333333,0.06666666666666667,66.71298740284644,19.250483776620737,9.285282197839438,8.052435846647949,1
2023-09-19,15381,0.0005203928966368565,0.0009110431444003808,0.0015628052353975352,0.0024113660062565767,0.0007807925043918917,0.004689990332610305,0.0007674287516729732,0.0016541873768242217,9.64088826045181,7.0,0.14334880049822124,0.1298204081632653,0.1181160508328872,0.7142857142857143,0.0,0.2857142857142857,-0.1852862050230471,-0.1666666666666666,0.34545232990842006,0.14285714285714285,0.5714285714285714,0.2857142857142857,32.74585835616741,20.282205564585293,8.666158054601166,11.008786764886183,1
2023-09-20,15396,0.0009752291788569512,0.0014961295778312955,0.0018871607991148842,0.0018871607991148842,0.0013788797252647367,0.00541694828920436,0.0006144201748944538,0.0016561460929200161,9.641863014403636,13.0,0.08646529623103673,0.0963552631578947,0.18962348664081272,0.6923076923076923,0.23076923076923078,0.07692307692307693,-0.3983549362570026,-0.3636363636363636,0.3216251280757228,0.15384615384615385,0.8461538461538461,0.0,56.029429817351044,20.173261717666097,11.031987849499105,12.389378544726707,1
2023-09-21,15397,6.495193556776968e-05,0.0010402444574475478,0.0015611786899107916,0.0026046753923292254,0.0009231089268533221,0.005009709371583293,0.0003347725989103497,0.0012648071031382134,9.641927964229918,15.0,0.0960949791479052,0.1193685714285714,0.17081771596429607,0.8,0.13333333333333333,0.06666666666666667,-0.38674115358325883,-0.5,0.3648139413426121,0.06666666666666667,0.8,0.13333333333333333,48.93319071755556,17.614542335010096,8.077571854143816,6.563948316915922,0
2023-09-22,15383,-0.0009092680392284169,-0.0008443751623797846,0.00013003055718097123,0.001041192165028848,-0.0001949824515793397,0.003814141361410339,0.0007050295863904203,0.0011642091163151828,9.64101828255575,12.0,0.13739975648362546,0.12915208333333325,0.13551702152531642,0.6666666666666666,0.0,0.3333333333333333,-0.40264857041172825,-0.5012531328320802,0.22364747529019005,0.0,1.0,0.0,51.94091693353195,19.676446040338114,11.133192219001224,8.982530988849481,1
2023-09-25,15399,0.0010401092114671329,0.00012989543417551985,0.000194855806703087,0.0016912769140702277,0.0005067830968346065,0.004514083680152492,0.00080039333245906,0.0011703458044203619,9.642057851228413,17.0,-0.1408058023216265,-0.1129785714285714,0.1671055777035198,0.11764705882352941,0.7058823529411765,0.17647058823529413,-0.5567502057337697,-0.5681818181818182,0.27550500545837514,0.0,0.9411764705882353,0.058823529411764705,57.59185491981554,14.497373937749343,10.016245028675707,10.034112201477566,1
2023-09-26,15464,0.004221053315150325,0.005265552883052749,0.004351497044878805,0.005396268123008863,0.0036475032126586093,0.008093299478156624,0.0019278408566564716,0.0013277939146220062,9.646270020888167,5.0,0.006133831746031733,0.0308111111111111,0.224888844322373,0.4,0.2,0.4,-0.42606034316560626,-0.4210526315789473,0.2927189125384177,0.0,0.8,0.2,54.35156260506676,18.420434418136512,17.17517390123678,9.04480628954568,1
2023-09-27,15526,0.0040093119503361585,0.00824728878498604,0.009295976077488222,0.00844375162379829,0.005973901437105633,0.011189120892003412,0.0023240405929631567,0.0014184415797531265,9.650271316965625,10.0,0.1299382029205467,0.09461464646464646,0.22457797602129903,0.6,0.3,0.1,-0.24828532578532578,-0.3944444444444445,0.46063492311157334,0.3,0.7,0.0,45.66571941388324,28.76229898059669,9.911735227401227,13.647112227780852,0
2023-09-29,15487,-0.002511915496586359,0.0014873254009311054,0.005714656795895889,0.005845294537897061,0.0022780517480165408,0.007828616423825485,0.0029693158935419836,0.0016007427260811505,9.647756241316175,14.0,0.053569929138321995,0.024353809523809496,0.2227469953485815,0.5,0.42857142857142855,0.07142857142857142,-0.4255962936953357,-0.6554121151936445,0.4464080001415424,0.2857142857142857,0.7142857142857143,0.0,71.26219472208463,21.33269128088429,10.343451517628896,6.471905533500071,1
2023-10-02,15519,0.00206624911215858,-0.00045085662759247747,0.0035566476978790007,0.008840928297471295,0.002584146262678555,0.00903443096738954,0.0027375791247804065,0.0016248562933362492,9.649820358671624,15.0,0.15560653209121086,0.1080285714285714,0.19000529513743208,0.7333333333333333,0.13333333333333333,0.13333333333333333,-0.4042276278018513,-0.375,0.27666744213063654,0.06666666666666667,0.9333333333333333,0.0,52.82621479145226,20.22349929028243,10.970737244657952,12.38981680966065,1
2023-10-03,15600,0.005219408467040498,0.00729644217731007,0.004766198634548413,0.013052795636080194,0.005206453940924671,0.013138325853861321,0.003077817466223974,0.0018653936927084326,9.655026193237628,7.0,0.11739905649605645,0.0809384615384615,0.1444700045698829,0.5714285714285714,0.0,0.42857142857142855,-0.6110759235044132,-0.65625,0.18261839842827135,0.0,1.0,0.0,67.34908413347037,13.446338910121467,8.603114528052682,8.960582078275134,1
2023-10-04,15636,0.002307692307692344,0.007539145563502769,0.009620972428488361,0.01112260734609416,0.0052978088674005,0.014237991762073188,0.002941956186999669,0.001881624512302287,9.657331226912845,9.0,0.0008083007026276392,0.0389285714285714,0.21020996837070294,0.4444444444444444,0.3333333333333333,0.2222222222222222,-0.6214108369280783,-0.6666666666666666,0.24351571045098266,0.0,1.0,0.0,58.95733547837152,11.712461511273627,7.397150147029088,6.596357458484815,0
2023-10-05,15601,-0.0022384241493987878,6.410256410260828e-05,0.005283845608608839,0.004830606724204545,0.0020811119818096024,0.011003680854372977,0.003296451365566865,0.0019781844895356776,9.65509029374725,7.0,0.016871141327344304,0.1108368421052631,0.34070888575515484,0.5714285714285714,0.2857142857142857,0.14285714285714285,-0.37403838417087265,-0.2222222222222222,0.3261296477650034,0.14285714285714285,0.8571428571428571,0.0,68.33282607057662,23.3546859813629,18.594703347054974,9.629999228342443,1
2023-10-06,15628,0.0017306582911351676,-0.0005116398055768911,0.0017948717948716997,0.009104410150448716,0.0020004103405826257,0.011789536381823007,0.002661447317312899,0.001977481654747171,9.656819456174961,6.0,0.08035328680897642,0.09706428571428564,0.3231683240511806,0.6666666666666666,0.3333333333333333,0.0,-0.3940507856994926,-0.34114583333333337,0.27357160841723743,0.0,0.8333333333333334,0.16666666666666666,72.20902018883379,22.31673935771654,8.370034296652928,8.059281949403982,1
2023-10-09,15675,0.003007422574865526,0.004743285686815035,0.0024942440521873444,0.010052194084670507,0.003007422574865526,0.013736370338752746,0.0027161924964868834,0.0020255305855166063,9.659822365501121,26.0,-0.038131674945632806,0.010525,0.27687774839752793,0.4230769230769231,0.4230769230769231,0.15384615384615385,-0.4300420220126237,-0.4483695652173913,0.3204489300598002,0.038461538461538464,0.8846153846153846,0.07692307692307693,52.26434841155102,18.121436126696207,10.172035616582214,8.631153515178227,1
2023-10-10,15708,0.002105263157894832,0.005119017148707439,0.006858534709313524,0.006923076923077032,0.0037317247725181524,0.014702462468670019,0.002076718965808782,0.002036216147865166,9.661925415697901,14.0,-0.025236530908784187,-0.1018593301435406,0.266992150134271,0.2857142857142857,0.5714285714285714,0.14285714285714285,-0.5549619775849282,-0.6372987477638641,0.3440236927369521,0.07142857142857142,0.9285714285714286,0.0,61.47798988151773,15.350430494874628,10.146304137681385,7.604404936910996,1
2023-10-11,15710,0.0001273236567354008,0.0022328548644339197,0.005246992577425225,0.004732668201586021,0.0029110594724344185,0.013633401511094378,0.0020627548234626518,0.002013260007285911,9.662052731249666,14.0,-0.011052304547262632,-0.016301578947368403,0.23971747062344637,0.42857142857142855,0.42857142857142855,0.14285714285714285,-0.38919509378627637,-0.41964285714285715,0.3926983705791077,0.07142857142857142,0.7857142857142857,0.14285714285714285,53.07880928950046,20.907537710451624,10.645114801935334,7.592299412177186,0
2023-10-12,15702,-0.0005092297899427223,-0.00038197097020631343,0.0017224880382775698,0.006473943977950203,0.00110936842507936,0.012023499157291617,0.001448912695606658,0.0020463870867520315,9.661543371758201,14.0,-0.1652879262073905,-0.149798106060606,0.22632491207044997,0.21428571428571427,0.6428571428571429,0.14285714285714285,-0.7020915698713133,-0.6583333333333333,0.17858952909122702,0.0,1.0,0.0,76.62525170592447,8.857567591600716,12.282765137534861,8.284174902960329,1
2023-10-13,15709,0.0004458030824099346,-6.365372374284028e-05,6.366182836781142e-05,0.005183004863066332,0.0005222663813309047,0.011327459835640763,0.0014655705830815828,0.002011951569726155,9.661989075499939,16.0,-0.07677826295077526,-0.12814145962732915,0.29203650394764347,0.3125,0.5625,0.125,-0.49705156013435625,-0.5178571428571428,0.2354855225349584,0.0,1.0,0.0,67.58476628820085,18.93761085103209,15.527361735425387,10.99090325442653,1
2023-10-16,15716,0.00044560443058117016,0.0008916061648198692,0.0003819223424570417,0.00261562998405096,0.00044560443058117016,0.010642744606282672,0.0009666390530930611,0.002015079659339119,9.662434580678351,21.0,-0.10657946830599088,-0.1653999999999999,0.25446577352098504,0.2857142857142857,0.5238095238095238,0.19047619047619047,-0.51557980423759,-0.55,0.3303921046143382,0.047619047619047616,0.9523809523809523,0.0,65.75812792464104,17.09049985604375,9.518602108384075,7.4509037859225336,1
2023-10-17,15718,0.00012725884448960834,0.0005729199821757902,0.0010189784740797236,0.000636618283677004,0.00044554770542926114,0.009651362592538959,0.00038984999879027217,0.0020209826084293427,9.662561831426121,8.0,-0.061573752085470834,-0.00219209979209975,0.1814379425067843,0.25,0.375,0.375,-0.5825829546562425,-0.5874384236453202,0.2136535945423825,0.0,1.0,0.0,58.60782605658105,13.762242829084194,13.073549420250654,10.255569038743353,1
2023-10-18,15731,0.0008270772362894974,0.0009544413336726176,0.0014004710675408205,0.001336728198599646,0.001005396049684304,0.009351790956192652,0.0004999040944346114,0.002017415914900026,9.663388566822505,11.0,-0.02758725940835627,0.0424260869565217,0.2743526479106743,0.45454545454545453,0.45454545454545453,0.09090909090909091,-0.5086148194058775,-0.75,0.4203002577161872,0.09090909090909091,0.7272727272727273,0.18181818181818182,58.5199075406369,15.8251440087839,11.088308354811911,9.787660365521656,1
2023-10-19,15838,0.006801856207488299,0.0076345591042117356,0.0077627895138712155,0.008661317029677651,0.006072771623132356,0.01477829356040572,0.0028463400476722296,0.0023820171146363765,9.670167394770358,13.0,0.05056026626151623,0.0887214285714285,0.20748610844503956,0.6923076923076923,0.23076923076923078,0.07692307692307693,-0.3756593719351746,-0.4878048780487805,0.4579927867314187,0.23076923076923078,0.6923076923076923,0.07692307692307693,48.79864680407887,20.46025105287438,8.728192072091264,10.51278975118294,1
2023-10-20,15856,0.0011365071347393396,0.007946093700336831,0.008779742969843518,0.009357693042205018,0.005338642387045178,0.014439901985246584,0.002784552362549342,0.00236192653178085,9.67130325656977,12.0,-0.08910554184332371,-0.19346190476190475,0.32746328581211853,0.4166666666666667,0.5833333333333334,0.0,-0.48027998343414974,-0.48125,0.33988263287312015,0.0,0.9166666666666666,0.08333333333333333,70.14340431901739,20.314415408089115,10.433962600964025,7.048425348880041,1
2023-10-23,15943,0.00548688193743696,0.00662962495264563,0.013476574915771478,0.014443878849579983,0.007953367220494112,0.018182050414157436,0.0030417326180155065,0.0024537007608763893,9.676775140407365,14.0,-0.05754312675125791,-0.041908333333333304,0.30065092427317053,0.42857142857142855,0.5,0.07142857142857142,-0.5331639273721264,-0.6724598930481284,0.37639344109161843,0.14285714285714285,0.8571428571428571,0.0,65.81598646717377,16.38625801876623,6.740539422260801,9.708420385925649,0
2023-10-24,15869,-0.004641535470112257,0.0008198789101916404,0.0019573178431619986,0.009606820206133015,0.0013629996087687335,0.011937405144817559,0.004511574904537965,0.0028433361087723485,9.672122799562842,8.0,0.13146577068764567,0.16293625,0.15619998787485342,0.875,0.125,0.0,-0.389206267870061,-0.38863636363636367,0.36094888300922634,0.125,0.875,0.0,65.80409038292424,25.140446660276083,8.02126963293174,9.094445799131162,1
2023-10-25,15871,0.0001260318860671905,-0.004516088565514664,0.0009460141271442346,0.008899624944377349,-0.00027715837081265793,0.010753304483780868,0.004564696207583709,0.0027845353872800265,9.672248823507559,11.0,0.08754103189442763,0.139435294117647,0.23548784384636018,0.6363636363636364,0.36363636363636365,0.0,-0.31335684251952195,-0.4166666666666667,0.3886020880584401,0.2727272727272727,0.6363636363636364,0.09090909090909091,49.673871538555865,20.098915910596375,16.930674242326077,12.457486805077668,1
2023-10-26,15933,0.00390649612500793,0.004033020354149652,-0.0006272345229881848,0.0059982321000127126,0.0024285282866922664,0.013388456034345575,0.003904593837914201,0.0027793670553603825,9.67614770909051,15.0,-0.08205659594859163,-0.0418583333333333,0.24317881514716733,0.3333333333333333,0.4666666666666667,0.2,-0.519267342126421,-0.631578947368421,0.30622447606426206,0.06666666666666667,0.8666666666666667,0.06666666666666667,73.29754627885353,21.265916162939437,15.369185634198258,9.893234350952161,1
2023-10-27,15941,0.000502102554446715,0.0044105601411379425,0.004537147898418192,0.005360746720484366,0.0018603014191083123,0.012435535909356421,0.003917575695729462,0.00264012147722285,9.676649685633647,13.0,-0.05488462153363878,-0.0019749999999999,0.19829240187870584,0.3076923076923077,0.46153846153846156,0.23076923076923078,-0.4914516262831006,-0.3414634146341463,0.3473083943247644,0.0,0.9230769230769231,0.07692307692307693,60.499354181895335,18.09658170429834,11.72063966724045,8.038305256616722,0
2023-10-30,15916,-0.001568283043723695,-0.0010669679281993805,0.002835360090731598,-0.0016935332120679991,0.0006286935747517042,0.009574977561124243,0.003121330456684132,0.002719300014959605,9.675080171546819,18.0,0.06826811242694351,0.10149072890025575,0.26994760315201044,0.5555555555555556,0.2222222222222222,0.2222222222222222,-0.403292510505599,-0.37,0.3542666743628211,0.1111111111111111,0.8333333333333334,0.05555555555555555,51.79751023826554,20.259509987174734,8.847081602960245,8.454752242858069,0
2023-10-31,15897,-0.0011937672782106334,-0.00276017815695373,-0.0022594614950103287,0.0017644464049404451,-0.0009175695718847132,0.0074208328316403005,0.0021670767673271363,0.0026044340155163903,9.673885691160871,7.0,-0.14195273836255148,-0.2816823529411764,0.2985925442955261,0.14285714285714285,0.5714285714285714,0.2857142857142857,-0.7959287523363153,-0.84375,0.09875587357087323,0.0,1.0,0.0,78.52158063503316,7.0588303604250955,16.363595065342206,9.661402313884986,1
2023-11-01,15946,0.003082342580360997,0.0018848957024377722,0.0003136566087447168,0.004725600151219256,0.0012180879786019005,0.00953442141382932,0.0024711214484456805,0.0026313616340024,9.67696329306244,10.0,0.017246474713987957,0.11611315789473681,0.24628982406243363,0.6,0.4,0.0,-0.39667024593623434,-0.5198863636363636,0.3884962801025786,0.1,0.9,0.0,57.499409508757466,21.562250714552597,10.003869891001152,8.328805305141753,0
2023-11-02,15861,-0.005330490405117239,-0.0022645782223060795,-0.0034556421211359156,-0.004518922990020657,-0.003217656892195997,0.00332734495584619,0.0030816828828957882,0.0029071274851198907,9.67161854490356,12.0,-0.08850629832550021,-0.08976775362318834,0.26966010482428937,0.4166666666666667,0.5833333333333334,0.0,-0.489088776804294,-0.7083333333333333,0.47714723928432146,0.08333333333333333,0.8333333333333334,0.08333333333333333,66.01461018932723,16.490914315249356,13.946370948622024,8.380828972341332,0
2023-11-03,15771,-0.005674295441649324,-0.01097453906935908,-0.00792602377807139,-0.01066432469732137,-0.006751394994394921,-0.0028168479755682485,0.003576503315837216,0.003239076932059073,9.665928089487558,11.0,0.09009206982411526,0.1318849999999999,0.19071038148107625,0.6363636363636364,0.18181818181818182,0.18181818181818182,-0.43997332633696273,-0.4444444444444444,0.38797204760794207,0.09090909090909091,0.9090909090909091,0.0,57.16854539571091,18.75143432195607,14.62289746527166,7.608854165609978,0
2023-11-06,15550,-0.014013061949147199,-0.019607843137254943,-0.024833814122663944,-0.02299572756974111,-0.016134134767478603,-0.016401738217378337,0.006342533578702746,0.004518114033706669,9.65181591760738,13.0,-0.15704879108799874,-0.1741916666666666,0.2488041723421901,0.15384615384615385,0.6923076923076923,0.15384615384615385,-0.5640745167046072,-0.625,0.3752969483525657,0.07692307692307693,0.9230769230769231,0.0,69.64550895002691,16.79767205376837,15.659202702550848,8.452691641298092,1
2023-11-07,15593,0.0027652733118970207,-0.011286538583475947,-0.01689679087068907,-0.01912310498836256,-0.009603536540440327,-0.013322955918132262,0.007082119667391517,0.004539661663462958,9.654577374584886,2.0,0.17275749999999998,0.17275749999999998,0.11956115009692737,1.0,0.0,0.0,-0.20265151515151508,-0.20265151515151508,0.22766695606385054,0.0,1.0,0.0,39.629561709150934,27.993764900055016,9.398496240601505,9.957821382725106,1
2023-11-08,15629,0.0023087282755083205,0.00508038585209003,-0.009003867858728087,-0.019879593628496228,-0.003303402887607776,-0.010791480743061466,0.00689933374194025,0.004577966958910865,9.656883441842194,8.0,0.02041537185092748,-0.013938095238095251,0.2687777275436632,0.375,0.375,0.25,-0.49631909756909753,-0.6276923076923078,0.2916130861312647,0.125,0.875,0.0,62.413461903330166,18.726988145049024,11.952458365027727,8.941318180374317,1
2023-11-09,15649,0.0012796724038646179,0.003591355095235116,0.006366559485530443,-0.01336611815144062,0.0006778187026805771,-0.009359460905180472,0.007204523501780527,0.004590063282341614,9.658162296163171,6.0,-0.1484095337450434,-0.294490625,0.3078419401245471,0.3333333333333333,0.6666666666666666,0.0,-0.505714224511217,-0.5738453276047262,0.2701393007978483,0.0,1.0,0.0,69.0232451589554,20.381655659902467,8.923642394563425,5.570666145747718,1
2023-11-10,15693,0.002811681257588239,0.004094951692366733,0.006413134098633977,-0.004945786570287214,0.004493432675320763,-0.006523782844445214,0.00731754618768032,0.004636719469171515,9.66097003203872,11.0,0.1111207458562812,0.0379566666666666,0.21286182268954343,0.45454545454545453,0.18181818181818182,0.36363636363636365,-0.24677287328340541,-0.3,0.5552404708720733,0.2727272727272727,0.7272727272727273,0.0,44.02842314791044,24.97940586088462,7.9057996341765575,11.064724556064181,1
2023-11-13,15713,0.0012744535780284671,0.004089718192855862,0.005374624096231351,0.010482315112540164,0.0036792416674118478,-0.005248197317025305,0.0007658958723724883,0.004644991428176806,9.662243674190131,15.0,0.08627977396253557,0.0727649999999999,0.19040525907411646,0.6,0.2,0.2,-0.3895236740670177,-0.5,0.46197658323697516,0.13333333333333333,0.8666666666666667,0.0,54.06087515091642,16.37625227264457,10.121944135598175,8.786109197583711,0
2023-11-14,15699,-0.0008909819894354909,0.00038233607340854014,0.0031950923381685037,0.006797922144551993,0.001428881262518722,-0.0060747264157214875,0.0014219792849101103,0.00464911024633358,9.661352295040318,8.0,-0.013209510286873366,-0.0105976470588235,0.22365362346360212,0.5,0.5,0.0,-0.32656250000000003,-0.5104166666666667,0.5109243919795351,0.25,0.75,0.0,47.08023515026156,15.834882078214768,9.489410111353514,7.047243180637406,0
2023-11-15,15503,-0.012484871647875706,-0.013364729841532474,-0.012107308991269994,-0.008061936144347026,-0.009481579922562822,-0.017774835192336247,0.006224970786846857,0.005407899957860832,9.648788832566362,6.0,-0.027385570813918333,-0.02347169117647055,0.13015254109363444,0.3333333333333333,0.5,0.16666666666666666,-0.4789737274818264,-0.5108695652173914,0.29913440249861173,0.0,0.8333333333333334,0.16666666666666666,58.509594533521884,16.41894305662898,9.260993500825991,8.343521348567432,1
2023-11-16,15595,0.005934335289943915,-0.006624625772342241,-0.007509705339527772,-0.0034506997252220506,-0.0029154891756071333,-0.011184802871019639,0.00705620769283225,0.00534757119596683,9.654705629041903,11.0,0.032252256268291,0.0253382352941176,0.19528672587323215,0.45454545454545453,0.2727272727272727,0.2727272727272727,-0.41945284876780353,-0.4583333333333333,0.3487830921597064,0.18181818181818182,0.8181818181818182,0.0,60.17425479251881,23.814131015758672,12.0050787721584,11.388083020958147,0
2023-11-17,15504,-0.005835203590894511,6.450364445598211e-05,-0.012421173323141632,-0.01204358631236857,-0.006332196785192368,-0.015856491767065717,0.007048850048313364,0.00544385967732978,9.648853334130548,11.0,0.0976385695283623,0.2026636363636363,0.3089264363635336,0.8181818181818182,0.09090909090909091,0.09090909090909091,-0.34545384002054713,-0.3529411764705882,0.2616585106249932,0.09090909090909091,0.9090909090909091,0.0,58.689653255249624,25.398700582968786,5.79496693723339,5.769059074612996,0
2023-11-20,15419,-0.005482456140350922,-0.011285668483488331,-0.005418306134296613,-0.01871062177814553,-0.008041688111168344,-0.01962155700806223,0.006811897278731199,0.005295030827091738,9.643355794171352,20.0,0.022618645602636524,0.05116117647058815,0.2560150426333012,0.5,0.3,0.2,-0.4090912586586078,-0.4486215538847117,0.3377088457395746,0.15,0.8,0.05,52.63485000573441,21.1417221956846,10.815347739651186,11.526549560556012,1
2023-11-21,15436,0.0011025358324145973,-0.004385964912280715,-0.010195575504969523,-0.016752659405057657,-0.003576177750235554,-0.01718775368570513,0.007074485743999075,0.005280342182291255,9.64445772265751,10.0,0.051799894065915716,0.06146130604288495,0.17497242859796017,0.6,0.2,0.2,-0.48156414494649785,-0.5,0.2836988635711581,0.0,1.0,0.0,63.57010694653493,19.95967632604826,10.724761986332311,9.674191747330088,1
2023-11-22,15584,0.00958797615962692,0.01070108307931772,0.005159958720330149,0.005224795200928778,0.004926616626686142,-0.006857171990109379,0.006834377911908299,0.005817857336734227,9.654000025882317,7.0,0.09595291827075658,0.14028,0.17673711840395476,0.7142857142857143,0.14285714285714285,0.14285714285714285,-0.3898188091466244,-0.4137931034482758,0.20710713948043277,0.0,1.0,0.0,53.8815214493172,19.877901315736313,10.03549139710209,8.060384223648088,1
2023-11-23,15593,0.000577515400410622,0.010171028763928502,0.011284778520007865,-0.00012824623276685987,0.005532913743293344,-0.005205874472075878,0.0062766398204232845,0.0057200281397382265,9.654577374584886,6.0,0.1288940167900694,0.18900641025641018,0.11844249658612958,0.6666666666666666,0.0,0.3333333333333333,-0.42264941504292414,-0.4777183600713012,0.22378800197783053,0.0,0.8333333333333334,0.16666666666666666,43.42434489327042,17.571154394373178,11.604510671302455,5.067395454892545,0
2023-11-24,15587,-0.0003847880459180164,0.00019250513347013332,0.0097823270277273,0.0053534571723425906,0.004071168141821069,-0.004464485306797661,0.005427939099238286,0.005710691654687548,9.65419251248905,5.0,-0.015475022843822833,0.0596133333333333,0.2617859657163477,0.6,0.4,0.0,-0.419484167288717,-0.3181818181818182,0.4177009511734216,0.2,0.8,0.0,73.39951994737496,22.262699786079953,16.52850764174789,12.964061756140007,0
2023-11-27,15527,-0.0038493616475268055,-0.0042326685050984025,-0.0036575975359343094,0.0070043452882806445,-0.001183629884081494,-0.007063172064499024,0.00496359134029629,0.00574308290629585,9.65033572298117,14.0,-0.09985924396834668,-0.10101658653846149,0.3253292409839534,0.35714285714285715,0.5,0.14285714285714285,-0.47210866854500394,-0.5357142857142857,0.42946054705095743,0.2857142857142857,0.7142857142857143,0.0,51.23729908080771,13.62033840268146,10.301782868594884,9.053092438146424,0
2023-11-28,15450,-0.004959103497134021,-0.008789375761852791,-0.009170781761046576,0.0009069707178024355,-0.0063158436346330005,-0.010573099115599671,0.00573655200915356,0.005803550564356359,9.645364282325891,5.0,0.022244332352620678,0.0384391304347826,0.22036905584050998,0.4,0.4,0.2,-0.3850920053757582,-0.5079365079365079,0.3276737109834987,0.2,0.8,0.0,63.45130220574915,25.4688139578755,6.843723743335275,9.20092663948726,0
2023-11-29,15384,-0.004271844660194146,-0.009209763637534563,-0.013023673574132255,-0.012833675564681735,-0.00800866638294584,-0.013023673574132255,0.0024961259475726545,0.005736596405381595,9.641083287268616,1.0,0.4626266666666667,0.4626266666666667,0.0,1.0,0.0,0.0,-0.6111111111111112,-0.6111111111111112,0.0,0.0,1.0,0.0,63.92694063926941,13.698630136986305,9.1324200913242,0.0,1
2023-11-30,15484,0.006500260010400494,0.00220064724919089,-0.0027693694854125095,-0.0069903161675111125,-0.0001549746874677238,-0.005405266521712582,0.004752856988278814,0.005956610110616971,9.647562511697538,6.0,-0.07938483946795095,-0.010480000000000052,0.19202810212880128,0.16666666666666666,0.3333333333333333,0.5,-0.6329647023178305,-0.6426829268292682,0.18297899473961496,0.0,1.0,0.0,71.85123804797384,13.854114210614645,10.680597727861624,5.583551920242595,1
2023-12-01,15524,0.0025833118057350113,0.009100364014560602,0.004789644012944905,-0.004041829729903079,0.0032441934107976245,-0.002044253590300693,0.005084069397833141,0.005915113530114707,9.650142492488797,9.0,0.047935319786725016,0.00615,0.20046085299534216,0.4444444444444444,0.2222222222222222,0.3333333333333333,-0.4899407237642532,-0.5661764705882353,0.2869002999957457,0.1111111111111111,0.8888888888888888,0.0,64.40865517548632,18.690346350200247,8.834813261492897,6.863320405035671,0
2023-12-04,15446,-0.005024478227261042,-0.0024541462154481497,0.0040301612064481684,-0.005216719263218872,-0.0007504399130524586,-0.006726428562242037,0.005283559640653053,0.0051478469754163494,9.64510534912921,15.0,0.0184764742900527,0.1310809523809523,0.3077968082294538,0.5333333333333333,0.4,0.06666666666666667,-0.4672629554213169,-0.3461538461538461,0.3051252336775823,0.06666666666666667,0.9333333333333333,0.0,60.54079168629247,19.120923098420068,7.9378009635526805,9.55840720418191,1
2023-12-05,15504,0.003755017480253864,-0.001288327750579743,0.0012916559028675056,0.0034951456310678974,0.002301466214993164,-0.002711282214567623,0.005099302510151533,0.005183728557210703,9.648853334130548,5.0,-0.07762169841269843,0.0844555555555555,0.27053374201908303,0.6,0.4,0.0,-0.6076629570747218,-0.7058823529411765,0.1760655828159113,0.0,1.0,0.0,52.48185918758471,10.333700712900193,9.309507375309968,5.16124726751274,0
2023-12-06,15504,0.0,0.003755017480253864,-0.001288327750579743,0.007800312012480548,0.0007487542278794557,-0.0023101821762044894,0.004360629296946703,0.005148790021664192,9.648853334130548,8.0,0.05844357382838403,0.07105152979066026,0.23653633772286273,0.5,0.375,0.125,-0.5228776737967914,-0.5208333333333333,0.2639145541187629,0.0,1.0,0.0,64.90472959563589,18.28667913848435,16.033662803054956,10.155223156459714,1
2023-12-07,15536,0.002063983488132193,0.002063983488132193,0.005826751262462793,0.0033583053474555147,0.0021415486234745984,0.00011265429615203715,0.0034639974095318203,0.005165127758343042,9.650915190531107,7.0,-0.0773500598986783,0.0315076923076923,0.2289877699424343,0.42857142857142855,0.42857142857142855,0.14285714285714285,-0.5980333503625429,-0.6071428571428571,0.3110607147152922,0.0,1.0,0.0,63.89676639508759,14.416176099979507,10.664787331099774,9.237787790956663,0
2023-12-08,15500,-0.0023171987641606995,-0.00025799793601655185,-0.00025799793601655185,-0.0015459933006957138,0.00012904890953668868,-0.001584581889388481,0.0034825015158258467,0.005127094261781316,9.648595302907339,8.0,-0.021214572260921893,-0.05155888888888885,0.21784775049088465,0.25,0.5,0.25,-0.3868610977985978,-0.3609307359307359,0.4007464789357222,0.125,0.75,0.125,67.63242971890777,25.400528339528798,9.890294214073439,9.62729659629487,1
2023-12-11,15614,0.007354838709677347,0.005020597322348053,0.007094943240454121,0.010876602356597154,0.005305313039223325,0.00607938967695798,0.0036827271242791566,0.005416571335783439,9.655923226680237,12.0,-0.14991433448382332,-0.16925798319327726,0.23692880487109375,0.16666666666666666,0.75,0.08333333333333333,-0.6197615971040279,-0.7509469696969697,0.3392275381675135,0.08333333333333333,0.9166666666666666,0.0,71.38454939619955,17.29941920587479,6.920271069016953,5.568904785256492,1
2023-12-12,15631,0.0010887664916101603,0.008451612903225714,0.006114830072090571,0.008191434468524328,0.004756701163463495,0.007395472488520127,0.0035878965092716623,0.005423327386542009,9.65701140089547,8.0,0.06703388618163073,0.10871442307692306,0.25248806854218725,0.625,0.375,0.0,-0.4452155339900138,-0.5122180451127819,0.3556773983747409,0.125,0.875,0.0,63.00435080468256,20.191556024495707,6.847007977155031,6.814875983021183,0
2023-12-13,15629,-0.00012795086686712143,0.0009606763161265075,0.008322580645161226,0.008062435500515885,0.0030163008599666252,0.006857764993509541,0.0036029255328415897,0.00459040562086158,9.656883441842194,16.0,-0.005814217303753612,0.02454613636363635,0.24088914600916478,0.4375,0.375,0.1875,-0.5063189997749251,-0.638095238095238,0.3784407302482612,0.125,0.8125,0.0625,67.03144439512678,18.736705815701296,10.80770296221602,7.920025866768004,0
2023-12-14,15493,-0.008701772346279335,-0.00882860981383149,-0.0077494556167542195,-0.00276776519052524,-0.00516264913249509,-0.001575645482988608,0.005807841770050032,0.00482483006464307,9.648143587996293,9.0,0.02666931776435065,0.007525,0.11797694374931017,0.3333333333333333,0.3333333333333333,0.3333333333333333,-0.5130452103553992,-0.53125,0.2515165229378152,0.0,1.0,0.0,59.683410217955235,17.12843851723107,9.784493268093826,8.418938576211696,1
2023-12-15,15503,0.0006454527851287306,-0.008061936144347026,-0.008188855479495882,0.0001935483870967314,-0.004558880184923564,-0.0009279905138747102,0.0057319158381454495,0.004649145287595723,9.648788832566362,10.0,0.07992812117456022,0.07327312499999994,0.22960691276805548,0.6,0.2,0.2,-0.40940269212328034,-0.5,0.4748377486028301,0.2,0.8,0.0,62.52679781231209,18.78182576355882,12.562519004520187,14.82450595848816,1
2023-12-18,15516,0.0008385473779268793,0.0014845414057962358,-0.007230149081835058,-0.006276418598693434,-0.002468754821786767,-0.00040264781201182487,0.004189644847477312,0.004467635835834759,9.649627028559857,25.0,-0.10914146743208356,-0.0694538461538461,0.31179995052046405,0.32,0.56,0.12,-0.590416442119681,-0.72,0.33076584395903835,0.04,0.92,0.04,68.35925206296473,13.988246715147419,6.471610646396511,5.627716146331713,0
2023-12-19,15506,-0.0006444960041247505,0.0001935109333677243,0.0008390886206675052,-0.007996929179195145,-0.001506819323347952,-0.0012720802537720122,0.0040157078885958986,0.004468672792289291,9.648982324778904,6.0,-0.14785268762524026,-0.12240358851674635,0.15781150485602155,0.16666666666666666,0.6666666666666666,0.16666666666666666,-0.6899738225386893,-0.7495967741935483,0.23273768476724194,0.0,1.0,0.0,84.8992448019991,13.216144807287044,7.35915687606628,8.003565425549466,1
2023-12-20,15512,0.000386946988262693,-0.0002577984016498558,0.0005805328001031729,-0.007486083562607937,0.000386946988262693,-0.0006539042593970423,0.004069079460839041,0.0038915372083015965,9.649369196922487,7.0,-0.05563440636009555,-0.040578947368421,0.20907091606782532,0.42857142857142855,0.42857142857142855,0.14285714285714285,-0.38528615790924786,-0.4,0.1818477950441677,0.0,1.0,0.0,57.53557118124231,23.38485207745733,13.614349131615016,8.964250124017738,1
2023-12-21,15533,0.0013537906137184308,0.0017412614471816745,0.0010956432070121647,0.0025818111405151445,0.0012247002707233001,0.0008924457847241385,0.0007392722081138968,0.0039038074151686005,9.650722071987907,12.0,0.04592143456576328,0.049119806763285,0.18258028111133387,0.5,0.16666666666666666,0.3333333333333333,-0.4695315735887992,-0.5798319327731092,0.3732785974587485,0.16666666666666666,0.8333333333333334,0.0,60.33460940679862,23.73804872259672,9.754204997390067,8.488685909851748,0
2023-12-22,15489,-0.002832678812850098,-0.0014827230531201385,-0.0010963498000773342,-0.0009030510223827504,-0.0014312238898345209,-0.001627535974990768,0.001655584626857461,0.003948502358805116,9.647885373547759,10.0,0.01457288026679203,-0.004437499999999997,0.24868853194106957,0.4,0.5,0.1,-0.5685863323483661,-0.6657894736842105,0.37112933748749344,0.1,0.9,0.0,79.76288364135188,15.731749281423356,8.643694610258565,5.487471812010552,0
2023-12-27,15414,-0.004842146039124584,-0.0076611086074808155,-0.006317689530685899,-0.006573859242072655,-0.0049577813928266545,-0.006099841378332083,0.0025106148694870193,0.004001255758426192,9.643031466337938,34.0,-0.14731955229930116,-0.18511944444444445,0.2598324368902147,0.2647058823529412,0.5882352941176471,0.14705882352941177,-0.6066024354404711,-0.7272727272727273,0.3352911608493949,0.058823529411764705,0.9117647058823529,0.029411764705882353,63.979730368013996,12.729610104025525,10.353025456290489,6.914477234339548,1
2023-12-28,15416,0.0001297521733489848,-0.0047130221447478915,-0.007532350479623973,-0.005804204823939174,-0.003670958068352159,-0.00586190663511077,0.0025851353450348185,0.003852266086377576,9.643161210094203,4.0,-0.07109898504273503,-0.033514835164835166,0.35109452572036187,0.5,0.5,0.0,-0.6092367415193503,-0.5846273291925466,0.3303154109187283,0.0,1.0,0.0,64.05531874386523,14.744004097765487,5.762104982966658,5.408604518275781,1
2023-12-29,15439,0.001491956408925743,0.001621902166861311,-0.0032280973594163154,-0.004706034038164053,-0.0012420592306996436,-0.004555228519018795,0.002789678914104734,0.0037378840754208565,9.644652054641927,8.0,-0.1673094611528822,-0.1854694444444444,0.2781062661083908,0.25,0.625,0.125,-0.3829719153217333,-0.609375,0.4248209153420369,0.25,0.75,0.0,51.185779596522785,16.64352590714297,14.512433505111462,9.664103095327775,1
2024-01-02,15473,0.0022022151693763536,0.003697457187337827,0.0038276891137927205,-0.0038627438357046184,0.001735054576530004,-0.002327665693044767,0.002983164463658516,0.003469624403055392,9.646851848489673,26.0,-0.14162977665284998,-0.12051636363636362,0.3021697298591613,0.3076923076923077,0.5384615384615384,0.15384615384615385,-0.5640341144187887,-0.7184210526315788,0.39988319096516756,0.038461538461538464,0.9230769230769231,0.038461538461538464,59.59956847815983,14.11654812213634,9.412878373204682,7.939795242735723,1
2024-01-03,15495,0.0014218315775866852,0.0036271779260315107,0.005124545926310287,0.0003873716831299667,0.0030814247057757704,-0.0008157264317932844,0.0028516628663060083,0.003433112667261521,9.648272670221848,7.0,-0.24793030532398636,-0.3700230769230769,0.22849391292360638,0.14285714285714285,0.7142857142857143,0.14285714285714285,-0.5829381501764586,-0.7692307692307693,0.4592051515513515,0.14285714285714285,0.8571428571428571,0.0,67.22559651154575,12.222900100447296,9.527967822382328,2.156793156845691,1
2024-01-04,15525,0.0019361084220717029,0.003360692819750488,0.005570308957834058,0.007201245620864105,0.003581217355329125,0.0008638696201552776,0.0007979361931602109,0.003254495215593141,9.65020690680168,3.0,-0.11733746031746028,-0.0520866666666666,0.3036604451513378,0.3333333333333333,0.6666666666666666,0.0,-0.2740740740740741,-0.35,0.4630259216450266,0.3333333333333333,0.6666666666666666,0.0,54.09695372988234,22.29901742612338,15.613311995648075,7.62379033293118,0
2024-01-05,15518,-0.00045088566827700127,0.001484349790255024,0.0029082918632457044,0.00661650233523603,0.001807617817947138,0.0003674503458546141,0.0010408971634037784,0.00315102339455553,9.649755919453895,7.0,-0.08106636465112363,0.0997294117647058,0.3129468723648577,0.7142857142857143,0.2857142857142857,0.0,-0.5308900855242319,-0.5,0.32687747178824894,0.0,0.8571428571428571,0.14285714285714285,65.1441919030991,19.068538740548636,16.98408571307713,12.306617950743515,1
2024-01-08,15522,0.00025776517592479564,-0.00019323671497584183,0.0017424975798645548,0.005375995854653759,0.000993125507848358,0.0005672588505272191,0.0011323207404381733,0.003151335892090313,9.650013651414085,18.0,-0.06377937270570405,0.026389316239316202,0.25045968674163155,0.3888888888888889,0.3888888888888889,0.2222222222222222,-0.5371401284654336,-0.6642857142857144,0.43930558669988934,0.1111111111111111,0.8888888888888888,0.0,54.5292788388439,11.336141272285976,8.636757189831691,4.773148866957779,0
2024-01-09,15518,-0.0002576987501610173,0.0,-0.00045088566827700127,0.0029082918632457044,0.00015468302869359185,0.0003674503458546141,0.0010507140495071366,0.0031163038287155163,9.649755919453895,6.0,-0.004474358465608495,0.05006597222222215,0.27386418789763467,0.5,0.16666666666666666,0.3333333333333333,-0.390578403078403,-0.45138888888888884,0.2617762917560455,0.0,1.0,0.0,45.0807766845619,19.127477444978506,7.475103338486005,6.181946249868436,1
2024-01-10,15568,0.0032220646990590573,0.002963535626852254,0.0032220646990590573,0.004711197160374381,0.0024339673668078987,0.003370779275185809,0.0015838663182892346,0.0031504779889782205,9.652972804425787,14.0,0.0393068451991908,0.0528667824074074,0.17581185342811673,0.5714285714285714,0.2857142857142857,0.14285714285714285,-0.49790195139574017,-0.5480769230769231,0.30436619167980145,0.07142857142857142,0.9285714285714286,0.0,69.13648364128916,19.350510046323393,9.453786158592674,10.049238462147873,0
2024-01-11,15558,-0.000642343268242529,0.0025776517592472903,0.0023192887514495997,0.002125603864734371,0.0013645023428248138,0.002907257830579768,0.001598750317538552,0.002668358377854369,9.652330254766719,11.0,-0.06790220355495899,-0.00896,0.284494059554397,0.18181818181818182,0.45454545454545453,0.36363636363636365,-0.5627680852476268,-0.6818181818181818,0.37117702000435754,0.09090909090909091,0.9090909090909091,0.0,71.95759005924495,20.601636530869357,10.723725781467161,9.185825258756154,1
2024-01-12,15559,6.427561383204328e-05,-0.0005781089414182983,0.002642093053228489,0.002642093053228489,0.000900611128980433,0.0032045288955659945,0.0015437838545561595,0.0026525828739083304,9.652394528314963,10.0,-0.053369008093213974,-0.0488090476190476,0.27301044012576975,0.4,0.5,0.1,-0.43460676099263057,-0.6804029304029304,0.5074887413925541,0.3,0.7,0.0,59.50541161918405,16.040543006877108,7.308520237263542,7.105653772606848,0
2024-01-15,15555,-0.0002570859309724005,-0.00019282684149635188,-0.0008350462487153321,0.00212601468882867,0.00021862702229991093,0.0031859457228355925,0.0015830532143347345,0.0026524850627576277,9.652137409331738,24.0,0.025632560345761935,0.05752142857142855,0.29292614343401385,0.5,0.3333333333333333,0.16666666666666666,-0.4478294750641348,-0.5,0.2924895192095492,0.041666666666666664,0.9166666666666666,0.041666666666666664,56.6138149066467,18.83360521048603,8.206322009584843,7.321359203986706,1
2024-01-16,15592,0.002378656380584987,0.002120958930522443,0.002185370870291914,0.004768655754607609,0.0016445677870284836,0.005251264461930694,0.0017306364290372133,0.0018160121130074824,9.654513241187397,13.0,-0.09280142862692865,0.0144749999999999,0.25162748955296255,0.38461538461538464,0.46153846153846156,0.15384615384615385,-0.6063228205261608,-0.59375,0.25866733198472147,0.0,1.0,0.0,71.6903632608689,13.06427858391815,10.091742644119007,9.811963709726845,1
2024-01-17,15639,0.0030143663417137034,0.005400192864030817,0.005141718619448454,0.0045606372045221555,0.0037482510301272143,0.007839611789384193,0.0016637612366110727,0.0019130125341650372,9.657523073436215,11.0,-0.16561901008082824,-0.24832,0.27885980072739536,0.2727272727272727,0.6363636363636364,0.09090909090909091,-0.42937126014476446,-0.4444444444444444,0.3945510628516117,0.18181818181818182,0.8181818181818182,0.0,65.6681593848759,24.05648473252971,13.728085668272564,10.454322614051897,0
2024-01-18,15630,-0.0005754843660080722,0.0024371472550026585,0.004821600771456103,0.004627844195912001,0.0022443090734209914,0.006889754268652126,0.0016483473175950391,0.0019235521900750376,9.656947423415522,19.0,0.003806955805471693,0.0556052631578947,0.2673911628782344,0.5263157894736842,0.3157894736842105,0.15789473684210525,-0.4861822066824511,-0.5,0.3238573174349964,0.05263157894736842,0.8947368421052632,0.05263157894736842,59.52609631556829,19.3861503496992,10.893905313516171,7.723696103569409,0
2024-01-19,15628,-0.0001279590531030328,-0.0007033697806765327,0.002308876346844624,0.004434732309274381,0.0012300753421148336,0.00636544820547158,0.0016754596437024971,0.0019126814163187653,9.656819456174961,14.0,-0.007918583062012707,0.09428402777777775,0.2557244046347778,0.5714285714285714,0.35714285714285715,0.07142857142857142,-0.422068154738749,-0.39583333333333337,0.31322385228057836,0.07142857142857142,0.9285714285714286,0.0,58.46417645218452,19.93656302068166,11.778401114965892,10.051387682110258,0
2024-01-22,15627,-6.398771435889294e-05,-0.00019193857965449368,-0.0007673124880107629,0.0046287367405979385,0.00024322801986786935,0.005928586601780639,0.001644448335461279,0.0019154207210713074,9.656755466413301,30.0,-0.13790307777747085,-0.15557087912087908,0.2714745307957806,0.3,0.5666666666666667,0.13333333333333333,-0.576963078355353,-0.6383701188455009,0.2862850424841868,0.03333333333333333,0.9666666666666667,0.0,65.31606961264275,15.045080443422368,7.583206251423421,6.394326959957264,1
2024-01-23,15656,0.0018557624624047087,0.0017916560020476702,0.0016634676903390933,0.004104669061056887,0.0012790995139422279,0.0073965401308149215,0.0015423588530201042,0.0019321900784208862,9.658609509075912,5.0,0.2071441488095238,0.2420642857142857,0.11724375888047929,0.8,0.0,0.2,-0.3887719298245614,-0.5,0.2757529773628366,0.0,0.8,0.2,57.8444979604166,21.97924985505631,19.17708257706959,8.54687569728045,1
2024-01-24,15719,0.004024016351558579,0.005887246432456639,0.005822882006654817,0.005115416586738197,0.00428060311781242,0.010702425004259775,0.001921001845106616,0.001937417688846004,9.662625450728237,10.0,-0.02212768024785674,-0.0569437908496732,0.26982663557106795,0.3,0.6,0.1,-0.7235214493243022,-0.75,0.18515516475174715,0.0,1.0,0.0,75.80073060952357,8.56402879355289,13.290783824217339,12.627998802766252,1
2024-01-25,15767,0.0030536293657357216,0.00708993357179355,0.008958853266781919,0.008765195137556026,0.005586948480171383,0.012639529357362012,0.0018506115638012052,0.0014939946726803953,9.665674427237482,12.0,-0.07975419136600512,0.02629821428571425,0.25950977725662594,0.3333333333333333,0.3333333333333333,0.3333333333333333,-0.4595039536702113,-0.4807692307692307,0.36342759910144623,0.16666666666666666,0.8333333333333334,0.0,60.04716760795811,17.52413546044696,10.505145610612132,5.328593763812652,1
2024-01-26,15829,0.003932263588507734,0.0069979006298110935,0.011050076647930451,0.01286153058612749,0.006959464617420252,0.01527498500723179,0.0017067060857064113,0.001597833237367875,9.669598979685738,13.0,0.07977633830109056,0.1463214285714285,0.19710750893682036,0.5384615384615384,0.23076923076923078,0.23076923076923078,-0.2831318068776263,-0.3125,0.3528226413770129,0.23076923076923078,0.6923076923076923,0.07692307692307693,60.87464748616018,29.58338462766898,8.438234583738485,7.4953238955976325,0
2024-01-29,15825,-0.000252700739149625,0.0036785691634426687,0.006743431515999765,0.012670378191591558,0.004175338849687682,0.01376348081216383,0.0017797725398817628,0.001635363173049872,9.669346247012378,29.0,-0.1241964899235118,-0.151455,0.2312720180679476,0.2413793103448276,0.5862068965517241,0.1724137931034483,-0.6032859715469897,-0.7413793103448276,0.3516263006494124,0.06896551724137931,0.9310344827586207,0.0,66.11176067780156,12.974978678143037,9.096200831678557,7.610071318589837,0
2024-01-30,15796,-0.0018325434439178112,-0.0020847810979847115,0.0018392845817212233,0.008942258559018867,0.0005574136008918984,0.010859896456614893,0.002667967412526821,0.0017545165783056631,9.66751202240654,9.0,-0.0871274360902956,0.0413749999999999,0.272975054723831,0.3333333333333333,0.3333333333333333,0.3333333333333333,-0.38187171899083727,-0.4722222222222222,0.39911688871771916,0.1111111111111111,0.7777777777777778,0.1111111111111111,54.12898097760461,17.878276547019425,7.995549947787429,5.909281822546516,1
2024-01-31,15803,0.0004431501645987268,-0.00139020537124801,-0.00164255480447284,0.005343851390037457,-6.327512022274995e-05,0.01031217834378606,0.002381940754163866,0.0017568063389052755,9.667955074409104,9.0,0.11612590597492556,0.0552095238095238,0.21584176553776405,0.6666666666666666,0.2222222222222222,0.1111111111111111,-0.32512298395417877,-0.2857142857142857,0.31077319362695516,0.1111111111111111,0.8888888888888888,0.0,53.03244276672828,21.675587984864226,10.483102705427585,9.230894559564337,0
2024-02-01,15775,-0.0017718154780738127,-0.0013294504937958473,-0.003159557661927326,0.0005073888501299084,-0.0019360226755074095,0.007716778883622322,0.002354078589953579,0.0018447209858908327,9.666181687409415,13.0,-0.012317675123096054,-0.0166235294117647,0.1529408349910894,0.46153846153846156,0.38461538461538464,0.15384615384615385,-0.5209528814563835,-0.55,0.2176131435953155,0.0,1.0,0.0,64.09571847353007,16.943988026024897,11.646625135479232,8.89660924129309,0
2024-02-02,15688,-0.0055150554675118535,-0.007277099284945909,-0.006837173968093135,-0.008907701055025585,-0.005666332855857048,0.0016153025978917768,0.0023037110842078954,0.002313537320819052,9.660651367876183,7.0,0.09855428404753507,0.1293882352941176,0.14695155369435156,0.8571428571428571,0.14285714285714285,0.0,-0.2536402802627828,-0.2352941176470588,0.3127111858909318,0.14285714285714285,0.8571428571428571,0.0,60.236223651500964,29.32328696653978,13.25276503187928,9.693701034212324,1
2024-02-05,15705,0.0010836308006119122,-0.0044374009508716394,-0.006201354173258289,-0.00758293838862556,-0.0030723526349867303,0.0021152576115774924,0.0025862329597892797,0.0023154639278857563,9.661734411972747,20.0,-0.11262337610144199,-0.1155617647058823,0.2230253450520771,0.4,0.55,0.05,-0.639875566991942,-0.6436781609195402,0.2725008438202675,0.0,0.95,0.05,78.38282644243847,14.100541228622518,11.151462070479674,7.958420434919641,1
2024-02-06,15734,0.0018465456860872198,0.002932177460479357,-0.0025990491283677253,-0.0039250443150165015,-0.0004446985579060758,0.003274319072350762,0.002969527313421703,0.002322773334516796,9.663579254889187,8.0,-0.1599507578824684,-0.1890033333333333,0.25281154186404137,0.125,0.625,0.25,-0.622970439561634,-0.6862745098039216,0.23400952496438732,0.0,1.0,0.0,67.16942711475957,12.309574396124432,10.891348039240787,7.21378325433868,0
2024-02-07,15685,-0.003114274818863616,-0.0012734797835084466,-0.00019122896481382767,-0.007466936657596679,-0.0020614096479061317,-0.0002230933486311315,0.003027985503536444,0.0023909284730423727,9.660460120624778,4.0,0.18479210227272724,0.19127624999999995,0.10243699493500662,1.0,0.0,0.0,-0.28809523809523807,-0.25,0.39131370693289047,0.25,0.75,0.0,52.10102840084849,29.189048175916874,12.480980260884483,8.023175202422784,0
2024-02-12,15612,-0.004654128147911996,-0.007753908732680781,-0.005921680993314249,-0.010332805071315398,-0.0046414362950116805,-0.005047415111654963,0.0033511695920945953,0.0026366239510669884,9.655795128300506,49.0,-0.05265433864489465,-0.0664117647058823,0.2565761421595228,0.3469387755102041,0.5102040816326531,0.14285714285714285,-0.5239982359130094,-0.5714285714285714,0.3525831917921918,0.08163265306122448,0.9183673469387755,0.0,70.40607749831454,17.648554767918952,8.9516945801326,7.529035834486467,0
2024-02-13,15585,-0.0017294388931591298,-0.006375518010838355,-0.009469937714503662,-0.00656552779194286,-0.005056115218140755,-0.006850406245021534,0.0027526222198863857,0.0026709282418260964,9.654064192201437,13.0,0.050615277440508206,0.0543181818181818,0.20945865196521635,0.5384615384615384,0.38461538461538464,0.07692307692307693,-0.43266553060745416,-0.3888888888888889,0.3625872486177415,0.15384615384615385,0.8461538461538461,0.0,63.58036849035442,22.839141110547384,12.507013856409696,10.440837277345347,1
2024-02-15,15606,0.0013474494706449125,-0.0003843197540354115,-0.005036659228562335,-0.006303724928366727,-0.0024545524277057584,-0.005673763383996833,0.002811949045814103,0.002684118010704667,9.655410734676707,19.0,0.1096094679749788,0.1539214285714285,0.16486749267826376,0.631578947368421,0.2631578947368421,0.10526315789473684,-0.3861100044266439,-0.3478260869565217,0.3336187050113663,0.10526315789473684,0.8947368421052632,0.0,58.01107936312309,19.31195519905022,10.461224759964114,10.403623149890228,1
2024-02-16,15654,0.003075740099961477,0.004427333974975856,0.0026902382782474366,-0.005084530316512015,0.0016380435617209255,-0.0028124333122055978,0.003181035736073303,0.0027186510198135352,9.658481754364784,8.0,0.22813539066014396,0.22967499999999996,0.27652352632645116,0.75,0.25,0.0,-0.0649779817883266,-0.1799242424242424,0.5977850838529131,0.5,0.5,0.0,48.63972119576261,29.81167054340642,10.033359867624938,7.139428117146306,0
2024-02-19,15630,-0.0015331544653123252,0.0015378700499808495,0.002887391722810495,-0.0035065349059610895,0.0008067924238350788,-0.0043127337125821175,0.0029932120906335327,0.00266060127869088,9.656947423415522,20.0,-0.10302714140455556,-0.12192222222222221,0.2721720947027513,0.3,0.55,0.15,-0.5677162819770578,-0.56875,0.2875844146533747,0.05,0.95,0.0,64.35152401844816,16.52750035487133,9.14533360922675,9.463629929204643,1
2024-02-20,15659,0.001855406269993587,0.0003194071802734566,0.003396129693707506,0.003010504739943576,0.0020605626231857688,-0.002557463302153229,0.0021354505947470204,0.00268951813595793,9.658801110545443,10.0,-0.05353275843165549,0.00011283422459889766,0.21753020477981608,0.5,0.5,0.0,-0.6013025957985636,-0.7377533783783784,0.30524574371904806,0.0,0.9,0.1,69.6907335843588,12.273172422041705,8.847358860599538,6.439428345775303,0
2024-02-21,15658,-6.386103838051937e-05,0.001791426743442015,0.0002555257442187209,0.004683991017003564,0.0010612860741365804,-0.0027164480451445927,0.0017811184422808018,0.0026892752347850114,9.65873724746786,14.0,-0.11130371309976572,-0.11702330827067665,0.2408612002496902,0.42857142857142855,0.5714285714285714,0.0,-0.5839374408812379,-0.6714285714285715,0.3221376771880323,0.07142857142857142,0.9285714285714286,0.0,76.9637346021603,13.773252378462814,8.00880801089611,9.573300579154749,0
2024-02-22,15630,-0.0017882232724485414,-0.0018519701130340627,0.0,0.0015378700499808495,-0.0010353951758255153,-0.004509324365637335,0.0021199721018434065,0.0027222220569472267,9.656947423415522,9.0,0.14979785860109388,0.10391,0.22115972140573004,0.6666666666666666,0.1111111111111111,0.2222222222222222,-0.1832655015156849,-0.1818181818181818,0.4598997557541341,0.2222222222222222,0.7777777777777778,0.0,44.6421547606201,31.816100822462957,6.706275498498574,9.266134321632636,0
2024-02-23,15589,-0.0026231605886116727,-0.004406693064248346,-0.004470272686633914,-0.004152293343554381,-0.002827316224445431,-0.00690876543642438,0.0017625561615314618,0.0027467777433715763,9.654320816312682,10.0,0.052902897585903164,0.045822619047619,0.29755192579343703,0.5,0.4,0.1,-0.24262992608042538,-0.42138599105812224,0.5949001245068091,0.4,0.6,0.0,63.73359233899121,37.46321207512095,13.582641338692493,8.499906597514208,1
2024-02-26,15635,0.002950798640066754,0.00031989763275741545,-0.001468897688082782,0.00031989763275741545,5.116987117981253e-05,-0.0037117869147563765,0.002356407769955196,0.002669075946727021,9.65726726989194,22.0,-0.02973500297593996,0.022553333333333248,0.26317594799683386,0.4090909090909091,0.45454545454545453,0.13636363636363635,-0.41462098879645876,-0.4725581395348837,0.4452486935812532,0.13636363636363635,0.7727272727272727,0.09090909090909091,57.488170755615414,20.323635145224443,11.947809577136006,9.884090942989495,1
2024-02-27,15655,0.0012791813239527716,0.004233754570530435,0.0015994881637875213,-0.0002554441535219665,0.0013816572210780809,-0.0020812549999521535,0.0022591081577724077,0.002581013099351021,9.658545633760506,10.0,0.016082675666438777,0.09633674242424234,0.17635402010958376,0.7,0.3,0.0,-0.42515067862893946,-0.498015873015873,0.3885321618830985,0.1,0.9,0.0,53.16607015754128,15.644700933309858,5.0180522726714045,7.813309726729328,1
2024-02-28,15673,0.0011497923985948066,0.0024304445155101106,0.005388414907947947,0.0009579767530973893,0.002340692230948349,-0.00043686642410489807,0.002321459601275656,0.0024069807632032068,9.659694765654068,9.0,-0.05326261294261295,-0.0543499999999999,0.24171067721110984,0.2222222222222222,0.5555555555555556,0.2222222222222222,-0.506260320838326,-0.6666666666666666,0.43214580068992686,0.1111111111111111,0.8888888888888888,0.0,62.17932321167719,14.868697510040327,8.441685002032065,5.238645348785903,1
2024-02-29,15715,0.0026797677534613484,0.0038326413286489114,0.005116725295810642,0.005438259756877839,0.003935247294517552,0.0025934089770867086,0.002225804475153137,0.002509481000340869,9.662370949231669,10.0,0.0847608134566958,0.1590367003367003,0.27216460041929724,0.6,0.3,0.1,-0.2903610803153486,-0.36666666666666664,0.43675125963034295,0.2,0.8,0.0,54.05302906403786,31.050939668232235,7.520391567133705,5.985035291152347,0
2024-03-01,15696,-0.0012090359529112193,0.0014674918649908442,0.0026189715745768005,0.006863814227981324,0.0013524893459566645,0.0017007725272586427,0.0016524664689224835,0.0024938621751659697,9.661161181805145,6.0,0.09945194276094271,0.09159999999999995,0.15002137136171545,0.5,0.16666666666666666,0.3333333333333333,-0.42718236117358926,-0.4951923076923077,0.34062967155196344,0.16666666666666666,0.8333333333333334,0.0,58.43425536410343,20.6241490577176,8.007980961295434,6.783032659866833,1
2024-03-04,15723,0.0017201834862385912,0.0005090677696468759,0.003190199706501584,0.005628397825391707,0.0019499885294793629,0.003680096518750009,0.0014355879717223576,0.0025303637389903853,9.662879887470275,22.0,-0.009756315051852472,-0.03580435897435895,0.2307912152257626,0.4090909090909091,0.45454545454545453,0.13636363636363635,-0.5047671594835671,-0.619360902255639,0.3747330996983369,0.13636363636363635,0.8636363636363636,0.0,64.39423083251286,17.44969604050439,10.67410657061965,10.99878744751439,1
2024-03-05,15756,0.0020988360999809608,0.003822629969419067,0.002608972319440017,0.006451612903225712,0.002762114481371647,0.005847654554276049,0.0015029591707674465,0.0025557918554792117,9.664976524090797,15.0,-0.011385804784585712,-0.0509545454545454,0.156325829905187,0.3333333333333333,0.5333333333333333,0.13333333333333333,-0.5422923317707439,-0.65,0.2757052728311703,0.06666666666666667,0.9333333333333333,0.0,53.21319616600405,14.285797631393462,9.37448905394044,10.872565857625329,0
2024-03-06,15723,-0.0020944402132521134,0.0,0.0017201834862385912,0.003190199706501584,2.544108480773133e-05,0.003628843078867572,0.0021419468046966683,0.002269780388838039,9.662879887470275,8.0,-0.001420569609143392,-0.02194615384615385,0.2833262016046139,0.375,0.5,0.125,-0.4810894170128173,-0.5045422781271838,0.3330675657492282,0.125,0.875,0.0,66.98900608907866,19.551377817801054,12.439713525850312,7.593683810460535,0
2024-03-07,15658,-0.004134071106023041,-0.0062198527545062055,-0.004134071106023041,-0.003627107858733658,-0.0033861194561841668,-0.00037028051941412343,0.0026307977559128287,0.002445507333223314,9.65873724746786,7.0,-0.07022833597883599,-0.0379555555555555,0.31443716559013624,0.2857142857142857,0.42857142857142855,0.2857142857142857,-0.5211830215917279,-0.631578947368421,0.3773647490585254,0.14285714285714285,0.8571428571428571,0.0,79.02269487677329,23.072326184334077,11.895995949657816,7.458854991849544,0
2024-03-08,15603,-0.0035125814280240197,-0.007632131272657938,-0.009710586443259728,-0.0059250764525994315,-0.005709697564457161,-0.0034648485525874406,0.002922559071298516,0.0025083698966191876,9.655218482441182,10.0,-0.034669706801459386,0.028115000000000046,0.3276867262515108,0.5,0.4,0.1,-0.38933363858363856,-0.4738095238095238,0.3465380484767733,0.1,0.7,0.2,74.67831498600758,21.617440303929452,5.940236828750057,9.786992118447884,0
2024-03-13,15576,-0.0017304364545279727,-0.005236939583599387,-0.009349360809005947,-0.009349360809005947,-0.00556718933551259,-0.004842893469121701,0.0024313319449689127,0.00244836036001571,9.653486547052035,48.0,-0.02821306021809553,-0.027180714285714253,0.2020537768907694,0.3958333333333333,0.4375,0.16666666666666666,-0.509261626627919,-0.5539772727272727,0.27233915348605975,0.041666666666666664,0.9375,0.020833333333333332,64.38266514103067,16.205534348681976,8.308519875095493,8.066715266627815,1
2024-03-14,15582,0.00038520801232655444,-0.0013458950201884479,-0.0048537488823604535,-0.011043412033511002,-0.002968953955619247,-0.0043641335948830795,0.0017590440612451693,0.0022313262752872254,9.653871680890804,16.0,0.045937715184157596,0.0500380392156862,0.14408656919423168,0.5,0.125,0.375,-0.49412206162717504,-0.5611888111888111,0.23770238744238656,0.0,0.9375,0.0625,54.04766348737166,15.92184429285978,10.456339980533139,8.52580812047242,1
2024-03-15,15624,0.0026954177897573484,0.0030816640986133237,0.0013458950201883368,-0.006296508299942771,0.00098663557269707,-0.001804852337523366,0.002824347493831398,0.002279461998874707,9.656563472556515,10.0,0.056492702191083745,0.0613308612440191,0.10392867442860235,0.7,0.2,0.1,-0.4148015943751238,-0.49,0.26233120172784763,0.0,0.9,0.1,52.606432256225716,19.639510408483744,10.118850914606817,8.400075918602694,1
2024-03-18,15672,0.003072196620583778,0.005775895263765873,0.006163328197226425,0.0008941116362242152,0.0038817787001805826,0.001050745582237722,0.0028292730559740615,0.0023592753234999496,9.659630959624376,15.0,-0.003957388411851773,0.0430968749999999,0.2726301501693701,0.4,0.4,0.2,-0.5727044117376513,-0.5882352941176471,0.21318229954256296,0.0,1.0,0.0,66.59709532679761,14.092355281654847,6.117864122632657,4.5610035028225555,1
2024-03-19,15712,0.002552322613578406,0.005632360471070186,0.008342959825439644,0.006985836057168404,0.005040554716884582,0.0034198787236283668,0.002039087016080495,0.002328559324977476,9.662180030594246,9.0,0.025830629471241633,0.1281233333333333,0.25019087011308816,0.5555555555555556,0.4444444444444444,0.0,-0.3864382969975081,-0.4827586206896552,0.3475091682219482,0.1111111111111111,0.8888888888888888,0.0,59.05262413090702,20.64275720162073,9.507153467590987,8.750106065812462,1
2024-03-20,15727,0.0009546843177188347,0.003509443593670225,0.006592421915002644,0.009694401643554285,0.004060421109082446,0.004066831382914193,0.0011848382368877582,0.002298054079829235,9.663134259490725,8.0,0.0714092139048291,0.0629290043290043,0.06262758409474584,0.5,0.0,0.5,-0.539741409337994,-0.532051282051282,0.22714437839257406,0.0,1.0,0.0,75.91020384386738,19.594495004575357,15.227403536572849,9.622285868158608,0
2024-03-21,15662,-0.0041330196477396,-0.0031822810590631523,-0.000638080653394546,0.005134129123347542,-0.0011097363419518835,-9.257219833436192e-05,0.0029968349896186343,0.002470050356652781,9.658992675310882,14.0,0.05332365398344344,0.0154549999999999,0.14582087678806818,0.42857142857142855,0.21428571428571427,0.35714285714285715,-0.42714196517767944,-0.43181818181818177,0.2564516006876366,0.0,0.9285714285714286,0.07142857142857142,59.87787403627066,19.022737472651237,9.200082810314596,6.650535080456672,1
2024-03-22,15773,0.007087217469033291,0.002924906212246503,0.0038823828920571124,0.009536610343061858,0.004061314389020465,0.0066244607254997145,0.004061942868239625,0.002932674741958291,9.666054896487474,9.0,0.1230343532623442,0.1044142857142857,0.2190359485525,0.5555555555555556,0.2222222222222222,0.2222222222222222,-0.28727515758775607,-0.4166666666666667,0.4535030920189167,0.2222222222222222,0.6666666666666666,0.1111111111111111,65.4986443355261,27.34218917191097,11.731082514270202,9.946863264490268,1
2024-03-25,15795,0.0013947885627338952,0.008491891201634516,0.004323774400712077,0.00784839203675336,0.003889715135568128,0.007498030610845419,0.004010560580296167,0.002895518536922341,9.667448713236185,12.0,0.06623222914340558,0.1200416666666666,0.35258187108773525,0.6666666666666666,0.25,0.08333333333333333,-0.5366602238538513,-0.53125,0.27934265660972646,0.0,0.9166666666666666,0.08333333333333333,60.9455039220729,13.805084702140698,8.147412346614662,11.743371256111795,1
2024-03-26,15797,0.0001266223488445295,0.0015215875229823705,0.008619588813689294,0.005409877800407248,0.0029331843461919416,0.006957613694674514,0.0040089205791388445,0.002801721715544482,9.667575327569097,12.0,-0.03055492243867243,-0.0115434523809524,0.22198496129151518,0.3333333333333333,0.4166666666666667,0.25,-0.4241620850980234,-0.5833333333333333,0.36042057129562716,0.08333333333333333,0.6666666666666666,0.25,59.993769517822216,22.061331798054187,8.298576858844031,5.792455437695717,1
2024-03-27,15853,0.003544976894346963,0.0036720481164924657,0.005071958409941013,0.008011699624848934,0.004880831643002015,0.009825623059160682,0.004152495443606046,0.0028302222291435846,9.671114035843228,8.0,0.001246832579185511,-0.01187830882352945,0.1619030750016133,0.375,0.375,0.25,-0.4559326362779438,-0.5555555555555556,0.34437943380958036,0.125,0.875,0.0,79.72973459278501,24.345701234707878,11.098693669526018,9.66819472496938,1
2024-03-28,15873,0.0012615908660822406,0.004811040070899608,0.004938271604938205,0.01347209807176597,0.0034643638340645655,0.0103980674298918,0.0027547729036005533,0.002830034312125178,9.672374831572242,6.0,0.040172039341377544,0.11470282051282045,0.3706663239090562,0.5,0.3333333333333333,0.16666666666666666,-0.385867328609115,-0.3834033613445378,0.4287596041182765,0.16666666666666666,0.8333333333333334,0.0,63.5572104798081,24.18193730310396,11.753559944027595,8.249597245708854,1
2024-04-01,15909,0.002268002268002167,0.0035324544250299184,0.007089953788694148,0.008622329296899656,0.004013783179976471,0.011929561204596206,0.0012733418307996785,0.002850453793951219,9.67464026580524,23.0,0.07676963602396467,0.09968,0.2591415785680707,0.5217391304347826,0.30434782608695654,0.17391304347826086,-0.31718751002277323,-0.4444444444444444,0.4497458206273354,0.2608695652173913,0.6956521739130435,0.043478260869565216,51.264634143484805,21.945412175160094,9.020691735918053,8.290233886328819,1
2024-04-02,15934,0.0015714375510718082,0.003843003843003734,0.005109443007632608,0.008800253244697798,0.0038303555678753654,0.012814319493529291,0.0012645106767734642,0.0028216187489410443,9.676210469940312,8.0,0.018930349736048246,0.1217826923076923,0.3077503066529394,0.625,0.375,0.0,-0.5546546052631579,-0.5757142857142856,0.3771350359477423,0.125,0.875,0.0,82.22042732049121,20.08235328710219,7.63385428492545,8.384494908237007,0
2024-04-03,15923,-0.00069034768419729,0.0008800050286001948,0.0031500031500031334,0.007976198012280777,0.0015473255170332934,0.011385470424771782,0.0015483699501846026,0.0028055252453960374,9.675519883856426,10.0,-0.10446297909345556,-0.1875558333333333,0.2402354059266034,0.3,0.6,0.1,-0.6250088143681266,-0.6388888888888888,0.2296817637708902,0.0,1.0,0.0,88.28214032647655,12.871791180827742,12.27730837740979,11.446165175215429,0
2024-04-04,15907,-0.0010048357721534895,-0.0016944897703025097,-0.00012571500408575798,0.0034062953384217387,-0.00013828476604738071,0.009779120736115976,0.0014466493668860722,0.0028206231719954595,9.674514542898361,1.0,-0.0008045454545454,-0.0008045454545454,0.0,0.0,0.0,1.0,-0.8275862068965517,-0.8275862068965517,0.0,0.0,1.0,0.0,89.96539792387544,6.920415224913495,10.380622837370243,10.380622837370243,0
2024-04-05,15873,-0.0021374237756962566,-0.0031401117879796825,-0.003828291703276032,0.0,-0.0022754129685967905,0.007246744675990513,0.0018485194196112891,0.0028598006123592037,9.672374831572242,7.0,-0.06805274594453163,-0.0042571428571428,0.26874237090432557,0.42857142857142855,0.2857142857142857,0.2857142857142857,-0.4818488529014845,-0.45,0.2418248345940765,0.0,1.0,0.0,67.00720014261448,21.62855209927643,10.613628853670585,7.043899055406622,1
2024-04-16,16176,0.019089019089019166,0.01691079399006723,0.01588896564717701,0.01678295304544597,0.013368749451843742,0.025000871276086745,0.008892125981294961,0.0050111361580636666,9.691283941260252,81.0,-0.061946432578332156,-0.0444666666666666,0.23750361455085275,0.345679012345679,0.49382716049382713,0.16049382716049382,-0.5714968126472304,-0.65625,0.3209008606017693,0.06172839506172839,0.9135802469135802,0.024691358024691357,73.23668081715054,16.409778968042158,8.677288221106599,7.645694809838465,1
2024-04-17,16240,0.003956478733926794,0.023121023121023043,0.02093417992078961,0.019204217396761702,0.013492430010359602,0.0271622429327254,0.00883561254289099,0.0048624253147936565,9.69523261371567,11.0,-0.039826518904156366,-0.0720384615384615,0.2816443170740176,0.2727272727272727,0.5454545454545454,0.18181818181818182,-0.4653103047651111,-0.56,0.41640459134505586,0.18181818181818182,0.8181818181818182,0.0,64.74572077183781,19.399551223400717,5.689773467470096,9.46077505708081,0
2024-04-18,16177,-0.00387931034482758,6.181998021759227e-05,0.01915201915201914,0.01595176788293662,0.006370298483321601,0.02132361065075683,0.009345031361202887,0.0048843051112340205,9.691345759329694,6.0,0.14146230718954247,0.12255392156862745,0.1534828610253502,0.8333333333333334,0.16666666666666666,0.0,-0.4589284131766851,-0.4591733870967742,0.2012539904078016,0.0,1.0,0.0,74.72317645416051,22.720188322019784,9.748801618371779,2.6507973363944677,1
2024-04-19,16280,0.006367064350621288,0.0024630541871921707,0.006429277942631151,0.023448796127490956,0.008099472419686338,0.0255473417976686,0.009092971974123603,0.004910121071972872,9.697692639556532,6.0,0.005403968253968228,0.02376071428571425,0.22683350167520963,0.5,0.3333333333333333,0.16666666666666666,-0.5384059696753195,-0.4807692307692307,0.24401011221408683,0.0,1.0,0.0,67.6530734348239,17.46318094902448,4.598617866374267,5.746496066392012,0
2024-04-22,16224,-0.003439803439803435,0.002905359460963153,-0.0009852216748768017,0.02211302211302213,0.000283610984376681,0.019957187447938063,0.009352019652339246,0.005057788507865152,9.69424690639091,20.0,-0.06828058729989617,-0.06957674825174825,0.2905549997545387,0.45,0.55,0.0,-0.5302402538191948,-0.5889423076923077,0.3351397135457658,0.05,0.95,0.0,60.58112364928401,16.002623090826248,8.173110492265794,9.53376287980836,1
2024-04-23,16244,0.0012327416173569805,-0.0022113022113021685,0.004141682635840915,0.004203758654797163,0.0006776319842296541,0.0192281749704315,0.00450009603485478,0.005058278701462597,9.69547888880619,12.0,-0.009494489075953858,0.0015394230769230494,0.2265365254622307,0.4166666666666667,0.3333333333333333,0.25,-0.5074694815972826,-0.6180555555555556,0.34607995999608293,0.0,0.8333333333333334,0.16666666666666666,68.9438546080131,19.32649854079349,7.931973217515676,7.660814544132433,0
2024-04-24,16161,-0.0051095789214479215,-0.0038831360946746107,-0.007309582309582341,-0.004864532019704382,-0.0034654564289766654,0.012467109384788788,0.004753541419949721,0.0052891537360552935,9.690356211348643,9.0,-0.006823814333814335,0.0573928571428571,0.18423698441507894,0.5555555555555556,0.4444444444444444,0.0,-0.6092264298881945,-0.66,0.19670923198367768,0.0,1.0,0.0,82.55216984456312,17.843762637881465,3.496635954377707,8.002328123683409,1
2024-04-25,16208,0.002908235876492693,-0.002216202905688247,-0.0009861932938856066,0.001916300921060765,-0.000949246150621974,0.013836415042409955,0.004682140838286026,0.005293298486993672,9.693260226488464,7.0,0.0018268404095781415,0.0129333333333333,0.12732162232126243,0.42857142857142855,0.2857142857142857,0.2857142857142857,-0.4313650739402619,-0.4772727272727273,0.1867430906944014,0.0,1.0,0.0,63.584819576214336,23.60463233330974,10.844825101804348,6.963192877063256,1
2024-04-26,16222,0.0008637709772951752,0.003774518903533197,-0.0013543462201428547,-0.003562653562653617,0.0006291713443293823,0.01314363693708609,0.0033967170431797437,0.0052938922868347215,9.69412362463029,9.0,0.08166133407810824,0.13152,0.14204899847721647,0.5555555555555556,0.1111111111111111,0.3333333333333333,-0.4004578754578754,-0.3888888888888889,0.35568069698083216,0.1111111111111111,0.8888888888888888,0.0,60.311218412905,18.88672935798431,7.623295395723354,10.633078431279223,1
2024-04-29,16249,0.0016644063617310412,0.00252961500493587,0.005445207598539614,0.0015409270216961701,0.0019855951852401077,0.01297308754496318,0.0031271064099449523,0.005121448870962278,9.695786647402777,11.0,-0.07550668435127167,0.0170055555555555,0.2172815574390977,0.36363636363636365,0.36363636363636365,0.2727272727272727,-0.5528598134253142,-0.631578947368421,0.2920825745658532,0.09090909090909091,0.9090909090909091,0.0,71.21930541904227,16.275026442346118,10.050369789803051,8.202036455766393,1
2024-04-30,16276,0.0016616407163518865,0.0033288127234618603,0.004195459032576565,0.001969958138389627,0.0032545983529759237,0.013067928955779573,0.003164341353379711,0.0049711347908288454,9.697446909121581,7.0,0.01546760621792578,-0.0884375,0.3059282564409326,0.42857142857142855,0.5714285714285714,0.0,-0.4179755630842587,-0.5625,0.34392962181092984,0.14285714285714285,0.8571428571428571,0.0,67.85243960850735,21.834780603495705,10.696712253980325,5.801358298409386,0
2024-05-02,16202,-0.004546571639223451,-0.0028924856914271935,-0.0012328936012822034,0.0025369717220469212,-0.0018113040156733096,0.007186194549433145,0.0029199544480350437,0.005156990275968968,9.692889970390437,8.0,-0.01972355445795554,-0.0095328629032258,0.18644103864567896,0.25,0.25,0.5,-0.4304769163763066,-0.5254464285714285,0.45263092924763937,0.25,0.75,0.0,72.21577972941154,19.844939073293578,6.858940931034032,9.134870489159361,0
2024-05-03,16094,-0.006665843722997167,-0.011182108626198062,-0.009539048556834295,-0.007033563672260601,-0.007070320693952636,-0.000450275599720551,0.0039216963909647655,0.00545251818016656,9.686201810706079,8.0,-0.18332574639724308,-0.14109821428571426,0.24300896070949732,0.125,0.75,0.125,-0.6677460048802124,-0.6881720430107527,0.14895814478379757,0.0,1.0,0.0,99.60036545595213,16.080659883943365,7.630728581919329,5.417441838235213,0
2024-05-06,16025,-0.004287312041754698,-0.010924577212689801,-0.015421479478987421,-0.01214400197262977,-0.008918190139277193,-0.00526696400028559,0.0038528376109431377,0.005536630958690291,9.68190528178887,14.0,-0.07076040959078732,-0.09773195402298845,0.2580022783813531,0.42857142857142855,0.5,0.07142857142857142,-0.5714155890525053,-0.6583333333333333,0.3868572165296822,0.07142857142857142,0.9285714285714286,0.0,76.26851068502982,13.923329751119551,8.956202620580823,9.170038197377945,1
2024-05-07,16054,0.0018096723868954445,-0.002485398285075213,-0.009134674731514636,-0.01200073850698502,-0.004724057978202412,-0.004026329340091395,0.0038918261990203767,0.005541670798356543,9.683713318691522,6.0,-0.10681404625165493,-0.1093528571428571,0.2140187970479056,0.16666666666666666,0.5,0.3333333333333333,-0.5585796387520525,-0.6964285714285714,0.34035375124276135,0.16666666666666666,0.8333333333333334,0.0,58.462596772610134,17.423839363300548,19.28033011967332,16.455659487014966,1
2024-05-08,16081,0.0016818238445246436,0.0034945397815913104,-0.0008077544426494665,-0.011980830670926479,-0.0006338868449836665,-0.0028832739110215,0.003897106399836451,0.0055338266786468,9.685393729854024,7.0,0.0009530864093889273,-0.004335294117647,0.23603708259443618,0.42857142857142855,0.2857142857142857,0.2857142857142857,-0.5832653515951834,-0.6875,0.20883247879934438,0.0,1.0,0.0,63.69333544192558,13.88576132269292,7.9278327440385095,5.625287899091147,1
2024-05-13,16085,0.00024874074995340223,0.0019309829326024097,0.0037441497659906897,-0.007221330699913597,0.001070463909184971,-0.0031019426651915927,0.003826702077516101,0.005528907047589243,9.685642439673126,20.0,-0.07759949410506044,-0.1223142857142857,0.22669529611705608,0.35,0.55,0.1,-0.5413730757332806,-0.5741176470588236,0.31441508596284296,0.05,0.95,0.0,72.91705307995471,19.249659556694194,10.142993951043957,8.869959629474296,1
2024-05-14,16131,0.0028598072738577063,0.0031092593744170838,0.004796312445496387,0.00229899341369455,0.003471185428486123,-0.0008949889907063913,0.0028131438676916734,0.005546110658600665,9.688498165477787,9.0,-0.044914984731412706,-0.0970764705882353,0.1876497819744373,0.3333333333333333,0.6666666666666666,0.0,-0.49759424475308733,-0.6153846153846154,0.3180264827533577,0.0,0.8888888888888888,0.1111111111111111,68.09066386235293,15.190475838899987,13.520153661963613,9.805288469127394,0
2024-05-15,16070,-0.0037815386522843664,-0.000932545850170996,-0.0006840370623717451,0.0028081123244929618,-0.0008828539809254687,-0.0051753169572108515,0.002600723697749952,0.005624279142798635,9.684709458731557,11.0,0.19136166501936838,0.2141629629629629,0.1275014237837537,0.8181818181818182,0.0,0.18181818181818182,-0.3733864128388747,-0.55,0.4739394726071635,0.09090909090909091,0.8181818181818182,0.09090909090909091,56.525221019593396,20.33905533353538,7.142733380270349,11.47490726117449,0
2024-05-16,15944,-0.00784069695084011,-0.011592585704544023,-0.008765930991607052,-0.006851874922137791,-0.0073588923061598255,-0.013192301860167177,0.004402004994425793,0.005903993074675684,9.676837861892631,8.0,-0.03069684669840153,-0.007397023809523801,0.16755240412861094,0.375,0.5,0.125,-0.5733815059262002,-0.6196120689655172,0.22996696559921043,0.0,1.0,0.0,57.19779516728564,12.859308641842642,6.911359321048492,8.99790572106403,1
2024-05-17,15978,0.0021324636226793814,-0.005724953329184768,-0.009484842849172392,-0.006405074311298997,-0.003964691801316644,-0.010481660963941208,0.004483869147372559,0.0039483034980069736,9.678968055041988,13.0,0.0529297744306975,0.0659458333333333,0.19423463097279864,0.5384615384615384,0.23076923076923078,0.23076923076923078,-0.3926086138706638,-0.3888888888888889,0.39897685104287606,0.07692307692307693,0.9230769230769231,0.0,52.12485196907947,17.587922894381922,9.091209899278608,8.022394517051765,1
2024-05-20,15980,0.00012517211165352649,0.002257902659307476,-0.005600497822028649,-0.00652782095119675,-0.0025342371696440713,-0.009560407208268118,0.004473691560562963,0.0038055401444152203,9.679093219320265,9.0,-0.07008788897422473,-0.0063888888888888,0.22405736835520929,0.2222222222222222,0.4444444444444444,0.3333333333333333,-0.5507234066466092,-0.5833333333333334,0.2262479877953348,0.0,1.0,0.0,71.66878688969558,20.41294777015596,10.883516632931457,5.536237429138285,1
2024-05-21,16024,0.0027534418022527873,0.002878958568031109,0.005017561465127995,-0.006633190750728435,0.0015500775038752579,-0.006362159413639601,0.004449145760015677,0.0038120478462599365,9.681842877345654,11.0,-0.11532537857822854,-0.06339,0.26375966110748544,0.36363636363636365,0.5454545454545454,0.09090909090909091,-0.5207496664812978,-0.5454545454545454,0.25226969505715363,0.0,1.0,0.0,61.701850649047245,16.01585964662972,7.3450899211946,9.834944502559187,0
2024-05-22,15995,-0.0018097853220169213,0.0009386733416771875,0.0010639629490549751,-0.004667081518357152,0.0006756672213810155,-0.00728323304794154,0.004260033663109186,0.0034628842083110605,9.680031452383618,4.0,0.03868039772727273,0.016060795454545508,0.18700211487791935,0.5,0.5,0.0,-0.3723845598845599,-0.3181818181818181,0.41041156845084575,0.25,0.75,0.0,57.274582066967746,21.71080161265666,18.39776575540165,9.29940671905728,1
2024-05-27,16064,0.004313848077524218,0.0024962556165750716,0.005256570713391806,0.007526342197691882,0.003485713571794502,-0.0025055342190153373,0.002383990999550933,0.0035924639728037986,9.684336022491456,26.0,0.056138885391110706,-0.009539889705882352,0.2426939400214832,0.4230769230769231,0.46153846153846156,0.11538461538461539,-0.3639867822606198,-0.37857142857142856,0.3525555454063481,0.11538461538461539,0.8846153846153846,0.0,55.04749991480377,20.965568097316677,10.702940715443237,7.59056114571304,1
2024-05-28,16095,0.0019297808764939806,0.006251953735542326,0.004430853719420869,0.007322568531731077,0.003954689488260721,-0.0001180351496250509,0.0023723071640714107,0.003613369558420012,9.686263943732909,7.0,0.08969736099141132,0.1376181818181818,0.25323546184887047,0.5714285714285714,0.2857142857142857,0.14285714285714285,-0.3880842659644503,-0.5,0.37566209269669437,0.14285714285714285,0.7142857142857143,0.14285714285714285,41.577523577489536,18.5882261763173,7.93810672303708,6.189885315850451,1
2024-05-29,16160,0.004038521279900564,0.005976095617529875,0.01031572366364486,0.01126408010012514,0.005750703278647684,0.0039231278169331585,0.0024645491975673972,0.0035718496887061513,9.690294332075087,5.0,-0.08670751102354816,-0.021990909090909,0.2562043733557316,0.4,0.4,0.2,-0.5950927458899704,-0.5806451612903226,0.19498026654653758,0.0,1.0,0.0,79.99646456475696,18.179882641089904,12.921631917823344,12.600545962201712,1
2024-05-30,16253,0.005754950495049593,0.009816713264989119,0.011765438247012039,0.014291063404892723,0.008663596757977787,0.009559540595436955,0.0029391525551566385,0.003746180959225959,9.696032786103176,9.0,0.11184606983970065,0.1904090909090909,0.21120546635076584,0.6666666666666666,0.3333333333333333,0.0,-0.39539216707799085,-0.3636363636363636,0.4773960991279184,0.1111111111111111,0.7777777777777778,0.1111111111111111,61.794812018973715,17.56895270260082,13.89155573241104,8.824687879762438,0
2024-05-31,16251,-0.0001230542053775041,0.005631188118811803,0.00969245107176131,0.016005001562988452,0.005345013176942137,0.00934440127821734,0.0022981631677483822,0.0037427172431622763,9.69590972432601,7.0,-0.014315227783830178,-0.0568294117647058,0.2098326285001571,0.2857142857142857,0.5714285714285714,0.14285714285714285,-0.4660219982301864,-0.3888888888888889,0.41155700220547764,0.14285714285714285,0.7142857142857143,0.14285714285714285,81.50573221159343,18.757938384860392,8.940292830207133,9.894965508178194,0
2024-06-03,16225,-0.001599901544520388,-0.0017227588752846135,0.004022277227722748,0.01002241035856577,0.0017410846586980444,0.007804662921173877,0.0029885951225353423,0.0037418960796300926,9.69430854157229,23.0,0.04036204094244793,0.0358925925925925,0.2131575184694966,0.4782608695652174,0.34782608695652173,0.17391304347826086,-0.5349759490741062,-0.625,0.3419210979669308,0.08695652173913043,0.9130434782608695,0.0,67.44392044955343,17.84542709134748,11.291631622989783,8.0440924875763,0
2024-06-04,16220,-0.00030816640986131016,-0.0019075749184666035,-0.002030394388728207,0.00776638707673194,-0.0001109617921561945,0.007669345294488705,0.0031641779676867547,0.003719853853220575,9.694000327669404,6.0,0.024031580988455998,0.013976428571428542,0.36723152925454733,0.5,0.5,0.0,-0.3093681917211329,-0.34325396825396826,0.5643867229190462,0.16666666666666666,0.6666666666666666,0.16666666666666666,55.87973588418286,29.155226093898076,6.3346182869750285,7.777625018206369,1
2024-06-05,16282,0.0038224414303329457,0.0035130970724190913,0.0019075749184664925,0.007549504950495001,0.0022035922246432804,0.011269801342190133,0.003122942124002303,0.003671516968455572,9.697815482133922,9.0,0.11922625537698665,0.1579192307692307,0.27176782435291924,0.7777777777777778,0.2222222222222222,0.0,-0.3192986340710763,-0.4242424242424242,0.4254639592342333,0.2222222222222222,0.7777777777777778,0.0,69.17063093382917,27.635641511948965,6.432515521307261,8.617670310007641,0
2024-06-06,16279,-0.0001842525488269242,0.0036374845869298067,0.0033281972265022386,0.0015997046699069983,0.001698315222073088,0.010502923686203536,0.002049284547484357,0.003295488084408516,9.69763121260851,9.0,0.1540230880681685,0.0892310344827586,0.17770196037143968,0.6666666666666666,0.0,0.3333333333333333,-0.4232936075664834,-0.5,0.3217585349799499,0.1111111111111111,0.8888888888888888,0.0,53.65492562698998,17.699302462188015,7.81380526075437,10.329043287516296,0
2024-06-07,16218,-0.003747158916395321,-0.00393072104164105,-0.00012330456226883335,-0.002030644268045001,-0.0016497586920121154,0.00611373216828115,0.00276256993002391,0.0032554977097282085,9.693877015504503,14.0,0.056444985230048476,0.09982692307692304,0.23466368957967898,0.5714285714285714,0.21428571428571427,0.21428571428571427,-0.38536119981589473,-0.3961352657004831,0.3918245313938441,0.21428571428571427,0.7142857142857143,0.07142857142857142,55.66909738422551,20.030210968626324,8.66458724708566,10.65025859884123,1
2024-06-10,16290,0.004439511653718142,0.0006757171816451635,0.0004913401302051312,0.004006163328197143,0.0019805877794043525,0.00984114684230919,0.003363574632371003,0.003358255856845378,9.69830670159609,17.0,0.17847083465896388,0.2120176470588235,0.1916617831931645,0.7058823529411765,0.17647058823529413,0.11764705882352941,-0.353848473321148,-0.3695652173913043,0.2636877602432215,0.058823529411764705,0.8823529411764706,0.058823529411764705,43.439949845261864,17.752806599139404,7.439621235346296,9.292873840502113,1
2024-06-11,16295,0.0003069367710251125,0.00474781107411526,0.000982861355120157,0.0046239210850802515,0.0013642397128952322,0.009481506261634909,0.0033237193088628235,0.0033519266297046034,9.698613591271663,9.0,0.1711366401600428,0.2186103448275862,0.1791289741647252,0.7777777777777778,0.2222222222222222,0.0,-0.28843231064045416,-0.3428571428571428,0.2059771672499622,0.1111111111111111,0.8888888888888888,0.0,57.041056130633734,29.972588830652537,10.776377065712728,10.838624964983817,1
2024-06-12,16297,0.00012273703590048868,0.00042971147943515753,0.004871130842273974,0.0009212627441346211,0.0013025473402230592,0.008942860415228626,0.0029033516501648935,0.003352871553156426,9.69873632077599,10.0,-0.0025203280812324895,0.01344619047619045,0.11827018139662918,0.2,0.4,0.4,-0.5739885489822995,-0.7029411764705882,0.2791041184972564,0.1,0.9,0.0,65.30267969951453,13.5741076155211,12.720149976760597,10.332496197972716,0
2024-06-13,16286,-0.0006749708535312982,-0.0005523166615526431,-0.00024554941682009,0.0004300018428651242,0.0005406335241933125,0.007778320947012141,0.0029272577664345534,0.003323863126203469,9.698061122027077,10.0,0.08062301345535554,0.12881425438596483,0.16342225990714332,0.6,0.4,0.0,-0.35501261949432683,-0.35119047619047616,0.31890834236554627,0.1,0.9,0.0,48.45432303527263,19.4883898111329,4.901371644300492,7.948766721408447,1
2024-06-14,16374,0.005403413975193505,0.004724795974719198,0.0048481129180730775,0.009618941916389234,0.004022466949547443,0.012271645389632546,0.002786041620495936,0.003338056712335937,9.703449989936393,11.0,0.00150226754525669,0.0425444444444444,0.33520618717520473,0.45454545454545453,0.36363636363636365,0.18181818181818182,-0.5399989435030004,-0.72,0.5111651637037514,0.18181818181818182,0.8181818181818182,0.0,87.93134667279479,18.399869492771234,8.494089302428371,11.324631040729235,0
2024-06-19,16368,-0.0003664345914253797,0.005034999385975736,0.004356630054611177,0.0047882136279926435,0.0026954177897573484,0.010576228490988937,0.002515152738282543,0.0026505356961903947,9.703083488191409,36.0,0.053756850978059365,0.0556508928571428,0.21165384555206393,0.5,0.2777777777777778,0.2222222222222222,-0.45201213541207313,-0.41666666666666663,0.2928958215210055,0.027777777777777776,0.9444444444444444,0.027777777777777776,56.111948358462335,17.404781424897834,12.122332943327581,7.644144154428073,1
2024-06-20,16420,0.003176930596285432,0.002809331867595022,0.008227925825862625,0.007671064743786538,0.004342773258303234,0.01240535674649168,0.0026530378163652033,0.002677610508198486,9.70625538300642,9.0,0.004344213859456843,0.06437,0.26104088298656086,0.5555555555555556,0.3333333333333333,0.1111111111111111,-0.4149151503419796,-0.4761904761904761,0.4271851067493361,0.2222222222222222,0.7777777777777778,0.0,75.80702401531205,22.51500755126694,6.089070465399159,8.032888397872691,1
2024-06-21,16458,0.0023142509135201106,0.005498533724340282,0.005130084279955982,0.009879118856231273,0.004688301223353619,0.013255185406367165,0.0025405864018731867,0.0026688305406641494,9.708566960165658,8.0,0.1472281739683014,0.26097656249999995,0.25009024589898127,0.75,0.25,0.0,-0.4155240364244101,-0.3421602787456446,0.2940327842706478,0.0,1.0,0.0,57.28837189555023,23.723486910951966,9.368701489400603,13.667361997597112,0
2024-06-24,16431,-0.0016405395552314683,0.0006699147381241666,0.0038489736070381753,0.00890335257276198,0.0012675043570462563,0.010327091166786095,0.0028139478328045183,0.0027382763710012783,9.706925073451831,13.0,0.02438301613499418,0.1084857142857142,0.25605469915218126,0.6153846153846154,0.23076923076923078,0.15384615384615385,-0.45312291078289657,-0.4565217391304347,0.2322347838242508,0.07692307692307693,0.9230769230769231,0.0,57.3015517993246,19.140838934717493,11.317418593659756,7.4350384510543455,0
2024-06-25,16379,-0.003164749558760893,-0.004800097217158794,-0.0024969549330084995,0.0003053621595212608,-0.001962074680705861,0.005942053463126928,0.0026584543798199734,0.0028332966678464556,9.70375530548238,8.0,-0.08147593295723463,-0.104768125,0.17713980982089156,0.25,0.625,0.125,-0.5103328004232609,-0.6354166666666666,0.41874985764395617,0.125,0.875,0.0,72.09648103524152,16.85337902775531,5.2043564176480075,7.110172505113453,1
2024-06-26,16435,0.0034190121497039705,0.0002434422737507269,-0.0013974966581601356,0.004093352883675516,0.0006331965466435108,0.008232724774244193,0.0030197371955420923,0.002788086716180766,9.70716848609832,15.0,0.0913292774783708,0.1222222222222222,0.20941892928451686,0.6,0.13333333333333333,0.26666666666666666,-0.27833757922725694,-0.1666666666666666,0.43746076666829736,0.26666666666666666,0.6666666666666666,0.06666666666666667,55.590994149518274,21.74637402098424,6.9442324632416765,5.363802097310539,0
2024-06-27,16421,-0.0008518405841192456,0.002564259112277867,-0.0006086056843770393,6.0901339829388945e-05,-0.00023135745945146446,0.006367553057835096,0.0027602936571769214,0.002816166680937001,9.706316282491837,9.0,0.1065628995109828,0.1573055555555555,0.2157994551012784,0.7777777777777778,0.2222222222222222,0.0,-0.21373204232282822,-0.2272727272727272,0.30000071073436363,0.2222222222222222,0.6666666666666666,0.1111111111111111,45.92169265269152,23.820180029960518,12.352461003211806,9.27150539041563,0
2024-06-28,16394,-0.0016442360392180388,-0.002494675996349227,0.0009158068258134922,-0.003888686353141324,-0.0010967584694125954,0.003992944980647728,0.0024905453488807423,0.00278064743423117,9.704670693212975,11.0,-0.014507736588340566,0.0296888888888888,0.16811260803552724,0.36363636363636365,0.36363636363636365,0.2727272727272727,-0.5443476495887487,-0.5945945945945946,0.20275895492464388,0.0,1.0,0.0,67.38369473130979,17.36009705583625,12.256209568810435,12.634003708368482,0
2024-07-01,16355,-0.0023789191167500334,-0.004019243651421922,-0.004867660480681435,-0.004625403201265921,-0.0025492779078843952,0.001291791917423346,0.0025750460956959387,0.0025945004917077006,9.702288939972485,17.0,0.037189638192884705,0.0274642857142857,0.22347383248020072,0.47058823529411764,0.23529411764705882,0.29411764705882354,-0.35413666356758916,-0.3243243243243243,0.3347263666326227,0.11764705882352941,0.8823529411764706,0.0,69.63531518216139,28.58963532342532,15.35545194272715,17.175100973087723,1
2024-07-02,16384,0.001773158055640378,-0.0006099792607051624,-0.002253212350039613,0.0003052689419378307,-0.0008415763090170447,0.002659029224842513,0.00244448431879193,0.0026121960065224868,9.704060527839234,3.0,0.058251083591331264,0.1308058823529412,0.1282519628984655,0.6666666666666666,0.3333333333333333,0.0,-0.25914423740510695,-0.1904761904761904,0.21491324816128315,0.0,1.0,0.0,50.14545550539848,29.248963860510543,18.13230907315013,23.16464718460442,1
2024-07-03,16387,0.00018310546875,0.0019565881993273138,-0.000426985482493647,-0.0029205962884089054,-7.322341684878886e-05,0.0023457594357945144,0.0016249783268580957,0.0025700454830506407,9.704243616546224,8.0,0.14503773483256938,0.10509132352941175,0.18252366437999382,0.75,0.25,0.0,-0.4018462430464328,-0.3944444444444445,0.3563730901878552,0.25,0.75,0.0,45.666817013055315,17.074852286905358,9.149931794553641,9.548742380835037,0
2024-07-04,16341,-0.0028071031915543054,-0.00262451171875,-0.0008560073372056998,-0.004871810486572037,-0.0019056693663649371,-0.0008376796884076443,0.0019150097023593517,0.0026701977423344648,9.701432566051784,8.0,0.12958071123321122,0.08817413461538455,0.23190610653623994,0.75,0.125,0.125,-0.5130885690676712,-0.5643939393939394,0.23164501911456511,0.0,0.875,0.125,63.68961774138868,17.532280276493964,14.015430006196103,11.812236578670042,0
2024-07-05,16312,-0.0017746771923382587,-0.004576798681881988,-0.00439453125,-0.005001829937782087,-0.0026779491067387973,-0.0027023391741358704,0.0019272587296446473,0.0025817146506706165,9.699656312254291,8.0,0.12004806410399238,0.18362361111111103,0.1605380370362174,0.625,0.25,0.125,-0.4294733175969947,-0.45,0.20307896745219176,0.0,1.0,0.0,53.16759752508014,20.103346341583723,12.144026482622378,14.357555220744318,0
2024-07-08,16265,-0.002881314369789112,-0.004650878159231375,-0.007444925855861317,-0.005502904310608403,-0.004455924298253033,-0.0055333068386781425,0.002027551419075629,0.002666138980579404,9.696770838907451,21.0,0.0876496319311593,0.07692,0.2624026041281234,0.5238095238095238,0.23809523809523808,0.23809523809523808,-0.42960579165612,-0.4705882352941176,0.34015166164505845,0.09523809523809523,0.8095238095238095,0.09523809523809523,56.249808581870354,18.348763442066783,10.770804234879828,9.70098688885542,1
2024-07-09,16281,0.000983707347064211,-0.0019004413928396247,-0.0036717459151827114,-0.00628662109375,-0.002218517882970117,-0.00474672421012734,0.001760955314007463,0.002526076362896811,9.697754062731514,15.0,0.05188373775009067,0.0359857142857142,0.1135748325626717,0.4,0.13333333333333333,0.4666666666666667,-0.3286402899354976,-0.3703703703703703,0.30961883839461807,0.13333333333333333,0.8,0.06666666666666667,60.23522263622827,27.71406663055544,13.409735281755546,12.881316809208341,0
2024-07-10,16256,-0.0015355322154658735,-0.0005533353827236187,-0.00343305541932315,-0.007994141697687196,-0.002148425511018348,-0.006171688487156879,0.0015659687083642326,0.0023447216388326492,9.696217350378209,8.0,0.05169102408008654,0.0690814285714285,0.14641541518766232,0.5,0.25,0.25,-0.5265925229741019,-0.5476190476190477,0.28044055817615876,0.0,1.0,0.0,65.18223696850734,19.410737820086577,7.381669381328863,9.08698786759103,0
2024-07-11,16200,-0.0034448818897637734,-0.00497512437810943,-0.003996311097448468,-0.008628602900679239,-0.003861573652753525,-0.009307616100585947,0.0017080957638539724,0.0024576582324949683,9.692766521220475,7.0,0.12013409319762387,0.07591875,0.1468354289664942,0.5714285714285714,0.0,0.42857142857142855,-0.3198665320976734,-0.3809523809523809,0.4497084530096915,0.14285714285714285,0.8571428571428571,0.0,66.89237188455834,33.52021114875147,14.529648093854451,12.362724472838696,0
2024-07-12,16154,-0.0028395061728394566,-0.006274606299212615,-0.007800503654566637,-0.009686120647376173,-0.00475627187145744,-0.01168855402706015,0.001779849080584892,0.0025199809349085154,9.689922976002242,11.0,0.1302668281844418,0.1297611111111111,0.14088830088875343,0.6363636363636364,0.09090909090909091,0.2727272727272727,-0.280744098668627,-0.25,0.2786628907198964,0.09090909090909091,0.8181818181818182,0.09090909090909091,49.81554808716124,24.392761384284576,9.513247328875051,9.86633692191878,1
2024-07-15,16174,0.0012380834468244117,-0.0016049382716049054,-0.0050442913385826404,-0.005594835536427922,-0.0024054770862887986,-0.01012579982802364,0.0021517775062949787,0.0025466612667590506,9.691160293655768,13.0,-0.03395130004610774,-0.0862899999999999,0.16110128506095597,0.3076923076923077,0.5384615384615384,0.15384615384615385,-0.4732065866715454,-0.5957446808510638,0.3370495664790416,0.07692307692307693,0.8461538461538461,0.07692307692307693,70.27645157485719,18.046339842840798,12.492528396872007,11.248557386705851,1
2024-07-16,16203,0.0017930011128972634,0.003033304444719498,0.00018518518518528815,-0.004790860512253525,0.0003457345005988266,-0.007831779020139762,0.00236901771993357,0.0022257060192316124,9.692951689261001,5.0,-0.07907901786530462,-0.0668727272727272,0.2879258941365527,0.4,0.6,0.0,-0.36254729777968164,-0.3448275862068966,0.3783922683975316,0.0,0.8,0.2,59.20905294387212,22.686939385376576,22.15833509871884,14.889457550436969,0
2024-07-17,16129,-0.004567055483552407,-0.002782243106219884,-0.0015476043085304036,-0.0078125,-0.0026589166460548874,-0.011639842024149916,0.002885485358075566,0.0024014691389617282,9.688374172917182,4.0,0.053907306787634376,0.06156628024193545,0.07735641708326335,0.5,0.0,0.5,-0.489699258081611,-0.47860360360360366,0.13151207429790204,0.0,1.0,0.0,72.84537133287014,24.291437437523076,18.82790624207899,20.5254208146638,1
2024-07-18,16160,0.001922003844007758,-0.00265382953773996,-0.0008655867441572651,-0.0024691358024691024,-0.0002474634991338487,-0.008950720442537863,0.003006604699809479,0.002308544080388096,9.690294332075087,8.0,0.09334524339340997,0.0294991596638655,0.18324041845234385,0.375,0.25,0.375,-0.5051766430442901,-0.6153846153846154,0.3389629055944338,0.125,0.875,0.0,56.26131437799812,15.223427847897414,9.018156307417641,8.997281759901371,1
2024-07-19,16199,0.0024133663366336933,0.004340008680017382,-0.00024686786397576377,0.0027856877553547044,0.0016076176343289283,-0.005769348800098162,0.002896411918795766,0.0023156658896561636,9.692704790920137,16.0,0.11176163165419102,0.12738488964346345,0.15942910884693418,0.75,0.125,0.125,-0.455577838804418,-0.41547619047619044,0.2875144456225586,0.0,1.0,0.0,58.08438252910834,19.0967536226678,10.193936468848486,11.831832916947043,1
2024-07-22,16228,0.0017902339650595067,0.004207920792079101,0.006138012276024618,0.003338691727463816,0.0027311261879163773,-0.003368574911640221,0.0029389473073961917,0.002375657563150891,9.694493424326337,11.0,0.07030722647364777,0.0696285714285714,0.23998761546635064,0.5454545454545454,0.36363636363636365,0.09090909090909091,-0.4113555662453104,-0.6538461538461539,0.48544006470269285,0.2727272727272727,0.7272727272727273,0.0,78.7162175010231,25.466394134894596,8.713034350908147,10.717946429949883,0
2024-07-23,16204,-0.0014789253142716285,0.0003086610284586122,0.002722772277227614,6.171696599399645e-05,0.0012357884330203017,-0.0043074578624932025,0.0029902893422027073,0.002309554202220332,9.693013404322581,6.0,0.07908638721990012,0.08528383838383835,0.08602055404043228,0.6666666666666666,0.0,0.3333333333333333,-0.19809625107904794,-0.24174406604747162,0.3930179800345209,0.5,0.5,0.0,50.433514613320135,29.815836942682648,12.060816510447316,8.088201309107532,1
2024-07-24,16224,0.0012342631449024921,-0.00024648755237866027,0.001543305142292839,0.005890011780023574,0.0012960562858730373,-0.0024318183914335822,0.0015424739374696097,0.002159516844759535,9.69424690639091,6.0,0.10025208071476453,0.1108823529411764,0.1609283890056341,0.6666666666666666,0.3333333333333333,0.0,-0.24398657902134632,-0.2376160990712074,0.2991536867864414,0.16666666666666666,0.8333333333333334,0.0,51.70631826033247,28.892620574776554,15.066219165444586,8.80455309499869,1
2024-07-25,16268,0.002712031558185446,0.003949642063687975,0.0024648755237861586,0.006683168316831578,0.0026749503839846867,0.0007443451300759296,0.0016729202140839089,0.0022848352210309056,9.696955267027116,9.0,0.20094473606186253,0.244970588235294,0.201153579507866,0.7777777777777778,0.1111111111111111,0.1111111111111111,-0.15654314466575003,-0.2758620689655172,0.38999342143309557,0.3333333333333333,0.5555555555555556,0.1111111111111111,36.28837634648668,27.240622888333682,12.57656247072632,8.902859142773687,1
2024-07-26,16294,0.0015982296533070262,0.004314595660749543,0.0055541841520612145,0.0058645595407123,0.003102760471816568,0.002652160803401582,0.0015785167405995624,0.0023116705002861403,9.698552220870587,12.0,0.09876999983004553,0.07635741687979535,0.13310710542025286,0.5833333333333334,0.16666666666666666,0.25,-0.27013529882943665,-0.2817337461300309,0.2788584554407623,0.16666666666666666,0.8333333333333334,0.0,54.227535989827686,25.25792856301825,11.406635688587308,7.343236511089709,0
2024-07-29,16286,-0.0004909782742114066,0.0011064666830586933,0.003821499013806795,0.0035740695094896857,0.0018947782863329987,0.0023726800205570164,0.0016811867632889675,0.0022604324217474834,9.698061122027077,9.0,-0.08902170740062408,-0.102936,0.26394796546242455,0.2222222222222222,0.5555555555555556,0.2222222222222222,-0.5915200681579103,-0.6818181818181818,0.4019604658308142,0.1111111111111111,0.8888888888888888,0.0,67.99761887510566,14.207599866484836,7.719650373824532,6.719598859017835,1
2024-07-30,16320,0.0020876826722338038,0.0015956793911868772,0.0031964593066142744,0.007158726240434454,0.002555533713387126,0.004663188512858296,0.0012075706696999125,0.0022759885802717157,9.700146628518098,5.0,0.17510943319838057,0.153625,0.15637287787133813,0.8,0.0,0.2,-0.3448015873015873,-0.2916666666666667,0.25331048562781555,0.0,1.0,0.0,62.67120583640568,26.241723513438824,3.2015353067984647,2.9284750337381915,0
2024-07-31,16294,-0.0015931372549019551,0.000491219452290359,0.0,0.004314595660749543,9.820529817594625e-05,0.003349836202862111,0.0018251845866473966,0.0022951066454453524,9.698552220870587,6.0,0.05493189888814889,0.04106180555555556,0.27650824205666696,0.5,0.5,0.0,-0.4117367367367368,-0.5,0.3856999402039139,0.16666666666666666,0.8333333333333334,0.0,54.11605281848495,18.45676147042606,9.550035307444505,14.478964302868283,0
2024-08-01,16243,-0.003129986498097481,-0.0047181372549019995,-0.0026403045560604577,-0.0015367592820260123,-0.0027260336210812586,0.0005112505928659417,0.0021806905826351236,0.0023148539528537754,9.695417325719395,9.0,-0.21484907684931756,-0.2634583333333333,0.3078256339314058,0.2222222222222222,0.6666666666666666,0.1111111111111111,-0.41436855325744215,-0.5,0.4083017500524758,0.2222222222222222,0.7777777777777778,0.0,57.93528720798382,17.138574090387685,6.583825974809516,7.914494260808643,0
2024-08-02,16234,-0.0005540848365449547,-0.003682337056585272,-0.005269607843137236,-0.003682337056585272,-0.0025437162834707205,0.00019715602434877688,0.0019060540510600077,0.0022898328281909922,9.69486308732112,10.0,-0.09637051608868186,-0.16876,0.40841377399768236,0.4,0.6,0.0,-0.45727060568387534,-0.717948717948718,0.47017128942991593,0.2,0.7,0.1,79.79319384149143,18.073027438851852,5.822128587873119,6.6570714299855025,0
2024-08-05,16154,-0.00492792903782191,-0.005479283383611366,-0.008592119798698894,-0.008105120962790147,-0.005846513631608152,-0.004391303677909408,0.002650764057274382,0.002454059638935847,9.689922976002242,11.0,-0.1538896888546672,-0.0513466666666666,0.26873067731474576,0.2727272727272727,0.5454545454545454,0.18181818181818182,-0.6583339113007376,-0.7083333333333334,0.16043100264226928,0.0,1.0,0.0,87.04455027825414,16.227917377148756,9.4723087340063,9.68801897162826,1
2024-08-06,16183,0.0017952209978953082,-0.003141554761611487,-0.0036938989102998088,-0.00839460784313728,-0.0023795433249494957,-0.0023026630128203385,0.0025496997513178095,0.002483619454384756,9.691716587516886,6.0,-0.06675150109751506,0.0231553571428571,0.2823334265781818,0.5,0.5,0.0,-0.491395790200138,-0.4275,0.25443212443566127,0.0,1.0,0.0,66.82238747683293,21.83282158289533,10.960437247084464,17.75815168261342,0
2024-08-07,16100,-0.005128838905023803,-0.003342825306425601,-0.008254281138351582,-0.011906223149625639,-0.005116543490619629,-0.006942152838387505,0.002973909792461417,0.00269846389126038,9.686574550972555,8.0,-0.05034320530476296,0.0017539864864864994,0.20995459162644617,0.375,0.375,0.25,-0.550910917709166,-0.7338935574229692,0.5410752391783348,0.125,0.875,0.0,80.11440012254403,15.630533591038441,12.850297481320403,10.169817497234831,0
2024-08-08,15952,-0.009192546583850936,-0.014274238398319206,-0.012504642812925626,-0.01791540971495409,-0.010704141498083741,-0.01531775940346225,0.004294278654253583,0.0032753878858147074,9.67733949220162,8.0,-0.1496188163427075,-0.17586192307692305,0.1742819975368443,0.0,0.625,0.375,-0.7267260061919505,-0.725,0.16244773303994547,0.0,1.0,0.0,89.10439277134937,13.198851494411194,7.00473046484477,7.473134650534453,0
2024-08-09,15914,-0.0023821464393180003,-0.011552795031055885,-0.01662238151146267,-0.019711716151287417,-0.00912792797280304,-0.016935227311335788,0.004040251931712937,0.0032617168647442116,9.67495450393748,8.0,-0.06245831504647315,-0.0571789772727273,0.17012903766765336,0.375,0.5,0.125,-0.4914727363051329,-0.4952830188679245,0.1734889033188739,0.0,1.0,0.0,64.41719055893688,19.689992283315423,15.065052075811431,13.249388665217971,1
2024-08-12,15963,0.003079049893175867,0.0006895687061183597,-0.008509316770186293,-0.011823696917172222,-0.0037073097663271604,-0.0132652556621502,0.005029900749701454,0.003345470900959036,9.678028823264478,10.0,-0.31179134912309914,-0.27003,0.19748697035738524,0.0,0.9,0.1,-0.6046851778834701,-0.6666666666666666,0.3479341060696017,0.1,0.9,0.0,90.33122487339966,14.21803706072048,9.085806215934777,7.28856044225372,0
2024-08-13,15885,-0.004886299567750441,-0.0018222948347367263,-0.004200100300902676,-0.018414385466229977,-0.00487383165860622,-0.017120723686245953,0.004508580360537716,0.003421179692058704,9.673130546703616,2.0,-0.21852857142857143,-0.21852857142857143,0.04855197190135741,0.0,1.0,0.0,-0.7987882653061225,-0.7987882653061225,0.0248028526564159,0.0,1.0,0.0,87.83422459893049,8.820491006319884,10.288040836169177,9.461594555177443,0
2024-08-14,15691,-0.012212779351589598,-0.017039403620873306,-0.014012818901596114,-0.02540372670807456,-0.01196398211699512,-0.02780703602275114,0.005951218912945043,0.004184521037007191,9.660842578559068,9.0,-0.009767644770688231,-0.1210314285714285,0.20313006230050254,0.3333333333333333,0.6666666666666666,0.0,-0.4138996089888947,-0.4,0.3672536057694328,0.1111111111111111,0.7777777777777778,0.1111111111111111,53.89044205904576,17.906795050429935,11.445372529724633,9.384551887970217,0
2024-08-15,15687,-0.00025492320438469385,-0.012464589235127499,-0.01728998308588614,-0.01661233701103315,-0.00890826383623955,-0.02662856823745119,0.005760995388820212,0.004122308469718722,9.66058762285624,5.0,0.1539840994623656,0.14663125,0.14041126122943448,0.8,0.0,0.2,-0.2853704774757406,-0.4210526315789473,0.3246251323432831,0.2,0.8,0.0,54.191948909651686,30.26707247566888,3.745698476150152,8.285268061494385,1
2024-08-16,15716,0.0018486644992670165,0.00159327002740417,-0.010638967579477465,-0.012441875078547215,-0.004585645157204055,-0.023365647526721323,0.006227127590549689,0.004096116603667706,9.662434580678351,10.0,0.010724185230806798,-0.012174486486486448,0.15895095654930283,0.4,0.4,0.2,-0.5236298671678453,-0.5194700923323966,0.16822149096402816,0.0,1.0,0.0,67.0659880494016,20.582495879080547,16.666390301473427,11.873847182471724,0
2024-08-19,15591,-0.007953677780605739,-0.006119716963090438,-0.006373080109617013,-0.02330389024619428,-0.007827415043909935,-0.029212055927248515,0.005694434974387187,0.004259833293679964,9.654449103676551,11.0,-0.03900313251795226,-0.0497041666666666,0.2984158043354343,0.45454545454545453,0.45454545454545453,0.09090909090909091,-0.432985617997527,-0.5517241379310345,0.4152380869627322,0.18181818181818182,0.8181818181818182,0.0,62.07506303023085,22.942153718602466,10.902738899333219,8.39459142019449,0
2024-08-20,15480,-0.007119492014623807,-0.015016543649783665,-0.01319563970166382,-0.025495750708215303,-0.00978698906160047,-0.03394606198846106,0.005800102880211827,0.004408243219180446,9.647304147143718,4.0,-0.025528529411764686,0.013585454545454553,0.3191736348876877,0.5,0.5,0.0,-0.3331317237414798,-0.3181481481481481,0.5830403994576223,0.5,0.5,0.0,77.68103897240407,20.42034899632824,10.24944208153229,10.604134462625487,0
2024-08-21,15456,-0.0015503875968991832,-0.008658841639407333,-0.016543649783659964,-0.01497673825759993,-0.008340818683433837,-0.03312679263459806,0.004320165806198505,0.004334985373076113,9.6457525564523,7.0,0.1166237074829932,0.0231249999999999,0.3787237225187599,0.42857142857142855,0.2857142857142857,0.2857142857142857,-0.3645247229326513,-0.4166666666666667,0.49579668928032933,0.14285714285714285,0.8571428571428571,0.0,62.8104260597238,24.04986750199695,8.696352922134007,7.700540170141823,1
2024-08-22,15579,0.007958074534161419,0.006395348837209269,-0.0007696748123917629,-0.0068846815834767705,0.0009380380869163929,-0.02332754480882193,0.006591785924535714,0.004795640176665392,9.653679132512428,5.0,-0.10284677521008403,-0.0079999999999999,0.3333570208150433,0.4,0.4,0.2,-0.4784147812971343,-0.64,0.5140432183711491,0.2,0.8,0.0,63.00858259320523,10.592150847757345,12.616633637828919,13.10003855910756,0
2024-08-23,15554,-0.0016047243083637808,0.006340579710145011,0.004780361757105833,-0.010307966403665048,0.0014164305949009304,-0.022627732639608933,0.006347490012474676,0.0047166948142800145,9.652073119254888,6.0,0.0590457673453997,0.03577884615384615,0.17068909492219717,0.3333333333333333,0.16666666666666666,0.5,-0.5360115031167663,-0.6103238866396761,0.28573831457420357,0.0,1.0,0.0,70.86433715486623,16.58217179492291,10.211925995579962,10.419517116498644,0
2024-08-26,15380,-0.01118683296901124,-0.012773605494576068,-0.00491718426501031,-0.013533448784555202,-0.007088535681545216,-0.030802581165557563,0.007205449873948306,0.0050910245442089205,9.640823243059636,10.0,-0.13224826426024955,-0.0858643137254902,0.24340599519687334,0.3,0.5,0.2,-0.5572024862111069,-0.676923076923077,0.3336304460011289,0.0,1.0,0.0,68.30310661699117,14.965695017904883,5.0997793853297555,4.023425068458954,1
2024-08-27,15509,0.008387516254876548,-0.0028931464575029375,-0.004493228063418675,0.0018733850129200036,0.0008647616097472444,-0.020169633408620657,0.008108676425745549,0.00558339400699749,9.649175779559453,7.0,-0.33595609029986034,-0.2639625,0.24064901095289923,0.0,1.0,0.0,-0.7496858525529948,-0.7692307692307693,0.2002260957943442,0.0,1.0,0.0,69.31253896696992,6.910856527123522,8.221378355015766,4.793111413273677,0
2024-08-28,15476,-0.0021277967631697647,0.006241872561768558,-0.005014787193004966,0.0012939958592133038,-0.0015226199385790506,-0.019721485873183342,0.008147429656221382,0.0055799488377556725,9.647045715820404,10.0,-0.06114519395452513,-0.0449185714285714,0.20533687570965994,0.3,0.5,0.2,-0.5470501720501721,-0.6590909090909092,0.40614272186303224,0.2,0.8,0.0,65.34013674309365,9.559095964974215,6.518145713308337,6.967126468626416,0
2024-08-29,15409,-0.004329284052726812,-0.006447868979302385,0.0018855656697009948,-0.01091212529687402,-0.0036597351541486356,-0.021380508267362708,0.007031149032432164,0.005592857489347142,9.642707033281853,4.0,0.14005201923076926,0.1189675,0.18231385143912016,0.5,0.0,0.5,-0.17329545454545453,-0.1590909090909091,0.3804556089554666,0.25,0.5,0.25,45.78284272825136,23.961594010152993,8.083536214242242,11.89103148097573,1
2024-08-30,15473,0.00415341683431758,-0.0001938485396743017,-0.002321232832548814,-0.005207663623505221,0.0015275674136212558,-0.014935445262166058,0.007596194265557477,0.005780172343447574,9.646851848489673,8.0,-0.024916022696173566,0.07957413793103445,0.32114444679999304,0.5,0.375,0.125,-0.4094697976962021,-0.4385775862068966,0.46058443890762507,0.125,0.625,0.25,65.80088508393284,16.373303208387135,5.987642913281412,8.337594849799432,1
2024-09-02,15536,0.004071608608543942,0.008241936530599014,0.0038769707934867004,0.010143042912873934,0.0035786726612663244,-0.008975103178602728,0.005167756750191717,0.005920132127778693,9.650915190531107,11.0,-0.018930793407540236,-0.0124103448275862,0.14090967295721463,0.2727272727272727,0.45454545454545453,0.2727272727272727,-0.5957920459561395,-0.6666666666666666,0.30150387150504704,0.0,1.0,0.0,83.09287349491953,17.84186161761041,5.740514723316249,6.5129918001334834,1
2024-09-03,15557,0.001351699279093621,0.005428811478058515,0.009604776429359418,0.0030949771100652335,0.004312403971543199,-0.005650223068761395,0.0037742463769702755,0.005906250758071464,9.652265977087122,9.0,-0.00214382567744317,-0.0120888888888888,0.20982836852446263,0.3333333333333333,0.4444444444444444,0.2222222222222222,-0.5771182229076965,-0.625,0.29120887494006875,0.0,1.0,0.0,80.61382403452242,16.090640070951885,9.586142872109532,12.635928242700341,0
2024-09-04,15490,-0.004306742945297981,-0.0029608650875385667,0.0010986880372261254,0.0009046265184802227,-0.0001936358355386636,-0.007998770405189926,0.004265258250281316,0.00588581766818674,9.647949933410914,9.0,-0.19189740733666133,-0.2314714285714285,0.18364358923755214,0.1111111111111111,0.7777777777777778,0.1111111111111111,-0.6819641275518646,-0.8,0.26232745024777443,0.0,1.0,0.0,93.7245321099473,13.298591745557347,7.852317501016127,8.19023049643043,0
2024-09-05,15410,-0.005164622336991553,-0.009449122581474567,-0.008110195674562282,6.489713803614627e-05,-0.005370097849379141,-0.011406356252967043,0.004496529149249033,0.005689247560492338,9.642771928314161,6.0,0.02664261989396148,0.029020370370370353,0.09022383510630598,0.5,0.16666666666666666,0.3333333333333333,-0.5174500547345374,-0.5925287356321839,0.19646381560020953,0.0,1.0,0.0,55.84219797117007,17.303356281132206,6.377841100868749,11.375177323293373,0
2024-09-06,15372,-0.0024659312134976963,-0.007617817947062622,-0.011891752908658515,-0.0065274995152846405,-0.0065274995152846405,-0.012126703811525252,0.003912187799530433,0.005689798210220844,9.640302951684735,8.0,0.09293402671451355,0.1329011961722488,0.19402603032891919,0.75,0.25,0.0,-0.27684996455157745,-0.4508064516129032,0.34030404146408816,0.25,0.75,0.0,52.439219861643465,23.072370749492485,13.730062831563952,9.599164751600053,1
2024-09-09,15446,0.004813947436898225,0.0023361453601558058,-0.00284054228534536,-0.005792996910401693,-0.0005823358136525236,-0.005719398642407225,0.004172558209915329,0.005779265808723733,9.64510534912921,18.0,-0.03369284808170268,-0.0224397222222222,0.24590419364548083,0.3888888888888889,0.3888888888888889,0.2222222222222222,-0.4682136540227513,-0.5393939393939393,0.3326597014211694,0.1111111111111111,0.8888888888888888,0.0,59.429627009023015,18.646391895676786,10.769503021795797,8.502609924460357,1
2024-09-10,15447,6.474168069403596e-05,0.004879000780640075,0.0024010382868266955,-0.007070771999742931,0.0009071470226138523,-0.004251286828101719,0.0040160823328482965,0.005738286754913899,9.64517008871425,6.0,0.10744639770723104,0.0651574074074074,0.09311352945912461,0.8333333333333334,0.0,0.16666666666666666,-0.21135373341255692,-0.1479500891265597,0.27390471003198946,0.0,0.6666666666666666,0.3333333333333333,36.86561748112982,19.246235256671692,8.162239808089533,6.8181537865841575,0
2024-09-11,15415,-0.002071599663365009,-0.002006992101515004,0.002797293780900434,-0.004841833440929588,-0.0001945777662472059,-0.005429329995515819,0.0037272907731877095,0.005148559850266066,9.64309634032025,8.0,0.046348100562255926,0.0465279411764706,0.2117902294708704,0.5,0.25,0.25,-0.2569814507896183,-0.4049707602339181,0.4339582243228298,0.375,0.625,0.0,52.9777179715155,23.56527175459134,7.159684953498368,15.521895167034,1
2024-09-12,15421,0.0003892312682451937,-0.0016831747264841601,-0.001618542017350788,0.0007138221933808975,5.188000155631478e-05,-0.004187693927036662,0.002898078265791413,0.005154649721496206,9.643485495857657,11.0,0.08201048879823879,0.10378125,0.17187127248205739,0.7272727272727273,0.2727272727272727,0.0,-0.35209575765790185,-0.3225806451612903,0.23629111004908426,0.09090909090909091,0.9090909090909091,0.0,49.312393989270866,21.481200777637532,15.007923948750237,9.545007182752464,0
2024-09-13,15405,-0.001037546203229378,-0.0006487187804087302,-0.002718974558166609,0.002146760343481713,-0.0014131252106722725,-0.004220991189569645,0.002634660708455701,0.005115607084895587,9.642447411030767,10.0,0.016401442012221212,0.08259583333333335,0.2456636176950074,0.5,0.4,0.1,-0.35110953354797403,-0.4212962962962963,0.45097224618356746,0.2,0.8,0.0,76.90512237527062,22.419245084750578,9.761561915636813,13.552487271104036,0
2024-09-17,15338,-0.004349237260629635,-0.005382270929252364,-0.004995134609146912,-0.006992101514955329,-0.004362163425336907,-0.007740503892894379,0.0019122782299266796,0.004916864325813699,9.638088688324805,26.0,0.08557400642716269,0.0652055555555555,0.20339194663529347,0.5384615384615384,0.15384615384615385,0.3076923076923077,-0.42841994328397087,-0.5069444444444444,0.36683965093603715,0.15384615384615385,0.8461538461538461,0.0,63.5815043740711,20.22443715764965,10.873960136940306,10.631259255758179,1
2024-09-18,15350,0.0007823705828660099,-0.0035702693930541596,-0.004604111276830247,-0.006279536479575354,-0.0023268208347956287,-0.006546438291000989,0.002070191596490313,0.004695347302346336,9.638870753015343,6.0,0.04693427743824804,0.11653392857142855,0.2977078399191658,0.6666666666666666,0.3333333333333333,0.0,-0.1841710758377425,0.0462962962962963,0.5386817782250729,0.5,0.5,0.0,31.958959210346517,14.928659685617417,9.823730113694847,11.243319618157189,0
2024-09-19,15287,-0.004104234527687267,-0.0033250749771808197,-0.007659850697825377,-0.00830360038923128,-0.004765562948399138,-0.010082433771296473,0.0024371179524652147,0.004762211858760495,9.634758073001034,12.0,-0.02312743959063811,-0.12255349264705881,0.2625244365196245,0.3333333333333333,0.5833333333333334,0.08333333333333333,-0.5653961370873136,-0.6862745098039216,0.32206045764902536,0.08333333333333333,0.9166666666666666,0.0,57.70130458219688,15.577037585235468,10.75417943748186,11.700519593554723,0
2024-09-20,15100,-0.01223261594819125,-0.016286644951140072,-0.015517016560177344,-0.020815770702289127,-0.012813807531380728,-0.020672882042967133,0.004984445866890634,0.00500031545818294,9.622450022803015,7.0,0.07948866203204139,0.1407482758620689,0.3353256920606068,0.7142857142857143,0.2857142857142857,0.0,-0.3282217937342161,-0.1875,0.27438186303006873,0.0,1.0,0.0,51.51765936587948,22.33600078902574,7.063426248567991,9.693825329659237,1
2024-09-23,15191,0.006026490066225243,-0.006279845620461799,-0.010358306188925082,-0.013891593638429067,-0.0040778328481893,-0.013609859356129017,0.006778877094761913,0.00527916916151648,9.628458426207663,14.0,0.010220142902050925,0.0711358870967741,0.26585206782300286,0.5714285714285714,0.2857142857142857,0.14285714285714285,-0.5359468457279324,-0.5811688311688312,0.2527378414930109,0.0,1.0,0.0,54.4134604278996,14.605584330652006,6.991685208310899,6.446905908361019,0
2024-09-24,15186,-0.00032914225528268837,0.00569536423841055,-0.0066069209131942586,-0.009910027382970421,-0.002417426491841179,-0.013313061614330546,0.006783952466832797,0.004723560339762837,9.62812922977318,7.0,0.09019862783945441,0.0880636363636363,0.09940496769471178,0.7142857142857143,0.14285714285714285,0.14285714285714285,-0.3334961799569186,-0.4655172413793103,0.2681349730917329,0.14285714285714285,0.8571428571428571,0.0,65.0186645226541,31.5898147095152,9.772216208339277,11.06585968085551,0
2024-09-25,15092,-0.0061899117608323895,-0.00651701665459814,-0.0005298013245033095,-0.0168078175895765,-0.0052204176334107455,-0.018090377064485796,0.0067929691733579715,0.004371430025636441,9.621920081084202,13.0,-0.06577862019604325,-0.0157961538461538,0.2395991666999808,0.3076923076923077,0.46153846153846156,0.23076923076923078,-0.5130034737286654,-0.62,0.3672481150233657,0.15384615384615385,0.8461538461538461,0.0,62.445795786214525,19.950444251429296,9.755092551692135,8.786303154616165,1
2024-09-26,15171,0.005234561357010392,-0.0009877518767286153,-0.0013165690211309755,-0.007588146791391415,0.0015183522577237873,-0.011970198244197205,0.007754959333550668,0.00460640562966913,9.627140989748092,8.0,0.0637666366041366,0.0347299999999999,0.1722380706847753,0.375,0.25,0.375,-0.29467719780219775,-0.3519230769230769,0.22456914321067006,0.0,0.75,0.25,70.397903542244,38.282272275481155,4.214013017780996,7.2940206524955675,0
2024-09-27,15138,-0.00217520268934146,0.0030479724357275195,-0.003160806005531369,0.0025165562913906925,-0.0011612869170471996,-0.013248594475678277,0.005137031659061403,0.004548911241944625,9.624963417869113,14.0,0.12341796168967792,0.2167671826625387,0.2315758541042102,0.6428571428571429,0.14285714285714285,0.21428571428571427,-0.1676351925024868,-0.15584415584415579,0.4070592993105674,0.2857142857142857,0.6428571428571429,0.07142857142857142,37.69436440063111,24.621242658574918,10.634575570682548,8.165534009209306,1
2024-09-30,15144,0.0003963535473643365,-0.0017797112912794066,0.0034455340577790317,-0.0030939371996576703,-0.00014525095403472577,-0.011797870119022669,0.004148366097260042,0.004405560581915377,9.625359692889159,21.0,0.02283616814785914,0.0548384615384615,0.253230473882389,0.5714285714285714,0.2857142857142857,0.14285714285714285,-0.4566602952219975,-0.4571428571428571,0.32027523111453526,0.09523809523809523,0.9047619047619048,0.0,56.55971894500243,21.48395658529971,9.873067663282244,12.247340572382045,1
2024-10-01,15204,0.003961965134706924,0.004359889021006813,0.002175202689341571,0.0011853022520742496,0.0035776049848843527,-0.006806809422401083,0.004636807337538312,0.00439889574898381,9.629313830109139,3.0,0.014491797444930806,0.1402315789473684,0.2612594652526946,0.6666666666666666,0.3333333333333333,0.0,-0.47531727531727536,-0.5128205128205128,0.2365834204615651,0.0,1.0,0.0,91.99397300602119,33.424804557334674,14.825408415769862,16.530514554610942,1
2024-10-02,15247,0.002828203104446203,0.006801373481246653,0.007200422777117188,0.010270341902995028,0.00436077150084313,-0.0029883539204980103,0.0029575971136578945,0.004453730254892597,9.632138041371906,7.0,-0.02763544146733104,0.079996,0.28898249715094576,0.5714285714285714,0.42857142857142855,0.0,-0.4164652484885751,-0.2647058823529412,0.4068987955196321,0.2857142857142857,0.7142857142857143,0.0,63.424750317288726,24.29420763286154,15.190854104495353,14.090841755694067,1
2024-10-03,15394,0.00964124089984919,0.012496711391738913,0.016508188061278295,0.014699096961307667,0.011073600693577879,0.006940129121723704,0.004432790503692329,0.004970193039733569,9.641733102094262,5.0,-0.20228124789915966,-0.1748428571428571,0.2690144198934199,0.2,0.8,0.0,-0.5039099272571673,-0.625,0.23664495187605808,0.0,1.0,0.0,54.59883188501841,15.607749912089929,10.186378069435111,9.544089192942536,1
2024-10-04,15495,0.006560997791347223,0.01626549485144624,0.019139700078926625,0.023583036068172802,0.012956958318079748,0.013264975820927782,0.0035512811573203715,0.00505686318191787,9.648272670221848,5.0,-0.0020283193121693466,0.0997518518518518,0.32467237636065527,0.6,0.4,0.0,-0.33200109924247856,-0.4864864864864865,0.5306560289912292,0.4,0.6,0.0,60.25627635945214,22.834394184553293,14.704592469012436,16.28673587243862,1
2024-10-07,15680,0.011939335269441687,0.018578667013122052,0.028399029317242697,0.03539355520338083,0.017917424045702512,0.024331130716541916,0.003814397812539349,0.005636728230795683,9.660141293904399,11.0,-0.11695996783964696,-0.1119090909090909,0.2825091619841948,0.36363636363636365,0.5454545454545454,0.09090909090909091,-0.6464663556693917,-0.7058823529411765,0.2096522004247861,0.0,1.0,0.0,66.82601871348685,12.498621458730518,11.500520491938595,11.046326806379717,0
2024-10-08,15671,-0.000573979591836693,0.011358502742820242,0.01799402364557623,0.0307156011575902,0.011201879024868688,0.022991357025354597,0.005052109196860988,0.005573631139131279,9.659567149523216,4.0,-0.03960478146853147,0.0052865909090909005,0.11542257238930898,0.0,0.25,0.75,-0.6245195578231293,-0.6261224489795918,0.15521933990372197,0.0,1.0,0.0,82.70023591938283,17.600874676929124,13.506084419431335,9.846730277828287,0
2024-10-09,15607,-0.004083976772382147,-0.0046556122448979664,0.007228138109067528,0.023611202203712267,0.002414993512916297,0.018281702638515585,0.00680551622857065,0.005676267981643947,9.655474810542554,9.0,-0.02444818728818728,-0.0764636363636363,0.2180051000065193,0.3333333333333333,0.5555555555555556,0.1111111111111111,-0.4827312123404789,-0.6666666666666666,0.3935938850820079,0.1111111111111111,0.8888888888888888,0.0,67.4592388873104,22.372223165573118,8.071841263052033,11.307170834735935,1
2024-10-10,15658,0.0032677644646632587,-0.000829557781890089,-0.0014030612244897434,0.0171495387813434,0.002291610656629528,0.02079998956903828,0.006219518390286528,0.005672996220191793,9.65873724746786,10.0,0.09225207875993399,0.11261605263157895,0.1961407422388737,0.6,0.2,0.2,-0.06513684573753223,0.0,0.4055605464995776,0.3,0.4,0.3,36.45011711454652,27.29457197069407,10.579889744891133,7.566638221370385,0
2024-10-11,15609,-0.003129390726784975,0.00012814762606527808,-0.003956352498245219,0.007357212003872293,-0.002301054650047929,0.01698228148302583,0.006500324426245564,0.005740486531690396,9.655602949958412,9.0,0.19993909047490652,0.1994384615384615,0.16525457017753686,0.8888888888888888,0.1111111111111111,0.0,-0.12017759617489165,0.088235294117647,0.5887353860085773,0.5555555555555556,0.4444444444444444,0.0,43.73938456867692,26.829400930191525,8.854538424943339,9.772318687355485,0
2024-10-14,15581,-0.0017938368889742762,-0.004917613999233628,-0.0016659191388479488,-0.006313775510204067,-0.0028287637918235076,0.01457627229010594,0.0028603184855702335,0.00575446578010215,9.653807502217354,13.0,0.03294954103292627,0.0240027777777777,0.20202322987374524,0.46153846153846156,0.46153846153846156,0.07692307692307693,-0.35732589944050386,-0.5,0.38778453239217403,0.15384615384615385,0.8461538461538461,0.0,57.31895322690198,20.401078415445397,13.24100541667869,7.39448105044637,0
2024-10-15,15555,-0.0016686990565432103,-0.0034595425715933104,-0.006578107037935932,-0.007402207899942614,-0.0030124343032944534,0.012168141592920456,0.0028362184282443603,0.005664026895997338,9.652137409331738,9.0,0.1443081052435219,0.1832380952380952,0.16774672229797444,0.5555555555555556,0.1111111111111111,0.3333333333333333,-0.17678341060694003,-0.2162162162162162,0.4805191439931833,0.3333333333333333,0.6666666666666666,0.0,45.324622090369836,26.494985517860133,9.986418694816225,7.250249235067179,0
2024-10-16,15536,-0.0012214721954355579,-0.002888132982478697,-0.0046767890319687755,-0.004549240725315595,-0.0033231116642502556,0.010320407353696659,0.0024409636489456316,0.005680525875246853,9.650915190531107,7.0,0.09486309147343149,0.0918235294117647,0.18976492330940006,0.5714285714285714,0.2857142857142857,0.14285714285714285,-0.5239468746633121,-0.35,0.2804004457184898,0.0,1.0,0.0,61.93728255543955,15.170842240507733,8.744272419357838,5.870679986787914,0
2024-10-17,15516,-0.0012873326467559565,-0.0025072324011571334,-0.004171747641358081,-0.009068846595989277,-0.002789310641798548,0.008269027698805997,0.000771370613629762,0.005591510108225495,9.649627028559857,9.0,0.12441324417882314,0.1144615384615384,0.25337173888971387,0.5555555555555556,0.3333333333333333,0.1111111111111111,-0.34945772380220513,-0.4705882352941176,0.48425322514276703,0.2222222222222222,0.7777777777777778,0.0,64.96647848185151,17.659189316003463,8.201222082692636,9.308302698594893,0
2024-10-18,15466,-0.0032224800206238635,-0.004505664263645737,-0.005721632915461239,-0.009161381254404466,-0.0041723542895407695,0.0038261704868876034,0.0008109772292352439,0.004796124993043714,9.64639934516898,11.0,0.013822047352294309,0.010990909090909,0.24083219786183688,0.45454545454545453,0.2727272727272727,0.2727272727272727,-0.3464504541903844,-0.5,0.3167777385453678,0.18181818181818182,0.8181818181818182,0.0,67.6217860378584,23.88777035487773,8.51732253816874,8.79881882489773,0
2024-10-21,15465,-6.465795939480934e-05,-0.003286929621036383,-0.004570030895983512,-0.007444965021500494,-0.0027470401609533956,0.0028695102378288873,0.0011377783910278348,0.004665738953416122,9.64633468511917,12.0,-0.012989068258214826,0.0992219444444444,0.31299365117305494,0.5833333333333334,0.25,0.16666666666666666,-0.5030589823567232,-0.4602272727272727,0.20749283694538967,0.0,1.0,0.0,54.62819489923311,17.523719506246373,8.117221810533414,10.338185405222054,1
2024-10-22,15560,0.006142903330100147,0.006077848183111412,0.00283578241814908,0.00032144005143042165,0.00331429013579565,0.007807920618933872,0.003579419045278424,0.0047982326119736345,9.652458797732383,8.0,0.11349535320378153,0.072515625,0.25919796319408467,0.5,0.25,0.25,-0.48996043468026224,-0.44047619047619047,0.17210306877250076,0.0,1.0,0.0,48.97433836093023,13.743833190517313,9.955113139629509,15.982093596534918,1
2024-10-23,15620,0.003856041131105492,0.010022631749111,0.009957325746799528,0.0054067971163749284,0.0060932407538614175,0.00996712110876552,0.003832920385622578,0.004497194558514812,9.656307423393677,5.0,0.23374115555555552,0.2028466666666666,0.1283651029349152,1.0,0.0,0.0,-0.4758629605688429,-0.4,0.22886610304571875,0.0,1.0,0.0,52.449512058312834,17.146271370608464,12.061613086120328,8.039866620974339,0
2024-10-24,15593,-0.0017285531370038187,0.0021208226221078874,0.00827675396055616,0.004962619231760668,0.0033589004427057034,0.006847700806162482,0.0039055795290759794,0.004481139515870992,9.654577374584886,14.0,0.001006573569518332,0.09684977777777776,0.2485956185749586,0.5714285714285714,0.35714285714285715,0.07142857142857142,-0.5905586789985285,-0.7678571428571428,0.36884360939679306,0.14285714285714285,0.8571428571428571,0.0,60.709979626683754,13.483115689783087,11.135842510137818,9.940369307027508,1
2024-10-25,15629,0.0023087282755083205,0.0005761843790013099,0.004434447300771138,0.01053924738135259,0.0035701901961036064,0.00757502498146545,0.0031151178412658427,0.004405314531934919,9.656883441842194,9.0,0.09093856883856882,0.0679375,0.15433680754157014,0.5555555555555556,0.1111111111111111,0.3333333333333333,-0.2136372810471076,-0.25,0.425014417978707,0.3333333333333333,0.5555555555555556,0.1111111111111111,47.55185128235363,28.20600091737952,8.850030108510149,11.169641440945973,1
2024-10-28,15729,0.0063983620193230895,0.008721862374142297,0.006978233034571124,0.017070805043646997,0.006578694756242731,0.01211331499445012,0.003324699115360084,0.004521445484222016,9.663261421240643,17.0,-0.005734148547530904,-0.0116545454545454,0.2710820413574814,0.4117647058823529,0.4117647058823529,0.17647058823529413,-0.4594732032389548,-0.5588235294117647,0.4219644258871032,0.058823529411764705,0.9411764705882353,0.0,62.74343212208657,21.972872466709408,8.518292251382086,9.763765110293173,1
2024-10-29,15760,0.00197088181066829,0.008381854245313125,0.010709933944718752,0.01285347043701801,0.005987412391007307,0.012297227423234691,0.00296709560731525,0.004495653661124628,9.66523036341187,5.0,0.019983718446332382,0.0919206896551724,0.22720817176871516,0.6,0.2,0.2,-0.4574569947596263,-0.5909090909090909,0.30636168529512237,0.2,0.8,0.0,66.37680414232973,22.976997616335723,14.899734023651485,9.17386371500016,0
2024-10-30,15732,-0.0017766497461928488,0.00019073049780660156,0.006590312879902749,0.007170294494238227,0.0027663398901112135,0.008927197167923673,0.003391470716992873,0.004558084937395102,9.6634521335517,7.0,0.12430472840519603,0.1794478260869565,0.1981977422135316,0.7142857142857143,0.2857142857142857,0.0,-0.2158074729503301,-0.1923076923076923,0.23966114973121694,0.2857142857142857,0.7142857142857143,0.0,42.40403104913678,24.59878913319427,16.995144581713877,17.88902021203376,0
2024-10-31,15705,-0.0017162471395880674,-0.0034898477157360164,-0.0015258439824528125,0.00718271019047001,-0.000381898033225081,0.006192198406621996,0.003388604627064776,0.004193384982114199,9.661734411972747,7.0,0.00934197530294169,0.0367777777777777,0.24622730391475792,0.42857142857142855,0.2857142857142857,0.2857142857142857,-0.30413086287146435,-0.3,0.49530604669712375,0.2857142857142857,0.7142857142857143,0.0,44.61162634102573,14.114728665539856,8.068028323060455,10.156303354489422,1
2024-11-01,15723,0.0011461318051575464,-0.0005720823798627261,-0.0023477157360406453,0.006014460298163771,-0.0004323004742590175,0.0066102210342675605,0.0033535417197422352,0.003985710904046129,9.662879887470275,6.0,0.07328321948783906,0.00399136904761905,0.2434340304399939,0.3333333333333333,0.3333333333333333,0.3333333333333333,-0.36236469333084137,-0.5851293103448276,0.5526958740833285,0.16666666666666666,0.8333333333333334,0.0,54.12088535491436,20.587811902991458,11.801472670097338,15.642060896906193,1
2024-11-04,15751,0.0017808306302868893,0.0029290035020694827,0.0012077294685990392,0.0013986903172484855,0.0010677377941044064,0.008173689297395592,0.001875937372882938,0.0030113179282272424,9.664659134301736,15.0,0.059219854992146895,0.0936258064516129,0.23574825252381346,0.6,0.3333333333333333,0.06666666666666667,-0.2967684375196983,-0.3,0.30889516535274614,0.13333333333333333,0.8,0.06666666666666667,46.28632014091579,22.586269171392946,7.976003681785936,11.778051446791824,1
2024-11-05,15766,0.0009523204875880875,0.0027348470393691038,0.0038841133397007344,0.00038071065989853103,0.0019446598116348301,0.008827076954578406,0.0016929279289500715,0.003009204258463058,9.665611001619853,6.0,0.18299976188721875,0.21026222222222218,0.1727497902648994,0.8333333333333334,0.16666666666666666,0.0,-0.33663056292366633,-0.18589743589743585,0.37618418060228354,0.0,0.8333333333333334,0.16666666666666666,45.49503866736526,18.152865148665345,9.961250404463701,10.338515887617845,1
2024-11-06,15840,0.0046936445515666225,0.005650434893022638,0.0074413279908414065,0.006864988558352492,0.0052675001586597325,0.012807151032308672,0.0022893711219968103,0.002975060621100754,9.670293665368417,8.0,0.1168300687904472,0.12064527093596054,0.20166467242879196,0.75,0.25,0.0,-0.27400771831215376,-0.4097222222222222,0.4097080485148466,0.25,0.75,0.0,43.57991796478863,22.190346801826202,10.87469056976735,12.225186093106458,0
2024-11-07,15767,-0.004608585858585812,6.342762907518562e-05,0.0010158085200939748,0.00394778732887624,-0.00015219348865525006,0.007788356135927099,0.0033733533784040142,0.003140314711545878,9.665674427237482,11.0,0.12038090685176893,0.12725,0.155027622589162,0.5454545454545454,0.0,0.45454545454545453,-0.32579689853727944,-0.3703703703703703,0.433143084376579,0.18181818181818182,0.8181818181818182,0.0,56.661583405918854,24.985109347165306,16.063651313135342,9.253377605652547,0
2024-11-08,15671,-0.006088666201560233,-0.010669191919191912,-0.006025624762146409,-0.003307256884818366,-0.005584110666920439,0.0014538366910037404,0.004535424840921147,0.0033739856319937285,9.659567149523216,14.0,0.0949951870296619,0.13032575757575754,0.12148435062133746,0.7142857142857143,0.14285714285714285,0.14285714285714285,-0.22967613482943552,-0.23026315789473678,0.2535913318051838,0.14285714285714285,0.8571428571428571,0.0,48.103532465849945,27.260821410665585,14.470598518783989,13.29083677483525,1
2024-11-11,15677,0.0003828728224108957,-0.0057081245639627465,-0.010290404040404044,-0.00469811440543455,-0.0042682384624179726,0.0015300532484086027,0.004388505058381206,0.003341108694468352,9.659949949068531,5.0,0.028352817224880346,0.0129,0.26249158608847556,0.4,0.2,0.4,-0.5860190778214034,-0.5208333333333334,0.22796299971749712,0.0,1.0,0.0,60.54889680448507,14.194627752594874,13.742045712165487,8.529022069157337,1
2024-11-12,15771,0.005996045161701824,0.0063812137068470776,0.00025369442506506523,0.00031713814537615015,0.0016385946193124834,0.00684059155316219,0.005394724193485939,0.0035358148038713635,9.665928089487558,5.0,0.02151726593406594,-0.0159846153846154,0.055572085131859385,0.4,0.0,0.6,-0.33001597130080096,-0.3157894736842105,0.047575900522734305,0.0,1.0,0.0,49.825225705775544,25.135456603806436,18.39396712227748,27.012906242930065,1
2024-11-13,15782,0.0006974827214507595,0.006697710021049907,0.007083147214600238,-0.003661616161616199,0.0030762190471347317,0.0067522956848460325,0.004802979235579046,0.003506970894900322,9.666625329080981,8.0,0.15939423962797952,0.20738037634408601,0.23418126845312245,0.875,0.125,0.0,-0.2777125315008947,-0.1602564102564102,0.315328601577872,0.0,0.75,0.25,57.29803058418271,23.218494519281204,8.618839208707142,11.455867910062004,1
2024-11-14,15873,0.005766062602965416,0.006467567053452639,0.012502392039293264,0.006722902264222785,0.007502475436057532,0.011405632725882464,0.004944244388906912,0.0036390650487873838,9.672374831572242,12.0,0.153631994828825,0.2049002415458937,0.20503169639922672,0.9166666666666666,0.08333333333333333,0.0,-0.18254138908577314,-0.2019230769230769,0.39225468482727394,0.25,0.75,0.0,43.565530890155884,29.970039502783592,9.040583414651037,13.04444010236095,1
2024-11-15,15888,0.00094500094500094,0.006716512482574988,0.007418679855430765,0.01384723374385799,0.0056841918699597205,0.011002157160947101,0.002859514904005913,0.00349221281756963,9.673319386284954,6.0,0.09313524904214558,0.10234166666666661,0.13053888276594866,0.6666666666666666,0.0,0.3333333333333333,-0.4756800492897811,-0.5124131082423038,0.2072186203621222,0.0,1.0,0.0,55.7098023864588,20.05319922773789,7.203051267270396,12.338208353890591,0
2024-11-18,15848,-0.0025176233635447742,-0.0015750015750015667,0.0041819794702826485,0.010907699177138408,0.0009853212399888456,0.0072294516738962145,0.003647353736445441,0.0035864150961570237,9.670798588378387,17.0,0.0628480304500167,0.0724611111111111,0.2021609620978287,0.5294117647058824,0.17647058823529413,0.29411764705882354,-0.39913996732968726,-0.5128205128205128,0.35426470470043847,0.11764705882352941,0.8823529411764706,0.0,62.76884230875116,21.99332632970762,12.675788894814504,8.488856463794049,0
2024-11-19,15816,-0.002019182231196348,-0.004531722054380682,-0.0035910035910036164,0.0028533384059350464,-0.0016033936394510562,0.004378597896113945,0.003293673187226514,0.003460114675702872,9.668777364850452,8.0,0.11229010053732683,0.20757219679633865,0.27203365170842386,0.625,0.25,0.125,-0.4735821649614753,-0.584065934065934,0.35027260756198725,0.0,1.0,0.0,62.15543971680479,17.178798940765773,10.575882072273364,6.645797456864624,1
2024-11-20,15858,0.0026555386949924653,0.0006309944472489004,-0.001888217522658664,0.004815612723355622,8.829131087373376e-05,0.006285317232429755,0.0034257308577437203,0.003414826370604605,9.671429383832344,7.0,0.0028331055764411117,0.02422,0.3422296735654616,0.42857142857142855,0.42857142857142855,0.14285714285714285,-0.38318377069211734,-0.6617647058823529,0.6058784696249503,0.2857142857142857,0.7142857142857143,0.0,63.59576881137192,21.438976817365358,10.42113856515151,9.275402339563184,1
2024-11-21,15942,0.005297010972379779,0.007966616084977174,0.0059313478041393974,0.004347004347004413,0.004511543502369264,0.010496691260363678,0.0032640290535568147,0.0035053073551891832,9.676712414987868,10.0,0.11484030730625583,0.16752990196078427,0.2144749731555486,0.8,0.1,0.1,-0.2794227702122439,-0.24880382775119614,0.3469869669014056,0.2,0.8,0.0,39.59126555682395,18.260733999104144,12.021090611684969,11.624495897612707,0
2024-11-22,15911,-0.0019445489900891122,0.003342161684954048,0.006006575619625698,0.001447633434038309,0.0022677165354330064,0.007631170640574947,0.0034955015042993937,0.0035575895049669197,9.674765972907856,4.0,-0.09752619047619046,-0.0922190476190476,0.29960319243000755,0.5,0.5,0.0,-0.2964091614906832,-0.2830357142857143,0.5373448284700968,0.5,0.5,0.0,61.94004191620081,16.721302941507957,4.375570600971309,16.032935862236766,0
2024-11-25,15864,-0.0029539312425366226,-0.004892736168611189,0.0003783579265985715,0.001009591115598285,-0.0008943079190336656,0.004225418981151696,0.0035874813637345048,0.003408425629225073,9.671807670199632,6.0,0.09930419294990726,0.12360673469387755,0.2030944756703323,0.6666666666666666,0.3333333333333333,0.0,-0.4465471629264733,-0.4857142857142857,0.3384586992881518,0.16666666666666666,0.8333333333333334,0.0,65.85350033433149,19.036628731392863,7.973435874133962,8.278649551604218,1
2024-11-26,15930,0.004160363086233021,0.0011941424171957316,-0.0007527286413248069,0.007207890743550882,0.001823784667631001,0.007861063220663267,0.0036917545033473514,0.0034944976047241866,9.675959402904095,7.0,0.12108248948263514,0.1021314285714285,0.20742961785890568,0.8571428571428571,0.14285714285714285,0.0,-0.35618347963163494,-0.4186046511627907,0.30228465615424466,0.14285714285714285,0.8571428571428571,0.0,48.065092407381606,21.240419141225523,6.666493007148147,7.599508742751638,0
2024-11-28,15864,-0.004143126177024503,0.0,-0.0029539312425366226,0.0003783579265985715,-0.002402183345700637,0.0032664341479919923,0.004330266988952696,0.00361513542835228,9.671807670199632,10.0,0.08112232519809288,0.12183295454545456,0.15047735650843322,0.6,0.3,0.1,-0.46275719378660557,-0.5882352941176471,0.36131697913904615,0.2,0.8,0.0,51.57430404168188,15.58761162313383,12.765399373651004,10.823003026371849,0
2024-11-29,15856,-0.0005042864346949116,-0.004645323289391046,-0.0005042864346949116,-0.005394555262827727,-0.0018256216556500338,0.0022819360425792024,0.003218486241295814,0.0035874219282190493,9.67130325656977,6.0,-0.09781992881903097,-0.09747948717948715,0.21334421637774356,0.16666666666666666,0.5,0.3333333333333333,-0.4819156044060136,-0.37777777777777777,0.3325001095454595,0.0,1.0,0.0,70.16747678057969,20.826501339649834,15.111121189769522,13.48350992507782,1
2024-12-02,15905,0.0030903128153381143,0.002584467977811311,-0.0015693659761456535,-0.0003770976054302544,0.0013346932094335795,0.004801314043843652,0.003639353301615634,0.0036323487069469824,9.674388804183245,20.0,-0.063515347973665,-0.0576468599033816,0.1956589204745017,0.25,0.55,0.2,-0.5763248695327613,-0.631578947368421,0.2545693351444406,0.05,0.95,0.0,78.94202019764,17.875563912601898,8.394213968554434,5.881231722744096,1
2024-12-03,15950,0.002829298962590432,0.00592835519677104,0.0054210791729703,0.0054210791729703,0.003081567197031676,0.007011197080614595,0.003405173994353299,0.003658038281802318,9.67721410821299,7.0,0.12700010751153606,0.1841249999999999,0.12768053644643812,0.7142857142857143,0.14285714285714285,0.14285714285714285,-0.4670901736726907,-0.5084745762711864,0.17378937879011797,0.0,1.0,0.0,54.777853143750576,17.207923772231062,9.452993942930144,7.454012060462024,1
2024-12-04,15957,0.00043887147335430754,0.003269412134548899,0.006369828456104898,0.0016949152542373724,0.00318110949051964,0.006846073760923721,0.002940315496113065,0.0036574905929022835,9.677652883410428,8.0,0.022058307906997428,0.0090510080645161,0.13715796929857316,0.375,0.25,0.375,-0.40252024305333134,-0.4632352941176471,0.5012773307801938,0.125,0.875,0.0,64.99888055280046,17.86431967133039,6.654493537426899,5.779157301681719,0
2024-12-05,15892,-0.004073447389860263,-0.0036363636363636598,-0.0008173530336371693,0.0017650025214321907,-0.0012569130216188995,0.00258026256852828,0.0029137878624095653,0.0036674878896415393,9.67357111693449,8.0,0.04974446236559141,0.07394722222222219,0.22683595633328157,0.5,0.375,0.125,-0.2872122586984506,-0.36538461538461536,0.4523721812928876,0.25,0.75,0.0,56.701217440743704,21.570454688549276,10.095558606781246,10.417639034557958,0
2024-12-06,15848,-0.0027686886483765383,-0.006830857930688716,-0.0063949843260188155,-0.0005045408678102659,-0.003921962992759376,-0.0004509575752988937,0.003238803812846092,0.003562890776719948,9.670798588378387,12.0,0.0868273191031463,0.09410104166666665,0.22258944307310177,0.6666666666666666,0.25,0.08333333333333333,-0.41269841269841273,-0.475,0.33466728721693956,0.08333333333333333,0.9166666666666666,0.0,61.128683120488624,22.433816629019287,12.925345493442881,11.577100524048982,1
2024-12-09,15861,0.0008202927814235927,-0.001950667002265316,-0.006016168452716686,-0.0027664256523105557,-0.0025532021934899785,-0.00023007125905705195,0.002811249219912116,0.003234517486614551,9.67161854490356,16.0,-0.007784733241699849,0.031509649122806946,0.17415362740810972,0.4375,0.4375,0.125,-0.5630836428354813,-0.5746031746031746,0.1866616888720417,0.0,1.0,0.0,74.86280185014391,18.217704182543322,9.672462008356806,6.199368339378965,1
2024-12-10,15874,0.00081962045268269,0.0016405855628469634,-0.001132645356154094,-0.004764890282131673,-0.0007805418471145131,-3.1497055025364595e-05,0.0023053184917361655,0.003234393913237789,9.672437829650821,6.0,-0.02165067319972488,-0.0411171794871794,0.15771011442972474,0.3333333333333333,0.3333333333333333,0.3333333333333333,-0.44966909267251115,-0.4311079545454546,0.22686224771443014,0.0,1.0,0.0,73.91970682387297,24.017135474676895,10.249227700487664,8.075389877276196,1
2024-12-11,15905,0.001952878921506862,0.002774099993695156,0.003596668349318488,-0.0032587579118882326,0.001826656588561404,0.0014986273077601808,0.0026127264185079354,0.002999117167893209,9.674388804183245,6.0,0.22588717418546364,0.24641973684210525,0.20888065343933765,0.6666666666666666,0.0,0.3333333333333333,-0.30651709401709404,-0.3253205128205128,0.53061133794619,0.3333333333333333,0.6666666666666666,0.0,38.96447284940806,17.774281675750373,13.258070303321874,9.585106254707215,1
2024-12-12,15939,0.002137692549512682,0.004094746125740123,0.00491772271609614,0.002957462874402239,0.003374167474536449,0.0031436744172874675,0.0019773285707813905,0.0030231373740768003,9.676524215119054,8.0,0.14329743561126368,0.12362968749999995,0.21033693742959148,0.625,0.125,0.25,-0.35484783856494384,-0.5045787545787546,0.4507868571872379,0.25,0.75,0.0,49.69985883547118,16.938445683864934,4.86219397826237,8.571586874091354,1
2024-12-13,15987,0.0030114812723507356,0.00515561144294252,0.0071185586493638375,0.008770822816759116,0.004637659301711672,0.005803803142547137,0.0009371164649427533,0.00282695013023899,9.679531170964893,3.0,0.1357694387483861,0.1543619047619047,0.14589173588849255,0.6666666666666666,0.0,0.3333333333333333,-0.27424242424242423,-0.2666666666666666,0.32809590637995995,0.3333333333333333,0.6666666666666666,0.0,49.8635477582846,25.43859649122807,12.309941520467836,7.777777777777778,1
2024-12-16,16019,0.0020016263213862295,0.005019135453917967,0.007167557371895672,0.00996154088645107,0.004653554763935697,0.007401910535616674,0.0007804479365062527,0.002848218640440548,9.681530796701484,15.0,0.025354128765402845,0.0406666666666666,0.17596229112039624,0.4666666666666667,0.4,0.13333333333333333,-0.44487703156897157,-0.4324324324324324,0.2308213714765591,0.0,1.0,0.0,62.860452218704985,19.892423020620704,12.070565569347677,8.166619125615274,1
2024-12-17,16050,0.0019352019476870375,0.003940701820228876,0.006964050442311409,0.011087312586619547,0.004380475594493172,0.008710735698932881,0.0004562402545391732,0.0027801777194909364,9.683464128558162,7.0,0.014661696801527633,0.0220761904761904,0.22031326158782322,0.42857142857142855,0.42857142857142855,0.14285714285714285,-0.44779686370075383,-0.4772727272727273,0.31021178116949016,0.0,0.8571428571428571,0.14285714285714285,70.6411047962363,22.408841889644794,11.156435471801542,8.926521640482074,1
2024-12-18,16100,0.0031152647975076775,0.005056495411698503,0.007068242947394721,0.012260295504558316,0.005056495411698503,0.010950921786306411,0.0005746641238019406,0.002758958711957012,9.686574550972555,8.0,0.031972385925478,0.06341589068825905,0.2709949809358183,0.5,0.25,0.25,-0.34899200386816487,-0.4212121212121212,0.4362944781695988,0.125,0.875,0.0,52.759659099253945,23.29612732050521,8.977102556451735,10.83013819481048,1
2024-12-19,16277,0.010993788819875672,0.01414330218068538,0.016105874274299214,0.021205847292803837,0.011835937985652523,0.0207223506024814,0.00383100158890439,0.0035544912383980716,9.697508347391498,3.0,-0.06582798850574716,0.1416310344827586,0.41285994534558446,0.6666666666666666,0.3333333333333333,0.0,-0.6656022408963586,-0.5882352941176471,0.2340797192689876,0.0,1.0,0.0,116.3273797981477,9.699887808526553,8.698734729493893,11.895383759476255,0
2024-12-20,16270,-0.00043005467838053146,0.010559006211180222,0.013707165109034358,0.017701882779758593,0.007854700431141337,0.019235166432269635,0.004371534492167777,0.0034454722307881176,9.697078200213083,3.0,0.07817448969331324,0.1364470588235294,0.10415726485758833,0.6666666666666666,0.0,0.3333333333333333,-0.6436339522546418,-0.6153846153846154,0.19379181276395832,0.0,1.0,0.0,51.495009976623265,9.683914784745152,9.951137274189863,16.25644686142907,0
2024-12-23,16159,-0.006822372464658888,-0.007249493149843356,0.0036645962732919646,0.008739621699232147,-0.0007544276244187964,0.011495835771986096,0.006433967236965704,0.003819080343576003,9.690232448972248,12.0,0.08704028506297741,0.1417316220238095,0.2606159310718639,0.75,0.25,0.0,-0.4838426214253729,-0.4375,0.3376925006594191,0.08333333333333333,0.9166666666666666,0.0,66.16711780747534,16.535212528469348,10.21196737991865,8.854835469398738,1
2024-12-24,16208,0.0030323658642241735,-0.003810694529809422,-0.004239110401179524,0.00984423676012458,0.00032093218456075157,0.01347189785243752,0.006460162329377011,0.0037448545965370044,9.693260226488464,5.0,-0.13509886928104575,-0.2492875,0.2766301915850923,0.2,0.6,0.2,-0.4245567945567945,-0.3783783783783784,0.18075045767596334,0.0,1.0,0.0,67.63857669960558,19.234433237147517,19.565050638463422,19.15817306800809,1
2024-12-27,16251,0.002653010858835181,0.0056934216226252055,-0.0011677934849415594,0.009378881987577747,0.0011088523378304238,0.015141861249578392,0.006443099713425064,0.0036944229975677295,9.69590972432601,9.0,-0.03508731154684096,-0.0246764705882352,0.1872552299470201,0.4444444444444444,0.3333333333333333,0.2222222222222222,-0.42420730047504895,-0.3823529411764705,0.34086595589217034,0.1111111111111111,0.8888888888888888,0.0,55.683663246775104,19.471147665115513,9.21402328288942,10.10889243455649,0
2024-12-30,16162,-0.005476586056242683,-0.002838104639684147,0.00018565505291179285,-0.007065184001965985,-0.0029611351017889698,0.008643554778918539,0.004556145692746752,0.0038026579632995453,9.690418086793393,9.0,-0.03421180775310891,-0.0301954545454545,0.1141941005640921,0.3333333333333333,0.2222222222222222,0.4444444444444444,-0.611191116295829,-0.5517241379310345,0.19757993786000555,0.0,1.0,0.0,68.31566112690228,15.428628792176275,11.160979032310815,8.718846581124636,0
2024-12-31,16157,-0.00030936765251821097,-0.005784259430188898,-0.003146594274432424,-0.006945298094652719,-0.001878003879560608,0.0073853309681986,0.004562941287030569,0.0037990154751476155,9.69010867127683,6.0,-0.08797982259570493,-0.1323319047619047,0.2256565208673765,0.16666666666666666,0.5,0.3333333333333333,-0.56044476765065,-0.6457142857142857,0.3243880685550633,0.0,1.0,0.0,77.77710011634561,16.295481774461404,8.95529984769903,8.16818513973227,1
