trading_date,usd_idr_rate,previous_rate,rate_change,daily_return,geopolitical_news_count,article_ids,has_geopolitical_news
2021-09-01,14284,,,,0,,False
2021-09-02,14281,14284.0,-3.0,-0.00021002520302436292,10,"cnbc_6b385a3a,cnbc_ca9258cd,cnbc_2c9c9ebd,cnbc_1bec09c7,cnbc_05fe842d,cnbc_730ab804,cnbc_84a108b5,cnbc_3050d3da,cnbc_3e9c8728,cnbc_ba33dec4",True
2021-09-03,14261,14281.0,-20.0,-0.0014004621525103285,11,"cnbc_985eed03,cnbc_3d6b4369,cnbc_3ca43ecf,cnbc_fe9dbb4d,cnbc_3230dd0a,cnbc_d25afc71,cnbc_b1cc7dc6,cnbc_10a8095c,cnbc_35431552,cnbc_947deed6,cnbc_5ed81ce4",True
2021-09-06,14239,14261.0,-22.0,-0.0015426688170535026,21,"cnbc_f265dbec,cnbc_fee64f2c,cnbc_d62e7676,cnbc_c7cdf253,cnbc_a2ead0d4,cnbc_5292780e,cnbc_28de2471,cnbc_14e345a5,cnbc_cfdf516a,cnbc_6eed58b7,cnbc_696db61b,cnbc_3b06bec7,cnbc_32bc5f2e,cnbc_7fb57a07,cnbc_6f4195fc,cnbc_a51ccf78,cnbc_974528b7,cnbc_ebd55f7e,cnbc_1bec733e,cnbc_7f6a8c3b,cnbc_8661857c",True
2021-09-07,14195,14239.0,-44.0,-0.0030901046421799284,9,"cnbc_732166de,cnbc_192f75a2,cnbc_6c7b44ac,cnbc_0f5f07dc,cnbc_cb11f31b,cnbc_9f61793f,cnbc_38772598,cnbc_cbe0e68b,cnbc_fb75304a",True
2021-09-08,14266,14195.0,71.0,0.005001761183515322,9,"cnbc_e1a4b80b,cnbc_3aae1f7f,cnbc_c93f0044,cnbc_0681dd76,cnbc_e89fa5f6,cnbc_2785067a,cnbc_ac367990,cnbc_811dd74a,cnbc_b11d83ee",True
2021-09-09,14272,14266.0,6.0,0.00042058040095331557,12,"cnbc_93f58e01,cnbc_1543173a,cnbc_8e5441bf,cnbc_7ae15c19,cnbc_05f198e3,cnbc_08bfe6e8,cnbc_e5fd684a,cnbc_18f47f80,cnbc_b0c405e7,cnbc_26d30a61,cnbc_5c32e57c,cnbc_b6d3641c",True
2021-09-10,14225,14272.0,-47.0,-0.0032931614349775784,12,"cnbc_99038e0f,cnbc_1bbb1e3e,cnbc_b2785de5,cnbc_710b07c0,cnbc_929af06d,cnbc_3ef27f8a,cnbc_83fb1635,cnbc_39b03c8f,cnbc_85e7b5ce,cnbc_fd40f778,cnbc_57984130,cnbc_411869e1",True
2021-09-13,14260,14225.0,35.0,0.002460456942003515,24,"cnbc_f1c5fdb4,cnbc_936b8c67,cnbc_1372aeda,cnbc_3429d624,cnbc_41ae760b,cnbc_dc39cd13,cnbc_31f98b7b,cnbc_b52d340c,cnbc_be925ad8,cnbc_f2eae43f,cnbc_5c85eca1,cnbc_19cd9311,cnbc_a2d59444,cnbc_74d893b5,cnbc_27c0b217,cnbc_f31a2e2a,cnbc_b07db4e8,cnbc_d818e5c7,cnbc_c12e842f,cnbc_112b9d82,cnbc_d3a96c1f,cnbc_430c1873,cnbc_12c58682,cnbc_6fc98ce6",True
2021-09-14,14257,14260.0,-3.0,-0.00021037868162692848,10,"cnbc_5e9c8ebe,cnbc_372b77b5,cnbc_af47a92d,cnbc_ef3054a4,cnbc_9d5c051c,cnbc_5709ab76,cnbc_6d2f7105,cnbc_2376148c,cnbc_efeb560d,cnbc_05f29fac",True
2021-09-15,14252,14257.0,-5.0,-0.0003507049168829347,12,"cnbc_600f2bad,cnbc_98213d25,cnbc_77bc7687,cnbc_5ce4de87,cnbc_6a68e95b,cnbc_b1c7da05,cnbc_e9652f49,cnbc_1813fd69,cnbc_653159e4,cnbc_0c6fc04c,cnbc_f909163d,cnbc_296ba74b",True
2021-09-16,14238,14252.0,-14.0,-0.0009823182711198428,12,"cnbc_cf9ab3eb,cnbc_b644b2fc,cnbc_472622f2,cnbc_773fe570,cnbc_612ee52e,cnbc_ae1ca4b2,cnbc_cd542eef,cnbc_8aa7597f,cnbc_7c205b4d,cnbc_c678ed05,cnbc_85f1573c,cnbc_d8db8611",True
2021-09-17,14233,14238.0,-5.0,-0.00035117291754459897,15,"cnbc_eaaa5220,cnbc_98701056,cnbc_9b6c2861,cnbc_b02bf4ce,cnbc_09f11064,cnbc_fcb52178,cnbc_9f55fc2c,cnbc_18a68c56,cnbc_2d32042d,cnbc_33196c44,cnbc_b3fac304,cnbc_a5bd546e,cnbc_2dfc0ac2,cnbc_1d5bc44c,cnbc_030c5e5d",True
2021-09-20,14251,14233.0,18.0,0.0012646666198271623,22,"cnbc_7cd3c74a,cnbc_9c769b7c,cnbc_27e9cfa3,cnbc_fa21f675,cnbc_32c30159,cnbc_ae509c0a,cnbc_1a50ec1e,cnbc_5d1eb49b,cnbc_7b28de2f,cnbc_07b7b773,cnbc_eeed29f7,cnbc_bd559336,cnbc_6632d12e,cnbc_171e2e2e,cnbc_f2b7fcbe,cnbc_574485ac,cnbc_0455fc9f,cnbc_07fb8100,cnbc_c84f86c1,cnbc_a61a88e9,cnbc_9e7fa2f3,cnbc_eed1a7f7",True
2021-09-21,14244,14251.0,-7.0,-0.0004911936004490913,12,"cnbc_6067d37c,cnbc_4f7f84fc,cnbc_ea3ea81f,cnbc_39b09507,cnbc_c61e7cdc,cnbc_2a9dfa63,cnbc_9c2bcff6,cnbc_0cf8c874,cnbc_0b73341a,cnbc_b013fdac,cnbc_c048b4c3,cnbc_009a5fcf",True
2021-09-22,14249,14244.0,5.0,0.00035102499297950013,12,"cnbc_838ba74d,cnbc_347dcfc9,cnbc_116351e4,cnbc_9c57ef20,cnbc_b6118d12,cnbc_c0c98227,cnbc_fab0e9ae,cnbc_93669f76,cnbc_c87dc426,cnbc_16eaa952,cnbc_ff72ad92,cnbc_dd68cddc",True
2021-09-23,14256,14249.0,7.0,0.0004912625447399818,12,"cnbc_29f1a77f,cnbc_f0c64b06,cnbc_74c364fe,cnbc_018d87c6,cnbc_50a543ca,cnbc_59f82a6f,cnbc_310cf748,cnbc_07c32517,cnbc_561fecc2,cnbc_23f34637,cnbc_65ebc89d,cnbc_859ac767",True
2021-09-24,14250,14256.0,-6.0,-0.00042087542087542086,12,"cnbc_3436540e,cnbc_5a562530,cnbc_634c069a,cnbc_fda76ee9,cnbc_d7a16730,cnbc_81b84942,cnbc_ab12108e,cnbc_61a4dcb2,cnbc_5b3e52ca,cnbc_bee1fed9,cnbc_ebcca066,cnbc_edb8a4e2",True
2021-09-27,14258,14250.0,8.0,0.0005614035087719298,25,"cnbc_fa6647a1,cnbc_ca822f3c,cnbc_7d4e9320,cnbc_cc143590,cnbc_c414f536,cnbc_4ce1521d,cnbc_4beaa410,cnbc_721c07ca,cnbc_67887f22,cnbc_495e4564,cnbc_852ba193,cnbc_4cbd1538,cnbc_16aac7e5,cnbc_05328d68,cnbc_238dc77e,cnbc_6ef999d5,cnbc_025df4a4,cnbc_43f12c87,cnbc_800b3006,cnbc_b9075e77,cnbc_40dcbccc,cnbc_990031be,cnbc_6882f49b,cnbc_6f577fe8,cnbc_d271faa5",True
2021-09-28,14269,14258.0,11.0,0.0007714967036049937,12,"cnbc_5123ae0a,cnbc_78abec56,cnbc_875ea4ee,cnbc_754a0e45,cnbc_28ad9646,cnbc_550c1206,cnbc_d8487188,cnbc_56cfb860,cnbc_7c78cb4b,cnbc_6a4d92b7,cnbc_5b55c56c,cnbc_7779d449",True
2021-09-29,14307,14269.0,38.0,0.002663115845539281,11,"cnbc_af8a048e,cnbc_4d35303b,cnbc_3e1a16f7,cnbc_14683601,cnbc_ad36edb1,cnbc_313759b1,cnbc_fa991ecf,cnbc_730ef984,cnbc_afa7e946,cnbc_60f476ed,cnbc_2c679b9d",True
2021-09-30,14321,14307.0,14.0,0.000978541972461033,10,"cnbc_caa55c89,cnbc_7e32a51b,cnbc_4648e2a0,cnbc_854e061a,cnbc_5d582dc6,cnbc_31360ea8,cnbc_17fbf44f,cnbc_36faa9b8,cnbc_955bbd52,cnbc_b35e3177",True
2021-10-01,14315,14321.0,-6.0,-0.0004189651560645206,17,"cnbc_58f70585,cnbc_1c6378f0,cnbc_92b1e97e,cnbc_5602ee25,cnbc_de5f54fb,cnbc_cc8183d8,cnbc_34c0e0e3,cnbc_3954880f,cnbc_2a4e5f2c,cnbc_f0e33ff4,cnbc_3a7f2c9a,cnbc_d812ec1b,cnbc_dd6decee,cnbc_488abaa1,cnbc_45399b92,cnbc_87b5f2c2,cnbc_4a22d311",True
2021-10-04,14276,14315.0,-39.0,-0.002724414949353825,19,"cnbc_949b2aca,cnbc_314d99be,cnbc_238e28cb,cnbc_d10978a6,cnbc_5368eff0,cnbc_e37ad8ba,cnbc_1dc2304e,cnbc_183c0541,cnbc_0425af07,cnbc_1cd15f65,cnbc_3f3876fa,cnbc_7d264fa2,cnbc_45373648,cnbc_b8c0a94c,cnbc_ad9c343f,cnbc_5644387b,cnbc_cdd887d8,cnbc_7c3d1f02,cnbc_3f272e6c",True
2021-10-05,14260,14276.0,-16.0,-0.0011207621182404036,9,"cnbc_e7dbd996,cnbc_a76c32a2,cnbc_6baede27,cnbc_2834632f,cnbc_74c78fa6,cnbc_98659e67,cnbc_888df2a3,cnbc_34c9a244,cnbc_8a82392a",True
2021-10-06,14245,14260.0,-15.0,-0.0010518934081346423,11,"cnbc_f24ab055,cnbc_f5862365,cnbc_a9a5a5a9,cnbc_1ac7ff59,cnbc_043edbb9,cnbc_f91c9bad,cnbc_8139d76e,cnbc_e974f124,cnbc_837ee474,cnbc_380458b0,cnbc_ed596aac",True
2021-10-07,14238,14245.0,-7.0,-0.0004914004914004914,12,"cnbc_9e9e9456,cnbc_2d8eaba2,cnbc_90405e54,cnbc_d179a801,cnbc_b551c00e,cnbc_b44e5d01,cnbc_bae0c00c,cnbc_43479f7f,cnbc_292bd556,cnbc_c6b06891,cnbc_6ec8eaf9,cnbc_fda4327c",True
2021-10-08,14225,14238.0,-13.0,-0.0009130495856159573,8,"cnbc_199b44e6,cnbc_f08a6f24,cnbc_9abceb11,cnbc_c0a52491,cnbc_33666dc8,cnbc_b180ad96,cnbc_b41b7f8b,cnbc_dce9348b",True
2021-10-11,14210,14225.0,-15.0,-0.001054481546572935,22,"cnbc_77d06615,cnbc_af7c2c85,cnbc_fb7676b8,cnbc_cbd5ea39,cnbc_8675fef7,cnbc_99d456ef,cnbc_af990b0c,cnbc_48d00128,cnbc_8f35edf5,cnbc_fb69ac12,cnbc_ce57e741,cnbc_48cac497,cnbc_c34823c1,cnbc_0fd0e096,cnbc_d35c4673,cnbc_35a9e07c,cnbc_8ee0264a,cnbc_0f310961,cnbc_58e096b8,cnbc_c7a26da1,cnbc_107f214d,cnbc_8ede58bc",True
2021-10-12,14217,14210.0,7.0,0.0004926108374384236,8,"cnbc_f88ed42f,cnbc_6085d462,cnbc_a7881543,cnbc_6f884c93,cnbc_3e5cf21d,cnbc_94a4f703,cnbc_818132be,cnbc_589c77c1",True
2021-10-13,14221,14217.0,4.0,0.00028135330941830204,10,"cnbc_7ba72ea9,cnbc_139a6f2c,cnbc_b5900f15,cnbc_2fc63941,cnbc_082555e5,cnbc_4900aa69,cnbc_93d4d1f2,cnbc_d53b793a,cnbc_cd28b95d,cnbc_b892b9d7",True
2021-10-14,14155,14221.0,-66.0,-0.0046410238379860766,20,"cnbc_3a6209b4,cnbc_f629984a,cnbc_1c28132f,cnbc_369d06a6,cnbc_d5cf3098,cnbc_255344f0,cnbc_4e9b0ee0,cnbc_600e6402,cnbc_d8460acd,cnbc_1adf5d90,cnbc_11f35c51,cnbc_43460038,cnbc_500b7c78,cnbc_9708b82f,cnbc_f1901674,cnbc_0c86df09,cnbc_46d4bbbe,cnbc_adc1584d,cnbc_ebbff6da,cnbc_99045815",True
2021-10-15,14084,14155.0,-71.0,-0.005015895443306252,13,"cnbc_015c30f8,cnbc_da96addf,cnbc_b51f7092,cnbc_310e0d3b,cnbc_16fb5ff8,cnbc_cacf9dd5,cnbc_5fbf2bad,cnbc_da258dba,cnbc_40258e2c,cnbc_c217220a,cnbc_d9cfdd87,cnbc_9fb19fab,cnbc_1027c042",True
2021-10-18,14096,14084.0,12.0,0.0008520306731042318,14,"cnbc_7b32cf77,cnbc_fbdf2ff5,cnbc_b0379c94,cnbc_9aa47c79,cnbc_c308d1ef,cnbc_909520b6,cnbc_fa675bb1,cnbc_3f7dffcb,cnbc_3754ad47,cnbc_9295ee10,cnbc_beff009d,cnbc_d5b431f4,cnbc_662c204c,cnbc_73f51576",True
2021-10-19,14080,14096.0,-16.0,-0.0011350737797956867,9,"cnbc_2701c342,cnbc_0e47da4e,cnbc_37c90418,cnbc_27710f14,cnbc_d1f4071a,cnbc_9be55472,cnbc_b72fd813,cnbc_927114e9,cnbc_9b3e9279",True
2021-10-21,14133,14080.0,53.0,0.0037642045454545454,23,"cnbc_de858374,cnbc_1fefeb50,cnbc_a87be585,cnbc_113bdc02,cnbc_0dcf3713,cnbc_123e56da,cnbc_b1309bc1,cnbc_0a21f0c1,cnbc_4d7cb680,cnbc_7c490980,cnbc_f5f86498,cnbc_4852f3a0,cnbc_a86df70d,cnbc_b36ac704,cnbc_e8e84cbd,cnbc_5a65ee4e,cnbc_6f7a7327,cnbc_6e32dc2b,cnbc_24ad274b,cnbc_248ee209,cnbc_754a4217,cnbc_c0b0724e,cnbc_f9da9dca",True
2021-10-22,14162,14133.0,29.0,0.0020519351871506404,13,"cnbc_2032c824,cnbc_5b8cee4b,cnbc_0abd749d,cnbc_578108e8,cnbc_736ac16d,cnbc_f2a85768,cnbc_9d48fc44,cnbc_10eeae12,cnbc_06aae36e,cnbc_8b86ee05,cnbc_a921b6c0,cnbc_b835af04,cnbc_d6575676",True
2021-10-25,14183,14162.0,21.0,0.0014828414065809915,11,"cnbc_e34d3567,cnbc_77383de0,cnbc_0ee4fe2a,cnbc_e2e3686f,cnbc_eb11601a,cnbc_37edb02f,cnbc_cfaa9b4e,cnbc_b0c249b1,cnbc_01295257,cnbc_2d84a915,cnbc_3c97d9ea",True
2021-10-26,14165,14183.0,-18.0,-0.001269125008813368,11,"cnbc_2eaf73c8,cnbc_f8bb763d,cnbc_1135c7ae,cnbc_e4ed400d,cnbc_f8ce63b3,cnbc_27cae0dc,cnbc_43b7c0e8,cnbc_49a3414c,cnbc_1d8b0ca1,cnbc_281c9239,cnbc_8d925fd4",True
2021-10-27,14184,14165.0,19.0,0.0013413342746205436,12,"cnbc_2bf49f72,cnbc_489d8a27,cnbc_44305693,cnbc_278cecfa,cnbc_2e19f4b6,cnbc_ba690ec3,cnbc_2481c0db,cnbc_b4798434,cnbc_5c119c6c,cnbc_3bb538b9,cnbc_a739c889,cnbc_85717d13",True
2021-10-28,14199,14184.0,15.0,0.0010575296108291032,7,"cnbc_192fc409,cnbc_659dbca7,cnbc_3d5ee2fb,cnbc_403b93eb,cnbc_26667336,cnbc_eb37d277,cnbc_db946fb8",True
2021-10-29,14171,14199.0,-28.0,-0.0019719698570321853,6,"cnbc_43207703,cnbc_bc733ea8,cnbc_afe2630f,cnbc_36003324,cnbc_3fa21777,cnbc_b8fb2b6e",True
2021-11-01,14235,14171.0,64.0,0.004516265612871357,19,"cnbc_5a2bb190,cnbc_06854759,cnbc_dd421ca3,cnbc_d1e0ddbe,cnbc_be1570cf,cnbc_e6ad4b7b,cnbc_04e5f300,cnbc_e710964b,cnbc_f7ff5bac,cnbc_dcff6dcf,cnbc_4d86fc78,cnbc_138b37ef,cnbc_5f8a3576,cnbc_e4513d09,cnbc_06d84ff9,cnbc_0e64a099,cnbc_12db6dab,cnbc_ce770043,cnbc_6d67d031",True
2021-11-02,14261,14235.0,26.0,0.0018264840182648401,9,"cnbc_e1613e66,cnbc_653aa139,cnbc_3112ec89,cnbc_812d02de,cnbc_e2fe49a8,cnbc_8eabc291,cnbc_b39b58e7,cnbc_56f1e609,cnbc_f7e507b2",True
2021-11-03,14301,14261.0,40.0,0.0028048523946427317,7,"cnbc_f1924078,cnbc_3710875e,cnbc_52832c25,cnbc_ae231a4c,cnbc_436e4487,cnbc_051d13f7,cnbc_77ad791b",True
2021-11-04,14327,14301.0,26.0,0.001818054681490805,5,"cnbc_95bf4a32,cnbc_589db17a,cnbc_7b5d2dc2,cnbc_71a826c3,cnbc_7e251e83",True
2021-11-05,14374,14327.0,47.0,0.003280519299225239,15,"cnbc_f4302e15,cnbc_fb3842a6,cnbc_15d53741,cnbc_aba6e0d1,cnbc_cea4f232,cnbc_4e32e33e,cnbc_cabe85c3,cnbc_b0eabdd4,cnbc_53475121,cnbc_f7e80fe7,cnbc_bb7a46cd,cnbc_66d9aedf,cnbc_14ae152d,cnbc_26d483a4,cnbc_2a138dd4",True
2021-11-08,14268,14374.0,-106.0,-0.007374426047029359,20,"cnbc_42f507ff,cnbc_5cb53f27,cnbc_423d0195,cnbc_eb2e9840,cnbc_a6635065,cnbc_cbe076b3,cnbc_ef287dfa,cnbc_50317806,cnbc_7088c28f,cnbc_e48a301f,cnbc_a03738c7,cnbc_856dfdff,cnbc_47cba813,cnbc_83421c65,cnbc_61eb3792,cnbc_344f4867,cnbc_33d00791,cnbc_2e58beec,cnbc_c964bd2b,cnbc_80d42c7d",True
2021-11-09,14233,14268.0,-35.0,-0.002453041771797028,8,"cnbc_75c2debe,cnbc_2eec1ae8,cnbc_d88673f5,cnbc_040d7ebb,cnbc_68c4eb6a,cnbc_9a1a740f,cnbc_18fd36a6,cnbc_18f7a891",True
2021-11-10,14253,14233.0,20.0,0.0014051851331412914,8,"cnbc_b8b726ff,cnbc_e590e04c,cnbc_ea6348d7,cnbc_f59dfef4,cnbc_5e3aa0b6,cnbc_f3f8375c,cnbc_3a3b8687,cnbc_2a3a5379",True
2021-11-11,14288,14253.0,35.0,0.002455623377534554,12,"cnbc_15f5bde3,cnbc_03e63a91,cnbc_09f912b8,cnbc_f31ad49c,cnbc_75c541cc,cnbc_cd463b09,cnbc_86f7825e,cnbc_13e35e0e,cnbc_a7877ce2,cnbc_1480f4e3,cnbc_59118b52,cnbc_29437664",True
2021-11-12,14243,14288.0,-45.0,-0.0031494960806270995,13,"cnbc_fc6dfcf7,cnbc_75ac63ce,cnbc_71a0933e,cnbc_b37d2483,cnbc_3552dfd8,cnbc_b4e4d70c,cnbc_92d0213b,cnbc_58bd193f,cnbc_9786484d,cnbc_1d67d353,cnbc_027aafe1,cnbc_7aae3032,cnbc_fe0b523e",True
2021-11-15,14206,14243.0,-37.0,-0.002597767324299656,25,"cnbc_c53e1523,cnbc_2d6821e3,cnbc_2a9cc51a,cnbc_9347d39f,cnbc_f80c2a3a,cnbc_cdc82868,cnbc_e3228837,cnbc_c8dc83e9,cnbc_3ef47f6b,cnbc_4c9c6cd5,cnbc_8b192a4c,cnbc_d4cbbd11,cnbc_875a505c,cnbc_3bd3360d,cnbc_a37f732d,cnbc_766b67e7,cnbc_294ade47,cnbc_08c0ba96,cnbc_f3cc38d5,cnbc_566ef9ef,cnbc_7266b5b5,cnbc_fefffed6,cnbc_db5e9c77,cnbc_1304b0dd,cnbc_3b0497a3",True
2021-11-16,14211,14206.0,5.0,0.0003519639588906096,10,"cnbc_48afffff,cnbc_d42a55f0,cnbc_3ac1bdaa,cnbc_48f914a9,cnbc_3145273f,cnbc_5aa2d1dd,cnbc_859706d5,cnbc_c5c194f1,cnbc_56f6b600,cnbc_78737770",True
2021-11-17,14259,14211.0,48.0,0.0033776651889381466,8,"cnbc_b0af309e,cnbc_9af0df7f,cnbc_925117a1,cnbc_fa7c5219,cnbc_80661751,cnbc_3211c22b,cnbc_4740aa9b,cnbc_fb686e7c",True
2021-11-18,14231,14259.0,-28.0,-0.0019636720667648502,16,"cnbc_4823a7dc,cnbc_77c8ea18,cnbc_56a4dbab,cnbc_2c4699b6,cnbc_27cc9921,cnbc_a1198729,cnbc_c1ee070b,cnbc_95a8af75,cnbc_9eec431a,cnbc_b646a45b,cnbc_7c501561,cnbc_3a4d43a8,cnbc_d656cb82,cnbc_6b2c6408,cnbc_22e64c20,cnbc_0972fc14",True
2021-11-19,14237,14231.0,6.0,0.0004216147846251142,10,"cnbc_00d342e2,cnbc_341207d0,cnbc_5364c422,cnbc_89e1f56c,cnbc_b5f3549a,cnbc_9d51382a,cnbc_3c41f190,cnbc_27973c2e,cnbc_366be643,cnbc_069f8e44",True
2021-11-22,14255,14237.0,18.0,0.0012643113015382455,27,"cnbc_a8fd96f1,cnbc_8d37519a,cnbc_9d0c3431,cnbc_8582171a,cnbc_765a1f3c,cnbc_b58d907d,cnbc_64417c89,cnbc_12c4fa4d,cnbc_9a7351a2,cnbc_2c25dc52,cnbc_4f52cd45,cnbc_c7e58436,cnbc_1561f4fc,cnbc_99eb0f1f,cnbc_d6456a5a,cnbc_91ef86ed,cnbc_d954607c,cnbc_047ba25f,cnbc_42802a4c,cnbc_5690a576,cnbc_a780910c,cnbc_d9e8401f,cnbc_98fa5fbe,cnbc_4e968c65,cnbc_d3f123dc,cnbc_d2330692,cnbc_6b71a6fe",True
2021-11-23,14272,14255.0,17.0,0.0011925640126271484,10,"cnbc_711165d9,cnbc_11fc40d8,cnbc_1a7bdc1e,cnbc_4f735957,cnbc_36c99480,cnbc_d8b7b935,cnbc_6f74e899,cnbc_850b9bce,cnbc_86632329,cnbc_5ac03e64",True
2021-11-24,14272,14272.0,0.0,0.0,10,"cnbc_ce711f8f,cnbc_72ee86d7,cnbc_181d75d4,cnbc_87be33c1,cnbc_bda49569,cnbc_61a619a7,cnbc_c58e305a,cnbc_36f60b22,cnbc_dc3a43a5,cnbc_9e421037",True
2021-11-25,14280,14272.0,8.0,0.0005605381165919282,13,"cnbc_fc280739,cnbc_e9128aba,cnbc_d5da1f74,cnbc_61e8af47,cnbc_619ea332,cnbc_822eefa7,cnbc_ba034d49,cnbc_882efd79,cnbc_ee712807,cnbc_5c36b124,cnbc_d2b50ed8,cnbc_520569ac,cnbc_a05f36fa",True
2021-11-26,14280,14280.0,0.0,0.0,13,"cnbc_a42ad40f,cnbc_7cb3eeb9,cnbc_f171039e,cnbc_7418cb71,cnbc_86f9fcbf,cnbc_54106b23,cnbc_0ef6b60e,cnbc_dbd8f3b5,cnbc_484ceece,cnbc_4a3f9749,cnbc_369cabad,cnbc_bf787758,cnbc_eb77adcc",True
2021-11-29,14340,14280.0,60.0,0.004201680672268907,14,"cnbc_a1f00ccf,cnbc_909dfaf1,cnbc_93c345d9,cnbc_2f5ed23d,cnbc_24b658ce,cnbc_f439eeff,cnbc_9f76bbf9,cnbc_93f8edfa,cnbc_ad8da75c,cnbc_3807c3dc,cnbc_fc4ca71b,cnbc_678dfb87,cnbc_0baa4172,cnbc_dfeddbe4",True
2021-11-30,14320,14340.0,-20.0,-0.001394700139470014,10,"cnbc_e982561f,cnbc_401c8452,cnbc_2632df17,cnbc_85f108d5,cnbc_366e0228,cnbc_472effc5,cnbc_9c10aa84,cnbc_537a2600,cnbc_be081fbf,cnbc_26458a36",True
2021-12-01,14353,14320.0,33.0,0.002304469273743017,11,"cnbc_bab64058,cnbc_3891a24f,cnbc_b1760117,cnbc_d868a4ca,cnbc_10229310,cnbc_646981e4,cnbc_e1c9bbd4,cnbc_cc68f04f,cnbc_2620ca77,cnbc_ea792f71,cnbc_0917fc5a",True
2021-12-02,14378,14353.0,25.0,0.0017417961401797533,9,"cnbc_2326469f,cnbc_65a6c98a,cnbc_fcfb8ac3,cnbc_671b4744,cnbc_ebb90c70,cnbc_0fa8d77d,cnbc_284eca44,cnbc_53b2377d,cnbc_46e6508e",True
2021-12-03,14408,14378.0,30.0,0.002086521073862846,15,"cnbc_a99f19e2,cnbc_91895295,cnbc_9cb7d2fc,cnbc_af2c309a,cnbc_bac5a6a3,cnbc_5fd47f9e,cnbc_b4583676,cnbc_44a31ef2,cnbc_af06e5cb,cnbc_ebd8900d,cnbc_4bef5f3d,cnbc_43de31e0,cnbc_cf15b34a,cnbc_95522a38,cnbc_4433b7e3",True
2021-12-06,14441,14408.0,33.0,0.0022903942254303166,21,"cnbc_577eecee,cnbc_05a74197,cnbc_5fe82563,cnbc_7f956f0b,cnbc_75fd8766,cnbc_8bb2e5c5,cnbc_a317f9a5,cnbc_72916077,cnbc_d3b9587b,cnbc_d986a9b4,cnbc_c47625d8,cnbc_593188a1,cnbc_140ddb2a,cnbc_1403c01b,cnbc_a1aa37e4,cnbc_2899f200,cnbc_4711bf74,cnbc_9007982f,cnbc_d56f1e1b,cnbc_bb145046,cnbc_a6d72487",True
2021-12-07,14408,14441.0,-33.0,-0.0022851603074579324,4,"cnbc_0cc4635f,cnbc_ccd90720,cnbc_72de47c1,cnbc_6783d973",True
2021-12-08,14348,14408.0,-60.0,-0.00416435313714603,8,"cnbc_0e1a8a92,cnbc_761201ff,cnbc_7c80ae24,cnbc_db23b091,cnbc_8b471b16,cnbc_9bd4b82c,cnbc_4da5486d,cnbc_4b8a0ad0",True
2021-12-09,14351,14348.0,3.0,0.00020908837468636745,15,"cnbc_138d2fe0,cnbc_0bbb2d30,cnbc_49be04f2,cnbc_dae76129,cnbc_3d4dd006,cnbc_148b01e6,cnbc_6a8d7332,cnbc_1b0cee56,cnbc_09c0f8c9,cnbc_719d5406,cnbc_bd444280,cnbc_99a46366,cnbc_fb632cc8,cnbc_790a36bb,cnbc_8d7e8ef9",True
2021-12-10,14378,14351.0,27.0,0.0018814019928924813,11,"cnbc_950b1def,cnbc_c83fad20,cnbc_84412170,cnbc_940a405f,cnbc_2bfe0994,cnbc_8f62dbc4,cnbc_46d99d46,cnbc_af8f2a47,cnbc_62c1d5d4,cnbc_fa9ab54a,cnbc_567417c5",True
2021-12-13,14346,14378.0,-32.0,-0.0022256224787870356,14,"cnbc_14b17523,cnbc_8357248c,cnbc_9846b2db,cnbc_4c4b2e9b,cnbc_698633db,cnbc_77954dab,cnbc_312d633f,cnbc_3624221e,cnbc_125323e1,cnbc_4125b3c8,cnbc_878329e2,cnbc_3843f547,cnbc_14da17be,cnbc_af10049a",True
2021-12-14,14348,14346.0,2.0,0.00013941168269901018,7,"cnbc_fea485cc,cnbc_58139626,cnbc_2a66dd8c,cnbc_d7838e32,cnbc_4efe0da6,cnbc_9bca1314,cnbc_0881ba92",True
2021-12-15,14337,14348.0,-11.0,-0.0007666573738500139,10,"cnbc_9cb54537,cnbc_ac1527c5,cnbc_d6fff2ec,cnbc_72eee8b9,cnbc_4ed45060,cnbc_62db03da,cnbc_8a9898d3,cnbc_e01156aa,cnbc_d7a851a1,cnbc_b70dbf5f",True
2021-12-16,14343,14337.0,6.0,0.0004184975936388366,10,"cnbc_a4b585e4,cnbc_bdf442da,cnbc_b90ab2bb,cnbc_00f71720,cnbc_ab886b21,cnbc_3dcac8f3,cnbc_6403b32c,cnbc_b74d9b84,cnbc_3f65e109,cnbc_3075fed8",True
2021-12-17,14343,14343.0,0.0,0.0,17,"cnbc_7d608086,cnbc_845e7adf,cnbc_b55afef5,cnbc_42aaeb16,cnbc_f79e473f,cnbc_fafac8fc,cnbc_d439c3df,cnbc_1f07612c,cnbc_97dc69b7,cnbc_8274e520,cnbc_4b5f19ff,cnbc_f0632ba6,cnbc_8fbb2145,cnbc_410ce583,cnbc_643edcfc,cnbc_ed56f538,cnbc_09c803aa",True
2021-12-20,14384,14343.0,41.0,0.002858537265565084,19,"cnbc_959ab531,cnbc_97718550,cnbc_5302820a,cnbc_fe6efadb,cnbc_b26a164e,cnbc_fbc14c99,cnbc_a29a4382,cnbc_255b1fe5,cnbc_7fe02e0c,cnbc_b24d435c,cnbc_f2c67833,cnbc_92de4a38,cnbc_d6ab44ee,cnbc_c127123e,cnbc_5d2caaa3,cnbc_36195649,cnbc_5e920481,cnbc_4fb1770f,cnbc_ee961fc5",True
2021-12-21,14349,14384.0,-35.0,-0.0024332591768631813,9,"cnbc_d0a91472,cnbc_0b88ec18,cnbc_6489c1dc,cnbc_1962391d,cnbc_3c0a36ab,cnbc_a2c6add3,cnbc_cd21fc53,cnbc_373409c5,cnbc_17d2180e",True
2021-12-22,14264,14349.0,-85.0,-0.00592375775315353,7,"cnbc_e4287f0d,cnbc_a0611a00,cnbc_82d1042f,cnbc_25a3f87a,cnbc_f5451151,cnbc_d5ac3f56,cnbc_90c2007f",True
2021-12-23,14251,14264.0,-13.0,-0.0009113853056646102,12,"cnbc_29a9f88a,cnbc_cfcef56d,cnbc_a687956e,cnbc_fbc843c7,cnbc_11ded6e0,cnbc_b483d6c7,cnbc_5dbf5ee9,cnbc_2bb0bd62,cnbc_028eb13a,cnbc_78419fef,cnbc_055ba873,cnbc_2c072f4f",True
2021-12-24,14219,14251.0,-32.0,-0.002245456459195846,8,"cnbc_693d9e44,cnbc_708a2efe,cnbc_7a7403e5,cnbc_7a28f1dd,cnbc_54ef5256,cnbc_eb0f1cf2,cnbc_732ec983,cnbc_d5534aee",True
2021-12-27,14225,14219.0,6.0,0.00042197060271467756,11,"cnbc_5dc602ea,cnbc_3a00e142,cnbc_89f4781a,cnbc_88c6b595,cnbc_b3387ed6,cnbc_5a369226,cnbc_7ccea978,cnbc_41469792,cnbc_9981d053,cnbc_f7f5640d,cnbc_8bea351e",True
2021-12-28,14237,14225.0,12.0,0.0008435852372583479,7,"cnbc_56645797,cnbc_3411cd43,cnbc_e8271a87,cnbc_a9f8ad12,cnbc_345eb972,cnbc_bd34ec3a,cnbc_9fe97b23",True
2021-12-29,14265,14237.0,28.0,0.001966706469059493,4,"cnbc_a161e0ba,cnbc_adb68e4f,cnbc_4e1e8fcb,cnbc_bf5b2b26",True
2021-12-30,14269,14265.0,4.0,0.00028040658955485456,7,"cnbc_43c040ea,cnbc_56b01c73,cnbc_8f9922d9,cnbc_4c324f9f,cnbc_0fa85edb,cnbc_98eb5f7e,cnbc_38f486ac",True
2021-12-31,14278,14269.0,9.0,0.0006307379634171982,8,"cnbc_dae2b9f9,cnbc_5c9136f4,cnbc_134e359d,cnbc_2b179c56,cnbc_37219c71,cnbc_37ad1edd,cnbc_3fee6379,cnbc_90f95f6f",True
2022-01-03,14270,14278.0,-8.0,-0.0005603025633842274,13,"cnbc_99565ebd,cnbc_197c1d50,cnbc_a483895b,cnbc_5e822ef0,cnbc_30bf7a78,cnbc_c4196c04,cnbc_8a13de39,cnbc_59f35062,cnbc_1d916ad1,cnbc_49ca196e,cnbc_4b9d9b70,cnbc_515ee656,cnbc_264beb0b",True
2022-01-04,14310,14270.0,40.0,0.002803083391730904,5,"cnbc_e668bad3,cnbc_535d6963,cnbc_8e4f6fcb,cnbc_74ad2270,cnbc_65a2c8dd",True
2022-01-05,14365,14310.0,55.0,0.003843466107617051,6,"cnbc_9cce67d0,cnbc_32e92097,cnbc_957ac855,cnbc_d8455701,cnbc_dc27b3d6,cnbc_b08150d4",True
2022-01-06,14396,14365.0,31.0,0.0021580229725026105,12,"cnbc_a88d6f30,cnbc_d4e26791,cnbc_1b73ef95,cnbc_742fd877,cnbc_60b3434a,cnbc_7e3bf7da,cnbc_fe6a2b44,cnbc_b7b6b378,cnbc_cf9308b3,cnbc_29ea074b,cnbc_793f07b3,cnbc_3e0ac3b9",True
2022-01-07,14360,14396.0,-36.0,-0.0025006946373992774,10,"cnbc_6ceee09a,cnbc_9a0c2b2f,cnbc_cf2da61a,cnbc_a962f391,cnbc_f3bf41bc,cnbc_a3488d19,cnbc_7ecb4ea5,cnbc_1802f9cd,cnbc_66379045,cnbc_378c5482",True
2022-01-10,14323,14360.0,-37.0,-0.0025766016713091922,16,"cnbc_38fbbdf4,cnbc_d2965870,cnbc_175731a3,cnbc_1de9bb45,cnbc_606e66ee,cnbc_a0dfa821,cnbc_c4711f79,cnbc_8a8d985c,cnbc_7d578ffd,cnbc_b7e47b60,cnbc_b4417a46,cnbc_56c0d2ce,cnbc_046a73c0,cnbc_f1f484de,cnbc_75e140ca,cnbc_ec3ca8f6",True
2022-01-11,14299,14323.0,-24.0,-0.0016756266145360609,6,"cnbc_ae74353d,cnbc_a76faad3,cnbc_6890c7ae,cnbc_9ee5dfc0,cnbc_b53337fb,cnbc_7c7fe7de",True
2022-01-12,14302,14299.0,3.0,0.00020980488146024197,11,"cnbc_fd4e6b86,cnbc_fd70604d,cnbc_cc126db9,cnbc_33a2d067,cnbc_86ca0385,cnbc_6041c22d,cnbc_21e97439,cnbc_3872dfde,cnbc_8e3da902,cnbc_81108a63,cnbc_d4453eef",True
2022-01-13,14311,14302.0,9.0,0.0006292826178156901,12,"cnbc_f679e827,cnbc_f034d637,cnbc_99444636,cnbc_9b3fbf8a,cnbc_073512b3,cnbc_d405985a,cnbc_bb8ff352,cnbc_e3922b5c,cnbc_d272ab04,cnbc_767e768a,cnbc_7be7cade,cnbc_655f311b",True
2022-01-14,14310,14311.0,-1.0,-6.987631891551953e-05,13,"cnbc_fa0d8cd6,cnbc_5e036acf,cnbc_c9672f1b,cnbc_48990cef,cnbc_1dfb07a4,cnbc_be1caf42,cnbc_86e600c2,cnbc_0d353736,cnbc_49502342,cnbc_1ce6c383,cnbc_57195149,cnbc_4d189b50,cnbc_d3c1c266",True
2022-01-17,14323,14310.0,13.0,0.0009084556254367575,13,"cnbc_79243e27,cnbc_53a07cc4,cnbc_83315b0b,cnbc_1d9f742b,cnbc_b49b75aa,cnbc_a9baa329,cnbc_a0ac9fd8,cnbc_cd1504c0,cnbc_e7057914,cnbc_fe0d0a93,cnbc_716c9dee,cnbc_3f1a2686,cnbc_eb914aee",True
2022-01-18,14325,14323.0,2.0,0.00013963555121133841,12,"cnbc_1fff9dcb,cnbc_5038189a,cnbc_1f8ea813,cnbc_664be83a,cnbc_ad28c241,cnbc_c13ab107,cnbc_07018a59,cnbc_9d2c7b12,cnbc_6117a784,cnbc_bf9c7cb8,cnbc_2020e627,cnbc_d5e44fab",True
2022-01-19,14370,14325.0,45.0,0.0031413612565445027,18,"cnbc_acbbd745,cnbc_b4dc5bbe,cnbc_d5b2d0a0,cnbc_4d26edd0,cnbc_6e4b3201,cnbc_de541fca,cnbc_ca36ac1a,cnbc_2ff92eb1,cnbc_b434aa7e,cnbc_e50c2658,cnbc_9a8e4dbf,cnbc_2f355c6a,cnbc_f2d6b29a,cnbc_7d0d1ac6,cnbc_d1cd8918,cnbc_b60fce4b,cnbc_c8f8c548,cnbc_23daa221",True
2022-01-20,14354,14370.0,-16.0,-0.0011134307585247043,10,"cnbc_e7b5b603,cnbc_ca23e4f8,cnbc_00e810df,cnbc_922e90ee,cnbc_927c33e6,cnbc_91537153,cnbc_96095fac,cnbc_0bf80bef,cnbc_48170fc2,cnbc_318831d6",True
2022-01-21,14347,14354.0,-7.0,-0.0004876689424550648,11,"cnbc_77453070,cnbc_95e4e4f3,cnbc_5512ec3a,cnbc_574d79ab,cnbc_5388a7ab,cnbc_8a16ddfc,cnbc_2fec4278,cnbc_808725cf,cnbc_2be8424c,cnbc_e82b727b,cnbc_d80e52f9",True
2022-01-24,14327,14347.0,-20.0,-0.001394019655677145,20,"cnbc_df6ccc54,cnbc_a1204f3d,cnbc_c8abace1,cnbc_a7d1df89,cnbc_cb56d6ac,cnbc_848ad6d2,cnbc_3bab2725,cnbc_7f81f1f1,cnbc_a03e2521,cnbc_a0f84afe,cnbc_043ea3dc,cnbc_ed0203a3,cnbc_61a309d7,cnbc_64720c52,cnbc_6d4c519a,cnbc_a32a496e,cnbc_bb9524f1,cnbc_ad1bf5e2,cnbc_49bb5fde,cnbc_fb8e797f",True
2022-01-25,14358,14327.0,31.0,0.002163746771829413,13,"cnbc_e4882cd9,cnbc_c0c04350,cnbc_ac29f546,cnbc_ccd54ebe,cnbc_b3c10e86,cnbc_4115d6a8,cnbc_77d7cc98,cnbc_1b0e8110,cnbc_d7782276,cnbc_f37a518a,cnbc_c469f6e7,cnbc_56136ac0,cnbc_aef59d38",True
2022-01-26,14346,14358.0,-12.0,-0.0008357709987463436,11,"cnbc_1bc8d9e8,cnbc_980ba0d0,cnbc_0b907f93,cnbc_91d311fb,cnbc_1aa07ba0,cnbc_b379550f,cnbc_08deed2f,cnbc_2f521d3b,cnbc_3cd210b5,cnbc_169f66c2,cnbc_f03e1938",True
2022-01-27,14385,14346.0,39.0,0.0027185278126306985,15,"cnbc_2984e5ff,cnbc_066da1d3,cnbc_a14bea2f,cnbc_4897df8e,cnbc_5ed84db5,cnbc_f5b216ce,cnbc_7b38ac16,cnbc_6ed67e50,cnbc_ee205e49,cnbc_5fd8c517,cnbc_794148b7,cnbc_4042b88c,cnbc_4ffcb7fe,cnbc_b8573503,cnbc_c1238fef",True
2022-01-28,14381,14385.0,-4.0,-0.00027806743135210286,12,"cnbc_d92e373d,cnbc_77fd4107,cnbc_efff1d70,cnbc_1ce1e89c,cnbc_84454eee,cnbc_2b1ba214,cnbc_f57b76c9,cnbc_6f9d8bb2,cnbc_5b1e3c5c,cnbc_c6498817,cnbc_4a1e4557,cnbc_d022be10",True
2022-01-31,14392,14381.0,11.0,0.0007648981294763925,15,"cnbc_6e6e35cb,cnbc_3eb43a05,cnbc_55900097,cnbc_502ed068,cnbc_768d08d5,cnbc_52fc489f,cnbc_dcd91792,cnbc_48d8a221,cnbc_349aa841,cnbc_d65cafb6,cnbc_fda5b22a,cnbc_d03b8169,cnbc_ea3c4fac,cnbc_232ba85c,cnbc_2fa34119",True
2022-02-02,14347,14392.0,-45.0,-0.0031267370761534187,16,"cnbc_c01cd928,cnbc_ddb7e26b,cnbc_73981169,cnbc_effbfaca,cnbc_404b0a3f,cnbc_0e1c1e9c,cnbc_aab0eec9,cnbc_37548d23,cnbc_fd0d7ddd,cnbc_53d3c588,cnbc_885916d1,cnbc_c8224429,cnbc_b3947ff3,cnbc_7f6a7193,cnbc_d4427a16,cnbc_c8d012d8",True
2022-02-03,14381,14347.0,34.0,0.0023698334146511468,13,"cnbc_c162ae6e,cnbc_c993bf47,cnbc_2a484b4c,cnbc_873d163e,cnbc_550e9501,cnbc_9d1c952a,cnbc_c95577bc,cnbc_5de1ce6f,cnbc_6dbcdcc5,cnbc_ffbcc78f,cnbc_661fbbbf,cnbc_e4f4fb89,cnbc_d2dac3a5",True
2022-02-04,14376,14381.0,-5.0,-0.00034768096794381473,10,"cnbc_606475cd,cnbc_724dc8a8,cnbc_85bcce41,cnbc_536e96d0,cnbc_fccd9e35,cnbc_c964b89f,cnbc_a307f7e5,cnbc_d83cf191,cnbc_a6f8f206,cnbc_c1c8fc69",True
2022-02-07,14404,14376.0,28.0,0.0019476905954368391,13,"cnbc_2beb616a,cnbc_d9c96e36,cnbc_e7510e30,cnbc_ec0a87ab,cnbc_d518a02d,cnbc_a66a9238,cnbc_40d60743,cnbc_1d2ae04e,cnbc_f4f946ce,cnbc_284e0972,cnbc_c6cba105,cnbc_2bc4db80,cnbc_a0925810",True
2022-02-08,14385,14404.0,-19.0,-0.001319078033879478,10,"cnbc_5926a92b,cnbc_8e53d79b,cnbc_48e84676,cnbc_4cd1f5e0,cnbc_c381b747,cnbc_6e4e0c41,cnbc_a6cc40ec,cnbc_423a019a,cnbc_0ecc8e9c,cnbc_1403e66a",True
2022-02-09,14366,14385.0,-19.0,-0.0013208202989224887,12,"cnbc_60d876ce,cnbc_da5eaddb,cnbc_bcdff2a9,cnbc_650d035b,cnbc_16baf2e8,cnbc_7f86c8cd,cnbc_35331d49,cnbc_ab8b84f3,cnbc_4e571cd3,cnbc_6d12de01,cnbc_575dc607,cnbc_8ab04a44",True
2022-02-10,14344,14366.0,-22.0,-0.0015313935681470138,9,"cnbc_5ff6e280,cnbc_160ae0e2,cnbc_f9061bff,cnbc_7fb4eaec,cnbc_0ad9857d,cnbc_161ed38f,cnbc_67c3540b,cnbc_427501cc,cnbc_50c9d348",True
2022-02-11,14359,14344.0,15.0,0.001045733407696598,9,"cnbc_7efa0744,cnbc_03e2da5a,cnbc_3f4d8dd5,cnbc_648f18cb,cnbc_96c2f274,cnbc_f8b96e1b,cnbc_589612c0,cnbc_b6a0cc17,cnbc_e2697b18",True
2022-02-14,14338,14359.0,-21.0,-0.0014624973883975206,27,"cnbc_b04c8084,cnbc_17530b64,cnbc_81817bbb,cnbc_80cdaebe,cnbc_48cffa5b,cnbc_450eef22,cnbc_17a2915c,cnbc_8e8b2ee0,cnbc_4c8a608f,cnbc_04d962f2,cnbc_324852f6,cnbc_5b37b881,cnbc_514781d3,cnbc_91349395,cnbc_60868f82,cnbc_aec23837,cnbc_55b79744,cnbc_2a6821f0,cnbc_6f9f4491,cnbc_ff240bee,cnbc_90d68bff,cnbc_962f7468,cnbc_6ed108b8,cnbc_ae6c6395,cnbc_6dfcb3f0,cnbc_6b421dc7,cnbc_b2e0e924",True
2022-02-15,14292,14338.0,-46.0,-0.0032082577765378713,11,"cnbc_128ef567,cnbc_1115d860,cnbc_8a8be451,cnbc_1f0d36bc,cnbc_b0d962a7,cnbc_988c126a,cnbc_3727c6ef,cnbc_98262faf,cnbc_8ad28df6,cnbc_31eaabf9,cnbc_039e0f16",True
2022-02-16,14278,14292.0,-14.0,-0.0009795689896445563,8,"cnbc_1f0137ae,cnbc_178ba019,cnbc_96004134,cnbc_c62b2888,cnbc_32841c81,cnbc_951247f8,cnbc_5781e29e,cnbc_ab6d69a3",True
2022-02-17,14301,14278.0,23.0,0.001610869869729654,13,"cnbc_c1f41f07,cnbc_30e605d5,cnbc_20ad654c,cnbc_09e849be,cnbc_c0ba78c6,cnbc_91b40d90,cnbc_a1e2386a,cnbc_2d6dea6d,cnbc_6b663777,cnbc_ea3b7de7,cnbc_da918d36,cnbc_0a2d9b1c,cnbc_7348c038",True
2022-02-18,14339,14301.0,38.0,0.0026571568421788687,9,"cnbc_0293a23d,cnbc_300e937c,cnbc_07d7ab2d,cnbc_9b25f739,cnbc_feb4cda6,cnbc_3b90df45,cnbc_2f6a08ec,cnbc_d17da341,cnbc_302ea4ed",True
2022-02-21,14329,14339.0,-10.0,-0.0006973987028384127,25,"cnbc_be3715f6,cnbc_c6821f24,cnbc_afb7eb19,cnbc_baf35b19,cnbc_5c48f947,cnbc_38590ee6,cnbc_319fa12e,cnbc_d90d8bfb,cnbc_dea2dcbc,cnbc_312acb24,cnbc_df6335c9,cnbc_d67e724b,cnbc_7254936a,cnbc_670243a8,cnbc_b8622efb,cnbc_e936c81a,cnbc_738f1cc3,cnbc_621ceeba,cnbc_3eec0b95,cnbc_98a19655,cnbc_f7150178,cnbc_b4679184,cnbc_b888860a,cnbc_6e058c9f,cnbc_856db87e",True
2022-02-22,14362,14329.0,33.0,0.002303021843813246,11,"cnbc_a8ce442c,cnbc_18e13360,cnbc_4d32da72,cnbc_c8961b5b,cnbc_3c253f56,cnbc_ade27c33,cnbc_b62615c4,cnbc_5bdb8493,cnbc_eec553cb,cnbc_78f03aed,cnbc_d8dfeda5",True
2022-02-23,14355,14362.0,-7.0,-0.000487397298426403,18,"cnbc_da14e4d3,cnbc_f0469fd2,cnbc_5e035d5b,cnbc_604f5c7f,cnbc_2df53e73,cnbc_f9d6e200,cnbc_6334e7f0,cnbc_366024ad,cnbc_32781296,cnbc_23fd98c8,cnbc_3c2d4c86,cnbc_de869ece,cnbc_338852f6,cnbc_f27e3050,cnbc_c16e2d50,cnbc_0b4070b0,cnbc_010096a6,cnbc_0f3dd59a",True
2022-02-24,14371,14355.0,16.0,0.001114594218042494,9,"cnbc_516b45e6,cnbc_470f2bb5,cnbc_63db53ff,cnbc_5d356b95,cnbc_fb6ed5f0,cnbc_dfc00427,cnbc_58b969ac,cnbc_6e7bc96f,cnbc_0ef833d9",True
2022-02-25,14369,14371.0,-2.0,-0.0001391691601141187,22,"cnbc_f1f22309,cnbc_0358a062,cnbc_af3fe680,cnbc_38f530ac,cnbc_daaccde4,cnbc_86acf956,cnbc_6919ad7e,cnbc_bbbb88f7,cnbc_8dd804bf,cnbc_d0ce3a43,cnbc_a5b4591f,cnbc_e933f5fd,cnbc_7ec88606,cnbc_c6a8d7a7,cnbc_bb9003ad,cnbc_755f4f85,cnbc_ef7ed341,cnbc_b76bd7c0,cnbc_f3220499,cnbc_e3757907,cnbc_907abedc,cnbc_7946ae08",True
2022-03-01,14350,14369.0,-19.0,-0.001322291043218039,77,"cnbc_39afddee,cnbc_bd809c3e,cnbc_2c34a467,cnbc_da83d675,cnbc_06d27501,cnbc_6bec935b,cnbc_5c4536a4,cnbc_1196fae4,cnbc_2674da5c,cnbc_349a92c3,cnbc_a9c0bad8,cnbc_9b6f862f,cnbc_c027ab3e,cnbc_1a5548b6,cnbc_46abb93b,cnbc_382d8bd5,cnbc_02c40e15,cnbc_49f98198,cnbc_12fc1126,cnbc_ce999ffc,cnbc_e4b637eb,cnbc_aa926b2f,cnbc_5bc9e315,cnbc_24112344,cnbc_fb8558d5,cnbc_eb9b5b5e,cnbc_e886fe60,cnbc_798d6d18,cnbc_a05f6921,cnbc_550bd8c6,cnbc_883d43c9,cnbc_ff316d7b,cnbc_f166d784,cnbc_853317d7,cnbc_af8d39d6,cnbc_5e61dd23,cnbc_9bf7efbd,cnbc_c80e923b,cnbc_00ba320f,cnbc_1cb50075,cnbc_1b44710c,cnbc_c0bc6e55,cnbc_9f4e0c86,cnbc_9df54c66,cnbc_44e2c9e2,cnbc_8552995d,cnbc_b6eb7350,cnbc_0f6a8674,cnbc_04ba35da,cnbc_0fb5bdd1,cnbc_79943487,cnbc_d0a6302c,cnbc_8fe11c74,cnbc_971dc798,cnbc_48e86f74,cnbc_8725fa00,cnbc_c4fea118,cnbc_cd97101d,cnbc_b6b1b432,cnbc_134514b6,cnbc_14335b59,cnbc_d242e889,cnbc_7ce1b4c8,cnbc_c28ac36f,cnbc_fe3b1bbf,cnbc_e2dae857,cnbc_cd8a589d,cnbc_af62b772,cnbc_acd59994,cnbc_f8fe3a2d,cnbc_28f66402,cnbc_ce86939b,cnbc_4aeafc01,cnbc_4ac2a209,cnbc_c04d8f35,cnbc_90bcfb41,cnbc_b8237888",True
2022-03-02,14373,14350.0,23.0,0.001602787456445993,25,"cnbc_42b17acc,cnbc_eafd966a,cnbc_a0802987,cnbc_f0075063,cnbc_833d9c6f,cnbc_0357e01d,cnbc_26a59d90,cnbc_0173ed32,cnbc_e5880cfb,cnbc_b1aae20a,cnbc_2d33d70b,cnbc_cd47bcec,cnbc_823ec4da,cnbc_bb8728e2,cnbc_b9ebf0d8,cnbc_2a38baf6,cnbc_ed6d8969,cnbc_15c17d7d,cnbc_716f27ee,cnbc_d9f56f14,cnbc_51346ac7,cnbc_da422366,cnbc_7c7e37ea,cnbc_1fac1f26,cnbc_15b6f8e9",True
2022-03-04,14383,14373.0,10.0,0.0006957489737702637,56,"cnbc_4e154a59,cnbc_f2151381,cnbc_715c77b8,cnbc_01016503,cnbc_e16f8726,cnbc_bff85e5f,cnbc_01fc0802,cnbc_ddf47287,cnbc_d990331d,cnbc_74fffa7d,cnbc_a5c8dc68,cnbc_791d5a45,cnbc_1d3d4a2a,cnbc_d811bab4,cnbc_81a5585f,cnbc_4923f6b9,cnbc_191adcc8,cnbc_a9e3d5ca,cnbc_0c336b3b,cnbc_da754af9,cnbc_16ee352a,cnbc_e85d4729,cnbc_4ab5c205,cnbc_98ac04b4,cnbc_0e4b2ecc,cnbc_7773ab4b,cnbc_fedea1c7,cnbc_0c7c1890,cnbc_f88a2995,cnbc_9147e45a,cnbc_ab1eb02d,cnbc_41654fab,cnbc_8d4ca199,cnbc_d0e3abde,cnbc_c83f1bf0,cnbc_36baf4f5,cnbc_e7013bb5,cnbc_566e12e6,cnbc_a62afa44,cnbc_dbe839fe,cnbc_7aa550dd,cnbc_3b654581,cnbc_1a858c47,cnbc_c426eed9,cnbc_1a0d1a39,cnbc_69a4b813,cnbc_7490baba,cnbc_cadd749f,cnbc_9b645b27,cnbc_de153a84,cnbc_39e55441,cnbc_f0631f41,cnbc_779e441f,cnbc_d5b0e192,cnbc_2dbae3ed,cnbc_aa783bcf",True
2022-03-07,14411,14383.0,28.0,0.00194674268233331,45,"cnbc_43e72596,cnbc_7a00a4c5,cnbc_7d5f80aa,cnbc_4b2e72bf,cnbc_890e3f48,cnbc_551b18be,cnbc_5b86bac8,cnbc_77386872,cnbc_f3e07116,cnbc_e10f59ec,cnbc_e7a53d3c,cnbc_3d4e77e2,cnbc_3092b7a3,cnbc_825b9816,cnbc_358d374e,cnbc_b05c79c3,cnbc_7cd21b5c,cnbc_39156e96,cnbc_14d6747d,cnbc_e68de9f6,cnbc_b6f26c57,cnbc_81810e32,cnbc_622448b4,cnbc_ba6dbd2c,cnbc_f456c1d1,cnbc_d142e04d,cnbc_4079147b,cnbc_c352648f,cnbc_3c159bef,cnbc_ef2d2f80,cnbc_7c367f30,cnbc_f5070723,cnbc_0889413c,cnbc_0acbc831,cnbc_47f8abce,cnbc_537fff39,cnbc_d5c1ae9c,cnbc_08275c09,cnbc_5f9e5f0d,cnbc_5abfdcd0,cnbc_db09428c,cnbc_8c90bd91,cnbc_938489e3,cnbc_6c466f30,cnbc_811b3f6f",True
2022-03-08,14394,14411.0,-17.0,-0.0011796544306432587,16,"cnbc_efd36aa1,cnbc_3932f59f,cnbc_a57927d1,cnbc_80e0e6fd,cnbc_0b625e0e,cnbc_c2b37b64,cnbc_259c2f9d,cnbc_ae7ef67b,cnbc_c49a3759,cnbc_52bd9542,cnbc_b7a09617,cnbc_5d861148,cnbc_d7f387f5,cnbc_d8f36653,cnbc_3eff0501,cnbc_7ba5e139",True
2022-03-09,14371,14394.0,-23.0,-0.0015978880088925941,21,"cnbc_4d250ec7,cnbc_36859abb,cnbc_e8e56a1e,cnbc_0c39a1f4,cnbc_daf0f7c3,cnbc_1b258cc9,cnbc_b3d41454,cnbc_686778db,cnbc_c9331258,cnbc_c3be4aac,cnbc_786d90c8,cnbc_5a39da5d,cnbc_4e5a1372,cnbc_27d84b20,cnbc_58c3dc5f,cnbc_0b2741b0,cnbc_d56df08b,cnbc_bf7e65e0,cnbc_029f9733,cnbc_91de26a7,cnbc_6575c9b9",True
2022-03-10,14298,14371.0,-73.0,-0.005079674344165333,19,"cnbc_7c4c830a,cnbc_acf9b739,cnbc_29c42a07,cnbc_8a2c8e25,cnbc_1e0fd63e,cnbc_e4233c75,cnbc_35c97f84,cnbc_b9b6e865,cnbc_99b24c62,cnbc_8bc88464,cnbc_21925aab,cnbc_dd432554,cnbc_6ceae03b,cnbc_aa4d3630,cnbc_4d4b2662,cnbc_97215d09,cnbc_eb5759b5,cnbc_a41b73bf,cnbc_b1236469",True
2022-03-11,14306,14298.0,8.0,0.0005595188138201147,20,"cnbc_da715634,cnbc_f98a5ea1,cnbc_f9d9cc13,cnbc_92f17fae,cnbc_f992de01,cnbc_a1b8eaa0,cnbc_819d21f1,cnbc_b1c6b870,cnbc_6574dfbf,cnbc_09c03fd5,cnbc_2380a426,cnbc_1279073e,cnbc_ce5eb612,cnbc_803c870d,cnbc_53c2ac27,cnbc_20eee8fd,cnbc_a070f6c6,cnbc_aa84fb6c,cnbc_0ed341d6,cnbc_a225451a",True
2022-03-14,14328,14306.0,22.0,0.001537816300852789,34,"cnbc_b4c34183,cnbc_c207c906,cnbc_7a273369,cnbc_3b3ecd95,cnbc_d34e5987,cnbc_635605b0,cnbc_4d176507,cnbc_1c9f5874,cnbc_98b0868d,cnbc_844341df,cnbc_397947be,cnbc_fbe0bb0e,cnbc_8b88b10b,cnbc_fab26f33,cnbc_6daab0f8,cnbc_5ab8483d,cnbc_ef60046d,cnbc_09fdc45b,cnbc_3217ba86,cnbc_f8fb7474,cnbc_68fd1b74,cnbc_c3949537,cnbc_d7b3efa7,cnbc_b2393dd2,cnbc_dbb07206,cnbc_65ee7335,cnbc_b8c7ef0b,cnbc_5cc2028b,cnbc_d008d5c5,cnbc_2aec9d1f,cnbc_427d6524,cnbc_667a4006,cnbc_3c8cff99,cnbc_f07206d4",True
2022-03-15,14321,14328.0,-7.0,-0.0004885538805136795,16,"cnbc_d8038ab1,cnbc_503d941e,cnbc_0e190814,cnbc_0abd3090,cnbc_2a9b808e,cnbc_1d2dfa70,cnbc_f86242ee,cnbc_5180c450,cnbc_916fceaa,cnbc_642d91b7,cnbc_15f8cbab,cnbc_e2f8efff,cnbc_29592fdc,cnbc_58a8a786,cnbc_d00822f6,cnbc_48f265a1",True
2022-03-16,14311,14321.0,-10.0,-0.0006982752601075344,18,"cnbc_a56085cc,cnbc_9ccbe603,cnbc_9deec8ee,cnbc_e9407fbe,cnbc_a5a6524c,cnbc_a7aa1a6d,cnbc_a26739e8,cnbc_3f2eba37,cnbc_00e51b09,cnbc_3a90737d,cnbc_668417c2,cnbc_8d206ae4,cnbc_0cbd7f28,cnbc_45f60ced,cnbc_e6e09536,cnbc_d99a67f4,cnbc_d401d094,cnbc_fac529b7",True
2022-03-17,14290,14311.0,-21.0,-0.00146740269722591,22,"cnbc_22fc4988,cnbc_3a8d9be5,cnbc_9d4832d8,cnbc_1cc5ffce,cnbc_456bb204,cnbc_337bf7c9,cnbc_571377b8,cnbc_23222b98,cnbc_9360a1a1,cnbc_47d77c88,cnbc_472fb8f4,cnbc_e79a2838,cnbc_2abe4cee,cnbc_61ff7e22,cnbc_d0c3be78,cnbc_74ef5d3c,cnbc_1bcdf316,cnbc_c80f857f,cnbc_2a118f14,cnbc_fe090924,cnbc_c8723a8b,cnbc_e9c76600",True
2022-03-18,14340,14290.0,50.0,0.0034989503149055285,17,"cnbc_497a3442,cnbc_7d903648,cnbc_04907b45,cnbc_7713f6b2,cnbc_ab237515,cnbc_87509fd8,cnbc_dc5261c9,cnbc_72340212,cnbc_55a16e3d,cnbc_4e6e0add,cnbc_4ebb5cd3,cnbc_270ccd4e,cnbc_53889933,cnbc_42b7b3e3,cnbc_fd0fe31b,cnbc_ea7a3745,cnbc_a0527e36",True
2022-03-21,14341,14340.0,1.0,6.97350069735007e-05,24,"cnbc_c066a40a,cnbc_5d30f098,cnbc_d8fd3bf6,cnbc_c5f2b8e8,cnbc_ab623f36,cnbc_a0e5217b,cnbc_97b0944c,cnbc_dfb6506b,cnbc_44e1549d,cnbc_293ae175,cnbc_7857248e,cnbc_32b59e23,cnbc_7275efb5,cnbc_14278f12,cnbc_bf188d40,cnbc_841c5f17,cnbc_dc460cad,cnbc_445df4d2,cnbc_9e987cc8,cnbc_5073f878,cnbc_322266dd,cnbc_6c09d293,cnbc_cb07568e,cnbc_09dfe200",True
2022-03-22,14358,14341.0,17.0,0.0011854124538037793,12,"cnbc_f28ff8d5,cnbc_5949a566,cnbc_505b997e,cnbc_e8179467,cnbc_a240d8c8,cnbc_2d33d41f,cnbc_0a3f81f7,cnbc_1faebc7b,cnbc_1b42cd3e,cnbc_017cc555,cnbc_db0b28fe,cnbc_f829aa34",True
2022-03-23,14351,14358.0,-7.0,-0.00048753308260203373,15,"cnbc_f6d52286,cnbc_476e212d,cnbc_82a46f39,cnbc_fb643f7f,cnbc_acabb914,cnbc_469b438c,cnbc_fc0a6d03,cnbc_69383be3,cnbc_8d32f6c8,cnbc_3c8bdfd7,cnbc_7507d3c6,cnbc_90454b92,cnbc_fbaf872e,cnbc_74965f14,cnbc_f4f5e71f",True
2022-03-24,14361,14351.0,10.0,0.0006968155529231412,20,"cnbc_31c1977f,cnbc_262048e0,cnbc_fb413a02,cnbc_5642ac5d,cnbc_869878ba,cnbc_c8531ade,cnbc_7ee00d99,cnbc_1a44918c,cnbc_9a536740,cnbc_1f1d5adc,cnbc_a91fadb5,cnbc_1839fbc0,cnbc_1d9da50d,cnbc_f9da64a3,cnbc_ff91c208,cnbc_d66b486a,cnbc_2d39a15e,cnbc_60505459,cnbc_d5d623b7,cnbc_0fa7ae07",True
2022-03-25,14341,14361.0,-20.0,-0.0013926606782257503,25,"cnbc_00f23aaf,cnbc_8eb6c795,cnbc_e84b1000,cnbc_1172980f,cnbc_44cdbd7e,cnbc_0a1c4078,cnbc_b894b3af,cnbc_d550a787,cnbc_03fad2aa,cnbc_180d29fd,cnbc_666f79a9,cnbc_b8af411b,cnbc_49f86ec2,cnbc_65f65d8d,cnbc_1fb80ade,cnbc_6654011d,cnbc_885349a1,cnbc_e9621542,cnbc_84cdef42,cnbc_b4bec8eb,cnbc_7d873257,cnbc_8234d51f,cnbc_298ae424,cnbc_6048f0a9,cnbc_3dfc7239",True
2022-03-28,14360,14341.0,19.0,0.001324872742486577,37,"cnbc_df28d603,cnbc_aef0a8d9,cnbc_53266050,cnbc_acf3964c,cnbc_32187b97,cnbc_39c4daed,cnbc_7259bd59,cnbc_cd26a739,cnbc_af2a2931,cnbc_4de9e6f4,cnbc_563258ab,cnbc_76557175,cnbc_01b76a84,cnbc_b99bc2ed,cnbc_6fd86b57,cnbc_6f43fb98,cnbc_a612f3c8,cnbc_a11712aa,cnbc_3d83e63e,cnbc_6cf26763,cnbc_f80ddef9,cnbc_ef93450c,cnbc_7a43e5b6,cnbc_6892e683,cnbc_99c1bbec,cnbc_31486cc0,cnbc_ce13e084,cnbc_606fdd31,cnbc_801f9662,cnbc_db5a0c83,cnbc_f4a5af30,cnbc_7443772d,cnbc_0dd4a8ac,cnbc_fed7aecd,cnbc_0ed43aed,cnbc_6345330e,cnbc_7a2a6647",True
2022-03-29,14364,14360.0,4.0,0.0002785515320334262,9,"cnbc_a313467b,cnbc_9bda989f,cnbc_b8652b6e,cnbc_dbf9cdb7,cnbc_e53f8852,cnbc_b373aeb7,cnbc_93e65d4e,cnbc_7fb58a62,cnbc_deb39732",True
2022-03-30,14349,14364.0,-15.0,-0.0010442773600668337,15,"cnbc_c5fac63a,cnbc_7455a5dc,cnbc_77cc16b0,cnbc_0a91f93b,cnbc_2eca2cec,cnbc_89070f70,cnbc_f291aedd,cnbc_dbd458fe,cnbc_ee002a83,cnbc_d4ae0146,cnbc_5810c4fd,cnbc_8a650b4e,cnbc_994cfc2d,cnbc_851a9122,cnbc_79b11096",True
2022-03-31,14357,14349.0,8.0,0.0005575301414732734,15,"cnbc_d426a75b,cnbc_926b1b2d,cnbc_4f1f122f,cnbc_820d527b,cnbc_e59616b0,cnbc_c3e550b6,cnbc_2921412a,cnbc_43590cf2,cnbc_38361673,cnbc_9d73f9cf,cnbc_74078487,cnbc_6d7feb06,cnbc_4dcf6a66,cnbc_9650c101,cnbc_d54c244a",True
2022-04-01,14364,14357.0,7.0,0.00048756704046806434,17,"cnbc_239c3ea1,cnbc_b4413855,cnbc_036749a5,cnbc_54839886,cnbc_eabbb7bb,cnbc_368d2be5,cnbc_7b79a5af,cnbc_b3ebec4b,cnbc_518283f5,cnbc_6d1f1b73,cnbc_4be5a5ba,cnbc_72d40c30,cnbc_d7c54247,cnbc_26f62842,cnbc_1846ce37,cnbc_59a20fcd,cnbc_fd476863",True
2022-04-04,14362,14364.0,-2.0,-0.0001392369813422445,26,"cnbc_4ce27784,cnbc_2d6dfa3a,cnbc_14169736,cnbc_63053af3,cnbc_ca0afdfb,cnbc_17e4d47f,cnbc_59d2ca72,cnbc_1de6978f,cnbc_a1f12551,cnbc_ecb2a4de,cnbc_f9c07814,cnbc_5f568a57,cnbc_c8a33a45,cnbc_6120ee19,cnbc_3beabe3f,cnbc_c2261230,cnbc_1a67abeb,cnbc_2db32331,cnbc_05d3c32c,cnbc_ff5b1159,cnbc_e18eb1de,cnbc_580e5c0f,cnbc_c73bbd72,cnbc_25729c0c,cnbc_6582d028,cnbc_8465454e",True
2022-04-05,14348,14362.0,-14.0,-0.000974794596852806,16,"cnbc_19ca9ed1,cnbc_49b6bbe9,cnbc_14025ee5,cnbc_8db2ae76,cnbc_256449e7,cnbc_4645c140,cnbc_aa897cea,cnbc_69aedff7,cnbc_86e2ba97,cnbc_f3286a46,cnbc_762768a4,cnbc_80ea109d,cnbc_6c9e3553,cnbc_1534bb81,cnbc_ab2e3809,cnbc_b464bb59",True
2022-04-06,14364,14348.0,16.0,0.001115137998327293,11,"cnbc_3cb46b32,cnbc_6b80106f,cnbc_43c28214,cnbc_931f2c05,cnbc_ccc24fb3,cnbc_f0853dfc,cnbc_d5dc22bf,cnbc_6fc8b4b9,cnbc_ff4259d3,cnbc_183bd741,cnbc_54301a36",True
2022-04-07,14359,14364.0,-5.0,-0.00034809245335561123,14,"cnbc_e669f786,cnbc_94f6cc6f,cnbc_c302efa2,cnbc_235cc70c,cnbc_c7e08252,cnbc_379bafe1,cnbc_b25f41ba,cnbc_41a4fe47,cnbc_ab48cedb,cnbc_be4a675c,cnbc_fe91a9e6,cnbc_6ca9e8c3,cnbc_8c39cfe3,cnbc_b9aef4ba",True
2022-04-08,14365,14359.0,6.0,0.0004178563966850059,14,"cnbc_d045c1cc,cnbc_0c7ba736,cnbc_b7425933,cnbc_645daa3e,cnbc_062804ed,cnbc_72855b92,cnbc_a911bd51,cnbc_f7cdf898,cnbc_300a1300,cnbc_c34ff95c,cnbc_bfe1e88e,cnbc_61c6cdaa,cnbc_29670201,cnbc_2739deb1",True
2022-04-11,14370,14365.0,5.0,0.0003480682213713888,18,"cnbc_dda04e72,cnbc_c3066ef5,cnbc_8f5aeee2,cnbc_5d411a25,cnbc_0077fb4b,cnbc_d0cef1b2,cnbc_37ddf917,cnbc_37d8c153,cnbc_61359c9b,cnbc_4639dcea,cnbc_29de075f,cnbc_0bec4039,cnbc_ea117ba0,cnbc_fe07f9af,cnbc_ee077276,cnbc_72930e49,cnbc_a7de87ad,cnbc_d295af1f",True
2022-04-12,14364,14370.0,-6.0,-0.0004175365344467641,9,"cnbc_f15d09bf,cnbc_522060e9,cnbc_ff0db84b,cnbc_2629d160,cnbc_9b262a04,cnbc_867466a4,cnbc_e5936cac,cnbc_10f9fd23,cnbc_cc05fd05",True
2022-04-13,14359,14364.0,-5.0,-0.00034809245335561123,12,"cnbc_cd7a108b,cnbc_ecf690e1,cnbc_1174933a,cnbc_0704b6c4,cnbc_0023e3b9,cnbc_baa42507,cnbc_f4fb06f6,cnbc_1f1af1d8,cnbc_975c8e5e,cnbc_b189aeeb,cnbc_173a9171,cnbc_d435ae76",True
2022-04-14,14349,14359.0,-10.0,-0.0006964273278083432,13,"cnbc_ed7a39cb,cnbc_73f797bc,cnbc_6ff0a994,cnbc_920b7b12,cnbc_1f0cb328,cnbc_f54c2ee7,cnbc_7b150d5c,cnbc_3edffea6,cnbc_00974247,cnbc_2311e8a3,cnbc_599945a1,cnbc_a6392a64,cnbc_2e20a2c0",True
2022-04-18,14356,14349.0,7.0,0.00048783887378911424,31,"cnbc_9e59e7e6,cnbc_ca0c600d,cnbc_5e6a7c06,cnbc_c284a842,cnbc_a020e56c,cnbc_9bddc004,cnbc_6b1441ba,cnbc_1fb83bdd,cnbc_759843d4,cnbc_dc3ebacb,cnbc_a549d22f,cnbc_2b4a45d2,cnbc_513d9fbf,cnbc_f573ae63,cnbc_d09cf015,cnbc_c08ec8f9,cnbc_9659cc19,cnbc_a43fa3ef,cnbc_ea206b64,cnbc_b8ea07cd,cnbc_de383b1a,cnbc_9d627a98,cnbc_7021e8fa,cnbc_5b9ad00f,cnbc_42dba667,cnbc_536407ca,cnbc_558b9f4f,cnbc_e5cd1fd9,cnbc_628ccc5e,cnbc_b3ae4591,cnbc_6464f1b8",True
2022-04-19,14347,14356.0,-9.0,-0.0006269155753691836,6,"cnbc_0c1170a0,cnbc_b45179bd,cnbc_ee2e63be,cnbc_78d1a0e5,cnbc_0207764b,cnbc_f97079fa",True
2022-04-20,14351,14347.0,4.0,0.000278803931135429,8,"cnbc_2352212d,cnbc_58c32c51,cnbc_b9fdf05b,cnbc_3235b65a,cnbc_78fd5adc,cnbc_688d20b3,cnbc_4f3a2c5b,cnbc_13e1c7cc",True
2022-04-21,14348,14351.0,-3.0,-0.00020904466587694237,15,"cnbc_a0f0dcee,cnbc_fbc062ca,cnbc_8dc64465,cnbc_98e51a24,cnbc_38ec6d5b,cnbc_a836f062,cnbc_97410f97,cnbc_b4e169d4,cnbc_cb1aaae3,cnbc_e877ce28,cnbc_1aacd0bb,cnbc_41faaf24,cnbc_011b0a02,cnbc_015593c2,cnbc_c3fcd551",True
2022-04-22,14361,14348.0,13.0,0.0009060496236409256,16,"cnbc_925b2ef3,cnbc_4e0b5e1e,cnbc_5ee38604,cnbc_0365f67e,cnbc_ec7d66f0,cnbc_3637714c,cnbc_7e0da01b,cnbc_2deb48d7,cnbc_a161838c,cnbc_517d39d9,cnbc_db0d8169,cnbc_23687730,cnbc_1825771a,cnbc_811cc2c4,cnbc_a795935c,cnbc_17615974",True
2022-04-25,14452,14361.0,91.0,0.006336606085927164,20,"cnbc_2643287b,cnbc_95a2ac71,cnbc_8df5a869,cnbc_8da48a76,cnbc_262366b5,cnbc_7f993da8,cnbc_aaa8c8a4,cnbc_c1fcf924,cnbc_78e14d4f,cnbc_2fa2e3a8,cnbc_47072e01,cnbc_eb32242d,cnbc_24ab78d1,cnbc_1b07083e,cnbc_1e01514c,cnbc_96612898,cnbc_5e2100c2,cnbc_91f69fa4,cnbc_c9085437,cnbc_c09c4c8b",True
2022-04-26,14412,14452.0,-40.0,-0.0027677830058123443,11,"cnbc_9ecee31f,cnbc_b00c175d,cnbc_cd427591,cnbc_24cc63c9,cnbc_f6d2bde5,cnbc_fec4f8cb,cnbc_12eca849,cnbc_1a91596c,cnbc_8b59a06a,cnbc_6f486a6e,cnbc_3834bf6a",True
2022-04-27,14418,14412.0,6.0,0.00041631973355537054,11,"cnbc_795bfa70,cnbc_433e5f9d,cnbc_0ea0909b,cnbc_59b82040,cnbc_03164b3e,cnbc_b94c0adc,cnbc_4ca3bca5,cnbc_8105ae99,cnbc_720655e1,cnbc_029a2f49,cnbc_73af319e",True
2022-04-28,14480,14418.0,62.0,0.004300180330142877,12,"cnbc_674c1665,cnbc_c414dec2,cnbc_9df0a5cd,cnbc_ae667049,cnbc_5f8e3002,cnbc_a81fc53b,cnbc_07ae42e9,cnbc_442afbb7,cnbc_bec543ff,cnbc_b9f8374b,cnbc_07ff81b0,cnbc_bee37e97",True
2022-05-09,14534,14480.0,54.0,0.003729281767955801,100,"cnbc_86e7d0a4,cnbc_ae909631,cnbc_f257a91c,cnbc_6693ad94,cnbc_07615052,cnbc_882ee4d9,cnbc_5f845299,cnbc_452b2d99,cnbc_04f0b37b,cnbc_60ba1dc7,cnbc_acd67cf6,cnbc_5b13966f,cnbc_f8be4af0,cnbc_92f93866,cnbc_8ec17f0b,cnbc_6ae5a646,cnbc_428d4a2c,cnbc_a8c591b2,cnbc_3c491046,cnbc_afe5bbbf,cnbc_f4637d5b,cnbc_f88d7147,cnbc_ad361e7e,cnbc_ab0cb1c0,cnbc_1f98c92f,cnbc_a0d2f0c8,cnbc_57518e42,cnbc_625b4586,cnbc_6b76bff0,cnbc_5dd93523,cnbc_5bb26b73,cnbc_41d2c299,cnbc_13960527,cnbc_0ddb09bf,cnbc_564ef592,cnbc_185a2596,cnbc_6fdf5221,cnbc_1d22f8fb,cnbc_870ba9b7,cnbc_b0cb2cd0,cnbc_40ea94c7,cnbc_da36e528,cnbc_aeb8abfc,cnbc_ce2ae9d7,cnbc_77b0e2de,cnbc_1524dbc9,cnbc_ed9a0b57,cnbc_ebb0f84b,cnbc_e37352aa,cnbc_a37b2197,cnbc_f6c65e90,cnbc_245d362f,cnbc_083afde1,cnbc_66a4ae3a,cnbc_1ebb817b,cnbc_4880f406,cnbc_0b4f7c7f,cnbc_322f56e2,cnbc_33913b44,cnbc_4b1dcf87,cnbc_f8a3ef72,cnbc_d5c481f7,cnbc_7e040aa4,cnbc_5e1fe3be,cnbc_331341f1,cnbc_cc1ea9d2,cnbc_60e209a4,cnbc_296d9a96,cnbc_87db803b,cnbc_e700e6c1,cnbc_b9095c69,cnbc_eac49730,cnbc_e73f70e8,cnbc_8464c2f9,cnbc_33fa0af2,cnbc_1fc3fe63,cnbc_4348ac2b,cnbc_a455afd7,cnbc_68676333,cnbc_8bf21ccc,cnbc_ab3d0eff,cnbc_03b517d1,cnbc_d894c873,cnbc_c1765821,cnbc_e44110d0,cnbc_9e508baa,cnbc_86564546,cnbc_7a528dfb,cnbc_f23c3d3c,cnbc_17ebf16c,cnbc_86b3ce6e,cnbc_525c72d4,cnbc_f7736d48,cnbc_91892b6a,cnbc_e6d1969b,cnbc_80d46d7d,cnbc_f0b9e8eb,cnbc_cda2f10c,cnbc_f7ca3b23,cnbc_7d0f3e42",True
2022-05-10,14546,14534.0,12.0,0.0008256501995321315,8,"cnbc_da997571,cnbc_258f8426,cnbc_3aa187ce,cnbc_b890ed2f,cnbc_4cf591d9,cnbc_1cf2a742,cnbc_2cb51efa,cnbc_dfd2cfcf",True
2022-05-11,14546,14546.0,0.0,0.0,13,"cnbc_bfba6971,cnbc_28c73291,cnbc_df7624ba,cnbc_a1016cd5,cnbc_4469d31f,cnbc_d3fdfd34,cnbc_dc43d172,cnbc_b4f02f96,cnbc_5e79c337,cnbc_9c88795e,cnbc_6f46771d,cnbc_6b4ca138,cnbc_8efc2f15",True
2022-05-12,14585,14546.0,39.0,0.0026811494568953665,12,"cnbc_d1e3d054,cnbc_f1c56607,cnbc_fdb96085,cnbc_640604e3,cnbc_d8ad0c13,cnbc_c06025dd,cnbc_ca7d0ff8,cnbc_166723c8,cnbc_fd921115,cnbc_2dbd0aa7,cnbc_c95f0716,cnbc_be9fdc9a",True
2022-05-13,14619,14585.0,34.0,0.002331162152896812,13,"cnbc_289249af,cnbc_30e2947f,cnbc_9c69d9cc,cnbc_980e34c9,cnbc_d023e01e,cnbc_c15e2223,cnbc_f0084f9b,cnbc_6b523d31,cnbc_0c9a34ff,cnbc_05eb7c76,cnbc_8313789a,cnbc_fb0c8ba5,cnbc_aff83661",True
2022-05-17,14651,14619.0,32.0,0.002188932211505575,27,"cnbc_e9a904e1,cnbc_7e9cf173,cnbc_71c24835,cnbc_7511c5f6,cnbc_b60c8b3e,cnbc_a2e5da81,cnbc_7e4cb172,cnbc_057dd4a3,cnbc_4c663b81,cnbc_05d12d4e,cnbc_89f74abe,cnbc_68fd535b,cnbc_ec585639,cnbc_382fbdcb,cnbc_d4a65a7d,cnbc_2bec6c1f,cnbc_687805b3,cnbc_7dd04292,cnbc_99bf3f75,cnbc_c05baa63,cnbc_c507c48f,cnbc_bd2238d4,cnbc_3a419534,cnbc_d271312b,cnbc_a4cee4f7,cnbc_eb7324e3,cnbc_13885afa",True
2022-05-18,14682,14651.0,31.0,0.002115896525834414,8,"cnbc_be00e77f,cnbc_aff53cb4,cnbc_48c3d23c,cnbc_016704c5,cnbc_dcdf3424,cnbc_2ceb39ae,cnbc_2c348449,cnbc_7a07743f",True
2022-05-19,14731,14682.0,49.0,0.0033374199700313308,13,"cnbc_ae40ccc7,cnbc_9887ea10,cnbc_8871da1c,cnbc_9f19edc0,cnbc_8142f0d8,cnbc_fde05f41,cnbc_6bb771df,cnbc_95214f40,cnbc_1936792e,cnbc_99f68ac0,cnbc_3b147ff3,cnbc_c284516f,cnbc_f1911b15",True
2022-05-20,14661,14731.0,-70.0,-0.004751883782499491,7,"cnbc_1503536c,cnbc_ddada43c,cnbc_d04bd294,cnbc_a35b0ccd,cnbc_08f24fa8,cnbc_4ef2a8d0,cnbc_d446cd33",True
2022-05-23,14665,14661.0,4.0,0.0002728326853557056,21,"cnbc_8343c54d,cnbc_afd596eb,cnbc_7f01d74c,cnbc_747e6792,cnbc_78b75bd3,cnbc_fbd43872,cnbc_ab6d282e,cnbc_34aed2d8,cnbc_af7331f6,cnbc_dc6e0595,cnbc_ab7231d5,cnbc_d8b6f47d,cnbc_3ff1fa3c,cnbc_25a812e7,cnbc_bc28e79b,cnbc_61f844f3,cnbc_cb9b970d,cnbc_dfe87acb,cnbc_87e401bb,cnbc_d67be4bd,cnbc_62362db0",True
2022-05-24,14653,14665.0,-12.0,-0.0008182748039549949,18,"cnbc_759df095,cnbc_08e49e79,cnbc_5733939e,cnbc_a95d880b,cnbc_f2096b19,cnbc_a94e0d97,cnbc_96c898f0,cnbc_ae10a9b8,cnbc_1a868bc1,cnbc_97568e22,cnbc_75e45e7d,cnbc_3ae5e68c,cnbc_4e6c4bcf,cnbc_6656d0a6,cnbc_2cf93d67,cnbc_c5d7fadc,cnbc_f3fdf1d1,cnbc_1d22244e",True
2022-05-25,14645,14653.0,-8.0,-0.0005459632839691531,10,"cnbc_ee56da79,cnbc_416a5b57,cnbc_275a1e6a,cnbc_1094af02,cnbc_7f7e1b51,cnbc_387689ea,cnbc_f455955c,cnbc_62b67ecb,cnbc_dda11f59,cnbc_057a5d10",True
2022-05-27,14578,14645.0,-67.0,-0.004574940252645954,28,"cnbc_a50cf4f4,cnbc_def3fd89,cnbc_776e80bb,cnbc_06589c45,cnbc_1db5ecfb,cnbc_3d98065c,cnbc_ff5558c2,cnbc_239b819f,cnbc_b2f4ba80,cnbc_268e5bd9,cnbc_772ca88d,cnbc_9ac1e8a6,cnbc_87239a9e,cnbc_66f8c0b2,cnbc_f0656638,cnbc_f3d7c6a3,cnbc_91874d28,cnbc_83dab48c,cnbc_5078e6ab,cnbc_b3d3061f,cnbc_a91634ad,cnbc_89b7b00e,cnbc_6387c63d,cnbc_1a75ff18,cnbc_aa38ad8b,cnbc_7bd2b296,cnbc_4d4ca1b9,cnbc_d9894905",True
2022-05-30,14544,14578.0,-34.0,-0.002332281520098779,8,"cnbc_ee2063d7,cnbc_79e18f9c,cnbc_d96d3cf9,cnbc_05c85f92,cnbc_630e6986,cnbc_c9d03bf5,cnbc_c4b4b54a,cnbc_e1e37672",True
2022-05-31,14592,14544.0,48.0,0.0033003300330033004,6,"cnbc_e03e3312,cnbc_3efb7616,cnbc_48546ea1,cnbc_401312e6,cnbc_6473b37a,cnbc_57f9aba2",True
2022-06-02,14526,14592.0,-66.0,-0.004523026315789474,16,"cnbc_f269f8fe,cnbc_cc1f0efc,cnbc_12f120d9,cnbc_3d323619,cnbc_ab5e507f,cnbc_5322c87c,cnbc_00d65226,cnbc_20f33f38,cnbc_78fadbd2,cnbc_ff453408,cnbc_de20bc84,cnbc_566406ed,cnbc_ae9fc7fc,cnbc_4c4df827,cnbc_e44264c3,cnbc_2b448f87",True
2022-06-03,14431,14526.0,-95.0,-0.006539997246316949,9,"cnbc_7635ecf8,cnbc_4b24d492,cnbc_29b3996b,cnbc_ae1d3145,cnbc_2de15e0b,cnbc_776f49a6,cnbc_0774124e,cnbc_30347116,cnbc_5a1d7d1c",True
2022-06-06,14462,14431.0,31.0,0.002148153281130899,12,"cnbc_72b806c9,cnbc_0898e21a,cnbc_77bc7707,cnbc_3f02983c,cnbc_04ae94aa,cnbc_30126f09,cnbc_bb17d217,cnbc_9bfda1dd,cnbc_ead1b53c,cnbc_23a3f597,cnbc_319d0030,cnbc_baa5abab",True
2022-06-07,14464,14462.0,2.0,0.00013829345871940258,10,"cnbc_70a7e5b2,cnbc_6e84a402,cnbc_3ecbbca0,cnbc_e76eb39a,cnbc_eca4223d,cnbc_07730280,cnbc_89148cea,cnbc_9cd98450,cnbc_6d0da879,cnbc_3a88fca7",True
2022-06-08,14477,14464.0,13.0,0.000898783185840708,5,"cnbc_8c594d80,cnbc_bfb331d7,cnbc_4064a605,cnbc_1f49283f,cnbc_3d34ff3e",True
2022-06-09,14555,14477.0,78.0,0.0053878566001243355,11,"cnbc_5717f694,cnbc_b1b71ce9,cnbc_79c872bd,cnbc_1f137661,cnbc_b1f7158f,cnbc_16a241af,cnbc_3b080f41,cnbc_f1987daa,cnbc_3f17d469,cnbc_8b623db1,cnbc_1bb1c8a5",True
2022-06-10,14569,14555.0,14.0,0.0009618687736173136,3,"cnbc_e637b6de,cnbc_90551c80,cnbc_81095424",True
2022-06-13,14672,14569.0,103.0,0.0070698057519390485,30,"cnbc_ca3b04e3,cnbc_24b20460,cnbc_757f2871,cnbc_c46295ef,cnbc_0f1b6731,cnbc_9ae6b378,cnbc_415fce89,cnbc_c1f6d6dd,cnbc_4dc1b3c9,cnbc_61400ed4,cnbc_7d644d72,cnbc_9dc17ba0,cnbc_50f95ff7,cnbc_6498e57e,cnbc_1b5c41a5,cnbc_3bdd92ca,cnbc_dbb8711e,cnbc_30afd05d,cnbc_dbaddaa6,cnbc_f8c09ede,cnbc_c4bc9722,cnbc_b9960beb,cnbc_e7193361,cnbc_d703dd66,cnbc_4fcc4887,cnbc_d06f537c,cnbc_743597a0,cnbc_30c9126a,cnbc_5fbbb692,cnbc_503b4acc",True
2022-06-14,14729,14672.0,57.0,0.0038849509269356596,9,"cnbc_da5ab2d5,cnbc_4e7265fd,cnbc_22fd08bb,cnbc_ee36b578,cnbc_fcbee891,cnbc_85c3a889,cnbc_6dc10172,cnbc_7696aea0,cnbc_f47072dd",True
2022-06-15,14746,14729.0,17.0,0.0011541856202050378,10,"cnbc_3fb7dd9c,cnbc_931b126a,cnbc_c3da86e9,cnbc_99febaad,cnbc_26dc4da3,cnbc_9c14ba6d,cnbc_628d5333,cnbc_b67a0dd8,cnbc_3eaf6260,cnbc_13e16ae7",True
2022-06-16,14741,14746.0,-5.0,-0.00033907500339075,15,"cnbc_7d5db209,cnbc_9726172e,cnbc_382a956f,cnbc_ee73d26d,cnbc_ee8dbeee,cnbc_8acc88e7,cnbc_a12138e0,cnbc_1c7b8823,cnbc_abbadd5c,cnbc_adf99f70,cnbc_4dd04a06,cnbc_d116a56f,cnbc_ba845a49,cnbc_09ca1bf0,cnbc_d6cdcc29",True
2022-06-17,14828,14741.0,87.0,0.005901906247880062,7,"cnbc_454734fa,cnbc_ba8356ed,cnbc_618b6614,cnbc_c1def710,cnbc_0316f2d1,cnbc_09edf47e,cnbc_02d53ad4",True
2022-06-20,14836,14828.0,8.0,0.0005395198273536552,24,"cnbc_ccad7c2d,cnbc_e7d388de,cnbc_080fea5e,cnbc_4d4855c5,cnbc_84432456,cnbc_a79d96cf,cnbc_adbfb3c2,cnbc_cdbe41a1,cnbc_3995940d,cnbc_e65abefc,cnbc_8251602d,cnbc_df6c3348,cnbc_8ef89f9c,cnbc_ce1bfbbc,cnbc_7cebed7f,cnbc_0cfdf365,cnbc_c7a994d6,cnbc_a45f2e06,cnbc_b18836a5,cnbc_ac67b47b,cnbc_95139b24,cnbc_162afdc3,cnbc_468a3b00,cnbc_d5eec229",True
2022-06-21,14804,14836.0,-32.0,-0.0021569156106767324,11,"cnbc_c1dd7cc9,cnbc_687cc34e,cnbc_670f64e5,cnbc_92f0a7d6,cnbc_f1ef16a2,cnbc_2fc5a1f6,cnbc_6b50201a,cnbc_c45d68a6,cnbc_420e1a99,cnbc_ca2a51ca,cnbc_bd0fb17e",True
2022-06-22,14860,14804.0,56.0,0.0037827614158335585,6,"cnbc_a4f9566b,cnbc_9d11d112,cnbc_17d1a067,cnbc_0ecbac5a,cnbc_5a86b2fe,cnbc_5b6a1667",True
2022-06-23,14835,14860.0,-25.0,-0.0016823687752355316,5,"cnbc_fa8d0732,cnbc_f6455bf3,cnbc_91b5a356,cnbc_ec128421,cnbc_f2c78fe9",True
2022-06-24,14846,14835.0,11.0,0.000741489720256151,10,"cnbc_799f73a2,cnbc_b2dacdfe,cnbc_d6a8dd46,cnbc_6ece72f7,cnbc_d6825726,cnbc_3ba674f7,cnbc_47021045,cnbc_7e23e7cd,cnbc_ddcf825f,cnbc_21b15ca3",True
2022-06-27,14802,14846.0,-44.0,-0.0029637612825003366,24,"cnbc_b8cffd1f,cnbc_8c0f431f,cnbc_07aadd01,cnbc_aec608cd,cnbc_f24ed010,cnbc_ee2faafa,cnbc_cddfed2e,cnbc_c0c9682f,cnbc_b92b3316,cnbc_9b48b403,cnbc_58f40195,cnbc_baaf93f0,cnbc_b45fa6ef,cnbc_fe4af959,cnbc_4e5e6482,cnbc_9b581de8,cnbc_af05ee22,cnbc_3c579193,cnbc_afc512d0,cnbc_f0b52de1,cnbc_5d777478,cnbc_4ee9029f,cnbc_5f3fbb19,cnbc_9b904b09",True
2022-06-28,14837,14802.0,35.0,0.002364545331711931,16,"cnbc_02c92d43,cnbc_676a9254,cnbc_28c0adc2,cnbc_1811bb17,cnbc_84b7bdcc,cnbc_030b0541,cnbc_eba5a308,cnbc_3347d333,cnbc_8bc71915,cnbc_6cc943f3,cnbc_33853f38,cnbc_2564464b,cnbc_638dc239,cnbc_174a8d0a,cnbc_441551f1,cnbc_ffcd3f00",True
2022-06-29,14848,14837.0,11.0,0.0007413897688211903,10,"cnbc_5099e267,cnbc_b995c0a5,cnbc_09d8b805,cnbc_fbf15bfd,cnbc_3707ac26,cnbc_9e32b217,cnbc_24ba09f0,cnbc_f8d6b986,cnbc_79df9b47,cnbc_8154d731",True
2022-06-30,14882,14848.0,34.0,0.0022898706896551722,14,"cnbc_ea93f0ba,cnbc_f5d3453c,cnbc_0d16750c,cnbc_2cfc3fdc,cnbc_b1d7a05e,cnbc_1845c701,cnbc_d9651d14,cnbc_d76ffacf,cnbc_ddc61d65,cnbc_ebf9d3b8,cnbc_c418a49e,cnbc_a14f9026,cnbc_0f3a5a77,cnbc_6a802fc2",True
2022-07-01,14956,14882.0,74.0,0.004972449939524257,13,"cnbc_7046a63e,cnbc_6359a372,cnbc_34d9d7f6,cnbc_835842a9,cnbc_429d1fa9,cnbc_29436224,cnbc_83fb028c,cnbc_43c950ba,cnbc_52446634,cnbc_1e0668a3,cnbc_fb0a869d,cnbc_87516bb3,cnbc_938a5584",True
2022-07-04,14960,14956.0,4.0,0.0002674511901577962,31,"cnbc_532fee02,cnbc_7174854e,cnbc_6a65df93,cnbc_596b353a,cnbc_26979d74,cnbc_e1fab4dc,cnbc_c6b278aa,cnbc_608c557b,cnbc_8b2d219b,cnbc_e265635a,cnbc_c639e481,cnbc_bf4ecee1,cnbc_665ffd1e,cnbc_0cd144e8,cnbc_26031a1a,cnbc_137fcac5,cnbc_a87a0fb8,cnbc_2c2e99d3,cnbc_5d771e4b,cnbc_a1bed79e,cnbc_d8d7001a,cnbc_2b08db1d,cnbc_633b177d,cnbc_48071567,cnbc_3c5113ce,cnbc_4710c611,cnbc_04381a62,cnbc_48d155f4,cnbc_038bdcf5,cnbc_54222516,cnbc_4e1bc81f",True
2022-07-05,14990,14960.0,30.0,0.002005347593582888,6,"cnbc_0e382928,cnbc_978457d4,cnbc_7ff25672,cnbc_8dbe4e1d,cnbc_e55bdd58,cnbc_14dac2fe",True
2022-07-06,15015,14990.0,25.0,0.001667778519012675,9,"cnbc_17e7ec50,cnbc_ee98df95,cnbc_01f58711,cnbc_d4983a98,cnbc_529ab880,cnbc_9b54b4ac,cnbc_e20bfd66,cnbc_07085d24,cnbc_c659311d",True
2022-07-07,14986,15015.0,-29.0,-0.0019314019314019314,10,"cnbc_b5f578e7,cnbc_34af8802,cnbc_87a04c1e,cnbc_a50b27c0,cnbc_6d60ac9d,cnbc_39fe7a45,cnbc_f5226368,cnbc_9caf225b,cnbc_823d0941,cnbc_20d10072",True
2022-07-08,14981,14986.0,-5.0,-0.00033364473508608035,12,"cnbc_6a73382f,cnbc_d2324065,cnbc_45ed83a6,cnbc_a70246cf,cnbc_7ea0f1c2,cnbc_c7207e6c,cnbc_1cd94a27,cnbc_da083c15,cnbc_606d2bb3,cnbc_39272641,cnbc_dd5434a7,cnbc_ce846566",True
2022-07-11,14969,14981.0,-12.0,-0.000801014618516788,24,"cnbc_72dc506c,cnbc_5bf41d6a,cnbc_e98c7c59,cnbc_42cbe33c,cnbc_8cdb891f,cnbc_ca1cb0a2,cnbc_b5e91b2a,cnbc_de84e882,cnbc_8720fb73,cnbc_c41993d7,cnbc_9d7ddce9,cnbc_b683d5be,cnbc_f96e240a,cnbc_53f2bebf,cnbc_cd47e6ca,cnbc_9f4e8954,cnbc_0f061c23,cnbc_a636f9a6,cnbc_521340ac,cnbc_6cef3b33,cnbc_25b08580,cnbc_376af976,cnbc_d9c8e038,cnbc_9cf3be9f",True
2022-07-12,14993,14969.0,24.0,0.0016033135145968336,8,"cnbc_329ce1da,cnbc_7a361b97,cnbc_4240ef6a,cnbc_c1c64b9a,cnbc_fdc88cd6,cnbc_aaaaef6a,cnbc_d46824fb,cnbc_cdb2e194",True
2022-07-13,14985,14993.0,-8.0,-0.0005335823384245981,7,"cnbc_4d03da0d,cnbc_577baecd,cnbc_a25872be,cnbc_4a1b06b2,cnbc_96c49fe1,cnbc_f7752aa7,cnbc_5851116e",True
2022-07-14,14999,14985.0,14.0,0.0009342676009342676,8,"cnbc_2d5302c0,cnbc_f5f222b7,cnbc_e304febf,cnbc_352c9214,cnbc_fbb265d4,cnbc_0c0e1edc,cnbc_dc6675c3,cnbc_d6271085",True
2022-07-15,14999,14999.0,0.0,0.0,13,"cnbc_a23c526d,cnbc_61264c57,cnbc_39ee110b,cnbc_5192051f,cnbc_69083a76,cnbc_7de4cad7,cnbc_f24af2fa,cnbc_3cf458a6,cnbc_d156034c,cnbc_ea26ad33,cnbc_07604563,cnbc_ed9c1391,cnbc_5a767e9b",True
2022-07-18,14986,14999.0,-13.0,-0.0008667244482965531,31,"cnbc_0be77e10,cnbc_ef09fa13,cnbc_cd98fb1f,cnbc_b032e9e9,cnbc_d421e04e,cnbc_6341c938,cnbc_3a2b3c07,cnbc_f543b0c6,cnbc_9461a4b4,cnbc_10bad012,cnbc_471a9a10,cnbc_15a9ff55,cnbc_0a58b53e,cnbc_163ad6d2,cnbc_e56af164,cnbc_08279feb,cnbc_0b4aaeb9,cnbc_0db844f1,cnbc_1a3a569b,cnbc_0e284e29,cnbc_6209170b,cnbc_61b9b4eb,cnbc_02ed6f39,cnbc_67d0b9ba,cnbc_af6cd8fe,cnbc_4a0bad4e,cnbc_dc45e8e0,cnbc_a6c74e75,cnbc_bcf9e644,cnbc_877029c8,cnbc_edc09899",True
2022-07-19,14992,14986.0,6.0,0.0004003736821032964,11,"cnbc_7cb5c2d0,cnbc_5a3f508a,cnbc_b3e7285e,cnbc_f5c928e2,cnbc_42cea2d9,cnbc_0ac6811d,cnbc_bce17652,cnbc_e5c250c7,cnbc_f5898c5b,cnbc_db7640d8,cnbc_ffb64033",True
2022-07-20,14984,14992.0,-8.0,-0.0005336179295624333,14,"cnbc_9160810c,cnbc_5328b2ab,cnbc_d69e5f4a,cnbc_339dac48,cnbc_f0cce147,cnbc_081129f3,cnbc_323b7cd5,cnbc_61f1698b,cnbc_10eb2766,cnbc_33d80bd6,cnbc_aa2896a4,cnbc_9905e3cf,cnbc_64647d74,cnbc_71d4b855",True
2022-07-21,15017,14984.0,33.0,0.002202349172450614,15,"cnbc_966d1229,cnbc_f35a5ea5,cnbc_a4fe34dc,cnbc_e584906f,cnbc_7951835b,cnbc_7068335e,cnbc_5ad8bed9,cnbc_6616d06d,cnbc_be276673,cnbc_301db010,cnbc_c3ca0293,cnbc_68b18fb1,cnbc_e3daac4f,cnbc_a435c41a,cnbc_6996c649",True
2022-07-22,15024,15017.0,7.0,0.00046613837650662585,15,"cnbc_c5335de3,cnbc_01b19502,cnbc_d7f75bfa,cnbc_79826540,cnbc_c05bad98,cnbc_56238086,cnbc_c71ad562,cnbc_f3cc7732,cnbc_854d4888,cnbc_1fd27681,cnbc_4b910001,cnbc_0e55517a,cnbc_4e703225,cnbc_5a0d143e,cnbc_48372a81",True
2022-07-25,14992,15024.0,-32.0,-0.002129925452609159,13,"cnbc_8966e52c,cnbc_4e68a54f,cnbc_a6acedf1,cnbc_c7dd2c53,cnbc_7a0778af,cnbc_4f32f991,cnbc_a385af82,cnbc_d74bec6b,cnbc_94c74bef,cnbc_c3caaa83,cnbc_b3244c8e,cnbc_6e84a305,cnbc_3940d3b0",True
2022-07-26,14984,14992.0,-8.0,-0.0005336179295624333,11,"cnbc_94d6be32,cnbc_0b3f44a4,cnbc_51f0014f,cnbc_8d7d5a1c,cnbc_9f283cc2,cnbc_722174f0,cnbc_0dd12948,cnbc_116573e5,cnbc_a764c898,cnbc_cb51f812,cnbc_e81248d9",True
2022-07-27,15020,14984.0,36.0,0.002402562733582488,7,"cnbc_99607f06,cnbc_fe52ced3,cnbc_fbcf6e10,cnbc_55c6c529,cnbc_d3542b84,cnbc_59236766,cnbc_10312e5e",True
2022-07-28,14958,15020.0,-62.0,-0.004127829560585885,8,"cnbc_cf105ea5,cnbc_76e23529,cnbc_5d5e3d24,cnbc_542473cf,cnbc_3d8688ca,cnbc_9433ed74,cnbc_ce299b34,cnbc_364adaa5",True
2022-07-29,14860,14958.0,-98.0,-0.006551678031822436,10,"cnbc_86642841,cnbc_7b81930d,cnbc_692f6dad,cnbc_0f6eac9f,cnbc_d851cbcc,cnbc_856a10fc,cnbc_905c925e,cnbc_99fdd7ca,cnbc_f73e06a7,cnbc_0a0673e3",True
2022-08-01,14874,14860.0,14.0,0.0009421265141318977,26,"cnbc_76dc73f5,cnbc_9cfe6d14,cnbc_7a330e39,cnbc_feefed40,cnbc_96f22dfc,cnbc_f4de46a1,cnbc_243c2f74,cnbc_9cdca360,cnbc_5c6122ca,cnbc_f0a0ef20,cnbc_582f05cb,cnbc_e45ffa17,cnbc_32a75abd,cnbc_a4bbaa01,cnbc_c206f8c1,cnbc_f3335ba8,cnbc_022741db,cnbc_ad8f182d,cnbc_6807a6ba,cnbc_2005fa46,cnbc_be23c301,cnbc_4a9518b9,cnbc_77cbf430,cnbc_c3c43dc4,cnbc_010b4e96,cnbc_eaef1719",True
2022-08-02,14888,14874.0,14.0,0.0009412397472098965,6,"cnbc_e3a7629e,cnbc_f82eb6b6,cnbc_e039ea1c,cnbc_18bf2cf0,cnbc_d40df15e,cnbc_aba2abcb",True
2022-08-03,14917,14888.0,29.0,0.0019478774852229985,12,"cnbc_ed88aef2,cnbc_1f706a6f,cnbc_795c166e,cnbc_902a3c2b,cnbc_cbb68fb8,cnbc_ded1a2d5,cnbc_93c64906,cnbc_35777b3b,cnbc_5a42d727,cnbc_120a1d91,cnbc_6abeb161,cnbc_f8856912",True
2022-08-04,14929,14917.0,12.0,0.0008044512971777167,8,"cnbc_fd1fcb9b,cnbc_9738cfe3,cnbc_435e0e01,cnbc_35c9e416,cnbc_078d6880,cnbc_d4d11506,cnbc_7a9744b5,cnbc_88b6761c",True
2022-08-05,14904,14929.0,-25.0,-0.0016745930738830464,10,"cnbc_cc54c0a2,cnbc_45d308dd,cnbc_41befeb2,cnbc_7a5ec747,cnbc_4929db85,cnbc_722c71cb,cnbc_9ef836d9,cnbc_05a7a877,cnbc_0ec22ae2,cnbc_c412a363",True
2022-08-08,14915,14904.0,11.0,0.0007380568974771874,28,"cnbc_801aeae0,cnbc_df402159,cnbc_f99bce84,cnbc_58d0abdb,cnbc_7d4b5b05,cnbc_ab357a6f,cnbc_00924e14,cnbc_7b8aae79,cnbc_2c6e63d5,cnbc_6eb52a52,cnbc_c8237a66,cnbc_72942ac1,cnbc_8fc60d07,cnbc_89e89602,cnbc_f51e339f,cnbc_d1892840,cnbc_b505e212,cnbc_de682b94,cnbc_371f8ef9,cnbc_7987f1f4,cnbc_47c332f9,cnbc_e6571b75,cnbc_9705c7ca,cnbc_bdc9e14a,cnbc_c57b1683,cnbc_cbc1a9c1,cnbc_c9bab577,cnbc_a11d8baf",True
2022-08-09,14862,14915.0,-53.0,-0.003553469661414683,9,"cnbc_17aa05db,cnbc_f2001d7a,cnbc_e6b3e285,cnbc_d1e4ce61,cnbc_77e338b2,cnbc_a137f16b,cnbc_946151e9,cnbc_09459649,cnbc_9ad8c8a4",True
2022-08-10,14875,14862.0,13.0,0.0008747140357959897,12,"cnbc_e56bde21,cnbc_81774311,cnbc_4c76b597,cnbc_b72ddcb9,cnbc_09954833,cnbc_0c833393,cnbc_97457aee,cnbc_cf0345ed,cnbc_e00cce0e,cnbc_5270165d,cnbc_cfa06e2e,cnbc_bea2337b",True
2022-08-11,14799,14875.0,-76.0,-0.0051092436974789915,11,"cnbc_07d98eed,cnbc_28171770,cnbc_e4a3c12d,cnbc_dd4eedb5,cnbc_b6718a01,cnbc_29d11e65,cnbc_42e36ec9,cnbc_035bc16e,cnbc_a7401451,cnbc_f8de6089,cnbc_eefa54e4",True
2022-08-12,14688,14799.0,-111.0,-0.0075005067909993915,4,"cnbc_7ae99ae3,cnbc_ef6e3596,cnbc_16f1c315,cnbc_a2e851ec",True
2022-08-15,14727,14688.0,39.0,0.0026552287581699347,23,"cnbc_e14634a6,cnbc_1196bbac,cnbc_17953bfc,cnbc_07d8ae63,cnbc_d8adc00c,cnbc_a9d267e7,cnbc_dbf86122,cnbc_d4741b8d,cnbc_0140ab8f,cnbc_95bc92e3,cnbc_5a27b1a3,cnbc_c21093e8,cnbc_4611f426,cnbc_dd9f0af3,cnbc_4b9325e4,cnbc_39efc3d1,cnbc_80ca4035,cnbc_14382bef,cnbc_845fb36f,cnbc_d5844cc5,cnbc_967e728e,cnbc_8f76cf69,cnbc_b163af9a",True
2022-08-16,14767,14727.0,40.0,0.0027160996808582873,5,"cnbc_41a0f276,cnbc_d6d403bf,cnbc_4a34e16d,cnbc_8b8793c2,cnbc_4bfb855a",True
2022-08-18,14822,14767.0,55.0,0.0037245208911762715,18,"cnbc_3bb6a16f,cnbc_59878b91,cnbc_1f2f3599,cnbc_3bb9589e,cnbc_5e01809e,cnbc_1719403c,cnbc_adfd7608,cnbc_3b954ecf,cnbc_0fae5810,cnbc_513bfef9,cnbc_d4ff0d14,cnbc_148b0e9f,cnbc_e92715f4,cnbc_2702b2a3,cnbc_90d43b86,cnbc_40505591,cnbc_c808dc0b,cnbc_7689a2d9",True
2022-08-19,14858,14822.0,36.0,0.0024288220213196598,12,"cnbc_85a77221,cnbc_77aea590,cnbc_ab7673db,cnbc_400c126e,cnbc_8afa6097,cnbc_3bcc0ac6,cnbc_bf113483,cnbc_3246b6cc,cnbc_ff07a1ee,cnbc_751c62b5,cnbc_8a51cc05,cnbc_21ee3d93",True
2022-08-22,14882,14858.0,24.0,0.001615291425494683,16,"cnbc_850b54d2,cnbc_7f43b43a,cnbc_068c6b38,cnbc_f3e2e74f,cnbc_277b38d5,cnbc_0f065453,cnbc_daefd55d,cnbc_85988220,cnbc_a9a17eee,cnbc_bc703afd,cnbc_5843ce35,cnbc_07daf367,cnbc_0ecd7306,cnbc_f9360a5f,cnbc_0a145c1f,cnbc_39239277",True
2022-08-23,14893,14882.0,11.0,0.0007391479639833355,7,"cnbc_8e3cb107,cnbc_33aa39bf,cnbc_a0eb27eb,cnbc_a182cfa1,cnbc_26153ede,cnbc_5b4d5740,cnbc_f1039ce5",True
2022-08-24,14851,14893.0,-42.0,-0.00282011683341167,6,"cnbc_43e72829,cnbc_87e5250d,cnbc_d44f0b7f,cnbc_7655d44d,cnbc_658b62f2,cnbc_efc6ad9f",True
2022-08-25,14827,14851.0,-24.0,-0.0016160527910578412,6,"cnbc_6aa3cc4f,cnbc_a288fc3f,cnbc_435b9f45,cnbc_e59d8568,cnbc_a9ca52af,cnbc_f475a7d6",True
2022-08-26,14814,14827.0,-13.0,-0.0008767788493963715,4,"cnbc_c3a39706,cnbc_5a15f4a8,cnbc_a3dbffd0,cnbc_8b5f321e",True
2022-08-29,14887,14814.0,73.0,0.004927771027406508,21,"cnbc_cae1682e,cnbc_1b821282,cnbc_ee228c1c,cnbc_7eea062e,cnbc_990042e5,cnbc_085c14a2,cnbc_a8918167,cnbc_94bf5b0a,cnbc_2166b7e9,cnbc_85003174,cnbc_5523ba65,cnbc_da1c129f,cnbc_f0e17cd9,cnbc_16d0960a,cnbc_7e7987c5,cnbc_7510ad28,cnbc_52f6985d,cnbc_e6b4c75f,cnbc_685ac789,cnbc_e789e7b2,cnbc_10b42848",True
2022-08-30,14875,14887.0,-12.0,-0.0008060724121716934,6,"cnbc_148eb3a0,cnbc_ff8ecfbe,cnbc_5f7a355b,cnbc_fc7878fa,cnbc_5ae31f31,cnbc_7221363a",True
2022-08-31,14853,14875.0,-22.0,-0.0014789915966386554,5,"cnbc_f163c268,cnbc_13566f6f,cnbc_18f4f5b5,cnbc_08d606a2,cnbc_55030f19",True
2022-09-01,14884,14853.0,31.0,0.0020871204470477344,13,"cnbc_e6bc2aab,cnbc_05a8bb8f,cnbc_1e758dd1,cnbc_db976ea8,cnbc_eb5c453c,cnbc_ea2580b6,cnbc_9cf135bc,cnbc_9e8fadac,cnbc_0c820efe,cnbc_45295416,cnbc_9e70bd9f,cnbc_bdb2fd74,cnbc_5f2432d2",True
2022-09-02,14900,14884.0,16.0,0.0010749798441279225,10,"cnbc_ea07193a,cnbc_cbaabe24,cnbc_c2bbba5a,cnbc_64744f92,cnbc_9f03fdd7,cnbc_daaab2e1,cnbc_e2ee6929,cnbc_bffb7b5f,cnbc_590244f5,cnbc_f4f3c4e9",True
2022-09-05,14920,14900.0,20.0,0.0013422818791946308,14,"cnbc_1837ca12,cnbc_9b99a40b,cnbc_612425a3,cnbc_9b48c27e,cnbc_52de7828,cnbc_8db02f93,cnbc_7b69a37e,cnbc_95903960,cnbc_5e6edc19,cnbc_be119315,cnbc_15a85d8e,cnbc_68f2a863,cnbc_16dfbf74,cnbc_6826758e",True
2022-09-06,14885,14920.0,-35.0,-0.0023458445040214475,11,"cnbc_75b77a67,cnbc_bc407dfd,cnbc_7081ec44,cnbc_9fdbcbb8,cnbc_fa3a3990,cnbc_499f4cc4,cnbc_1f16ec79,cnbc_40683d7b,cnbc_b5c3c353,cnbc_7bc3eab7,cnbc_190b9f6c",True
2022-09-07,14927,14885.0,42.0,0.0028216325159556603,11,"cnbc_df7ad28d,cnbc_66ad12bc,cnbc_7026a55b,cnbc_0c4390d5,cnbc_5a1c873b,cnbc_77e95e29,cnbc_fd4083f4,cnbc_978d0eba,cnbc_f9838893,cnbc_277d4037,cnbc_322365ea",True
2022-09-08,14905,14927.0,-22.0,-0.0014738393515106854,10,"cnbc_69cd6081,cnbc_d82918ff,cnbc_f9a3bea4,cnbc_58e0cb0d,cnbc_c90d31da,cnbc_596126d8,cnbc_d53daec4,cnbc_24537539,cnbc_76738e58,cnbc_35e8f83e",True
2022-09-09,14846,14905.0,-59.0,-0.0039584032203958406,10,"cnbc_d0906bc0,cnbc_a4b0725e,cnbc_cea69ab1,cnbc_5ef5e7a3,cnbc_3dacbf35,cnbc_3cb5c2d2,cnbc_6ce11346,cnbc_0eeed173,cnbc_ad0fb22d,cnbc_3a656000",True
2022-09-12,14839,14846.0,-7.0,-0.0004715074767614172,27,"cnbc_c4a4e4f3,cnbc_511ec890,cnbc_9a67e455,cnbc_5d6823a0,cnbc_a252a494,cnbc_8f659793,cnbc_50e6e000,cnbc_fde176b1,cnbc_c17cc1db,cnbc_76f36976,cnbc_7042b30b,cnbc_20a8fe78,cnbc_28767d2c,cnbc_daaccfaf,cnbc_49c2a169,cnbc_6076cf59,cnbc_a709a021,cnbc_c33ef7e2,cnbc_628d9bdf,cnbc_e4e3d639,cnbc_ee705d1b,cnbc_a13c2a95,cnbc_d8095fca,cnbc_895b5134,cnbc_2b79782f,cnbc_19220ed8,cnbc_574aca85",True
2022-09-13,14861,14839.0,22.0,0.0014825796886582653,9,"cnbc_d3fe0565,cnbc_655cdcfe,cnbc_fc9325b9,cnbc_d40e8aa2,cnbc_ebc74c5c,cnbc_4e526f4a,cnbc_c3696b94,cnbc_b59fac9c,cnbc_4a9a4094",True
2022-09-14,14923,14861.0,62.0,0.004171993809299509,6,"cnbc_7f8948fb,cnbc_afeaba1a,cnbc_840ab398,cnbc_7318e7ec,cnbc_24cb8f14,cnbc_e9846bab",True
2022-09-15,14899,14923.0,-24.0,-0.0016082557126583126,9,"cnbc_473a12f2,cnbc_bb5bef78,cnbc_8cf97459,cnbc_4bd095d5,cnbc_f16f0d1c,cnbc_c29330bb,cnbc_8413cbc9,cnbc_e9bbc12a,cnbc_06ec483e",True
2022-09-16,14939,14899.0,40.0,0.0026847439425464795,7,"cnbc_1e20cb09,cnbc_ddb94383,cnbc_ae704c17,cnbc_8886bde2,cnbc_060dd157,cnbc_f3818b0a,cnbc_2136a378",True
2022-09-19,14980,14939.0,41.0,0.0027444942767253498,17,"cnbc_b375700f,cnbc_52524f61,cnbc_11115345,cnbc_6b34107e,cnbc_e0dca8ce,cnbc_f0f3c38b,cnbc_82fe8da1,cnbc_3af1d581,cnbc_ee99dc52,cnbc_1311bbd1,cnbc_9a090bc6,cnbc_716040a0,cnbc_44a2abf5,cnbc_4451e946,cnbc_e3649641,cnbc_929f3098,cnbc_37772a70",True
2022-09-20,14975,14980.0,-5.0,-0.0003337783711615487,10,"cnbc_25ba8554,cnbc_9645819f,cnbc_b44dee54,cnbc_f06ed0b9,cnbc_60f94118,cnbc_b2b65f16,cnbc_62755724,cnbc_63dc7db7,cnbc_bc659667,cnbc_552dddd7",True
2022-09-21,15011,14975.0,36.0,0.002404006677796327,7,"cnbc_4eb0d6a8,cnbc_86066091,cnbc_313768d0,cnbc_83bbce38,cnbc_dbadb68d,cnbc_9041a5a1,cnbc_5e1ba0e3",True
2022-09-22,15033,15011.0,22.0,0.001465591899273866,22,"cnbc_78cd9828,cnbc_84e0d164,cnbc_7a2835c0,cnbc_886d6fbf,cnbc_d4c243d2,cnbc_efa9c3e0,cnbc_ac23c56a,cnbc_f9add9c6,cnbc_c8207dcf,cnbc_8a8c084b,cnbc_3f5c8662,cnbc_7c26ae40,cnbc_db16a902,cnbc_7759b5e7,cnbc_98d9f886,cnbc_629b1ee1,cnbc_fa0defd2,cnbc_de39328f,cnbc_992d4754,cnbc_551d2593,cnbc_4e735bf5,cnbc_5460846e",True
2022-09-23,15035,15033.0,2.0,0.00013304064391671656,16,"cnbc_8d2ad832,cnbc_1fe10544,cnbc_2107b07a,cnbc_222f4e48,cnbc_a0ef6a1e,cnbc_38d513ba,cnbc_31ab4529,cnbc_cb9ddbdf,cnbc_3f72fccb,cnbc_582091bf,cnbc_0fe58fcc,cnbc_fdc66090,cnbc_a3ed49db,cnbc_42090a9a,cnbc_e53d99ce,cnbc_6e0fb693",True
2022-09-26,15119,15035.0,84.0,0.00558696375124709,20,"cnbc_0827f6cd,cnbc_a8f39b79,cnbc_057c116e,cnbc_fc059188,cnbc_609864e6,cnbc_20cdffbf,cnbc_006107c6,cnbc_c09ea8ba,cnbc_f729932f,cnbc_1c327750,cnbc_8e625032,cnbc_22f7e0c6,cnbc_c6c77130,cnbc_9b96f679,cnbc_611d50bf,cnbc_b3644440,cnbc_a028ef02,cnbc_b3f57c33,cnbc_3af0eac8,cnbc_846a2fc8",True
2022-09-27,15155,15119.0,36.0,0.002381109861763344,11,"cnbc_6150d47c,cnbc_bee255e4,cnbc_11ff66ef,cnbc_09cc0142,cnbc_9b0633ff,cnbc_adca6bb3,cnbc_9e4e2050,cnbc_244047ec,cnbc_acdae86c,cnbc_c45c8c67,cnbc_df0d4bc7",True
2022-09-28,15243,15155.0,88.0,0.00580666446717255,11,"cnbc_22056cee,cnbc_44ba330b,cnbc_76217eef,cnbc_e8bafb33,cnbc_989d5c68,cnbc_7ac8344e,cnbc_8334cc4e,cnbc_fc1a1904,cnbc_68c0e195,cnbc_32eeac37,cnbc_81334ee4",True
2022-09-29,15247,15243.0,4.0,0.000262415534999672,10,"cnbc_61409ea5,cnbc_56023020,cnbc_ec7a5fa5,cnbc_c1d2b416,cnbc_92032a2c,cnbc_9c63dcda,cnbc_76705168,cnbc_5460dc22,cnbc_dc1bec31,cnbc_efbe1581",True
2022-09-30,15232,15247.0,-15.0,-0.000983800091821342,13,"cnbc_6e8a5ca6,cnbc_466b0af6,cnbc_ef171bc2,cnbc_0a565eb0,cnbc_bde7d037,cnbc_792e2544,cnbc_393d7e68,cnbc_b01814d5,cnbc_32696537,cnbc_c906d205,cnbc_9a1802c5,cnbc_06d177cf,cnbc_bdeb0355",True
2022-10-03,15293,15232.0,61.0,0.004004726890756302,28,"cnbc_da33c9b3,cnbc_1fa27fb1,cnbc_7e59f8ef,cnbc_04450f60,cnbc_f917f997,cnbc_07562242,cnbc_e2ebc288,cnbc_809fa149,cnbc_c5c83efd,cnbc_d8f21de1,cnbc_cd193158,cnbc_222e17c1,cnbc_075eedbe,cnbc_32a5ac20,cnbc_c7b7087f,cnbc_621bdbeb,cnbc_a1512487,cnbc_156ab899,cnbc_720f87e1,cnbc_b8d43757,cnbc_bbce3a16,cnbc_b3b26c94,cnbc_83fe109a,cnbc_2176e2d5,cnbc_6f611701,cnbc_fd2b5838,cnbc_ef539934,cnbc_d60c4983",True
2022-10-04,15276,15293.0,-17.0,-0.0011116196952854246,10,"cnbc_250af0aa,cnbc_5a1a5caf,cnbc_7f123e1d,cnbc_167d5f36,cnbc_af9df7e0,cnbc_bedc31e6,cnbc_0855ca7e,cnbc_77c11fab,cnbc_51fd287b,cnbc_3650c449",True
2022-10-05,15196,15276.0,-80.0,-0.005236973029588898,12,"cnbc_64df0933,cnbc_8fb0eafb,cnbc_fa05a438,cnbc_6170693e,cnbc_f9c9f58b,cnbc_08247675,cnbc_92699969,cnbc_08a418d9,cnbc_9b550179,cnbc_c82fb356,cnbc_5d896ce8,cnbc_a05d6142",True
2022-10-06,15197,15196.0,1.0,6.580679126085812e-05,13,"cnbc_966d5548,cnbc_806b9a37,cnbc_ea76665c,cnbc_5a1c4e19,cnbc_584cd97a,cnbc_9e8d8cd0,cnbc_e9bfc2c0,cnbc_215ba2b7,cnbc_a69b06d8,cnbc_2a03fe04,cnbc_b7e81d8c,cnbc_654d1946,cnbc_5e96fa5a",True
2022-10-07,15246,15197.0,49.0,0.0032243205895900505,13,"cnbc_a33bb9bb,cnbc_7f547e66,cnbc_7866dd92,cnbc_1d51457b,cnbc_342e63e2,cnbc_64286abb,cnbc_689c27bd,cnbc_fbdb67c2,cnbc_8de6154c,cnbc_7184a81f,cnbc_5cfc6b40,cnbc_f7e336f2,cnbc_6713cc0b",True
2022-10-10,15299,15246.0,53.0,0.00347632165813984,22,"cnbc_08abf02c,cnbc_e8b337ee,cnbc_f5ed72c9,cnbc_8c36619f,cnbc_9863833b,cnbc_0562a5f2,cnbc_a9901fa0,cnbc_e53b66b9,cnbc_e40d8930,cnbc_dd2ed891,cnbc_8ef80043,cnbc_330d3e80,cnbc_3d93ee94,cnbc_5551cde5,cnbc_ec4ada60,cnbc_af2d8ba0,cnbc_ec62815a,cnbc_cd1b608a,cnbc_b4ebc380,cnbc_6518df2a,cnbc_fd9efe97,cnbc_0a95b6c2",True
2022-10-11,15362,15299.0,63.0,0.004117916203673443,9,"cnbc_8709a344,cnbc_8e4e61cf,cnbc_ce848e7d,cnbc_2ec61ff7,cnbc_f34e1487,cnbc_b6d81c08,cnbc_05ea0c07,cnbc_fad8a4af,cnbc_7c80d003",True
2022-10-12,15373,15362.0,11.0,0.0007160525973180575,18,"cnbc_6375e866,cnbc_b58201e2,cnbc_0790e89d,cnbc_f837d433,cnbc_a7b09886,cnbc_5eebce8d,cnbc_e96fdfed,cnbc_2a249bea,cnbc_726332dd,cnbc_ec8250bb,cnbc_54814e34,cnbc_70ba7dbd,cnbc_9a6e0ced,cnbc_e1e70a49,cnbc_783ebcc3,cnbc_0453a2e9,cnbc_a6ccd801,cnbc_e46035fb",True
2022-10-13,15357,15373.0,-16.0,-0.0010407857932739218,15,"cnbc_6eb72c8f,cnbc_c0ca021a,cnbc_0d620e0c,cnbc_cd4f8b13,cnbc_22531bc2,cnbc_89430b90,cnbc_c89e59f1,cnbc_f527c16d,cnbc_8585adf9,cnbc_80d92669,cnbc_5870efc1,cnbc_904b9af0,cnbc_335cf75a,cnbc_793149bb,cnbc_eca7d4a2",True
2022-10-14,15390,15357.0,33.0,0.0021488571986716157,12,"cnbc_992cdaf0,cnbc_96c2080c,cnbc_275c4f4e,cnbc_d7087bb4,cnbc_76427519,cnbc_b4830733,cnbc_64aae114,cnbc_9019a2d4,cnbc_66c547bd,cnbc_ba522d6f,cnbc_ed1dc71b,cnbc_fa0824f1",True
2022-10-17,15480,15390.0,90.0,0.005847953216374269,23,"cnbc_ddbe9357,cnbc_8f245c10,cnbc_a4eb43b4,cnbc_6a6d5bc0,cnbc_53d70287,cnbc_dc338b26,cnbc_529eaa4e,cnbc_72b7606c,cnbc_8c2a1e8c,cnbc_0be0782a,cnbc_9f255edf,cnbc_40a3fb00,cnbc_47ae94bd,cnbc_1b8a6360,cnbc_eecf8fbe,cnbc_4ea4c5de,cnbc_5a54b10f,cnbc_1194795f,cnbc_b37015f2,cnbc_717f22ef,cnbc_e4e51c6f,cnbc_694bf68f,cnbc_e1c09b15",True
2022-10-18,15469,15480.0,-11.0,-0.000710594315245478,4,"cnbc_501692ae,cnbc_fd922b1b,cnbc_e397acb0,cnbc_d7e3bdb1",True
2022-10-19,15491,15469.0,22.0,0.0014221992371840455,10,"cnbc_ac823b22,cnbc_464a9339,cnbc_1450fa59,cnbc_343c2646,cnbc_2afc5b1c,cnbc_75ae2ae5,cnbc_88663f02,cnbc_c76a9c01,cnbc_50eb405c,cnbc_c23a759c",True
2022-10-20,15579,15491.0,88.0,0.005680717836162933,9,"cnbc_8a34b26a,cnbc_6f5f60a0,cnbc_0e57f325,cnbc_7d8c8089,cnbc_603818f8,cnbc_94cb6fb2,cnbc_889b3ce8,cnbc_5cc244cf,cnbc_d1fdfafb",True
2022-10-21,15610,15579.0,31.0,0.0019898581423711406,5,"cnbc_bb9c1308,cnbc_8df07170,cnbc_de5be0d7,cnbc_dd08a649,cnbc_dfe65e4e",True
2022-10-24,15590,15610.0,-20.0,-0.0012812299807815502,24,"cnbc_569af5ef,cnbc_1f51f920,cnbc_e75693fd,cnbc_51d07c37,cnbc_ec487431,cnbc_97fa4922,cnbc_84b1c0ea,cnbc_0fb79834,cnbc_c510fe0a,cnbc_cde3fec2,cnbc_e429248e,cnbc_586cc089,cnbc_b7da15de,cnbc_d077a5ed,cnbc_7e85f701,cnbc_a0951fa0,cnbc_cbd5d104,cnbc_4b1dc6f8,cnbc_1a93aa41,cnbc_622ec393,cnbc_82180955,cnbc_57d65832,cnbc_bb64f734,cnbc_51889f10",True
2022-10-25,15616,15590.0,26.0,0.001667735728030789,11,"cnbc_68c7a521,cnbc_53954b3f,cnbc_679518aa,cnbc_2a14a7e4,cnbc_c32e334a,cnbc_c4384c86,cnbc_6c2f6513,cnbc_91c6e36f,cnbc_dd3b2db7,cnbc_d7b23139,cnbc_acf88722",True
2022-10-26,15596,15616.0,-20.0,-0.0012807377049180327,11,"cnbc_79af8b45,cnbc_e0efccd5,cnbc_81406883,cnbc_8ce4cee6,cnbc_dd5f9ff4,cnbc_ac6beaa9,cnbc_ff63ab53,cnbc_d6640ac7,cnbc_1fd656f3,cnbc_e456f4e3,cnbc_d49111c5",True
2022-10-27,15573,15596.0,-23.0,-0.0014747371120800204,9,"cnbc_f7ccfe7b,cnbc_924f95fe,cnbc_1f00c370,cnbc_76bc52b8,cnbc_e348c8e6,cnbc_7a2aa17e,cnbc_5ebfe183,cnbc_1cbd0ab5,cnbc_255f7edf",True
2022-10-28,15542,15573.0,-31.0,-0.0019906247993321776,5,"cnbc_e9cbead6,cnbc_ba315cdb,cnbc_23e656d9,cnbc_fef916c8,cnbc_b38ecbaa",True
2022-10-31,15596,15542.0,54.0,0.0034744563119289665,18,"cnbc_f5912760,cnbc_2fdce45e,cnbc_8fc2cd11,cnbc_92c6de00,cnbc_1d413a4c,cnbc_6ed8dcc2,cnbc_c0bd36df,cnbc_b3931cf2,cnbc_269e534f,cnbc_859692ce,cnbc_769bad8e,cnbc_a69e0a49,cnbc_b39e9f57,cnbc_a4d85947,cnbc_a5148786,cnbc_1f856038,cnbc_d066bb0b,cnbc_d48b7c6e",True
2022-11-01,15647,15596.0,51.0,0.003270069248525263,13,"cnbc_aa0d83b6,cnbc_4ce9c7a9,cnbc_0bbb1761,cnbc_de99d98b,cnbc_e8887a13,cnbc_3093c1b7,cnbc_4d50e7cd,cnbc_fd0e0022,cnbc_61589fcf,cnbc_63450f48,cnbc_5772fe50,cnbc_68516633,cnbc_175daa51",True
2022-11-02,15652,15647.0,5.0,0.0003195500734965169,8,"cnbc_7296994c,cnbc_c52ee8a0,cnbc_123c76e6,cnbc_6bc90fa7,cnbc_cb514c86,cnbc_45199c28,cnbc_4012ace5,cnbc_0876dd40",True
2022-11-03,15681,15652.0,29.0,0.0018527983644262714,9,"cnbc_6d339b92,cnbc_a8af8dbd,cnbc_7b89063d,cnbc_07c870aa,cnbc_75661607,cnbc_61e8d27e,cnbc_6a5d9430,cnbc_1b0ef58d,cnbc_590db1b2",True
2022-11-04,15736,15681.0,55.0,0.003507429373126714,8,"cnbc_bc0f86bc,cnbc_1ebb63f9,cnbc_b764ddeb,cnbc_83d12584,cnbc_97ee80f2,cnbc_394d119e,cnbc_9d30df4e,cnbc_f8dfb543",True
2022-11-07,15692,15736.0,-44.0,-0.0027961362480935434,21,"cnbc_467c0606,cnbc_a49442c2,cnbc_9e124aba,cnbc_98735a22,cnbc_2414951b,cnbc_d50c0961,cnbc_7ee4699a,cnbc_b13e5e84,cnbc_734e2abc,cnbc_1b5b4695,cnbc_5160f58a,cnbc_ddecf785,cnbc_65882b5b,cnbc_d076b0f4,cnbc_72364d83,cnbc_0b2a61d2,cnbc_c009ac59,cnbc_dd1f7793,cnbc_2b67bd78,cnbc_92e9d0d6,cnbc_bf997455",True
2022-11-08,15684,15692.0,-8.0,-0.0005098139179199592,10,"cnbc_c9fc37f1,cnbc_5774d868,cnbc_f42fdaa2,cnbc_f5891478,cnbc_fc55a159,cnbc_9b04298a,cnbc_872d042a,cnbc_7b571c03,cnbc_e8e2d010,cnbc_f63b1726",True
2022-11-09,15654,15684.0,-30.0,-0.0019127773527161439,8,"cnbc_b95fa306,cnbc_566e4be6,cnbc_b3967940,cnbc_7e713c96,cnbc_63f1261a,cnbc_fceb7de3,cnbc_479c9551,cnbc_4b389f1a",True
2022-11-10,15701,15654.0,47.0,0.003002427494570078,8,"cnbc_3f9fd42c,cnbc_1685ccfa,cnbc_5a44f33d,cnbc_416f81df,cnbc_f5de72e9,cnbc_6015728e,cnbc_4464c26d,cnbc_2fcabb79",True
2022-11-11,15493,15701.0,-208.0,-0.013247563849436341,8,"cnbc_454c0b4f,cnbc_62eb3418,cnbc_775afdfb,cnbc_24b8ade4,cnbc_8ad73455,cnbc_fafd759a,cnbc_5e2229e1,cnbc_fa21048c",True
2022-11-14,15499,15493.0,6.0,0.0003872716710772607,18,"cnbc_dc36dc73,cnbc_dd53c621,cnbc_b3840d1f,cnbc_2275d7b2,cnbc_6f862df5,cnbc_69a89ed9,cnbc_a4833e58,cnbc_f182b427,cnbc_adf7a6d0,cnbc_4e894bbb,cnbc_23f2075e,cnbc_b3443cd7,cnbc_d669e5c0,cnbc_af7a60c0,cnbc_8d3738d9,cnbc_07381342,cnbc_ec239b32,cnbc_3af15c24",True
2022-11-15,15564,15499.0,65.0,0.004193818956061681,13,"cnbc_6f90e7fa,cnbc_915efd8d,cnbc_29435921,cnbc_a674d0d7,cnbc_64f73f91,cnbc_d676fd3e,cnbc_196f8cea,cnbc_b558d8a1,cnbc_6e6c5826,cnbc_f4edc6bf,cnbc_93a53daa,cnbc_0a963bc9,cnbc_742040b6",True
2022-11-16,15610,15564.0,46.0,0.002955538421999486,8,"cnbc_e4385ea6,cnbc_e21437e3,cnbc_4d44d926,cnbc_14fb798d,cnbc_ef36734f,cnbc_78878800,cnbc_fb9c6345,cnbc_57033cfc",True
2022-11-17,15687,15610.0,77.0,0.004932735426008968,17,"cnbc_d29c6ad4,cnbc_36f8e636,cnbc_a88b290d,cnbc_622f0d86,cnbc_4f24e9e0,cnbc_9520ca60,cnbc_f891f4ba,cnbc_51ab5ac0,cnbc_5ca4fafc,cnbc_ac91049c,cnbc_22f2db65,cnbc_26984ca9,cnbc_a4fb36d9,cnbc_83a69eb8,cnbc_7fe32079,cnbc_26034bb4,cnbc_26a3516e",True
2022-11-18,15692,15687.0,5.0,0.00031873525849429466,10,"cnbc_68a04c38,cnbc_716e0eca,cnbc_cebef75e,cnbc_160abc65,cnbc_fde83399,cnbc_4884271e,cnbc_52a20982,cnbc_fa5e7b01,cnbc_467a44ef,cnbc_0de07d53",True
2022-11-21,15707,15692.0,15.0,0.0009559010960999235,24,"cnbc_a24cb308,cnbc_4adeefd8,cnbc_ba9b7645,cnbc_ed2e80b7,cnbc_68785dce,cnbc_f72040df,cnbc_8115c9b2,cnbc_b9355903,cnbc_937f1f6a,cnbc_7f70b2d3,cnbc_621d9a10,cnbc_af2c2210,cnbc_2796c043,cnbc_c22539e5,cnbc_5dabadc1,cnbc_b14b9671,cnbc_ed04db27,cnbc_fdb5d440,cnbc_b45cc44f,cnbc_1080ce39,cnbc_b0de5b5c,cnbc_f45d5679,cnbc_227d25c0,cnbc_4753d37b",True
2022-11-22,15716,15707.0,9.0,0.0005729929330871586,5,"cnbc_f7a0cd19,cnbc_e2e29237,cnbc_b86286f4,cnbc_592420e4,cnbc_b162ef3a",True
2022-11-23,15700,15716.0,-16.0,-0.0010180707559175363,4,"cnbc_594a2584,cnbc_78772379,cnbc_8ea1d7e6,cnbc_e6889ff9",True
2022-11-24,15647,15700.0,-53.0,-0.003375796178343949,7,"cnbc_c79355d7,cnbc_61abff11,cnbc_33c4a454,cnbc_b1e24818,cnbc_ca2e9bb5,cnbc_a75ea88c,cnbc_58a9a043",True
2022-11-25,15668,15647.0,21.0,0.001342110308685371,4,"cnbc_75d5726f,cnbc_428c88f7,cnbc_8bff0eb8,cnbc_f6b6d500",True
2022-11-28,15729,15668.0,61.0,0.003893285677814654,16,"cnbc_b21fc70f,cnbc_1843dc73,cnbc_81dbe3da,cnbc_b9ae2bdf,cnbc_4f5bc0ea,cnbc_2620dab1,cnbc_e2fb8942,cnbc_1e39ffa9,cnbc_286013a4,cnbc_6fbc63c3,cnbc_3ad97409,cnbc_2b090cbe,cnbc_f12f6398,cnbc_75a4297d,cnbc_741b6655,cnbc_485b7659",True
2022-11-29,15737,15729.0,8.0,0.000508614660817598,8,"cnbc_eaca50be,cnbc_f7570956,cnbc_f8adea58,cnbc_bfad7732,cnbc_02dfaef0,cnbc_3bc679f7,cnbc_5fb877a6,cnbc_65c4bf87",True
2022-11-30,15742,15737.0,5.0,0.0003177225646565419,9,"cnbc_594b8234,cnbc_f15ab3d7,cnbc_12f41b8a,cnbc_21549b68,cnbc_1db647d6,cnbc_2edfb58e,cnbc_5dc90f27,cnbc_581c36bc,cnbc_bbb66c64",True
2022-12-01,15617,15742.0,-125.0,-0.007940541227290052,9,"cnbc_20ca112c,cnbc_bebdfdbf,cnbc_891b8d79,cnbc_11c97611,cnbc_42a1b3ca,cnbc_46e6233a,cnbc_38650d77,cnbc_66d1c37d,cnbc_53be7598",True
2022-12-02,15429,15617.0,-188.0,-0.012038163539732343,8,"cnbc_879659b3,cnbc_d20f9274,cnbc_3aff4734,cnbc_152ba67b,cnbc_23e7997f,cnbc_7b66175c,cnbc_755af8ed,cnbc_44713e31",True
2022-12-05,15409,15429.0,-20.0,-0.0012962602890660444,18,"cnbc_ae257e6b,cnbc_2a6c534a,cnbc_8f9f0230,cnbc_8d2c45bf,cnbc_9279f037,cnbc_068e3ed0,cnbc_b681b024,cnbc_69cc520a,cnbc_b0539c13,cnbc_432e73c5,cnbc_4d269a2c,cnbc_6e502830,cnbc_9bd95c7c,cnbc_2e62338b,cnbc_0d5d5e74,cnbc_18b1fb9f,cnbc_263a65d7,cnbc_a8b4b6d9",True
2022-12-06,15576,15409.0,167.0,0.010837822052047504,7,"cnbc_6220b424,cnbc_56ea6887,cnbc_97d297b2,cnbc_9044aad3,cnbc_c3f49f00,cnbc_2014409e,cnbc_22cca0b9",True
2022-12-07,15619,15576.0,43.0,0.002760657421674371,8,"cnbc_275824d5,cnbc_766e9e5f,cnbc_10b254e7,cnbc_5887bc30,cnbc_a9236beb,cnbc_d8f1aef0,cnbc_fc5ede82,cnbc_91a0b946",True
2022-12-08,15624,15619.0,5.0,0.00032012292720404634,7,"cnbc_88ed7a31,cnbc_f5360fdf,cnbc_ee66531c,cnbc_f58b804b,cnbc_0995972b,cnbc_7a45a45c,cnbc_cbb592f9",True
2022-12-09,15587,15624.0,-37.0,-0.002368151561699949,13,"cnbc_c8cdc4de,cnbc_ebd31e37,cnbc_5e32655e,cnbc_423c2ce8,cnbc_3de51bdd,cnbc_d2e3edd6,cnbc_d797943e,cnbc_df0f18cc,cnbc_37ce05bb,cnbc_cdf43971,cnbc_e0a8098a,cnbc_05786fb3,cnbc_8a7f4410",True
2022-12-12,15642,15587.0,55.0,0.0035285815102328866,19,"cnbc_f551da4f,cnbc_f81764e5,cnbc_a4754679,cnbc_3934c8b0,cnbc_fbb0b697,cnbc_d83b8c27,cnbc_13478112,cnbc_92a41fad,cnbc_373d427c,cnbc_e24d172e,cnbc_afd1bc25,cnbc_cb30b1b3,cnbc_b11e2c1e,cnbc_9a4e38bf,cnbc_f6cef69e,cnbc_9a7d8687,cnbc_b04b3488,cnbc_0acc573c,cnbc_e5a54efd",True
2022-12-13,15661,15642.0,19.0,0.0012146784298683033,9,"cnbc_3b7301a5,cnbc_c77455d9,cnbc_fd9a1b32,cnbc_feed7274,cnbc_3f7e9cc1,cnbc_3b339652,cnbc_380dacc7,cnbc_a717d338,cnbc_41a8deed",True
2022-12-14,15619,15661.0,-42.0,-0.002681821084221953,7,"cnbc_deb42ab3,cnbc_7ceadec0,cnbc_a0f55c09,cnbc_4075fb90,cnbc_34b94f0f,cnbc_fb6fe6ba,cnbc_c01b1d0b",True
2022-12-15,15630,15619.0,11.0,0.000704270439848902,10,"cnbc_8903fd29,cnbc_6dce6a6c,cnbc_3a695026,cnbc_e7b16f10,cnbc_32589380,cnbc_2c6dd448,cnbc_59ae231f,cnbc_672ae5a4,cnbc_5fb65b45,cnbc_8bea89ed",True
2022-12-16,15617,15630.0,-13.0,-0.0008317338451695458,6,"cnbc_72e0e76c,cnbc_b2c5aac3,cnbc_8b30a4cb,cnbc_b123b895,cnbc_b282dc21,cnbc_2859d1e8",True
2022-12-19,15621,15617.0,4.0,0.00025613113914324135,19,"cnbc_535842b8,cnbc_bdd4460e,cnbc_5fc65dee,cnbc_286bbf67,cnbc_5224e445,cnbc_fa8b4790,cnbc_b5c75081,cnbc_8582272e,cnbc_93550b03,cnbc_7f53fcd3,cnbc_92c8e744,cnbc_a0de3286,cnbc_fe593783,cnbc_31b736f7,cnbc_a1f44749,cnbc_44827279,cnbc_a6a3d2a4,cnbc_2ca61f19,cnbc_809a1ef5",True
2022-12-20,15608,15621.0,-13.0,-0.0008322130465399142,3,"cnbc_570b2326,cnbc_1312bf12,cnbc_c4b190bf",True
2022-12-21,15601,15608.0,-7.0,-0.0004484879548949257,5,"cnbc_4c2442c3,cnbc_68e8b7c9,cnbc_65d2ecd7,cnbc_75bf7cf7,cnbc_88b1f637",True
2022-12-22,15594,15601.0,-7.0,-0.00044868918659060316,3,"cnbc_b2f08b62,cnbc_6227797a,cnbc_ed0dceb3",True
2022-12-23,15605,15594.0,11.0,0.000705399512633064,5,"cnbc_fff1ed47,cnbc_8046ca17,cnbc_f6fc9219,cnbc_53a7061a,cnbc_392e81cc",True
2022-12-26,15636,15605.0,31.0,0.001986542774751682,17,"cnbc_b320bc4d,cnbc_612b83cb,cnbc_177af9cd,cnbc_38a9429c,cnbc_b96d00a5,cnbc_06e452a1,cnbc_2ac3fd57,cnbc_c064640c,cnbc_22966c7f,cnbc_05f800c7,cnbc_170e8926,cnbc_a2031a19,cnbc_97eb20c5,cnbc_8204509c,cnbc_92bf496b,cnbc_a6b0f3dd,cnbc_792214a4",True
2022-12-27,15659,15636.0,23.0,0.0014709644410335124,6,"cnbc_8ea299eb,cnbc_8b1c4de0,cnbc_ddb9a5aa,cnbc_d44b9f6c,cnbc_531dc4eb,cnbc_94a6efd6",True
2022-12-28,15703,15659.0,44.0,0.002809885688741299,9,"cnbc_f4ea36e2,cnbc_b253bfde,cnbc_5860c9e8,cnbc_8fd5af05,cnbc_cc321006,cnbc_be002a71,cnbc_75c2eb31,cnbc_75907c97,cnbc_6d4891c9",True
2022-12-29,15731,15703.0,28.0,0.00178309877093549,9,"cnbc_f6b94087,cnbc_151728c7,cnbc_f3c54dcc,cnbc_15057d60,cnbc_24270f79,cnbc_67e768f2,cnbc_3f9c0ccd,cnbc_fb917208,cnbc_e95d9165",True
2022-12-30,15592,15731.0,-139.0,-0.008836056194774648,11,"cnbc_c799100e,cnbc_8b83ce68,cnbc_18977ff8,cnbc_f5299638,cnbc_d2c9fc37,cnbc_5fb721af,cnbc_8da5c975,cnbc_155d2c01,cnbc_800ee2d1,cnbc_8f8505e2,cnbc_3385555f",True
2023-01-02,15572,15592.0,-20.0,-0.0012827090815802976,18,"cnbc_87ac9f52,cnbc_b53dcb69,cnbc_39d0a665,cnbc_f4e4070d,cnbc_2f808f21,cnbc_6f2f56e4,cnbc_1b95dd8a,cnbc_cc748b53,cnbc_3fd2c97d,cnbc_17f23590,cnbc_c937449d,cnbc_d16b1676,cnbc_5d1ec5ab,cnbc_b2fe1e14,cnbc_c0e3caea,cnbc_1f2833bf,cnbc_0b167d36,cnbc_acacaa7e",True
2023-01-03,15590,15572.0,18.0,0.0011559208836372976,5,"cnbc_ff3efc2a,cnbc_f076642f,cnbc_f9952df4,cnbc_3c668510,cnbc_182a8c67",True
2023-01-04,15615,15590.0,25.0,0.001603592046183451,5,"cnbc_b8b89814,cnbc_6b2fbf15,cnbc_cf2edb81,cnbc_49d5426e,cnbc_bbc893ea",True
2023-01-05,15610,15615.0,-5.0,-0.0003202049311559398,8,"cnbc_617aed3f,cnbc_d37ab51f,cnbc_f0124ff0,cnbc_35656e16,cnbc_222cbf35,cnbc_324cc144,cnbc_275f9875,cnbc_9d96b191",True
2023-01-06,15635,15610.0,25.0,0.0016015374759769379,3,"cnbc_ff7c974c,cnbc_6ac592b9,cnbc_1b743810",True
2023-01-09,15574,15635.0,-61.0,-0.0039015030380556443,17,"cnbc_1fe22e13,cnbc_97edbf59,cnbc_3c505e9c,cnbc_9621378e,cnbc_2f6ae5d1,cnbc_2d7f0db2,cnbc_0d9b69cd,cnbc_4bcbebc9,cnbc_875eb631,cnbc_a3f87ca7,cnbc_37e146a6,cnbc_8c429b68,cnbc_7d7a5501,cnbc_28f86b07,cnbc_245cfd91,cnbc_e37f1b41,cnbc_cf4512d3",True
2023-01-10,15589,15574.0,15.0,0.0009631437010401952,4,"cnbc_a961173c,cnbc_5e90f33f,cnbc_31ecea71,cnbc_4107ffe2",True
2023-01-11,15527,15589.0,-62.0,-0.003977163384437744,7,"cnbc_ad145bb1,cnbc_ec4c12e4,cnbc_13263afe,cnbc_d657e27e,cnbc_68377b91,cnbc_b5626ef6,cnbc_e6cb0b4d",True
2023-01-12,15366,15527.0,-161.0,-0.010369034584916597,7,"cnbc_7f894c9c,cnbc_33a2a85b,cnbc_0771713e,cnbc_89457c2e,cnbc_23cfec40,cnbc_b815ec7d,cnbc_c1b9ea1a",True
2023-01-13,15177,15366.0,-189.0,-0.012299882858258494,4,"cnbc_3cf324f1,cnbc_5565d3dc,cnbc_c28b9002,cnbc_72e01476",True
2023-01-16,15019,15177.0,-158.0,-0.010410489556565856,17,"cnbc_4af6b6fd,cnbc_ce7ed9d4,cnbc_c05cb7b2,cnbc_37ff5376,cnbc_a95873ed,cnbc_55517dc0,cnbc_e87345ec,cnbc_dba7a2f9,cnbc_ad71bf18,cnbc_55932432,cnbc_da79acf6,cnbc_0970ca83,cnbc_eac8eac4,cnbc_b5b812ca,cnbc_9092cd09,cnbc_41f7861e,cnbc_5fd9b2ef",True
2023-01-17,15154,15019.0,135.0,0.008988614421732473,6,"cnbc_4b8127ec,cnbc_7c081994,cnbc_34f98610,cnbc_55f51af3,cnbc_da522f46,cnbc_71007251",True
2023-01-18,15137,15154.0,-17.0,-0.0011218160221723636,16,"cnbc_e9f86dc8,cnbc_e574096d,cnbc_87d0a34e,cnbc_7aba0f61,cnbc_d8255cc1,cnbc_730c05ed,cnbc_25c45658,cnbc_4f607d8f,cnbc_58c55bb5,cnbc_758b82ec,cnbc_dda08cbb,cnbc_d03b5e6f,cnbc_59f703ab,cnbc_bf0a4635,cnbc_15d5461d,cnbc_3b9e0697",True
2023-01-19,15113,15137.0,-24.0,-0.0015855189271321926,15,"cnbc_6899c685,cnbc_a6bd2840,cnbc_a1fafe98,cnbc_a7460833,cnbc_bea5b182,cnbc_e5ab655f,cnbc_f533019a,cnbc_f5f6a744,cnbc_dea17426,cnbc_33fa72a3,cnbc_fa03f762,cnbc_4fd3b1bb,cnbc_34643f62,cnbc_8a2d8bd4,cnbc_8784dac8",True
2023-01-20,15121,15113.0,8.0,0.000529345596506319,15,"cnbc_ebb54b31,cnbc_e71dadf0,cnbc_8e71a7ad,cnbc_210d0bb9,cnbc_537ac8b6,cnbc_22efb796,cnbc_f66069c1,cnbc_b82eb839,cnbc_cc477cbc,cnbc_54c8ae9d,cnbc_e3e56592,cnbc_141be3a6,cnbc_32843353,cnbc_ee291ed8,cnbc_e5291b2d",True
2023-01-24,14930,15121.0,-191.0,-0.012631439719595265,20,"cnbc_e806dc66,cnbc_6e389b6f,cnbc_748627b2,cnbc_31dcc412,cnbc_10210226,cnbc_b736b928,cnbc_09b7baf1,cnbc_9164de2f,cnbc_edcf3557,cnbc_9358b35e,cnbc_07398d10,cnbc_4459e780,cnbc_cd757ca6,cnbc_73bbb578,cnbc_3cf17d5d,cnbc_b936fdfa,cnbc_1ce0f7cd,cnbc_3d38ea3c,cnbc_2b65d124,cnbc_ac331707",True
2023-01-25,14958,14930.0,28.0,0.0018754186202277294,8,"cnbc_028d202f,cnbc_ff421686,cnbc_a74a3f48,cnbc_68526e3b,cnbc_89f9bc4d,cnbc_fe16c9d1,cnbc_0426e973,cnbc_2dbaafb3",True
2023-01-26,14964,14958.0,6.0,0.00040112314480545525,12,"cnbc_9ebe2924,cnbc_85a79d32,cnbc_2c91d02c,cnbc_b42c5b2c,cnbc_0294b03d,cnbc_1f6fda7e,cnbc_053155b6,cnbc_f1e10c97,cnbc_4c2dae70,cnbc_f5c85b8c,cnbc_585f6ede,cnbc_73eefb61",True
2023-01-27,14978,14964.0,14.0,0.0009355787222667736,10,"cnbc_0e902db6,cnbc_4a160c66,cnbc_d9ad466d,cnbc_a796203f,cnbc_81ec723f,cnbc_2f202c23,cnbc_8626c176,cnbc_9bfb86ef,cnbc_43737838,cnbc_d62059c9",True
2023-01-30,14979,14978.0,1.0,6.676458806249166e-05,13,"cnbc_1dbc10e7,cnbc_aabd99fd,cnbc_1fe3b4c2,cnbc_8f2a8be8,cnbc_f80a139c,cnbc_4f324cae,cnbc_f03801f6,cnbc_5d38c1f5,cnbc_d139ddb6,cnbc_55feb63e,cnbc_73726fc1,cnbc_0b42e18b,cnbc_41bf94ef",True
2023-01-31,14992,14979.0,13.0,0.0008678817010481341,3,"cnbc_0a0ddb3a,cnbc_16fe1c80,cnbc_04ad0760",True
2023-02-01,14991,14992.0,-1.0,-6.670224119530417e-05,10,"cnbc_399f2db4,cnbc_1d2bdcb4,cnbc_c4f8e2df,cnbc_0346704e,cnbc_38129502,cnbc_c36e39fc,cnbc_40c27c76,cnbc_3733af94,cnbc_2176c97f,cnbc_a88d53f2",True
2023-02-02,14868,14991.0,-123.0,-0.008204922953772264,8,"cnbc_9610dc0b,cnbc_7623b84d,cnbc_e38023a5,cnbc_f56c2c3b,cnbc_f0213479,cnbc_7019f2e2,cnbc_e22a2381,cnbc_0ba6cbac",True
2023-02-03,14898,14868.0,30.0,0.0020177562550443904,14,"cnbc_e1637bd8,cnbc_5f1767b4,cnbc_bc7a9764,cnbc_be5fbb28,cnbc_4ece7ae6,cnbc_cdd213b5,cnbc_d5cbe232,cnbc_d40a15d7,cnbc_a297bbcb,cnbc_0e54f065,cnbc_a909ec6b,cnbc_e0f6b3b9,cnbc_f15300d5,cnbc_776c49fc",True
2023-02-06,15055,14898.0,157.0,0.010538327292253994,16,"cnbc_07169734,cnbc_de31ce9c,cnbc_689f2671,cnbc_60b65f34,cnbc_1ba71136,cnbc_129d2ea8,cnbc_eb9a1484,cnbc_b3ef9920,cnbc_c2783375,cnbc_797e8672,cnbc_acd1b4ca,cnbc_9e191239,cnbc_a9e58d7f,cnbc_25fd1185,cnbc_43ba2184,cnbc_c44f1455",True
2023-02-07,15139,15055.0,84.0,0.005579541680504816,9,"cnbc_c961f1bf,cnbc_1bb535c1,cnbc_845bc332,cnbc_a410cb83,cnbc_73ef9546,cnbc_54e5fad3,cnbc_9f8eb2ae,cnbc_29448ccd,cnbc_b226975f",True
2023-02-08,15122,15139.0,-17.0,-0.001122927538146509,11,"cnbc_d4788729,cnbc_ca0ef2f1,cnbc_f8874448,cnbc_3b3fbbe1,cnbc_a960f9f6,cnbc_3d48e965,cnbc_afbb99dd,cnbc_b6b1e673,cnbc_9f98c221,cnbc_21b63fc3,cnbc_360f9fdd",True
2023-02-09,15120,15122.0,-2.0,-0.00013225763787858748,4,"cnbc_da78c992,cnbc_5446677c,cnbc_7599e179,cnbc_215956dc",True
2023-02-10,15140,15120.0,20.0,0.0013227513227513227,19,"cnbc_c9dc7c8b,cnbc_2b886bf3,cnbc_59031404,cnbc_87c8c4c3,cnbc_cbed73cf,cnbc_97d1958f,cnbc_8ab98c82,cnbc_be9936eb,cnbc_dab5981d,cnbc_32872a65,cnbc_36df3504,cnbc_88d9200a,cnbc_fc186f5f,cnbc_06aaa4d8,cnbc_95867030,cnbc_d76945f7,cnbc_5609d89b,cnbc_72189cac,cnbc_c3bf11a4",True
2023-02-13,15216,15140.0,76.0,0.005019815059445178,18,"cnbc_ca2cde97,cnbc_347a5fde,cnbc_046bdad5,cnbc_1ae1b9fa,cnbc_a0999db2,cnbc_66f6c139,cnbc_46faee01,cnbc_57da5def,cnbc_64d18d33,cnbc_ba4e3f93,cnbc_33286871,cnbc_22d2896b,cnbc_22b31ec5,cnbc_e125642c,cnbc_5999dbbc,cnbc_cb914a29,cnbc_28788927,cnbc_6daa3c7d",True
2023-02-14,15168,15216.0,-48.0,-0.0031545741324921135,7,"cnbc_42d62dd5,cnbc_d7fd1c59,cnbc_d268247e,cnbc_2ddc512f,cnbc_ebf081f0,cnbc_9a748de7,cnbc_ef60d15d",True
2023-02-15,15194,15168.0,26.0,0.0017141350210970465,9,"cnbc_e3a06f85,cnbc_ae2de1a4,cnbc_23dc3450,cnbc_321c4a2e,cnbc_f8099818,cnbc_7d9be4de,cnbc_fbf69c6e,cnbc_32f9d262,cnbc_ffd9af0d",True
2023-02-16,15176,15194.0,-18.0,-0.0011846781624325392,12,"cnbc_07799dd1,cnbc_71545528,cnbc_5d99f5e1,cnbc_40245cbe,cnbc_8542cb3f,cnbc_8ba01047,cnbc_4be671f9,cnbc_2ecad117,cnbc_7ea6750b,cnbc_91c51176,cnbc_451fce8a,cnbc_0eba14e5",True
2023-02-17,15199,15176.0,23.0,0.0015155508697944123,5,"cnbc_b38ea086,cnbc_13da3358,cnbc_32cf27ea,cnbc_f0b2d678,cnbc_828fb7ed",True
2023-02-20,15168,15199.0,-31.0,-0.002039607868938746,32,"cnbc_5e89b37a,cnbc_5f5f5f82,cnbc_4145303e,cnbc_99619f03,cnbc_a427b90c,cnbc_0a500498,cnbc_5caadb8b,cnbc_5c1f9242,cnbc_4af8de51,cnbc_690e0f7d,cnbc_d67791fc,cnbc_e2e9aee9,cnbc_1cae12e2,cnbc_7e1e726a,cnbc_276adece,cnbc_4512c7d3,cnbc_004be487,cnbc_aa1ded70,cnbc_6865eb4d,cnbc_391357b8,cnbc_71c00a1d,cnbc_903993b9,cnbc_876c2380,cnbc_d3c47754,cnbc_9e01468a,cnbc_25993863,cnbc_1167864d,cnbc_ee517d42,cnbc_7fbc8984,cnbc_752c9e0a,cnbc_4ac29438,cnbc_5fce94e8",True
2023-02-21,15179,15168.0,11.0,0.0007252109704641351,9,"cnbc_82bc675d,cnbc_3c549ffa,cnbc_58bc0f10,cnbc_4d790149,cnbc_2cdf8f17,cnbc_dc08cd31,cnbc_b80c61b1,cnbc_7ee41705,cnbc_844accb2",True
2023-02-22,15218,15179.0,39.0,0.0025693392186573556,10,"cnbc_ad44dc19,cnbc_0de7ea16,cnbc_a81de8bf,cnbc_bbb9e12a,cnbc_1d124337,cnbc_92e4eb5c,cnbc_2bdf9fb1,cnbc_cbb0926c,cnbc_a49a3a2d,cnbc_68d1a17e",True
2023-02-23,15187,15218.0,-31.0,-0.0020370613746878694,10,"cnbc_ea859370,cnbc_156e2fcc,cnbc_afead732,cnbc_21c6039a,cnbc_305b955d,cnbc_8e1dd6f9,cnbc_85937e41,cnbc_41731fe3,cnbc_f6edf47b,cnbc_8c1bd6a3",True
2023-02-24,15216,15187.0,29.0,0.00190952788569171,8,"cnbc_f1eaa7a2,cnbc_148f75f2,cnbc_8fda1d4d,cnbc_1720db05,cnbc_9f631e9e,cnbc_3885274a,cnbc_8003870b,cnbc_b2689533",True
2023-02-27,15274,15216.0,58.0,0.003811777076761304,27,"cnbc_0f97dedf,cnbc_2f11255d,cnbc_fa312fe4,cnbc_4488f307,cnbc_c1290384,cnbc_29ea0d30,cnbc_c383439d,cnbc_5c52dca4,cnbc_0ff99f4c,cnbc_c026d842,cnbc_33c023b9,cnbc_ba4643b9,cnbc_ebc560a9,cnbc_a18ab790,cnbc_6817f20f,cnbc_90c8cc09,cnbc_17ac3366,cnbc_5139687d,cnbc_8b365bec,cnbc_1d67620b,cnbc_547d8f72,cnbc_5be3234f,cnbc_43fabaea,cnbc_539d7a9f,cnbc_5fa76bea,cnbc_c9931d43,cnbc_e34ef648",True
2023-02-28,15240,15274.0,-34.0,-0.0022260049757758284,7,"cnbc_10ad83a5,cnbc_9d0aba4f,cnbc_5671748b,cnbc_725e5e4f,cnbc_78ea1593,cnbc_4d67383e,cnbc_309b71ce",True
2023-03-01,15250,15240.0,10.0,0.0006561679790026247,12,"cnbc_469427f0,cnbc_6976f1ca,cnbc_b4111fe6,cnbc_ac51a207,cnbc_0a4bb43f,cnbc_fb5b6283,cnbc_b25f8b9f,cnbc_d4a74f1c,cnbc_adaeaeb3,cnbc_93c9d967,cnbc_6c19ec5c,cnbc_0e3cb392",True
2023-03-02,15273,15250.0,23.0,0.0015081967213114755,15,"cnbc_fb301739,cnbc_f50389dd,cnbc_3a99e3c1,cnbc_3fe4089d,cnbc_2a14f43d,cnbc_8df3df99,cnbc_68e837d1,cnbc_031c6290,cnbc_5dfc0255,cnbc_75cb94cd,cnbc_489daba2,cnbc_5ecf5239,cnbc_d698db47,cnbc_acb6be05,cnbc_92a92744",True
2023-03-03,15306,15273.0,33.0,0.002160675702219603,8,"cnbc_74323e34,cnbc_15132eaa,cnbc_8230e3f6,cnbc_4bfebf4d,cnbc_ad2f1954,cnbc_0a0c0189,cnbc_535778c8,cnbc_6c033492",True
2023-03-06,15301,15306.0,-5.0,-0.0003266692800209068,20,"cnbc_dd180737,cnbc_53ffcdd2,cnbc_59079562,cnbc_54853906,cnbc_25b8ae4d,cnbc_60986b68,cnbc_a36df73d,cnbc_1fd09529,cnbc_9a8bffb8,cnbc_8cd3cf90,cnbc_c40ffccd,cnbc_ce86cb00,cnbc_17ca7062,cnbc_ca9462c4,cnbc_f679b4d0,cnbc_ad11e0a9,cnbc_a877af81,cnbc_95114766,cnbc_f0a22660,cnbc_2392a376",True
2023-03-07,15359,15301.0,58.0,0.0037906019214430427,7,"cnbc_395f4c1e,cnbc_9b5c86c0,cnbc_05bc141d,cnbc_d2baf1f9,cnbc_b3ffef04,cnbc_fa7caea8,cnbc_46634461",True
2023-03-08,15451,15359.0,92.0,0.005989973305553747,12,"cnbc_f75d6d6c,cnbc_044dbdc4,cnbc_be7f1b6e,cnbc_221a1bb8,cnbc_4bb4bd40,cnbc_9ab3ddc8,cnbc_bec55e3e,cnbc_07ddf136,cnbc_25fa1af8,cnbc_c052a6c9,cnbc_87b0d21e,cnbc_a820a0fb",True
2023-03-09,15438,15451.0,-13.0,-0.0008413694906478545,11,"cnbc_a0b7098a,cnbc_8d60bb13,cnbc_5d5634ad,cnbc_5ecdb392,cnbc_a9462f8b,cnbc_567c56f8,cnbc_92349100,cnbc_23e929cd,cnbc_293a301f,cnbc_712b4925,cnbc_6756d7bd",True
2023-03-10,15468,15438.0,30.0,0.00194325689856199,10,"cnbc_e256e704,cnbc_ca4f7dad,cnbc_e2de97ec,cnbc_465d5651,cnbc_28c6e69a,cnbc_2e97316b,cnbc_38dd6f69,cnbc_cc0cfcdb,cnbc_a482e4a1,cnbc_0f3cdafb",True
2023-03-13,15374,15468.0,-94.0,-0.006077062322213602,25,"cnbc_9ccab0a8,cnbc_81928166,cnbc_f5daf61e,cnbc_38e29dfc,cnbc_60fcb6ef,cnbc_3c39fb16,cnbc_0bedc6e6,cnbc_711e5c57,cnbc_60e17acf,cnbc_5853a174,cnbc_44e6941a,cnbc_c994ba52,cnbc_2823c238,cnbc_c9320805,cnbc_640740ee,cnbc_b66e331a,cnbc_e8a736ab,cnbc_39f3b6e9,cnbc_535f92c8,cnbc_ea7f1fe5,cnbc_40ce3123,cnbc_5b7aeb9a,cnbc_de887ea0,cnbc_c70ab736,cnbc_fc4a7a39",True
2023-03-14,15380,15374.0,6.0,0.00039026928580720695,8,"cnbc_61d52ae6,cnbc_f209606e,cnbc_99943b50,cnbc_38edf091,cnbc_24f913de,cnbc_90dd3bf2,cnbc_3d611621,cnbc_e271e3d0",True
2023-03-15,15365,15380.0,-15.0,-0.0009752925877763329,4,"cnbc_0a1ec45d,cnbc_4ff2bd9d,cnbc_b138bb45,cnbc_b9cf16e5",True
2023-03-16,15418,15365.0,53.0,0.0034493979824275953,11,"cnbc_a7651ac2,cnbc_0a127ffe,cnbc_2aeb4677,cnbc_42156d4f,cnbc_2cce0adf,cnbc_7741621f,cnbc_6e85e54f,cnbc_f2869ba1,cnbc_30fd19cd,cnbc_7495c77e,cnbc_7fd04b90",True
2023-03-17,15364,15418.0,-54.0,-0.003502399792450383,8,"cnbc_00319ba2,cnbc_7aa6ca3b,cnbc_eb6d35d5,cnbc_10a08489,cnbc_05b6239e,cnbc_3f4daaa4,cnbc_3dd4948b,cnbc_dafa5bed",True
2023-03-20,15372,15364.0,8.0,0.000520697734964853,15,"cnbc_2a995a7f,cnbc_6e217374,cnbc_a3c61c2f,cnbc_7162382f,cnbc_9c577a29,cnbc_00e0bc14,cnbc_d2ae91dc,cnbc_6c1ce1dd,cnbc_5369a502,cnbc_37067f7e,cnbc_01453708,cnbc_a101e0a5,cnbc_07331327,cnbc_8dc0d501,cnbc_7666933f",True
2023-03-21,15349,15372.0,-23.0,-0.0014962269060629716,4,"cnbc_64efd81f,cnbc_22550618,cnbc_726b325d,cnbc_23a43a8f",True
2023-03-24,15189,15349.0,-160.0,-0.010424131865268096,26,"cnbc_bb470a85,cnbc_4080910c,cnbc_1bdd3987,cnbc_68b71fd9,cnbc_e0006958,cnbc_e25093ec,cnbc_8928fb5f,cnbc_ff9a7fd5,cnbc_7b8ede96,cnbc_1c3e93ac,cnbc_72adec0d,cnbc_aeb61b7b,cnbc_19bd2ea6,cnbc_a1a188ac,cnbc_e1410941,cnbc_a386a625,cnbc_3c443dde,cnbc_9b216ad2,cnbc_b08bac84,cnbc_41c916f4,cnbc_870abb39,cnbc_442c3fb0,cnbc_d9089ba6,cnbc_24c97fce,cnbc_bf3d940f,cnbc_3de314f6",True
2023-03-27,15174,15189.0,-15.0,-0.0009875567845151097,24,"cnbc_7b658f10,cnbc_63a572d8,cnbc_fe067cad,cnbc_5ccf1112,cnbc_ccf14514,cnbc_6282d6ff,cnbc_43686de0,cnbc_6b19f67b,cnbc_9579fc88,cnbc_c9ae9b71,cnbc_9691c4aa,cnbc_f7695875,cnbc_3a38fa89,cnbc_722f0cf1,cnbc_5ba0e393,cnbc_62574e34,cnbc_0d1caf7a,cnbc_80f51710,cnbc_b47aab21,cnbc_70a7625f,cnbc_e7991a52,cnbc_898bcc3a,cnbc_a45b4bc3,cnbc_ad1b7479",True
2023-03-28,15088,15174.0,-86.0,-0.005667589297482536,12,"cnbc_61c59010,cnbc_a862a083,cnbc_14b1613e,cnbc_5b073963,cnbc_16826f2a,cnbc_20bef64d,cnbc_7a977abb,cnbc_2251b459,cnbc_c82d0be3,cnbc_ef7cd60e,cnbc_a5263aa7,cnbc_f3f1d4ca",True
2023-03-29,15094,15088.0,6.0,0.00039766702014846237,5,"cnbc_615b8295,cnbc_fb1d6bf9,cnbc_55933ff7,cnbc_2379c226,cnbc_4bbb3de8",True
2023-03-30,15062,15094.0,-32.0,-0.002120047701073274,4,"cnbc_93b20587,cnbc_10114b59,cnbc_b0b4e148,cnbc_4232b69a",True
2023-03-31,14977,15062.0,-85.0,-0.0056433408577878106,12,"cnbc_6366acc9,cnbc_48a27aaa,cnbc_2fa8dc97,cnbc_4924921d,cnbc_f0a0a68b,cnbc_860fef73,cnbc_0ccd953a,cnbc_e2ac9a93,cnbc_c6dc1a33,cnbc_55514d52,cnbc_d52d535a,cnbc_3ee9cf5d",True
2023-04-03,14990,14977.0,13.0,0.0008679975963143487,23,"cnbc_d80e67b7,cnbc_d64f88de,cnbc_993e6e3c,cnbc_6d204856,cnbc_f3726d96,cnbc_57440a01,cnbc_5f9e8c65,cnbc_556c0cee,cnbc_25374476,cnbc_d66a6fc4,cnbc_074d3534,cnbc_b9001476,cnbc_6294aa56,cnbc_2061937f,cnbc_8a897829,cnbc_bf231405,cnbc_eb94c0c1,cnbc_0aed3709,cnbc_a07b2462,cnbc_0b8888a1,cnbc_01afa9fb,cnbc_53ef06e6,cnbc_96cb5957",True
2023-04-04,14913,14990.0,-77.0,-0.0051367578385590395,7,"cnbc_bd038d05,cnbc_9166f877,cnbc_cfe38960,cnbc_a3f99e5e,cnbc_6a8c3ca2,cnbc_d0f6a8de,cnbc_d9c47149",True
2023-04-05,14933,14913.0,20.0,0.001341111781667002,12,"cnbc_45ca3d82,cnbc_cabb294e,cnbc_249eca2e,cnbc_4f37fd50,cnbc_960a599a,cnbc_a9f83816,cnbc_0052dc28,cnbc_c59a9d07,cnbc_fbeb8165,cnbc_a073b9b7,cnbc_b61084b4,cnbc_0853990e",True
2023-04-06,14943,14933.0,10.0,0.0006696578048617156,11,"cnbc_1347921f,cnbc_7a04d972,cnbc_c2e46423,cnbc_74eb640e,cnbc_abc216d7,cnbc_74935dd0,cnbc_ab296c91,cnbc_a4b21a51,cnbc_837b32de,cnbc_b4627dd7,cnbc_104d9d13",True
2023-04-10,14905,14943.0,-38.0,-0.0025429967208726494,27,"cnbc_b480575f,cnbc_ab5b146d,cnbc_49bf131f,cnbc_5caaa342,cnbc_4bdcde98,cnbc_ee2bb679,cnbc_66433e67,cnbc_46fcb299,cnbc_34602af1,cnbc_f70f4750,cnbc_ac96eee0,cnbc_605090f3,cnbc_7ab48bce,cnbc_1ee41a17,cnbc_604b955f,cnbc_e7991945,cnbc_2b067e7a,cnbc_c43e92f7,cnbc_1638b9e5,cnbc_80e1e884,cnbc_0c769a9e,cnbc_446a189a,cnbc_71517fdf,cnbc_16f25f78,cnbc_b7e8a8b3,cnbc_dbff05a6,cnbc_af021478",True
2023-04-11,14888,14905.0,-17.0,-0.0011405568601140558,5,"cnbc_1a57abd0,cnbc_1fd4046b,cnbc_a4992c7c,cnbc_05379e5f,cnbc_9c5efd43",True
2023-04-12,14866,14888.0,-22.0,-0.001477700161203654,4,"cnbc_00075685,cnbc_1ae41de1,cnbc_915b106e,cnbc_58a2b44c",True
2023-04-13,14792,14866.0,-74.0,-0.00497780169514328,5,"cnbc_d34508e0,cnbc_ea9910af,cnbc_90a96c3a,cnbc_f46d31d5,cnbc_b4c774a9",True
2023-04-14,14666,14792.0,-126.0,-0.008518117901568416,10,"cnbc_a681dbb8,cnbc_1cbacb4b,cnbc_164fad52,cnbc_8e84af29,cnbc_0a3eaee5,cnbc_8fcbc691,cnbc_68856eaa,cnbc_e2c9190d,cnbc_1b880d78,cnbc_1ea178c8",True
2023-04-17,14773,14666.0,107.0,0.007295786172098731,23,"cnbc_1ef14542,cnbc_de02fbef,cnbc_2d76350f,cnbc_74c5aca4,cnbc_c5347947,cnbc_88ab0d21,cnbc_5edb82ce,cnbc_f0d721c6,cnbc_bf7aaf31,cnbc_d3c84d89,cnbc_170a5d3f,cnbc_2eae3be2,cnbc_bde809b5,cnbc_dab76f84,cnbc_20eb273a,cnbc_761c1dc5,cnbc_56f7b934,cnbc_ccad94bf,cnbc_155f60b4,cnbc_a32d8be0,cnbc_b2caf2a5,cnbc_b3634e4e,cnbc_6e5c9071",True
2023-04-18,14855,14773.0,82.0,0.005550666756921411,4,"cnbc_5961875f,cnbc_317f2065,cnbc_d8410f89,cnbc_816e22c0",True
2023-04-26,14882,14855.0,27.0,0.0018175698418041065,54,"cnbc_35c8fe1e,cnbc_bc5b833e,cnbc_d9bae06b,cnbc_5f615f44,cnbc_7cfc78d8,cnbc_6477e66d,cnbc_34d4aded,cnbc_cd5d15d1,cnbc_d1501eda,cnbc_75908654,cnbc_b82ffb34,cnbc_73102087,cnbc_afe9979b,cnbc_2bf8ba57,cnbc_ffae7291,cnbc_c300c6ea,cnbc_484bc2e4,cnbc_e2744f72,cnbc_52f51535,cnbc_b198b284,cnbc_25b79e00,cnbc_68762793,cnbc_858d283f,cnbc_e02d0e24,cnbc_9c3f8ed8,cnbc_2716f342,cnbc_3d76463d,cnbc_9ecf7f76,cnbc_591d4a5e,cnbc_0e25c917,cnbc_513e0135,cnbc_d0ca26c1,cnbc_9d373a2c,cnbc_de8bc91c,cnbc_30f49083,cnbc_746570ce,cnbc_5140267f,cnbc_d1a0527e,cnbc_8c305cf8,cnbc_698df473,cnbc_22cf968a,cnbc_7a13af99,cnbc_cbeadf88,cnbc_46dfdb72,cnbc_f6f5a2d9,cnbc_5062c24d,cnbc_864582e4,cnbc_d64b3179,cnbc_c08095aa,cnbc_d71517b9,cnbc_4efd4bf5,cnbc_60ffbd7d,cnbc_aa6a1d45,cnbc_9559bb58",True
2023-04-27,14751,14882.0,-131.0,-0.008802580298346997,9,"cnbc_d456adf8,cnbc_a9dbeb47,cnbc_6283eee0,cnbc_521ac46a,cnbc_483ad765,cnbc_1e01b53d,cnbc_210fa358,cnbc_1caf4989,cnbc_3a34e1b3",True
2023-04-28,14661,14751.0,-90.0,-0.006101281269066504,9,"cnbc_3f1736c2,cnbc_1b864040,cnbc_70420f74,cnbc_586535e1,cnbc_07e957ff,cnbc_9124b4f6,cnbc_fcb17680,cnbc_f0f604cc,cnbc_9fa955fb",True
2023-05-02,14703,14661.0,42.0,0.002864743196234909,34,"cnbc_d94e90ff,cnbc_b432aa6d,cnbc_086a71fe,cnbc_f883e25f,cnbc_0d69d0d7,cnbc_be841b9e,cnbc_b19719b9,cnbc_50a2e435,cnbc_fa257b6b,cnbc_87b68127,cnbc_4eff4516,cnbc_b83233fd,cnbc_135d9a57,cnbc_29ee290f,cnbc_97e606b0,cnbc_7660a3c0,cnbc_086542ed,cnbc_010d674e,cnbc_7173f19b,cnbc_40c00c51,cnbc_ced3daf4,cnbc_e4fcd0e7,cnbc_46b0bcf1,cnbc_1b6e869d,cnbc_ff0e9477,cnbc_fa92dbf5,cnbc_a4765c77,cnbc_d593d8d2,cnbc_42059784,cnbc_c5ff2037,cnbc_9fdbf8e6,cnbc_07c768dd,cnbc_5838ba9d,cnbc_e76a2f7f",True
2023-05-03,14706,14703.0,3.0,0.00020403999183840033,4,"cnbc_3333158b,cnbc_3ebf9d3f,cnbc_7baa26fb,cnbc_77b96abd",True
2023-05-04,14632,14706.0,-74.0,-0.005031959744322046,2,"cnbc_21b009fb,cnbc_d9f0a287",True
2023-05-05,14674,14632.0,42.0,0.0028704209950792784,3,"cnbc_84c8f9af,cnbc_9ac6a82c,cnbc_4d26359e",True
2023-05-08,14709,14674.0,35.0,0.002385171050838217,10,"cnbc_e6971a0c,cnbc_778bdf22,cnbc_5e3dfb76,cnbc_6a77472c,cnbc_9c0c02e8,cnbc_cd25b7d2,cnbc_bcfe562b,cnbc_0b4ed881,cnbc_7d536e3a,cnbc_99c8455c",True
2023-05-09,14757,14709.0,48.0,0.0032633081786661226,1,cnbc_7af76e7a,True
2023-05-10,14746,14757.0,-11.0,-0.0007454089584603917,8,"cnbc_1c8c646b,cnbc_0f510e86,cnbc_dda40640,cnbc_d57c9288,cnbc_b874abd1,cnbc_840ee8fb,cnbc_418eb3ad,cnbc_9ffd3f54",True
2023-05-11,14722,14746.0,-24.0,-0.0016275600162756001,7,"cnbc_28f5c3e9,cnbc_f3ea9e43,cnbc_4ca5e3bc,cnbc_bcd08965,cnbc_8fb1756e,cnbc_64d57e96,cnbc_a5b45aa8",True
2023-05-12,14752,14722.0,30.0,0.0020377666077978536,8,"cnbc_6c384e57,cnbc_ee9ba64c,cnbc_2eb7f0a6,cnbc_2508cb84,cnbc_4959c02e,cnbc_7a843a7d,cnbc_8e0cca3a,cnbc_1f7641e3",True
2023-05-15,14812,14752.0,60.0,0.004067245119305857,19,"cnbc_ee5ff321,cnbc_390935e6,cnbc_05be8574,cnbc_925dbd84,cnbc_30f4a039,cnbc_ac01d259,cnbc_e6497185,cnbc_c0adaedf,cnbc_0fe4fd12,cnbc_1255eed7,cnbc_9613348d,cnbc_355e15e9,cnbc_d435af5a,cnbc_9c2036b8,cnbc_b5a94f7f,cnbc_cf63df93,cnbc_d588f96e,cnbc_6b4f982b,cnbc_c295e275",True
2023-05-16,14810,14812.0,-2.0,-0.00013502565487442613,9,"cnbc_79c1ce23,cnbc_9d256c71,cnbc_42ac601b,cnbc_f3772e52,cnbc_a5b30bfa,cnbc_7b715258,cnbc_84ddaf14,cnbc_86a42a1d,cnbc_6dad45ec",True
2023-05-17,14875,14810.0,65.0,0.004388926401080351,4,"cnbc_5d5885ce,cnbc_b97dca63,cnbc_4e2e2bcc,cnbc_1e64c8c7",True
2023-05-19,14936,14875.0,61.0,0.004100840336134454,17,"cnbc_1d4d888b,cnbc_64e72fd2,cnbc_76cb7e75,cnbc_ff7c1d6d,cnbc_fd96add5,cnbc_e4e7d502,cnbc_d8bbcb06,cnbc_38c021e2,cnbc_80cd8814,cnbc_073d566e,cnbc_e702b925,cnbc_4405c26a,cnbc_4d94abf1,cnbc_d9180b44,cnbc_68ab380b,cnbc_916f4615,cnbc_80094953",True
2023-05-22,14897,14936.0,-39.0,-0.002611140867702196,23,"cnbc_04e17814,cnbc_1c086d32,cnbc_874f640e,cnbc_3d586908,cnbc_15e112af,cnbc_c02dde5b,cnbc_af8d04a6,cnbc_5de9cadb,cnbc_50fb4244,cnbc_15ad70a0,cnbc_96fae49d,cnbc_5c29e815,cnbc_9d6ff891,cnbc_9234644b,cnbc_a895ef6c,cnbc_02cfcf1c,cnbc_e5f87985,cnbc_1832ffa3,cnbc_bed49982,cnbc_c1fd2093,cnbc_bd0b8196,cnbc_982754b9,cnbc_1f811c7b",True
2023-05-23,14878,14897.0,-19.0,-0.0012754245821306304,8,"cnbc_7564fb8a,cnbc_276ead75,cnbc_a5b78a39,cnbc_0a946cc5,cnbc_4420e928,cnbc_b5a69885,cnbc_c77029e7,cnbc_e23f243a",True
2023-05-24,14905,14878.0,27.0,0.0018147600483936013,11,"cnbc_a571c03e,cnbc_2fb807fc,cnbc_6a6940df,cnbc_71827b82,cnbc_0dd417b1,cnbc_4b074f4c,cnbc_51cd3e58,cnbc_d661cf03,cnbc_e92895db,cnbc_63c7fc8c,cnbc_7a88cf6e",True
2023-05-25,14952,14905.0,47.0,0.0031533042603153305,16,"cnbc_5cc83924,cnbc_0cfc0cad,cnbc_bcbe2dc8,cnbc_782b3a14,cnbc_da67418c,cnbc_80a25440,cnbc_b4b1f8d7,cnbc_a910a3f9,cnbc_8274d577,cnbc_09d022b6,cnbc_a66e015e,cnbc_a132c044,cnbc_26b3f4e2,cnbc_56fc9292,cnbc_27bb361c,cnbc_a585bb81",True
2023-05-26,14959,14952.0,7.0,0.00046816479400749064,9,"cnbc_4503359a,cnbc_39ff9e90,cnbc_0dcbddc4,cnbc_e74b65ca,cnbc_b443526a,cnbc_6f546dd7,cnbc_9887f00e,cnbc_d38a337c,cnbc_80f71d41",True
2023-05-29,14973,14959.0,14.0,0.0009358914365933552,12,"cnbc_ebb6d675,cnbc_612e417e,cnbc_0eba8882,cnbc_35260cf2,cnbc_23047237,cnbc_d9c8e2a0,cnbc_49e834ee,cnbc_08a8ea4a,cnbc_c1b1b2c5,cnbc_b7377a57,cnbc_0f8ccc27,cnbc_4bb81cce",True
2023-05-30,14969,14973.0,-4.0,-0.0002671475322246711,10,"cnbc_2feff5b3,cnbc_be5a4442,cnbc_78557cfc,cnbc_9262f57b,cnbc_b03ec20d,cnbc_11a6a32e,cnbc_8916d74b,cnbc_d8f5fb3f,cnbc_92fe2d13,cnbc_17026b6c",True
2023-05-31,15003,14969.0,34.0,0.0022713608123455143,7,"cnbc_5b1db67f,cnbc_93a1d746,cnbc_f08bfe19,cnbc_7d011f59,cnbc_07c6d2a1,cnbc_5d48facb,cnbc_1480aeed",True
2023-06-05,14888,15003.0,-115.0,-0.007665133639938679,33,"cnbc_b15c62cb,cnbc_30f16662,cnbc_b229923a,cnbc_61115438,cnbc_7e74f967,cnbc_1c70c852,cnbc_37084400,cnbc_24a06a4f,cnbc_b39480c5,cnbc_28ebe995,cnbc_127d6dd1,cnbc_67a2ddc6,cnbc_4503af8c,cnbc_8187d1ec,cnbc_2d5dd5f6,cnbc_1515ee83,cnbc_77082739,cnbc_f49d5946,cnbc_4c14ed03,cnbc_3d9445da,cnbc_b5689855,cnbc_bea14e4a,cnbc_47c2ca05,cnbc_3966e85e,cnbc_172bfe10,cnbc_cc49102d,cnbc_b022e3e4,cnbc_538c3fcc,cnbc_e6df6605,cnbc_c9e6e123,cnbc_52cd02b1,cnbc_4e59b088,cnbc_d2230f15",True
2023-06-06,14839,14888.0,-49.0,-0.003291241268135411,7,"cnbc_175e710c,cnbc_d2892d12,cnbc_7af7336a,cnbc_cae539f2,cnbc_344fd51a,cnbc_31e1bdca,cnbc_256be2e5",True
2023-06-07,14875,14839.0,36.0,0.002426039490531707,3,"cnbc_3c47fd6c,cnbc_63efdef5,cnbc_347d8abd",True
2023-06-08,14903,14875.0,28.0,0.0018823529411764706,7,"cnbc_d0f173a9,cnbc_4378003a,cnbc_8a92889a,cnbc_0686892e,cnbc_98ab87a7,cnbc_0b563a13,cnbc_d7e942ed",True
2023-06-09,14853,14903.0,-50.0,-0.003355029188753942,10,"cnbc_e5eeba15,cnbc_3a1b2810,cnbc_f6a7011a,cnbc_7616638d,cnbc_491ca162,cnbc_1d2ef07a,cnbc_65f0158c,cnbc_3223557e,cnbc_0da9083d,cnbc_38bc6b36",True
2023-06-12,14874,14853.0,21.0,0.0014138557867097556,20,"cnbc_64410f53,cnbc_bf194bcb,cnbc_5650d9ac,cnbc_fa60f637,cnbc_4de80f6b,cnbc_03ddb56b,cnbc_583e4f23,cnbc_f088cb98,cnbc_fafc8669,cnbc_3cfaa5e5,cnbc_1316f6eb,cnbc_399d67f1,cnbc_b8d67246,cnbc_2e98914c,cnbc_42327936,cnbc_395fb1a5,cnbc_078e6504,cnbc_397d0148,cnbc_fc37d7c5,cnbc_5a1d162b",True
2023-06-13,14868,14874.0,-6.0,-0.0004033884630899556,5,"cnbc_9c8ed3eb,cnbc_acb9b1e2,cnbc_066e9c4e,cnbc_a108d267,cnbc_2fbe2626",True
2023-06-14,14895,14868.0,27.0,0.0018159806295399517,8,"cnbc_392cea30,cnbc_a6731785,cnbc_e03ce38d,cnbc_3b980ea7,cnbc_aad63055,cnbc_c6cd6e65,cnbc_82298664,cnbc_bf6726d6",True
2023-06-15,14943,14895.0,48.0,0.0032225579053373615,6,"cnbc_d46f9d18,cnbc_fef5912b,cnbc_aacd8f5e,cnbc_62f84cb7,cnbc_5e17879c,cnbc_d07d7c29",True
2023-06-16,14945,14943.0,2.0,0.00013384193267750787,8,"cnbc_b64e2262,cnbc_9c13807a,cnbc_98b943de,cnbc_628820de,cnbc_7cf909d8,cnbc_602cc680,cnbc_da7a1322,cnbc_e9ca6c2b",True
2023-06-19,14994,14945.0,49.0,0.003278688524590164,27,"cnbc_a0ff4c89,cnbc_d1671066,cnbc_02e89d79,cnbc_ef3e2a95,cnbc_7049c288,cnbc_83266735,cnbc_55c2ece0,cnbc_232b42cc,cnbc_990960e3,cnbc_4b6ef1c3,cnbc_3cb5d651,cnbc_afd677df,cnbc_30bcd382,cnbc_a6416917,cnbc_f0f24154,cnbc_513e0dda,cnbc_de18e52c,cnbc_857628e5,cnbc_b41133a0,cnbc_bc83f884,cnbc_15cb4bc2,cnbc_f12f561c,cnbc_2ed84f9c,cnbc_36a32721,cnbc_20c13dbe,cnbc_06ce3fca,cnbc_7af3b2bc",True
2023-06-20,15040,14994.0,46.0,0.003067893824196345,5,"cnbc_9c2f15c6,cnbc_da963bbd,cnbc_1458a8f6,cnbc_ce682852,cnbc_1e47f585",True
2023-06-21,14982,15040.0,-58.0,-0.003856382978723404,9,"cnbc_c1121662,cnbc_d8eb9889,cnbc_90c548dc,cnbc_e5b638cc,cnbc_924677fa,cnbc_838bddac,cnbc_72de4026,cnbc_bdb46031,cnbc_d9834749",True
2023-06-22,14918,14982.0,-64.0,-0.004271792818048324,16,"cnbc_b2c8479c,cnbc_db92af4f,cnbc_17dea70f,cnbc_6e4c8a81,cnbc_e8c30a0b,cnbc_a5377939,cnbc_f2d74934,cnbc_70942e18,cnbc_d0ed06cf,cnbc_ecc737d0,cnbc_1a779c4f,cnbc_ae7c1e6a,cnbc_a590a5aa,cnbc_91fc2614,cnbc_bd61904f,cnbc_e100c3ce",True
2023-06-23,14998,14918.0,80.0,0.005362649148679448,8,"cnbc_a06d2db6,cnbc_55d95e7f,cnbc_ccb85cda,cnbc_41cdb134,cnbc_b293edc1,cnbc_5e2ae369,cnbc_9b1e83d5,cnbc_e30acc49",True
2023-06-26,15026,14998.0,28.0,0.001866915588745166,13,"cnbc_b9c63a2f,cnbc_b33288ab,cnbc_eaea2714,cnbc_a79a0ba3,cnbc_760352ac,cnbc_77040380,cnbc_39862e8b,cnbc_671e18e0,cnbc_a0022e01,cnbc_235efd0c,cnbc_d6334dfc,cnbc_a931e4f6,cnbc_6c0670e1",True
2023-06-27,15000,15026.0,-26.0,-0.0017303340875815254,11,"cnbc_90b51753,cnbc_05957c51,cnbc_fe290eee,cnbc_9440df6d,cnbc_4c610e8e,cnbc_3767dc49,cnbc_dc96fcae,cnbc_d1f499c9,cnbc_400e91e4,cnbc_d48d967f,cnbc_f19524f3",True
2023-07-03,15034,15000.0,34.0,0.002266666666666667,38,"cnbc_461d2596,cnbc_86f21492,cnbc_f0079e80,cnbc_85a7a553,cnbc_5bc51e48,cnbc_9dcfdd31,cnbc_2b575279,cnbc_6d1e2398,cnbc_7b83864a,cnbc_91e4aebb,cnbc_9daa534d,cnbc_7688973e,cnbc_81509ebf,cnbc_8e7e8a3a,cnbc_6f147586,cnbc_82091079,cnbc_dddc61f1,cnbc_f942aa4a,cnbc_a04992c3,cnbc_bf95723c,cnbc_95bc54a8,cnbc_cfaf9c65,cnbc_23aa1fbc,cnbc_073bae21,cnbc_e91d8fbb,cnbc_600874f3,cnbc_b2c58d16,cnbc_48f4008d,cnbc_1d075e89,cnbc_ebfdb98d,cnbc_8cbaf675,cnbc_a2e0be8f,cnbc_cea47787,cnbc_6f0d85f4,cnbc_03ab68ae,cnbc_d8927f27,cnbc_eabd4905,cnbc_3183485e",True
2023-07-04,15018,15034.0,-16.0,-0.0010642543567912731,7,"cnbc_94f73d7d,cnbc_14ed45a4,cnbc_3101e56b,cnbc_21c21959,cnbc_3a3c0cfd,cnbc_45d1fc81,cnbc_fb58762f",True
2023-07-05,15013,15018.0,-5.0,-0.0003329338127580237,13,"cnbc_5e55d0b6,cnbc_72d9d121,cnbc_05f51da3,cnbc_34051f36,cnbc_e8a34874,cnbc_e85cb6f5,cnbc_2113030a,cnbc_74d42a4d,cnbc_f632a67e,cnbc_39a3b107,cnbc_857fbcba,cnbc_b98728a2,cnbc_14976963",True
2023-07-06,15062,15013.0,49.0,0.0032638380070605477,5,"cnbc_aa5597ea,cnbc_fca17c15,cnbc_ad102b84,cnbc_f8dbb0e6,cnbc_3922439a",True
2023-07-07,15136,15062.0,74.0,0.004913026158544682,9,"cnbc_3809cd31,cnbc_d2e1b208,cnbc_b078ed8f,cnbc_5a9f3608,cnbc_812adf09,cnbc_9b579d86,cnbc_ba60c557,cnbc_0100fcf9,cnbc_c6715cfd",True
2023-07-10,15192,15136.0,56.0,0.0036997885835095136,15,"cnbc_ac85e032,cnbc_7e9e895b,cnbc_52b490c9,cnbc_d7eed149,cnbc_dd29af84,cnbc_7104d132,cnbc_e38feccb,cnbc_4b29313e,cnbc_fd1641f6,cnbc_1c8f564a,cnbc_93aeac55,cnbc_e1799cec,cnbc_7d55739d,cnbc_987c4bc0,cnbc_8981cf3e",True
2023-07-11,15162,15192.0,-30.0,-0.0019747235387045812,6,"cnbc_0944ad5a,cnbc_2c4f8f2d,cnbc_b68cac2f,cnbc_e847e90e,cnbc_3530bf4a,cnbc_39453c12",True
2023-07-12,15084,15162.0,-78.0,-0.0051444400474871385,13,"cnbc_7a62df63,cnbc_73c9bfcc,cnbc_f224cebb,cnbc_8889072a,cnbc_d01f9e48,cnbc_13873b89,cnbc_9beeec9a,cnbc_53ad5fb1,cnbc_8999a900,cnbc_08da9dfd,cnbc_1fa360ea,cnbc_a6ac8c3f,cnbc_51f1bded",True
2023-07-13,14978,15084.0,-106.0,-0.007027313709891275,9,"cnbc_2f80974e,cnbc_54204808,cnbc_acf4f0ea,cnbc_dc7ceb73,cnbc_e8b00486,cnbc_d81e282a,cnbc_03758632,cnbc_c5983e14,cnbc_f85e6e51",True
2023-07-14,14945,14978.0,-33.0,-0.0022032314060622246,15,"cnbc_985c9868,cnbc_e4cc6811,cnbc_68b67ba0,cnbc_114ae12b,cnbc_d4bbb9a0,cnbc_eea54055,cnbc_df34df0f,cnbc_74a1cb78,cnbc_1efdd3d5,cnbc_331499d1,cnbc_8129d595,cnbc_158ec7b8,cnbc_393c538c,cnbc_57a65585,cnbc_53e26aa8",True
2023-07-17,15007,14945.0,62.0,0.004148544663767146,24,"cnbc_3817978a,cnbc_9f111e9e,cnbc_a3d2d496,cnbc_20a214fb,cnbc_a4a528dd,cnbc_c3b14db6,cnbc_58680aef,cnbc_faed5e29,cnbc_4eca9e01,cnbc_44507e4b,cnbc_ff4a24bc,cnbc_ff1f3bf1,cnbc_3dfc3b18,cnbc_a1f1ad61,cnbc_47f487bc,cnbc_85107ba2,cnbc_29f215bc,cnbc_07b9ea27,cnbc_10f935ac,cnbc_ccef4484,cnbc_8beb7674,cnbc_469cae35,cnbc_0acf498b,cnbc_a1cf6ec2",True
2023-07-18,14994,15007.0,-13.0,-0.000866262410874925,10,"cnbc_93a8457d,cnbc_3814bdbd,cnbc_f041d30a,cnbc_d8999eee,cnbc_986ad51d,cnbc_b645d4f6,cnbc_e04add5f,cnbc_51c1a721,cnbc_9950b467,cnbc_1c9dc9b5",True
2023-07-20,14991,14994.0,-3.0,-0.00020008003201280514,20,"cnbc_f38e5e43,cnbc_a459c318,cnbc_45585ec7,cnbc_26249af2,cnbc_f924a399,cnbc_556e236f,cnbc_0e0b7fa1,cnbc_28ccb0c3,cnbc_3b464239,cnbc_efc311dd,cnbc_1baa922a,cnbc_45af5ca0,cnbc_d6a50f57,cnbc_4939ec04,cnbc_357af77a,cnbc_4f8844e0,cnbc_dacd9d13,cnbc_13b99cd9,cnbc_5a9cb8ed,cnbc_b40e47a4",True
2023-07-21,15026,14991.0,35.0,0.002334734173837636,8,"cnbc_cb074905,cnbc_a0b7ea38,cnbc_106321d2,cnbc_6e408efe,cnbc_980cf18f,cnbc_52bd6d02,cnbc_6a1ef02f,cnbc_e9509ab3",True
2023-07-24,15028,15026.0,2.0,0.0001331026221216558,15,"cnbc_a41c2575,cnbc_8e52ff8e,cnbc_73c71562,cnbc_9c6730ee,cnbc_23c0ec78,cnbc_87f3b413,cnbc_1d99d0fa,cnbc_4debeca0,cnbc_ccbab6a8,cnbc_4f500d5c,cnbc_5ad424cc,cnbc_a909dc38,cnbc_8ffa6adc,cnbc_d23fd2c9,cnbc_46851c6b",True
2023-07-25,15007,15028.0,-21.0,-0.0013973915357998403,9,"cnbc_1555b41a,cnbc_188c0150,cnbc_9c27ff93,cnbc_e38417f6,cnbc_853b25a3,cnbc_bd071ee5,cnbc_43ba5c73,cnbc_b384d5fc,cnbc_ae07690b",True
2023-07-26,15032,15007.0,25.0,0.001665889251682548,5,"cnbc_08168fdc,cnbc_9ac5daec,cnbc_3fa12a90,cnbc_4379ef1e,cnbc_91ae4187",True
2023-07-27,15003,15032.0,-29.0,-0.001929217668972858,9,"cnbc_75be52cb,cnbc_ea10a6e7,cnbc_40121ba8,cnbc_686ffce4,cnbc_77ca0b1f,cnbc_e1ee509b,cnbc_4d5b75bd,cnbc_9a1af763,cnbc_742bb2c8",True
2023-07-28,15083,15003.0,80.0,0.005332266879957342,10,"cnbc_633cfd9d,cnbc_d81bf3e9,cnbc_1aaa7e14,cnbc_a5e082da,cnbc_34eef458,cnbc_9fbd9474,cnbc_96d6799e,cnbc_a551f183,cnbc_c3cc1631,cnbc_7baa2e03",True
2023-07-31,15092,15083.0,9.0,0.0005966982695750182,16,"cnbc_4a014af5,cnbc_f04fd358,cnbc_0f0448e9,cnbc_6fd879a8,cnbc_17f85549,cnbc_388f1aa2,cnbc_c0f28190,cnbc_6e13441d,cnbc_3a64be8b,cnbc_ba618b4e,cnbc_5ac50ea0,cnbc_908c7cb9,cnbc_8328750b,cnbc_cc4af777,cnbc_99363dcb,cnbc_c2d9360d",True
2023-08-01,15117,15092.0,25.0,0.0016565067585475749,4,"cnbc_9d258b4c,cnbc_16bcad19,cnbc_9d615144,cnbc_374f710f",True
2023-08-02,15171,15117.0,54.0,0.0035721373288350863,13,"cnbc_93915a77,cnbc_466eca09,cnbc_bb6edb87,cnbc_9d575b3e,cnbc_0a0eb5ca,cnbc_1ec0c313,cnbc_82ad3a77,cnbc_c57f26b7,cnbc_922d02dc,cnbc_a8c0c76f,cnbc_a63f78ec,cnbc_ae81b3a6,cnbc_44636516",True
2023-08-03,15198,15171.0,27.0,0.0017797112912794147,10,"cnbc_bea2e735,cnbc_ea304edf,cnbc_59ae4292,cnbc_ddd344de,cnbc_64a6a9dc,cnbc_6fd12c3d,cnbc_55bfba70,cnbc_b992abfc,cnbc_7754c974,cnbc_02bda728",True
2023-08-04,15168,15198.0,-30.0,-0.0019739439399921043,4,"cnbc_dcaaa3c4,cnbc_b1ffc0d7,cnbc_dee55b8e,cnbc_d80e0af3",True
2023-08-07,15178,15168.0,10.0,0.0006592827004219409,19,"cnbc_81461603,cnbc_4cc12874,cnbc_cb639998,cnbc_90ba950c,cnbc_66abc275,cnbc_2f7cf084,cnbc_06552641,cnbc_d183ecb8,cnbc_f52b3492,cnbc_0594f1c1,cnbc_1be10057,cnbc_9d017aef,cnbc_23b065f9,cnbc_b79f9447,cnbc_f3fdf663,cnbc_4d817b57,cnbc_13baa290,cnbc_b73ddba8,cnbc_216cc418",True
2023-08-08,15229,15178.0,51.0,0.003360126498879958,4,"cnbc_6d83e6f9,cnbc_b5ab3bf2,cnbc_efc1f96b,cnbc_d479f888",True
2023-08-09,15206,15229.0,-23.0,-0.0015102764462538577,7,"cnbc_deb29adf,cnbc_3c7d3513,cnbc_781b2dcf,cnbc_0f0b60a1,cnbc_8bd24482,cnbc_6c1e4e40,cnbc_32ec4e3f",True
2023-08-10,15204,15206.0,-2.0,-0.00013152702880441932,5,"cnbc_9a580c45,cnbc_a4d76c5c,cnbc_e738d185,cnbc_f21533f8,cnbc_1fa33dc1",True
2023-08-11,15225,15204.0,21.0,0.0013812154696132596,10,"cnbc_71ce7a13,cnbc_82700b61,cnbc_bfad818b,cnbc_737f122c,cnbc_8980a5e7,cnbc_6ab9dd2b,cnbc_bde86345,cnbc_d7ce4078,cnbc_cf004571,cnbc_e804873a",True
2023-08-14,15323,15225.0,98.0,0.006436781609195402,19,"cnbc_c7e25359,cnbc_7ee12129,cnbc_42daf7e4,cnbc_e530c632,cnbc_caf4a243,cnbc_288dba4d,cnbc_a4d3b2b8,cnbc_466b7618,cnbc_c8caa228,cnbc_c04c1d47,cnbc_db0b46db,cnbc_358215b5,cnbc_5ea1ef51,cnbc_255223bb,cnbc_e2ad4b3a,cnbc_d1f3bb48,cnbc_89a1136e,cnbc_25ea78ee,cnbc_3edbd232",True
2023-08-15,15346,15323.0,23.0,0.0015010115512628075,7,"cnbc_7bdea929,cnbc_7ae6d4e0,cnbc_57db7b17,cnbc_74e63912,cnbc_7197b2d0,cnbc_395c2141,cnbc_2e9db06e",True
2023-08-16,15308,15346.0,-38.0,-0.002476215300404014,4,"cnbc_5a513e6a,cnbc_8fcf88ed,cnbc_2c24a654,cnbc_1d858e6f",True
2023-08-18,15308,15308.0,0.0,0.0,18,"cnbc_7fa3f961,cnbc_9165fd7b,cnbc_e81b38ee,cnbc_295dc342,cnbc_0d33a53c,cnbc_b8125e30,cnbc_a2b836a5,cnbc_9197f5db,cnbc_e22d651b,cnbc_b924ac74,cnbc_ea2bdc11,cnbc_99221e32,cnbc_04efa436,cnbc_5b7052a7,cnbc_febc1e4e,cnbc_07fdb26a,cnbc_4518f0eb,cnbc_5cf4d578",True
2023-08-21,15329,15308.0,21.0,0.0013718317219754378,14,"cnbc_bf6b82ff,cnbc_e6d56c3d,cnbc_8deae864,cnbc_553c55f0,cnbc_2031fb4e,cnbc_7df04140,cnbc_b4e833d7,cnbc_560f0a31,cnbc_a78b722e,cnbc_1a6c877c,cnbc_70452f24,cnbc_b6aa17a0,cnbc_5a80aa49,cnbc_9a257d23",True
2023-08-22,15326,15329.0,-3.0,-0.00019570748254941613,7,"cnbc_06c7920d,cnbc_2b2dc64b,cnbc_e03924a4,cnbc_08b419a1,cnbc_281e992c,cnbc_39f54c50,cnbc_2472b842",True
2023-08-23,15319,15326.0,-7.0,-0.00045674018008612816,7,"cnbc_07416f4c,cnbc_7d5289fe,cnbc_e93ee019,cnbc_66874a5e,cnbc_acb1105c,cnbc_d13ce2b9,cnbc_000aadfa",True
2023-08-24,15253,15319.0,-66.0,-0.004308375220314642,7,"cnbc_3854911b,cnbc_2daab835,cnbc_71bfdaf1,cnbc_ff3cd32b,cnbc_cfd44c05,cnbc_a0e95e49,cnbc_aaae1c86",True
2023-08-25,15297,15253.0,44.0,0.0028846784239166066,17,"cnbc_3c27943f,cnbc_0b0efb1c,cnbc_45fb9ea3,cnbc_af7e6347,cnbc_a199525e,cnbc_8f58043d,cnbc_78927689,cnbc_02df1b78,cnbc_4cf76bb1,cnbc_60e940f2,cnbc_12f3bf62,cnbc_d9b60fe6,cnbc_c3477f8a,cnbc_4601d36d,cnbc_2f9698be,cnbc_03472cc6,cnbc_16032123",True
2023-08-28,15294,15297.0,-3.0,-0.00019611688566385565,18,"cnbc_41f0f38f,cnbc_66ef0128,cnbc_5f6df3a4,cnbc_cedbf256,cnbc_8af7fd3e,cnbc_591a31db,cnbc_7a04529c,cnbc_af286e7b,cnbc_42fa378c,cnbc_0e1d5227,cnbc_67b0774a,cnbc_24000d5d,cnbc_55860400,cnbc_b52c5f89,cnbc_f449c900,cnbc_94475484,cnbc_3bc094bd,cnbc_493efb54",True
2023-08-29,15263,15294.0,-31.0,-0.0020269386687589903,8,"cnbc_719f805a,cnbc_5e8dd341,cnbc_5c41a5a9,cnbc_1e6bdab4,cnbc_b3e206be,cnbc_f8e81a30,cnbc_dc2166d5,cnbc_e5eb444b",True
2023-08-30,15239,15263.0,-24.0,-0.0015724300596213065,7,"cnbc_3d29b4a9,cnbc_6c676fdd,cnbc_627291e0,cnbc_19fcd79c,cnbc_4bcfb29d,cnbc_ab785c95,cnbc_3da76f8a",True
2023-08-31,15237,15239.0,-2.0,-0.00013124220749393005,8,"cnbc_98f6c4f1,cnbc_34b8a1a5,cnbc_e0ac5919,cnbc_74a8c06a,cnbc_40a00f2b,cnbc_f8f90906,cnbc_0898166f,cnbc_18c95b9f",True
2023-09-01,15252,15237.0,15.0,0.0009844457570387872,7,"cnbc_18a9e438,cnbc_daa36d38,cnbc_1a65b86d,cnbc_6691311f,cnbc_b9d22fd9,cnbc_f4d45187,cnbc_f5aadee6",True
2023-09-04,15247,15252.0,-5.0,-0.00032782585890375033,16,"cnbc_69307b8d,cnbc_8db9f1c8,cnbc_dca650f0,cnbc_12d9921c,cnbc_0c9be577,cnbc_f02454e2,cnbc_eccbdf10,cnbc_edbe8911,cnbc_982e4177,cnbc_6f6e99db,cnbc_e805a100,cnbc_b610ffa4,cnbc_e9718bd8,cnbc_8a4a06f4,cnbc_55609977,cnbc_76a7ee1c",True
2023-09-05,15260,15247.0,13.0,0.000852626746245163,2,"cnbc_5882e740,cnbc_d1a25323",True
2023-09-06,15307,15260.0,47.0,0.0030799475753604194,7,"cnbc_825a373a,cnbc_528c0de2,cnbc_e5b90d02,cnbc_7192d118,cnbc_9159cd2f,cnbc_1ec9c02e,cnbc_61a70290",True
2023-09-07,15334,15307.0,27.0,0.0017638988697981316,11,"cnbc_cfd8d425,cnbc_9cd67972,cnbc_22c60fd6,cnbc_881b4e99,cnbc_32ea8a13,cnbc_4e532ec7,cnbc_15283212,cnbc_96afd9bd,cnbc_ef7697b8,cnbc_5a25fc54,cnbc_e5b17ea4",True
2023-09-08,15341,15334.0,7.0,0.0004565018912221208,9,"cnbc_21048e66,cnbc_fb4ee091,cnbc_3b819e49,cnbc_1e31c593,cnbc_1647e61f,cnbc_4faecd68,cnbc_b095cf5f,cnbc_274e84d2,cnbc_e6009c6c",True
2023-09-11,15352,15341.0,11.0,0.0007170327879538491,21,"cnbc_ea035878,cnbc_aab7169e,cnbc_62ac03d4,cnbc_69602877,cnbc_a3d59136,cnbc_4efd260e,cnbc_9d2754e6,cnbc_3fbe03a1,cnbc_62bdb4ee,cnbc_6d7e9e72,cnbc_add87571,cnbc_b6a931bf,cnbc_11406106,cnbc_11bee79e,cnbc_cc0604fa,cnbc_8d5b346d,cnbc_4118755e,cnbc_02007ca3,cnbc_36fe8fc8,cnbc_4dd7ea16,cnbc_3b1d6639",True
2023-09-12,15344,15352.0,-8.0,-0.0005211047420531526,9,"cnbc_9baaae5d,cnbc_e33f4417,cnbc_9f3f6097,cnbc_bbe1e678,cnbc_a5692496,cnbc_28986651,cnbc_7af23008,cnbc_70f7a3be,cnbc_c1efad2f",True
2023-09-13,15367,15344.0,23.0,0.0014989572471324295,11,"cnbc_e2bfc4c2,cnbc_47e810bf,cnbc_cb8a9de5,cnbc_0943182f,cnbc_353db6ad,cnbc_8e9687ab,cnbc_e3ef7167,cnbc_120de757,cnbc_5613d1bb,cnbc_bdd1e201,cnbc_480b44f9",True
2023-09-14,15357,15367.0,-10.0,-0.0006507451031430989,15,"cnbc_03e19a44,cnbc_635b8ffb,cnbc_b882aaf6,cnbc_e6133f54,cnbc_fe5a1531,cnbc_2a135364,cnbc_3155bcde,cnbc_d54001fd,cnbc_60c23496,cnbc_aa18f11a,cnbc_4ea79833,cnbc_2c342794,cnbc_992c05f9,cnbc_8c40971e,cnbc_039d441b",True
2023-09-15,15367,15357.0,10.0,0.0006511688480823078,13,"cnbc_1f4f4910,cnbc_38f347ee,cnbc_ea527a70,cnbc_0a72e8f0,cnbc_6c253ba3,cnbc_56df3981,cnbc_c179462e,cnbc_8cc68276,cnbc_7103ebdb,cnbc_8745511d,cnbc_74b0389f,cnbc_5a6ce27f,cnbc_e66101a7",True
2023-09-18,15373,15367.0,6.0,0.0003904470618858593,15,"cnbc_88d05420,cnbc_3d2718d2,cnbc_37e428e8,cnbc_d4f325ff,cnbc_a5daa231,cnbc_66e14ad1,cnbc_cb4ae474,cnbc_c64cdea0,cnbc_7b4dd1e8,cnbc_7533a520,cnbc_bd60b07c,cnbc_0eb9be6f,cnbc_ddc48703,cnbc_18cf42cd,cnbc_76f4a05d",True
2023-09-19,15381,15373.0,8.0,0.0005203928966369609,7,"cnbc_b37c6fd0,cnbc_b283ea9f,cnbc_15936c99,cnbc_62bf14b1,cnbc_6dc2eb56,cnbc_8652b104,cnbc_3bed61d4",True
2023-09-20,15396,15381.0,15.0,0.0009752291788570314,13,"cnbc_a2fabc76,cnbc_1716914e,cnbc_525a51c7,cnbc_ca17d4ca,cnbc_f1c47ca9,cnbc_2da4fe9e,cnbc_e0c76402,cnbc_0e4bed8a,cnbc_86b1d892,cnbc_11d945dc,cnbc_19713632,cnbc_4cae7a35,cnbc_00601b78",True
2023-09-21,15397,15396.0,1.0,6.495193556767992e-05,15,"cnbc_571af46b,cnbc_793ef1fe,cnbc_dc6a83c9,cnbc_4865c37d,cnbc_aa544ee0,cnbc_ca50fe26,cnbc_283d73b9,cnbc_484550aa,cnbc_7783af95,cnbc_ce4a7636,cnbc_ef1f3032,cnbc_67856f99,cnbc_d40e327e,cnbc_04339b07,cnbc_fe72b708",True
2023-09-22,15383,15397.0,-14.0,-0.0009092680392284212,12,"cnbc_69d50abe,cnbc_553b0d7a,cnbc_2f1bb61a,cnbc_d952343f,cnbc_5a736381,cnbc_f2c2a239,cnbc_5e94d6fd,cnbc_77f0cdfd,cnbc_9ba6547d,cnbc_54e3a624,cnbc_a4f59cea,cnbc_6c91f3db",True
2023-09-25,15399,15383.0,16.0,0.001040109211467204,17,"cnbc_3390f449,cnbc_736f68de,cnbc_9d1dbc74,cnbc_645f2cc3,cnbc_0721d13b,cnbc_be0cffaa,cnbc_e802cf78,cnbc_08f7aaf5,cnbc_c95dc28e,cnbc_bbd2bad5,cnbc_79f9d11e,cnbc_b8e6098a,cnbc_e1baea23,cnbc_e6569a06,cnbc_4c38a940,cnbc_791a4e9b,cnbc_05608ba4",True
2023-09-26,15464,15399.0,65.0,0.004221053315150334,5,"cnbc_5f0048e7,cnbc_9ea5eddc,cnbc_06465f9d,cnbc_b59a436f,cnbc_6c99209b",True
2023-09-27,15526,15464.0,62.0,0.004009311950336265,10,"cnbc_abc3ed1c,cnbc_aedf298f,cnbc_1ff9e9f2,cnbc_dbfbd34b,cnbc_5a2e44bf,cnbc_28f9e01b,cnbc_459e9270,cnbc_b1edb824,cnbc_6d758a86,cnbc_d818776f",True
2023-09-29,15487,15526.0,-39.0,-0.0025119154965863714,14,"cnbc_ac0a1de9,cnbc_7a905b86,cnbc_0766bc16,cnbc_908510d6,cnbc_57baae9c,cnbc_4d182663,cnbc_1639d8dc,cnbc_a457749a,cnbc_746689ba,cnbc_a04ec54b,cnbc_ead5aa95,cnbc_16ffb6d4,cnbc_2f8275d2,cnbc_ffb531b5",True
2023-10-02,15519,15487.0,32.0,0.0020662491121585845,15,"cnbc_73799b9d,cnbc_8c8d927c,cnbc_5623ac54,cnbc_662604bd,cnbc_63cd5005,cnbc_ce915d90,cnbc_76f75c32,cnbc_ef6d25a3,cnbc_2c05181f,cnbc_77d1f2a4,cnbc_87a86b79,cnbc_cb7c66c1,cnbc_2f2e4a5f,cnbc_2ba2b09c,cnbc_7edba640",True
2023-10-03,15600,15519.0,81.0,0.005219408467040402,7,"cnbc_91be0d5e,cnbc_f4b4770c,cnbc_2c2c3bd1,cnbc_c285918a,cnbc_85c3602f,cnbc_8f9acbc8,cnbc_ad4dee40",True
2023-10-04,15636,15600.0,36.0,0.002307692307692308,9,"cnbc_4492d049,cnbc_e95c2b77,cnbc_45837b32,cnbc_67b957f6,cnbc_1acc963e,cnbc_f9bffe2f,cnbc_88894e7c,cnbc_a1a3ec91,cnbc_b756b9b4",True
2023-10-05,15601,15636.0,-35.0,-0.0022384241493988233,7,"cnbc_b65858cf,cnbc_9fd662ee,cnbc_feda0192,cnbc_83c39b8c,cnbc_e51653cc,cnbc_74476fa2,cnbc_f30905a9",True
2023-10-06,15628,15601.0,27.0,0.0017306582911351836,6,"cnbc_1a2b11c8,cnbc_96a96ebd,cnbc_b4ca4450,cnbc_1d2ae3ff,cnbc_179bf2e5,cnbc_85fec92c",True
2023-10-09,15675,15628.0,47.0,0.0030074225748656256,26,"cnbc_7d8fd558,cnbc_8965c0a6,cnbc_27272395,cnbc_6899a753,cnbc_90636a53,cnbc_f2fde981,cnbc_e9e58e1d,cnbc_78ac54b5,cnbc_a5658a85,cnbc_c48bd8c9,cnbc_bd1b244b,cnbc_fec5c46e,cnbc_79294ee1,cnbc_f9a8a60f,cnbc_8bdd0d1c,cnbc_b9ed28fe,cnbc_009c98db,cnbc_a9fc47b1,cnbc_050a7882,cnbc_6abe5fc2,cnbc_3f613e8b,cnbc_ddf27f39,cnbc_1fa3aa54,cnbc_679a7651,cnbc_dad36b5a,cnbc_6f303d80",True
2023-10-10,15708,15675.0,33.0,0.002105263157894737,14,"cnbc_af68d128,cnbc_c229648c,cnbc_955052f9,cnbc_d30d16d7,cnbc_49406a19,cnbc_f44d0eb1,cnbc_991dba77,cnbc_c8ba5c3f,cnbc_e4cc8613,cnbc_5a397373,cnbc_bdd4383a,cnbc_149daccc,cnbc_44066acd,cnbc_94cc8b07",True
2023-10-11,15710,15708.0,2.0,0.00012732365673542143,14,"cnbc_c7135f81,cnbc_94d57bc9,cnbc_d87fee92,cnbc_423fb231,cnbc_927debfa,cnbc_b58f994c,cnbc_bc43e30c,cnbc_18dfff5d,cnbc_80f253f7,cnbc_991d5cdb,cnbc_9c8a9254,cnbc_0b1ab598,cnbc_dead6f8c,cnbc_d7c1559f",True
2023-10-12,15702,15710.0,-8.0,-0.0005092297899427117,14,"cnbc_1deefeb5,cnbc_fcf4241f,cnbc_4fb944a3,cnbc_fa12bdcb,cnbc_7a0b9cf2,cnbc_d8be88f9,cnbc_f06eca6e,cnbc_f1a208a3,cnbc_cbda5576,cnbc_fe6a10f5,cnbc_ae75d811,cnbc_97cef504,cnbc_f4d85398,cnbc_a30a61ad",True
2023-10-13,15709,15702.0,7.0,0.0004458030824098841,16,"cnbc_833b7bd7,cnbc_1ebc3e5a,cnbc_07d4b8f1,cnbc_e2fbfe02,cnbc_58cdff0f,cnbc_cac6ed25,cnbc_efd1c92d,cnbc_7f8889ed,cnbc_681a605a,cnbc_db56c6e6,cnbc_eb8fc6f2,cnbc_8a836a0e,cnbc_fe3c6fe6,cnbc_5932ef61,cnbc_008f0ca4,cnbc_fd5116de",True
2023-10-16,15716,15709.0,7.0,0.0004456044305811955,21,"cnbc_834826c5,cnbc_f61108a5,cnbc_50f026cb,cnbc_495283b8,cnbc_aa87d132,cnbc_ccc7217d,cnbc_fb732099,cnbc_3daf7272,cnbc_f51ac04b,cnbc_b899c770,cnbc_ca016c43,cnbc_45751177,cnbc_34d9508d,cnbc_612cc3b8,cnbc_9dfba258,cnbc_8ac19c77,cnbc_ba9f0bc9,cnbc_597c1ef2,cnbc_e4df79d4,cnbc_a1f30789,cnbc_30565f15",True
2023-10-17,15718,15716.0,2.0,0.00012725884448969204,8,"cnbc_0b30a9d0,cnbc_879d854d,cnbc_1e9e1733,cnbc_e8bda4ee,cnbc_5ac37298,cnbc_1fec76a9,cnbc_d030b7a9,cnbc_f785eab2",True
2023-10-18,15731,15718.0,13.0,0.0008270772362896043,11,"cnbc_20b31560,cnbc_5c1fb028,cnbc_b348b125,cnbc_8366b4df,cnbc_b267b6eb,cnbc_365b89ad,cnbc_c8d12647,cnbc_0d6dd85f,cnbc_6d2f98f3,cnbc_1ce6335b,cnbc_76442f21",True
2023-10-19,15838,15731.0,107.0,0.006801856207488399,13,"cnbc_9008aa72,cnbc_588e23f6,cnbc_a7d160b3,cnbc_f56bcf47,cnbc_8169975d,cnbc_7ea6276d,cnbc_70fe382c,cnbc_531545f9,cnbc_8c7ce432,cnbc_33f00af1,cnbc_83a8ddd4,cnbc_f92112a3,cnbc_c5888836",True
2023-10-20,15856,15838.0,18.0,0.0011365071347392347,12,"cnbc_df15eba1,cnbc_61e21230,cnbc_c721a1f0,cnbc_020c4c49,cnbc_304217ef,cnbc_73d96f28,cnbc_c7334e5f,cnbc_c83a3593,cnbc_9f15000b,cnbc_03b4bda8,cnbc_b88504e1,cnbc_fd159072",True
2023-10-23,15943,15856.0,87.0,0.005486881937436933,14,"cnbc_b2f71216,cnbc_a4c05775,cnbc_0c8d0adb,cnbc_e6eb0030,cnbc_e295cae9,cnbc_1c1a6f49,cnbc_05888546,cnbc_0113ccd6,cnbc_f06a69d7,cnbc_47f8d87c,cnbc_83be8d53,cnbc_d84bd9d9,cnbc_3b8237df,cnbc_b0d352f5",True
2023-10-24,15869,15943.0,-74.0,-0.004641535470112275,8,"cnbc_72101dd4,cnbc_02ac1b4c,cnbc_6e729dd2,cnbc_6cedb1ac,cnbc_31c054d7,cnbc_62da4477,cnbc_9372bdb9,cnbc_e9025f91",True
2023-10-25,15871,15869.0,2.0,0.000126031886067175,11,"cnbc_4ec95d8f,cnbc_f2592e82,cnbc_f9a272ef,cnbc_155a402b,cnbc_265566c4,cnbc_5127c9b6,cnbc_43897ae1,cnbc_b68ca8b7,cnbc_cb030a1c,cnbc_9e7cd3ca,cnbc_8b54ad48",True
2023-10-26,15933,15871.0,62.0,0.003906496125007876,15,"cnbc_76826f18,cnbc_3c7d3ab9,cnbc_51c935ac,cnbc_49a8de8b,cnbc_518418d6,cnbc_7cebe558,cnbc_985be312,cnbc_5e6bb41f,cnbc_dbb6d732,cnbc_b2cadfd5,cnbc_2d07a9aa,cnbc_7f48a4a5,cnbc_7f0bf8b4,cnbc_5e9d6125,cnbc_a5c22d34",True
2023-10-27,15941,15933.0,8.0,0.0005021025544467457,13,"cnbc_ebe5e1ea,cnbc_66c8b4d7,cnbc_f9cb35d3,cnbc_c5f46474,cnbc_980647e8,cnbc_f353d610,cnbc_add435d7,cnbc_3b2757d5,cnbc_10ef5c98,cnbc_5baa092a,cnbc_49efa26e,cnbc_adbcea8a,cnbc_c7965f0d",True
2023-10-30,15916,15941.0,-25.0,-0.0015682830437237312,18,"cnbc_180b8384,cnbc_bf18cb6b,cnbc_72e9bb59,cnbc_843af4a8,cnbc_3e8f9d9f,cnbc_8a883a0f,cnbc_e27adb29,cnbc_c2abbc84,cnbc_c40bea33,cnbc_e59be6f2,cnbc_0586bca4,cnbc_e43563d0,cnbc_3e2ce6fa,cnbc_fd7e9030,cnbc_baf06db8,cnbc_892e0d9a,cnbc_93ed5c09,cnbc_fe10cada",True
2023-10-31,15897,15916.0,-19.0,-0.0011937672782106057,7,"cnbc_f81f3361,cnbc_27817472,cnbc_375fd96f,cnbc_f398e4e8,cnbc_18f89e8c,cnbc_ac29a538,cnbc_3b94c6ac",True
2023-11-01,15946,15897.0,49.0,0.0030823425803610744,10,"cnbc_dbc5e3b4,cnbc_27bb0815,cnbc_75839281,cnbc_bb279c04,cnbc_d9d0d912,cnbc_f0cacbc9,cnbc_282e7f9c,cnbc_3bdccaec,cnbc_08356ad5,cnbc_d410c3eb",True
2023-11-02,15861,15946.0,-85.0,-0.005330490405117271,12,"cnbc_28cd07c5,cnbc_60b6cdaa,cnbc_72a6aa18,cnbc_ceeaa7ab,cnbc_a6def020,cnbc_ec475789,cnbc_8f20c51e,cnbc_e4a6a67d,cnbc_07366589,cnbc_81afdb48,cnbc_2936abdc,cnbc_6f2e086c",True
2023-11-03,15771,15861.0,-90.0,-0.005674295441649328,11,"cnbc_4bb711a1,cnbc_58755ac6,cnbc_f96d5001,cnbc_45a254e1,cnbc_f512e79d,cnbc_fa5d4d15,cnbc_0de74d98,cnbc_bbabca0f,cnbc_4c1636a8,cnbc_cd209aa8,cnbc_386129f7",True
2023-11-06,15550,15771.0,-221.0,-0.014013061949147169,13,"cnbc_ebe761bd,cnbc_dd5096d8,cnbc_46d70bcf,cnbc_5fdf9f56,cnbc_a86f07bc,cnbc_d61b60ae,cnbc_4fe89745,cnbc_d5e8fb37,cnbc_48c99149,cnbc_9cc1bb69,cnbc_b3f501a0,cnbc_ae2c412c,cnbc_18b7d514",True
2023-11-07,15593,15550.0,43.0,0.002765273311897106,2,"cnbc_169d8a3d,cnbc_e93a1016",True
2023-11-08,15629,15593.0,36.0,0.0023087282755082407,8,"cnbc_9fdc8609,cnbc_bb489d61,cnbc_322eb476,cnbc_2d78daa5,cnbc_9721c8e5,cnbc_ff3ddd11,cnbc_dd7522e2,cnbc_55829dfd",True
2023-11-09,15649,15629.0,20.0,0.0012796724038646107,6,"cnbc_bd2dd99a,cnbc_a5bbc77f,cnbc_3f967ebd,cnbc_23e257b7,cnbc_843cb077,cnbc_36b1341b",True
2023-11-10,15693,15649.0,44.0,0.0028116812575883442,11,"cnbc_d0ccf4bf,cnbc_6ae5464e,cnbc_dbb9c8a4,cnbc_496abbdc,cnbc_32a2ba05,cnbc_475008f0,cnbc_24411520,cnbc_67c141c0,cnbc_ad637564,cnbc_e9d2b53f,cnbc_93c0e53d",True
2023-11-13,15713,15693.0,20.0,0.0012744535780284203,15,"cnbc_bd182136,cnbc_b31eac33,cnbc_d6cee0f6,cnbc_3a33cbfa,cnbc_50786300,cnbc_274f89b0,cnbc_f50d168d,cnbc_59d5ad21,cnbc_70c79ca9,cnbc_b92022d2,cnbc_1db8b688,cnbc_a67c6416,cnbc_0748cc79,cnbc_fbb6fcce,cnbc_e8c597ce",True
2023-11-14,15699,15713.0,-14.0,-0.0008909819894354992,8,"cnbc_8edadf33,cnbc_33fa62ee,cnbc_534c99db,cnbc_b1ab451c,cnbc_8ddcfd83,cnbc_1db4eb5c,cnbc_9b2c3aac,cnbc_f12550ee",True
2023-11-15,15503,15699.0,-196.0,-0.012484871647875661,6,"cnbc_290df387,cnbc_b0195056,cnbc_9b91b7a4,cnbc_2f26b036,cnbc_630846e7,cnbc_9df77875",True
2023-11-16,15595,15503.0,92.0,0.005934335289943882,11,"cnbc_c1a17d29,cnbc_f8020055,cnbc_b707734e,cnbc_55d6950b,cnbc_92f3a31c,cnbc_bf091df6,cnbc_e97f8924,cnbc_96d14d23,cnbc_53e74416,cnbc_c10f1102,cnbc_e58615c1",True
2023-11-17,15504,15595.0,-91.0,-0.005835203590894517,11,"cnbc_51e457c1,cnbc_86b2a299,cnbc_b607aa83,cnbc_2d4a8a2b,cnbc_c3c6ac83,cnbc_37517eb4,cnbc_de82c5bf,cnbc_c0101a43,cnbc_d909de1a,cnbc_7f40202b,cnbc_8ee3e0bf",True
2023-11-20,15419,15504.0,-85.0,-0.005482456140350877,20,"cnbc_44113546,cnbc_181418e1,cnbc_7b3c825d,cnbc_0d3a5fca,cnbc_df7abed6,cnbc_52219170,cnbc_83f417f3,cnbc_9ff0e89a,cnbc_dd929e97,cnbc_d74334ee,cnbc_a9d337e6,cnbc_e00d1df5,cnbc_a802b276,cnbc_8891d86b,cnbc_51f82ec6,cnbc_d52edb06,cnbc_4fc90396,cnbc_b7751809,cnbc_6f6171da,cnbc_d75f1997",True
2023-11-21,15436,15419.0,17.0,0.0011025358324145535,10,"cnbc_a5a225b7,cnbc_3ffdb44a,cnbc_4bd51eff,cnbc_95f2ae87,cnbc_d4040790,cnbc_2127f70a,cnbc_b6cec9de,cnbc_898a12bb,cnbc_cd005d55,cnbc_1149e006",True
2023-11-22,15584,15436.0,148.0,0.009587976159626846,7,"cnbc_69e77994,cnbc_4cdaef61,cnbc_91ceb975,cnbc_c62d0bbf,cnbc_e47dda17,cnbc_5c3dc36b,cnbc_72e4de14",True
2023-11-23,15593,15584.0,9.0,0.0005775154004106776,6,"cnbc_cd46c44f,cnbc_7f8d16f2,cnbc_8b628758,cnbc_655a62e5,cnbc_07d1cd7e,cnbc_17a9b64b",True
2023-11-24,15587,15593.0,-6.0,-0.00038478804591804015,5,"cnbc_0a243c79,cnbc_e739084f,cnbc_0f2ee0cc,cnbc_d9da081e,cnbc_c554cc10",True
2023-11-27,15527,15587.0,-60.0,-0.003849361647526785,14,"cnbc_59636f17,cnbc_7ac922cb,cnbc_53d5487a,cnbc_a430de5c,cnbc_e822a317,cnbc_627d843b,cnbc_e7b3dd29,cnbc_10eec758,cnbc_d529f603,cnbc_09fe1ee1,cnbc_2854d0d6,cnbc_9f10d5ec,cnbc_751f781b,cnbc_2eb7d1ef",True
2023-11-28,15450,15527.0,-77.0,-0.004959103497134024,5,"cnbc_26fffb74,cnbc_b907ae3d,cnbc_a1a94b1b,cnbc_100fecdf,cnbc_050d1180",True
2023-11-29,15384,15450.0,-66.0,-0.004271844660194175,1,cnbc_30e17ed5,True
2023-11-30,15484,15384.0,100.0,0.006500260010400416,6,"cnbc_c63b9349,cnbc_d3463b55,cnbc_5d445978,cnbc_8acffcf0,cnbc_dd778a0e,cnbc_942f8e41",True
2023-12-01,15524,15484.0,40.0,0.0025833118057349523,9,"cnbc_385ece1a,cnbc_ed50e5c8,cnbc_4973efe3,cnbc_309b4f5e,cnbc_d44e87ec,cnbc_51b00217,cnbc_8a3590cb,cnbc_3b267ec8,cnbc_9f4147ab",True
2023-12-04,15446,15524.0,-78.0,-0.005024478227261015,15,"cnbc_03f672df,cnbc_925b5c07,cnbc_972fb21b,cnbc_96d8f0a0,cnbc_e5ef2b33,cnbc_6f6ef866,cnbc_2a3b4b61,cnbc_c0a8241a,cnbc_119da5fa,cnbc_82d508df,cnbc_41a52a42,cnbc_590e05de,cnbc_075f5d7d,cnbc_1857683c,cnbc_4c3ddec3",True
2023-12-05,15504,15446.0,58.0,0.0037550174802537875,5,"cnbc_68e4a849,cnbc_da306147,cnbc_5850ee1c,cnbc_2e04b64b,cnbc_59296dd7",True
2023-12-06,15504,15504.0,0.0,0.0,8,"cnbc_0fbdb88a,cnbc_db36e9e8,cnbc_16462d23,cnbc_2ed4f4bc,cnbc_240fb75d,cnbc_7a21417b,cnbc_512b3823,cnbc_546939d7",True
2023-12-07,15536,15504.0,32.0,0.0020639834881320948,7,"cnbc_017b5f49,cnbc_4c4b5b13,cnbc_23c9d859,cnbc_b5be02f2,cnbc_1152da41,cnbc_c23e81f4,cnbc_718936fa",True
2023-12-08,15500,15536.0,-36.0,-0.002317198764160659,8,"cnbc_6260ece0,cnbc_9c64884b,cnbc_4f06b8be,cnbc_273d4b6b,cnbc_6235f1a3,cnbc_6a212fb7,cnbc_986a514b,cnbc_0312ed13",True
2023-12-11,15614,15500.0,114.0,0.007354838709677419,12,"cnbc_dcb680b2,cnbc_0183a4d2,cnbc_04b65b9b,cnbc_ebed9c46,cnbc_52019148,cnbc_2d2b3734,cnbc_1eb42157,cnbc_50b3ba48,cnbc_934defc4,cnbc_8af92f36,cnbc_301600d6,cnbc_a988da05",True
2023-12-12,15631,15614.0,17.0,0.0010887664916100935,8,"cnbc_0aebcc59,cnbc_d2aae625,cnbc_e2c4dcb4,cnbc_e576678d,cnbc_2654e1e4,cnbc_4d90de34,cnbc_5a5db8f8,cnbc_ac19f21c",True
2023-12-13,15629,15631.0,-2.0,-0.00012795086686712303,16,"cnbc_5731c258,cnbc_34db6283,cnbc_9580ad65,cnbc_df9a53a7,cnbc_48bc56f0,cnbc_4ad81f95,cnbc_1ce5c573,cnbc_0235fc70,cnbc_bfdb8524,cnbc_b6d456dd,cnbc_bb3ecd06,cnbc_45a6da5f,cnbc_a0f3a075,cnbc_280d2ce7,cnbc_f13ed1ce,cnbc_df179255",True
2023-12-14,15493,15629.0,-136.0,-0.008701772346279352,9,"cnbc_e60311df,cnbc_4b116204,cnbc_5e6feed6,cnbc_e26d3bd1,cnbc_e1d681b6,cnbc_6ad78473,cnbc_6afa1563,cnbc_b2e4e924,cnbc_313d8b97",True
2023-12-15,15503,15493.0,10.0,0.0006454527851287678,10,"cnbc_10b09e94,cnbc_fe0ada9a,cnbc_5a643a05,cnbc_7b3c86c4,cnbc_afc6f7b4,cnbc_b59ed391,cnbc_bb041f1e,cnbc_a94bde48,cnbc_fad67676,cnbc_80b743ff",True
2023-12-18,15516,15503.0,13.0,0.0008385473779268528,25,"cnbc_b6a9b824,cnbc_78a21702,cnbc_3b68e897,cnbc_3a5df3ea,cnbc_db001152,cnbc_5f0d849f,cnbc_1c0ef0c2,cnbc_288a4b01,cnbc_9b801518,cnbc_3f2425fa,cnbc_1f224f05,cnbc_7a8887a0,cnbc_b44a88a4,cnbc_47b54861,cnbc_49b1fdfe,cnbc_7168d3c8,cnbc_44d0555a,cnbc_1f20d00c,cnbc_5c26fc83,cnbc_0df5ac3b,cnbc_10894baa,cnbc_aec96025,cnbc_b2073e70,cnbc_3bb0befd,cnbc_8c43e482",True
2023-12-19,15506,15516.0,-10.0,-0.0006444960041247745,6,"cnbc_4daae466,cnbc_8e02f44a,cnbc_a4e8a025,cnbc_0a564d74,cnbc_a38d41d7,cnbc_df2b8ae0",True
2023-12-20,15512,15506.0,6.0,0.000386946988262608,7,"cnbc_6e7c664c,cnbc_53a8c905,cnbc_c4997d03,cnbc_f9339d0b,cnbc_f4fe131a,cnbc_0fc6f51a,cnbc_58e299de",True
2023-12-21,15533,15512.0,21.0,0.0013537906137184115,12,"cnbc_74118c0a,cnbc_51c1b591,cnbc_60c42322,cnbc_23b16258,cnbc_bff58853,cnbc_d5e98be2,cnbc_421d96cc,cnbc_5ef6dfd8,cnbc_5797a844,cnbc_a2cb3959,cnbc_94a5f00b,cnbc_e4a1152f",True
2023-12-22,15489,15533.0,-44.0,-0.002832678812850061,10,"cnbc_96370ac6,cnbc_9cba9de3,cnbc_8cb06292,cnbc_e2837d19,cnbc_ce3d41f9,cnbc_872a2af0,cnbc_a27abcb1,cnbc_2e3e977f,cnbc_444edc24,cnbc_4fdbf6ae",True
2023-12-27,15414,15489.0,-75.0,-0.00484214603912454,34,"cnbc_add6619c,cnbc_65949fe5,cnbc_a45e3a89,cnbc_75cdb3fb,cnbc_f61c2766,cnbc_3133591e,cnbc_5506fd30,cnbc_cbda1077,cnbc_cd5119f2,cnbc_b28a6645,cnbc_338d154a,cnbc_8ededc0f,cnbc_48cc0024,cnbc_4db7e4ea,cnbc_f28b79ec,cnbc_ace4bd73,cnbc_4c5693b8,cnbc_3b7dd922,cnbc_e4332c36,cnbc_43b2fc94,cnbc_5757c779,cnbc_82418ae8,cnbc_75d1ec17,cnbc_f9fccef8,cnbc_1430a0b0,cnbc_46b3d096,cnbc_16a078d5,cnbc_fbe90048,cnbc_647dbdd9,cnbc_35044863,cnbc_2b898fc3,cnbc_5607ea1d,cnbc_5515b103,cnbc_9c9f1a10",True
2023-12-28,15416,15414.0,2.0,0.0001297521733489036,4,"cnbc_29ebcc94,cnbc_2d3dae25,cnbc_d56310d7,cnbc_d92651d3",True
2023-12-29,15439,15416.0,23.0,0.0014919564089257915,8,"cnbc_71ad7663,cnbc_9875d0d4,cnbc_1ec95f99,cnbc_72420db2,cnbc_f320b005,cnbc_3801c037,cnbc_39b6915b,cnbc_f0c0d6a5",True
2024-01-02,15473,15439.0,34.0,0.0022022151693762548,26,"cnbc_e0326128,cnbc_3cdc69ee,cnbc_6db4e075,cnbc_4f9b08cb,cnbc_00192d22,cnbc_6db87617,cnbc_4a566062,cnbc_63dd316b,cnbc_0c813802,cnbc_24dc8abd,cnbc_c073e0fa,cnbc_993936f7,cnbc_c03c594d,cnbc_b9377b79,cnbc_6acb6a11,cnbc_bd03351b,cnbc_54f1122c,cnbc_ede23db1,cnbc_fce4860d,cnbc_4fa2374c,cnbc_c29dbed6,cnbc_ba50faee,cnbc_96004a33,cnbc_ca368dc6,cnbc_f0f5a162,cnbc_a2e169b4",True
2024-01-03,15495,15473.0,22.0,0.0014218315775867641,7,"cnbc_3d3c9916,cnbc_6cc1438f,cnbc_bd98fb98,cnbc_b542d71b,cnbc_98cc5a7a,cnbc_d3bdbed0,cnbc_21a8b228",True
2024-01-04,15525,15495.0,30.0,0.001936108422071636,3,"cnbc_9a5b418b,cnbc_5f342952,cnbc_2c1c4b17",True
2024-01-05,15518,15525.0,-7.0,-0.00045088566827697265,7,"cnbc_340691a8,cnbc_9b3ba568,cnbc_270c839e,cnbc_73790276,cnbc_46daf985,cnbc_6bada375,cnbc_4aa955b0",True
2024-01-08,15522,15518.0,4.0,0.0002577651759247326,18,"cnbc_83d60b68,cnbc_71264a08,cnbc_9f58482a,cnbc_7d597a1f,cnbc_d4582138,cnbc_336d4b7f,cnbc_0ab94f04,cnbc_ce20766a,cnbc_ecaf3228,cnbc_f5bafe7d,cnbc_739d4df9,cnbc_4a1a61a6,cnbc_db9f3470,cnbc_1a368492,cnbc_26bd803e,cnbc_69e4633b,cnbc_b454619d,cnbc_5de64b62",True
2024-01-09,15518,15522.0,-4.0,-0.00025769875016106174,6,"cnbc_73ea4673,cnbc_53ba3142,cnbc_6ad77862,cnbc_c7188287,cnbc_638bae76,cnbc_2e309ee7",True
2024-01-10,15568,15518.0,50.0,0.003222064699059157,14,"cnbc_55d8a4eb,cnbc_43f0ba40,cnbc_1f1fefd9,cnbc_e2619734,cnbc_306749bd,cnbc_f6001777,cnbc_7d658a04,cnbc_859ee16e,cnbc_8999931f,cnbc_7ab80eb2,cnbc_6e5ae044,cnbc_464afc4c,cnbc_2286a763,cnbc_a77e121d",True
2024-01-11,15558,15568.0,-10.0,-0.0006423432682425488,11,"cnbc_e34623dd,cnbc_fc97874a,cnbc_7857dfd0,cnbc_dfdc655f,cnbc_3243dcba,cnbc_88976cf8,cnbc_55d82535,cnbc_0c0ea411,cnbc_3472f21d,cnbc_8151eb96,cnbc_cb81d383",True
2024-01-12,15559,15558.0,1.0,6.42756138321121e-05,10,"cnbc_cde52ff6,cnbc_dc2c9911,cnbc_de306f69,cnbc_1753fada,cnbc_725dcc67,cnbc_4ba05cf1,cnbc_f2550dfb,cnbc_3a639f83,cnbc_a7567a1f,cnbc_49e00dbd",True
2024-01-15,15555,15559.0,-4.0,-0.0002570859309724275,24,"cnbc_57e1467e,cnbc_67c90813,cnbc_c86834c0,cnbc_e7f0adc0,cnbc_45109eee,cnbc_c88dfbdc,cnbc_784f54ce,cnbc_fd2b805c,cnbc_9180e658,cnbc_224fb20e,cnbc_e4ed038a,cnbc_56b7030e,cnbc_32f4480e,cnbc_c260f424,cnbc_3257b296,cnbc_cf2507e7,cnbc_9c732166,cnbc_f80ad42b,cnbc_2991bb8d,cnbc_815e9f25,cnbc_2f04243c,cnbc_64c12026,cnbc_f0d0886a,cnbc_aea24b8f",True
2024-01-16,15592,15555.0,37.0,0.002378656380585021,13,"cnbc_70a1994f,cnbc_4446513c,cnbc_0fc87991,cnbc_5a5e6afc,cnbc_4d33454f,cnbc_2f7030b1,cnbc_4186d928,cnbc_73f5e9e6,cnbc_d886289f,cnbc_6a23c123,cnbc_4befceda,cnbc_6e43887b,cnbc_a10795ac",True
2024-01-17,15639,15592.0,47.0,0.0030143663417136995,11,"cnbc_343589b3,cnbc_7a757989,cnbc_6b02765a,cnbc_03dff847,cnbc_3c391a35,cnbc_9b86d765,cnbc_a414a70f,cnbc_a606987c,cnbc_ae9c9e6b,cnbc_ddb929a1,cnbc_2edb2ea4",True
2024-01-18,15630,15639.0,-9.0,-0.0005754843660080568,19,"cnbc_f412290a,cnbc_3b5bbfe3,cnbc_0e6ab7ba,cnbc_953dcc21,cnbc_901be257,cnbc_9eb9f5fc,cnbc_230731cf,cnbc_efdb7040,cnbc_8030e1be,cnbc_7309504f,cnbc_731a263d,cnbc_9d393c47,cnbc_bc839e05,cnbc_16841354,cnbc_4a8fbc27,cnbc_d4b8f8b0,cnbc_067618b4,cnbc_563a28a6,cnbc_cf28c647",True
2024-01-19,15628,15630.0,-2.0,-0.00012795905310300704,14,"cnbc_b5228327,cnbc_d24a9353,cnbc_468d3176,cnbc_10e6e82a,cnbc_4d475d45,cnbc_560ad56c,cnbc_65682520,cnbc_7cdef74a,cnbc_8dab923d,cnbc_f789549c,cnbc_993053cd,cnbc_fff447d5,cnbc_16ea175f,cnbc_437504d5",True
2024-01-22,15627,15628.0,-1.0,-6.39877143588431e-05,30,"cnbc_acdca110,cnbc_1e92305a,cnbc_cf9a14bb,cnbc_5aea79a2,cnbc_f9538b47,cnbc_07d81034,cnbc_16b9cbd1,cnbc_e3d3e3b9,cnbc_03db2edd,cnbc_995e4fc6,cnbc_7c7f3886,cnbc_0439787b,cnbc_6e3129ef,cnbc_bbdef6f8,cnbc_f59f0fed,cnbc_3f9e99e6,cnbc_a37c3f21,cnbc_e86613e7,cnbc_a5181230,cnbc_a0987ad8,cnbc_953ae732,cnbc_2f6d38f8,cnbc_b0e72a90,cnbc_774acf70,cnbc_616fa599,cnbc_c9cff1a6,cnbc_32dbec26,cnbc_c6ec6cb9,cnbc_fdcfe065,cnbc_d2bbf189",True
2024-01-23,15656,15627.0,29.0,0.001855762462404812,5,"cnbc_9b0c3a35,cnbc_47b4b827,cnbc_2d3ee2de,cnbc_bf1a0753,cnbc_a4534b9f",True
2024-01-24,15719,15656.0,63.0,0.004024016351558508,10,"cnbc_c5b8f207,cnbc_9ea7a368,cnbc_66922713,cnbc_8639649f,cnbc_8b68d3f3,cnbc_fa58ea50,cnbc_bf56f4b8,cnbc_71d36327,cnbc_e8de9c50,cnbc_65bb97b1",True
2024-01-25,15767,15719.0,48.0,0.0030536293657357338,12,"cnbc_fa72a11a,cnbc_22b6e332,cnbc_93890acc,cnbc_8e5eb35d,cnbc_c7d63b87,cnbc_7f2dada3,cnbc_a74b63c9,cnbc_ce288b81,cnbc_9633165d,cnbc_d24ec292,cnbc_a0e9bf5a,cnbc_68d4c543",True
2024-01-26,15829,15767.0,62.0,0.003932263588507643,13,"cnbc_750921d7,cnbc_504a48b8,cnbc_201bd85f,cnbc_88e7aad5,cnbc_0cbaae03,cnbc_c0a7bdfe,cnbc_5190c3a4,cnbc_00a2ed27,cnbc_64b59ec1,cnbc_29a92da5,cnbc_1960471a,cnbc_8a9a2e7d,cnbc_89cdd118",True
2024-01-29,15825,15829.0,-4.0,-0.000252700739149662,29,"cnbc_4d73acf1,cnbc_2b59185d,cnbc_2b5f8df4,cnbc_7b8fb7be,cnbc_8b595bee,cnbc_7e248201,cnbc_cff8aca3,cnbc_403110f6,cnbc_7bea51a2,cnbc_b06811af,cnbc_14da6a7c,cnbc_a2b4b465,cnbc_d1d1673b,cnbc_f64f8f7f,cnbc_40f3fd1d,cnbc_a8362f40,cnbc_553e6607,cnbc_bb970b98,cnbc_1cf563a2,cnbc_b7c33ec6,cnbc_63251641,cnbc_ab7d80ba,cnbc_97ee908f,cnbc_b25fef92,cnbc_dee11b95,cnbc_9e02e517,cnbc_3f222a2c,cnbc_e240b20f,cnbc_a568a105",True
2024-01-30,15796,15825.0,-29.0,-0.0018325434439178515,9,"cnbc_708a1063,cnbc_8b63874e,cnbc_c9cf3b6e,cnbc_027b7e59,cnbc_122a6a73,cnbc_c9890511,cnbc_9927a176,cnbc_a6b7334a,cnbc_011bdb49",True
2024-01-31,15803,15796.0,7.0,0.0004431501645986326,9,"cnbc_e06bfadc,cnbc_bdbf25c2,cnbc_4c80c74d,cnbc_6b6e81d9,cnbc_f7b081d2,cnbc_322d3086,cnbc_e3dd9e06,cnbc_99260a26,cnbc_d59607ea",True
2024-02-01,15775,15803.0,-28.0,-0.0017718154780737834,13,"cnbc_6e7e27b8,cnbc_0f0fac6d,cnbc_45ba157f,cnbc_a24fe6f8,cnbc_7c6bc9e6,cnbc_30ab6bc3,cnbc_14ec96d4,cnbc_6e7a40a1,cnbc_153eebd3,cnbc_1ce1ae70,cnbc_f120c4a7,cnbc_7c5bcfcd,cnbc_0fec7e82",True
2024-02-02,15688,15775.0,-87.0,-0.005515055467511886,7,"cnbc_8a4a39bd,cnbc_2e3ad4df,cnbc_4a94e061,cnbc_5e959997,cnbc_870c99d2,cnbc_d1f08d70,cnbc_a0e12b19",True
2024-02-05,15705,15688.0,17.0,0.0010836308006119328,20,"cnbc_9078ed55,cnbc_88521fa1,cnbc_7f4bb395,cnbc_95aaa4a1,cnbc_2c080940,cnbc_cb910f86,cnbc_bc5dc396,cnbc_a9e2820d,cnbc_443ef79d,cnbc_768687b5,cnbc_ed0920b9,cnbc_ad3094b4,cnbc_2c2962a5,cnbc_04d6648a,cnbc_8a729c7d,cnbc_c568b6ef,cnbc_bee54088,cnbc_62c96bad,cnbc_b87b215d,cnbc_fb97d5e9",True
2024-02-06,15734,15705.0,29.0,0.0018465456860872335,8,"cnbc_c4f1d262,cnbc_929683fc,cnbc_355bf166,cnbc_64f7a269,cnbc_97beed70,cnbc_fc6684be,cnbc_9674ab55,cnbc_c3624654",True
2024-02-07,15685,15734.0,-49.0,-0.0031142748188636073,4,"cnbc_6e786918,cnbc_289cc129,cnbc_b3541207,cnbc_5888fbc6",True
2024-02-12,15612,15685.0,-73.0,-0.004654128147912018,49,"cnbc_4195f018,cnbc_af6a1954,cnbc_62811bee,cnbc_4d533564,cnbc_29a01aa5,cnbc_cb653526,cnbc_2756152c,cnbc_298da33b,cnbc_28334235,cnbc_b43ec652,cnbc_2ae359bf,cnbc_feee898d,cnbc_0ac9c592,cnbc_70a7ba36,cnbc_71f3e0ca,cnbc_0d3cd7c5,cnbc_786095c5,cnbc_bd936b4b,cnbc_186f5dd3,cnbc_7f66f3bb,cnbc_65a479e8,cnbc_120eb632,cnbc_4956c215,cnbc_bf5803a1,cnbc_34eba0a7,cnbc_01d398ae,cnbc_98f554e1,cnbc_476a1ed3,cnbc_d9fd42c3,cnbc_91b5342b,cnbc_b86b4b8d,cnbc_ffdade8d,cnbc_5da10b2c,cnbc_8dac9d7b,cnbc_93f03a72,cnbc_6b42326d,cnbc_a99b179c,cnbc_6c523df9,cnbc_cf450c2a,cnbc_569e4063,cnbc_b7ece66c,cnbc_3dabf291,cnbc_911eb743,cnbc_a77c6347,cnbc_0a5c5874,cnbc_a0d18672,cnbc_a5a3ef9d,cnbc_988cb93c,cnbc_1dde0d26",True
2024-02-13,15585,15612.0,-27.0,-0.0017294388931591083,13,"cnbc_b74b0221,cnbc_14f6c3e0,cnbc_4bea644b,cnbc_4877d20c,cnbc_810bc2e0,cnbc_bab41648,cnbc_3c2bcf43,cnbc_f586b8a6,cnbc_50c44269,cnbc_73a28e8f,cnbc_254b6fc3,cnbc_bc187320,cnbc_1452f1c2",True
2024-02-15,15606,15585.0,21.0,0.001347449470644851,19,"cnbc_08e8ee9e,cnbc_1893b8bc,cnbc_bc608d4b,cnbc_5f9f150e,cnbc_8812ad3f,cnbc_7c9096b4,cnbc_a8925c08,cnbc_4bf34c4d,cnbc_e860929a,cnbc_73a35e34,cnbc_7b2feb6d,cnbc_22d43624,cnbc_b3c7ffd3,cnbc_7b53bbbc,cnbc_001f365b,cnbc_db7d04bc,cnbc_397fe7d0,cnbc_d9c8d988,cnbc_12c53e37",True
2024-02-16,15654,15606.0,48.0,0.0030757400999615533,8,"cnbc_3f2708c1,cnbc_1dc83aae,cnbc_9b54dc07,cnbc_0c6886c0,cnbc_000c797e,cnbc_e2b2b484,cnbc_3a5cc297,cnbc_eddcd623",True
2024-02-19,15630,15654.0,-24.0,-0.0015331544653123803,20,"cnbc_43db9874,cnbc_4347ebad,cnbc_36d7998c,cnbc_4a76e5ed,cnbc_6bd3fdad,cnbc_fe67c19f,cnbc_7115857a,cnbc_b458ee3c,cnbc_5fa88166,cnbc_d5600bfc,cnbc_11f0567f,cnbc_5fc1e272,cnbc_028dba20,cnbc_4ff23548,cnbc_5b2e8803,cnbc_00ec0f3c,cnbc_d63bdf50,cnbc_39cb2fba,cnbc_1dbd0789,cnbc_d7e860f0",True
2024-02-20,15659,15630.0,29.0,0.0018554062699936021,10,"cnbc_a6111a92,cnbc_717b1f15,cnbc_8b7f6a01,cnbc_1a832ea7,cnbc_3960f8ed,cnbc_c0129a65,cnbc_42cf8679,cnbc_45ad03cf,cnbc_7c9f8c1f,cnbc_220a4816",True
2024-02-21,15658,15659.0,-1.0,-6.386103838048407e-05,14,"cnbc_cec9e7be,cnbc_11ab955e,cnbc_1ae21b1e,cnbc_7971381d,cnbc_d14809b9,cnbc_9cf40dde,cnbc_087aacf5,cnbc_42b5d8fd,cnbc_85b2ec02,cnbc_fe083719,cnbc_ec2c6fe3,cnbc_bf6eef25,cnbc_1b71d26a,cnbc_2f0984cb",True
2024-02-22,15630,15658.0,-28.0,-0.0017882232724485887,9,"cnbc_8d8fbaaf,cnbc_51b142cc,cnbc_1a3fc196,cnbc_0dd3e0ab,cnbc_18960160,cnbc_c177e8f3,cnbc_b8998b32,cnbc_af51d897,cnbc_0a96a643",True
2024-02-23,15589,15630.0,-41.0,-0.0026231605886116445,10,"cnbc_8e05516d,cnbc_29775b96,cnbc_b6434507,cnbc_6bb337ba,cnbc_4e98af7d,cnbc_3a49306c,cnbc_4206f58f,cnbc_37c56ea3,cnbc_2ffe27e8,cnbc_16a6f03a",True
2024-02-26,15635,15589.0,46.0,0.0029507986400667137,22,"cnbc_91a78163,cnbc_eee196be,cnbc_93c4d7f0,cnbc_41330074,cnbc_9821d6ce,cnbc_f141e714,cnbc_ab3b20ff,cnbc_7ae25137,cnbc_2c6b5111,cnbc_926e2a51,cnbc_d9d90f78,cnbc_2957dd35,cnbc_446964bf,cnbc_8ba13e32,cnbc_a0e9d7ea,cnbc_646b8462,cnbc_03bf9ec2,cnbc_e407bfdf,cnbc_43a387db,cnbc_ca546e29,cnbc_8b0212c6,cnbc_0a8e676b",True
2024-02-27,15655,15635.0,20.0,0.0012791813239526704,10,"cnbc_c00f9d17,cnbc_0e93ded1,cnbc_74f58a9f,cnbc_c88c6bb7,cnbc_713dc5aa,cnbc_f2f1261c,cnbc_dd579d1e,cnbc_14a2c328,cnbc_2ea02395,cnbc_eb997fb5",True
2024-02-28,15673,15655.0,18.0,0.0011497923985946982,9,"cnbc_24f9cd29,cnbc_eef5f538,cnbc_15b6a84e,cnbc_31359c76,cnbc_caea32a8,cnbc_87b0bf77,cnbc_db3044e8,cnbc_3eec547c,cnbc_6cac643a",True
2024-02-29,15715,15673.0,42.0,0.0026797677534613666,10,"cnbc_54bc253d,cnbc_f7a34953,cnbc_eb296f4d,cnbc_6851fd54,cnbc_0d679aa5,cnbc_22fea092,cnbc_d48ca93c,cnbc_26c1c0db,cnbc_f645a563,cnbc_727b8204",True
2024-03-01,15696,15715.0,-19.0,-0.0012090359529112313,6,"cnbc_c1cab544,cnbc_51e6fda5,cnbc_0f89dfe2,cnbc_4ed9bdc3,cnbc_f002927d,cnbc_de707117",True
2024-03-04,15723,15696.0,27.0,0.0017201834862385322,22,"cnbc_e2432c83,cnbc_bb017671,cnbc_924bbc7e,cnbc_8bcffa3d,cnbc_02fcbf57,cnbc_4887c72b,cnbc_30ea5a36,cnbc_4d45ea77,cnbc_ce1e225e,cnbc_6ba764bf,cnbc_ceaf60a2,cnbc_3c1b4979,cnbc_0810088f,cnbc_5639d9d6,cnbc_eefcacaf,cnbc_03113857,cnbc_618598c3,cnbc_51b7ecf5,cnbc_1501466d,cnbc_80772e7f,cnbc_fc02d64d,cnbc_a5235b92",True
2024-03-05,15756,15723.0,33.0,0.0020988360999809196,15,"cnbc_1a888953,cnbc_6fce98af,cnbc_ef571f98,cnbc_c38d45c7,cnbc_1643a36a,cnbc_37530adb,cnbc_f79358f9,cnbc_eb34fc6a,cnbc_95d933cf,cnbc_81755132,cnbc_7385b5fb,cnbc_76a5b7d1,cnbc_c9d9c9db,cnbc_b611d7d2,cnbc_e6dcb2ac",True
2024-03-06,15723,15756.0,-33.0,-0.0020944402132520943,8,"cnbc_63c657ac,cnbc_59c6e751,cnbc_c9557381,cnbc_45a48de9,cnbc_7626325b,cnbc_fef000c6,cnbc_0e4f805d,cnbc_142f6ea6",True
2024-03-07,15658,15723.0,-65.0,-0.004134071106023023,7,"cnbc_a560a02b,cnbc_0e69a7ca,cnbc_4974f08c,cnbc_5d7841e3,cnbc_2670eae4,cnbc_5583bf22,cnbc_5b3f86c3",True
2024-03-08,15603,15658.0,-55.0,-0.0035125814280240132,10,"cnbc_dde03db9,cnbc_1bba881d,cnbc_e3413226,cnbc_767cd189,cnbc_72e3092b,cnbc_a624e2c3,cnbc_c969103f,cnbc_0199e009,cnbc_5c971d80,cnbc_cbcc3236",True
2024-03-13,15576,15603.0,-27.0,-0.0017304364545279755,48,"cnbc_f6bc6788,cnbc_274b6870,cnbc_7b9fa817,cnbc_5796f17f,cnbc_e24b999f,cnbc_5139f6bc,cnbc_937d9eb7,cnbc_68554075,cnbc_60bbabc1,cnbc_e1ecdb52,cnbc_8d293bea,cnbc_a4f74ea1,cnbc_010f8af4,cnbc_e14cd5ca,cnbc_5e69acab,cnbc_67297da4,cnbc_bea3d596,cnbc_b26ae368,cnbc_8254649d,cnbc_b3d483c5,cnbc_a5af542a,cnbc_5412a328,cnbc_d1ab875c,cnbc_5550c4d2,cnbc_b9bb16bc,cnbc_c86be71d,cnbc_be2c0ae3,cnbc_928df622,cnbc_38f4fd40,cnbc_96488214,cnbc_e7d0514b,cnbc_f8fc287d,cnbc_f89c2b10,cnbc_2c1680b3,cnbc_2c1ac631,cnbc_be1ba2c3,cnbc_b1491ce4,cnbc_630f4724,cnbc_d064c700,cnbc_1fa25f97,cnbc_2d7d2252,cnbc_59036319,cnbc_e7206e7a,cnbc_3866f07d,cnbc_5191b0a6,cnbc_4a6c5cc0,cnbc_da9fd402,cnbc_26d5ec3d",True
2024-03-14,15582,15576.0,6.0,0.0003852080123266564,16,"cnbc_6b71bad3,cnbc_351aeb19,cnbc_8a48c17d,cnbc_399db93a,cnbc_f2745f31,cnbc_4af81a70,cnbc_f47e0b9d,cnbc_1b9f2f1a,cnbc_6ee2b241,cnbc_a7f748fa,cnbc_ab971dcd,cnbc_f36effbc,cnbc_a8115239,cnbc_89219ca8,cnbc_4ea8bb2b,cnbc_c78bef17",True
2024-03-15,15624,15582.0,42.0,0.0026954177897574125,10,"cnbc_5809e442,cnbc_e31b0bee,cnbc_7c11a313,cnbc_dd71dc50,cnbc_967598f3,cnbc_d4f7562d,cnbc_7b34d70d,cnbc_bba804bb,cnbc_5675f40e,cnbc_b95eb9a2",True
2024-03-18,15672,15624.0,48.0,0.0030721966205837174,15,"cnbc_44cc6ec8,cnbc_79b89af3,cnbc_7d5fe236,cnbc_19e9e700,cnbc_49d2d190,cnbc_9fdfec10,cnbc_2dacd21c,cnbc_ae17d6e1,cnbc_761cf73f,cnbc_277d2a60,cnbc_9353d03d,cnbc_4990f7ed,cnbc_3a423231,cnbc_539dcf80,cnbc_6b431d09",True
2024-03-19,15712,15672.0,40.0,0.002552322613578356,9,"cnbc_3395b6a1,cnbc_e0920885,cnbc_1199c6cc,cnbc_8d92ee16,cnbc_515f5230,cnbc_d42b7a61,cnbc_61c4d57b,cnbc_d176c2f4,cnbc_f2d6fa7b",True
2024-03-20,15727,15712.0,15.0,0.0009546843177189409,8,"cnbc_5ffc5115,cnbc_eae70715,cnbc_e0d63bd7,cnbc_a54cee9e,cnbc_b56b8246,cnbc_e8b41142,cnbc_e417d90b,cnbc_775a2bf1",True
2024-03-21,15662,15727.0,-65.0,-0.004133019647739556,14,"cnbc_d0937028,cnbc_fe1b2768,cnbc_fe42d0e9,cnbc_8ca051f9,cnbc_fc49fad2,cnbc_16c359b1,cnbc_2928f22c,cnbc_b4e4528a,cnbc_1c335d36,cnbc_674b7170,cnbc_4af5db9e,cnbc_baf387d0,cnbc_7dd8a7a2,cnbc_9445543b",True
2024-03-22,15773,15662.0,111.0,0.007087217469033329,9,"cnbc_b76702fa,cnbc_008fc14c,cnbc_015800a7,cnbc_3a467cb7,cnbc_ef56017f,cnbc_44f2d86b,cnbc_f6b43155,cnbc_5be60b87,cnbc_a72fccbe",True
2024-03-25,15795,15773.0,22.0,0.0013947885627337857,12,"cnbc_2c05b5b7,cnbc_7627db8b,cnbc_7011f545,cnbc_28c15cd6,cnbc_a10bf006,cnbc_5173e89e,cnbc_d56ad46e,cnbc_824fa677,cnbc_45938fe4,cnbc_f8bbee0f,cnbc_67a2167d,cnbc_7807b2f5",True
2024-03-26,15797,15795.0,2.0,0.00012662234884457108,12,"cnbc_19b94436,cnbc_cee0cf31,cnbc_1c8f3a4a,cnbc_1d30e2b4,cnbc_d26bff97,cnbc_53aa2698,cnbc_07244e88,cnbc_76394779,cnbc_06355e3e,cnbc_15599e27,cnbc_8fe4c1a3,cnbc_75297ee8",True
2024-03-27,15853,15797.0,56.0,0.003544976894347028,8,"cnbc_7f85697f,cnbc_821b1faf,cnbc_49957eab,cnbc_0585bc42,cnbc_e5e36170,cnbc_01182478,cnbc_552b4427,cnbc_fc32313d",True
2024-03-28,15873,15853.0,20.0,0.0012615908660821296,6,"cnbc_41afc145,cnbc_bf33064b,cnbc_fdd9cdd0,cnbc_bc919d25,cnbc_bcc23495,cnbc_5d7eb86e",True
2024-04-01,15909,15873.0,36.0,0.002268002268002268,23,"cnbc_3f2607ec,cnbc_741598a5,cnbc_954fda0b,cnbc_08cbd875,cnbc_97354391,cnbc_afe08d19,cnbc_d5086f86,cnbc_55eff440,cnbc_c1e71c67,cnbc_09c80657,cnbc_b7c70bbd,cnbc_7afeab73,cnbc_05a4eca3,cnbc_ca25c841,cnbc_80e85a38,cnbc_8835933c,cnbc_40d53008,cnbc_49675878,cnbc_7f702de2,cnbc_f7c1c0a3,cnbc_44447d54,cnbc_94a7def5,cnbc_7a3135a0",True
2024-04-02,15934,15909.0,25.0,0.0015714375510717203,8,"cnbc_a21805f9,cnbc_e7269483,cnbc_b31ee6e7,cnbc_f3df0c0d,cnbc_ab720b19,cnbc_34d4dbfe,cnbc_d52dbb71,cnbc_fdafd8d6",True
2024-04-03,15923,15934.0,-11.0,-0.0006903476841973139,10,"cnbc_0e1392ca,cnbc_f6767e25,cnbc_fe843f18,cnbc_a9a0c5e7,cnbc_5828a989,cnbc_14a34329,cnbc_a2ddaeb6,cnbc_5e38d85c,cnbc_a53552f3,cnbc_3f84dd29",True
2024-04-04,15907,15923.0,-16.0,-0.0010048357721534886,1,cnbc_80e95f85,True
2024-04-05,15873,15907.0,-34.0,-0.0021374237756962345,7,"cnbc_3d1c1fb6,cnbc_c887a13a,cnbc_baba45de,cnbc_06f182e0,cnbc_47743de8,cnbc_34d35a11,cnbc_f6f0dd5d",True
2024-04-16,16176,15873.0,303.0,0.01908901908901909,81,"cnbc_8ef38eca,cnbc_333ee750,cnbc_a40ac770,cnbc_1e6f413f,cnbc_3e468961,cnbc_7d48d59e,cnbc_a93febd9,cnbc_4b874fb3,cnbc_d9b5b44d,cnbc_c68f5ffe,cnbc_0e7b1b48,cnbc_4144cb51,cnbc_6a4b9ebe,cnbc_ec98b61f,cnbc_b41e911a,cnbc_5aefdadb,cnbc_522f3735,cnbc_5a24b71f,cnbc_1f694ddb,cnbc_e1820886,cnbc_1fe41b3e,cnbc_7fe6deef,cnbc_8c9e0448,cnbc_fc129df9,cnbc_dea6f523,cnbc_e368b85b,cnbc_d6e7748f,cnbc_85c6b863,cnbc_fade8a38,cnbc_e6d3ffa3,cnbc_7c1a2ba4,cnbc_fa01ab59,cnbc_a4c9d7b3,cnbc_43a1f11d,cnbc_5fbf5050,cnbc_5c8be0ed,cnbc_a837af76,cnbc_1ca26304,cnbc_d82acfde,cnbc_b372f346,cnbc_735b524c,cnbc_8d01d5c1,cnbc_c5a2791c,cnbc_9e47440f,cnbc_26648ee5,cnbc_1b3e0086,cnbc_ed73c4b1,cnbc_7ab9198a,cnbc_45b1620c,cnbc_ffcef2ed,cnbc_c2d77489,cnbc_c8c4bfa6,cnbc_fdbf6888,cnbc_5b68e2d0,cnbc_79fb67cc,cnbc_2b9f6f50,cnbc_c9a2a3a0,cnbc_8567b742,cnbc_a356ee9d,cnbc_11320260,cnbc_4a185f39,cnbc_fbe5346a,cnbc_7a75d75a,cnbc_16c3cf26,cnbc_a3a90b00,cnbc_71404d3a,cnbc_21c13f05,cnbc_f0c30f8a,cnbc_6fcd6d3a,cnbc_694bd6f7,cnbc_ea4824b3,cnbc_9796b491,cnbc_50610cda,cnbc_cde278e5,cnbc_b6823612,cnbc_c957c744,cnbc_6d464ed1,cnbc_7c314f62,cnbc_15184cde,cnbc_2917e04d,cnbc_003ee63c",True
2024-04-17,16240,16176.0,64.0,0.003956478733926805,11,"cnbc_4a6e25aa,cnbc_193ecebd,cnbc_b176f129,cnbc_f90308f7,cnbc_c105c46c,cnbc_81871298,cnbc_9a6c7a90,cnbc_66daa48f,cnbc_900831d8,cnbc_8fe2fbc8,cnbc_bb268743",True
2024-04-18,16177,16240.0,-63.0,-0.003879310344827586,6,"cnbc_57c4bea3,cnbc_7f65c369,cnbc_729d2e07,cnbc_64c569c3,cnbc_a519cdca,cnbc_3c8e9062",True
2024-04-19,16280,16177.0,103.0,0.006367064350621252,6,"cnbc_e4d39aff,cnbc_bbef948b,cnbc_947df50d,cnbc_4eba18c0,cnbc_3d5eceef,cnbc_8b559976",True
2024-04-22,16224,16280.0,-56.0,-0.0034398034398034397,20,"cnbc_45f2a341,cnbc_638d2ff3,cnbc_4292b131,cnbc_39d1c5db,cnbc_2fbb0baa,cnbc_aca878a6,cnbc_47f31dae,cnbc_8d8d4f36,cnbc_dcc1f509,cnbc_da85b80e,cnbc_cad99c06,cnbc_362ea861,cnbc_a625fe5d,cnbc_3615cf42,cnbc_7116c441,cnbc_f856d665,cnbc_db619ccc,cnbc_422a3c29,cnbc_d63aa0a4,cnbc_72ecd4ed",True
2024-04-23,16244,16224.0,20.0,0.001232741617357002,12,"cnbc_11c5b86c,cnbc_8e8fb26a,cnbc_4995ed99,cnbc_a5fd64dc,cnbc_b7d7a35e,cnbc_ad8ff2df,cnbc_10ab8b0c,cnbc_08aae86d,cnbc_0edd2e6f,cnbc_896a96ee,cnbc_aa243f3b,cnbc_f75d346e",True
2024-04-24,16161,16244.0,-83.0,-0.005109578921447919,9,"cnbc_7784fb6f,cnbc_e80f3270,cnbc_a05d9fda,cnbc_84b69b7c,cnbc_e33bf220,cnbc_45456bd5,cnbc_6f71862d,cnbc_afb6c33c,cnbc_3ad60aed",True
2024-04-25,16208,16161.0,47.0,0.0029082358764927914,7,"cnbc_bd926298,cnbc_a8de6bf4,cnbc_b4167191,cnbc_ff460e51,cnbc_373afb5d,cnbc_7e196a86,cnbc_7abf0c8d",True
2024-04-26,16222,16208.0,14.0,0.0008637709772951629,9,"cnbc_312f71b8,cnbc_1a76dadc,cnbc_ae3cbbd8,cnbc_943f0db0,cnbc_92550d8f,cnbc_2d1fd1be,cnbc_5baa45ac,cnbc_926b5d78,cnbc_e5053c62",True
2024-04-29,16249,16222.0,27.0,0.0016644063617309826,11,"cnbc_ee9ae331,cnbc_15cd8a52,cnbc_dd7664c0,cnbc_257e56a0,cnbc_a9129833,cnbc_a3838175,cnbc_3dce041d,cnbc_f1bde34e,cnbc_b4b9eb9f,cnbc_8407abed,cnbc_bba70c7b",True
2024-04-30,16276,16249.0,27.0,0.0016616407163517755,7,"cnbc_8b98420d,cnbc_323b1a67,cnbc_7e941ee0,cnbc_e479fbec,cnbc_3ae104b2,cnbc_ab703303,cnbc_405ef12b",True
2024-05-02,16202,16276.0,-74.0,-0.0045465716392233966,8,"cnbc_722b86a0,cnbc_75c8ce6e,cnbc_18fc3e2e,cnbc_acead985,cnbc_e80dc977,cnbc_a715573d,cnbc_219096f4,cnbc_4a658236",True
2024-05-03,16094,16202.0,-108.0,-0.006665843722997161,8,"cnbc_aaead4b7,cnbc_cd0d6aca,cnbc_17213454,cnbc_591214a3,cnbc_05e66c21,cnbc_9511bbcd,cnbc_d13c7805,cnbc_0d72d817",True
2024-05-06,16025,16094.0,-69.0,-0.0042873120417546914,14,"cnbc_5b59e77a,cnbc_eb27a0e2,cnbc_9560dddf,cnbc_24e07bc2,cnbc_7afdfef8,cnbc_5dc3cd2a,cnbc_e15487c2,cnbc_c37afbbb,cnbc_af4df071,cnbc_6e93b9b8,cnbc_d7c04830,cnbc_06f1d08b,cnbc_e7af3ab5,cnbc_46c43fc4",True
2024-05-07,16054,16025.0,29.0,0.0018096723868954757,6,"cnbc_8b60f2ff,cnbc_e884d9da,cnbc_6776cf80,cnbc_c2265f87,cnbc_65c966ee,cnbc_51ca96bc",True
2024-05-08,16081,16054.0,27.0,0.001681823844524729,7,"cnbc_ef1e96ec,cnbc_21e49e4d,cnbc_95a79a5e,cnbc_880ed97d,cnbc_1004325c,cnbc_2360a7c1,cnbc_04f237cf",True
2024-05-13,16085,16081.0,4.0,0.0002487407499533611,20,"cnbc_ea1e4cde,cnbc_78965207,cnbc_d8d1a427,cnbc_856e69c9,cnbc_509786f6,cnbc_99692bdb,cnbc_93154248,cnbc_1785937f,cnbc_175efdd5,cnbc_fb9d93c8,cnbc_0ab02b55,cnbc_01bd1770,cnbc_6c0d5d8a,cnbc_b57f9177,cnbc_0425c9b4,cnbc_09fb20fc,cnbc_a9bd3c98,cnbc_d33ca81b,cnbc_ceeb0158,cnbc_1c9cdcee",True
2024-05-14,16131,16085.0,46.0,0.0028598072738576313,9,"cnbc_c1d590f0,cnbc_07e1005d,cnbc_819ed781,cnbc_78bec509,cnbc_3ca7edc5,cnbc_13fc21f4,cnbc_e19d6504,cnbc_76153a16,cnbc_96d4a00a",True
2024-05-15,16070,16131.0,-61.0,-0.0037815386522844214,11,"cnbc_20968139,cnbc_be208f12,cnbc_b97065f0,cnbc_92fe8a11,cnbc_3dae6d79,cnbc_205de415,cnbc_5ebd7eba,cnbc_0bda13ea,cnbc_2707a580,cnbc_9ccb6926,cnbc_b6e90610",True
2024-05-16,15944,16070.0,-126.0,-0.007840696950840075,8,"cnbc_4ee57f0d,cnbc_044fef5e,cnbc_2cb50c7d,cnbc_86d7fdbe,cnbc_6d655a96,cnbc_3d8e0185,cnbc_1cb70f8e,cnbc_730aea85",True
2024-05-17,15978,15944.0,34.0,0.002132463622679378,13,"cnbc_0943cf51,cnbc_47c74ff5,cnbc_f4e291b6,cnbc_8d00994c,cnbc_fcc073c8,cnbc_2e8f8603,cnbc_98baffa5,cnbc_2cb8a2b8,cnbc_1804b269,cnbc_5bb95c8d,cnbc_3635291c,cnbc_f983e862,cnbc_9736d103",True
2024-05-20,15980,15978.0,2.0,0.00012517211165352359,9,"cnbc_945a6021,cnbc_3b1a167d,cnbc_4c93e72d,cnbc_4c2fc5ce,cnbc_b89d8998,cnbc_9107f8a1,cnbc_e0f0ba2b,cnbc_ef907b31,cnbc_2f034d10",True
2024-05-21,16024,15980.0,44.0,0.002753441802252816,11,"cnbc_66232444,cnbc_a7dad2ad,cnbc_cdb6e1ae,cnbc_08b9d38b,cnbc_857345fe,cnbc_0fe35a1b,cnbc_eaf30870,cnbc_8384f496,cnbc_49890234,cnbc_fecbd1cb,cnbc_dda7bded",True
2024-05-22,15995,16024.0,-29.0,-0.0018097853220169745,4,"cnbc_38867a6f,cnbc_cfeebe10,cnbc_7e8e7b4e,cnbc_6ceec0b9",True
2024-05-27,16064,15995.0,69.0,0.004313848077524226,26,"cnbc_5d0b8243,cnbc_09829789,cnbc_daf3bb96,cnbc_5882aad1,cnbc_61e1f7b4,cnbc_a51a24d8,cnbc_84189e63,cnbc_1be496e5,cnbc_b8640d70,cnbc_a6134ade,cnbc_f9fd4d97,cnbc_37c78ed8,cnbc_9b7213e5,cnbc_c487afec,cnbc_546a3a29,cnbc_914e4df8,cnbc_ddb7676f,cnbc_2f3a895a,cnbc_c7526f99,cnbc_0c85383c,cnbc_a6cabc3a,cnbc_44f8e9df,cnbc_109f31e7,cnbc_6b811b23,cnbc_a1dd719c,cnbc_29260f92",True
2024-05-28,16095,16064.0,31.0,0.001929780876494024,7,"cnbc_c533ff55,cnbc_e17c33bc,cnbc_d9cf566d,cnbc_0a0475f3,cnbc_239dafe9,cnbc_b272ecdc,cnbc_8fff0e2e",True
2024-05-29,16160,16095.0,65.0,0.00403852127990059,5,"cnbc_321e9518,cnbc_180db472,cnbc_cc2922d2,cnbc_ac49ec9b,cnbc_cf4ce9e7",True
2024-05-30,16253,16160.0,93.0,0.005754950495049505,9,"cnbc_28103b57,cnbc_fc380300,cnbc_85bf1ea3,cnbc_521b6b9d,cnbc_8d94f935,cnbc_f8be617a,cnbc_0850253e,cnbc_4555dcf6,cnbc_b5c04e99",True
2024-05-31,16251,16253.0,-2.0,-0.00012305420537746877,7,"cnbc_f3263ade,cnbc_75792218,cnbc_7d250f5f,cnbc_5318daed,cnbc_90bde260,cnbc_919d4b9f,cnbc_5a34dc85",True
2024-06-03,16225,16251.0,-26.0,-0.0015999015445203372,23,"cnbc_0e3b8da5,cnbc_b3f95665,cnbc_18b5c9d9,cnbc_9d10c637,cnbc_c0640b5b,cnbc_ff729374,cnbc_b0a6df72,cnbc_72ad1530,cnbc_c4788abf,cnbc_80044d21,cnbc_718cd6cf,cnbc_447a089a,cnbc_2968813c,cnbc_0878ddbb,cnbc_f6733b45,cnbc_aa9cd6d3,cnbc_90d91a64,cnbc_bc6a12e4,cnbc_8c9b7385,cnbc_370c9019,cnbc_1aa36145,cnbc_b33f4d12,cnbc_f942710e",True
2024-06-04,16220,16225.0,-5.0,-0.0003081664098613251,6,"cnbc_800c8b92,cnbc_2f2cc088,cnbc_0dde5ca8,cnbc_fa619004,cnbc_3c41b40a,cnbc_ebb00079",True
2024-06-05,16282,16220.0,62.0,0.0038224414303329223,9,"cnbc_08afca27,cnbc_c546bae2,cnbc_47c83993,cnbc_31991dba,cnbc_c2989324,cnbc_c38f209c,cnbc_9d9be00c,cnbc_fca620da,cnbc_d690a75c",True
2024-06-06,16279,16282.0,-3.0,-0.00018425254882692543,9,"cnbc_c46a9c99,cnbc_b1832ebc,cnbc_7f5cd36f,cnbc_2b6b5a2c,cnbc_a8d7e18b,cnbc_df29aa6c,cnbc_12c272e4,cnbc_6af0e238,cnbc_6d890d25",True
2024-06-07,16218,16279.0,-61.0,-0.003747158916395356,14,"cnbc_feac517c,cnbc_93a32252,cnbc_dbee3d77,cnbc_b08d388a,cnbc_46f002e2,cnbc_ecdbe1df,cnbc_be5507e2,cnbc_b65f818a,cnbc_72a38efd,cnbc_a91ecc9d,cnbc_f90d8ec2,cnbc_12434095,cnbc_e353957a,cnbc_d7d37972",True
2024-06-10,16290,16218.0,72.0,0.004439511653718091,17,"cnbc_6407f8a3,cnbc_5e59867c,cnbc_ae8a9684,cnbc_3afd0906,cnbc_ac651048,cnbc_33fc3a6a,cnbc_52e0726d,cnbc_136e4311,cnbc_ee4c7073,cnbc_184ab96f,cnbc_50d90d34,cnbc_054dd099,cnbc_af4ec558,cnbc_169f0c4d,cnbc_7057019b,cnbc_f5bc8be0,cnbc_44f3b52a",True
2024-06-11,16295,16290.0,5.0,0.0003069367710251688,9,"cnbc_15a069dd,cnbc_bcce27f1,cnbc_60a6d752,cnbc_e2f7982c,cnbc_9d79f402,cnbc_cfae9a61,cnbc_21d6c5fd,cnbc_d3083e56,cnbc_89334a92",True
2024-06-12,16297,16295.0,2.0,0.000122737035900583,10,"cnbc_9ba5ea95,cnbc_1349395c,cnbc_18123ba1,cnbc_eb0b31d7,cnbc_b3c484f6,cnbc_5a4c81b9,cnbc_999ac8e0,cnbc_978e0567,cnbc_19584063,cnbc_8987d21e",True
2024-06-13,16286,16297.0,-11.0,-0.0006749708535313248,10,"cnbc_99a0dd58,cnbc_efdf194d,cnbc_8a681250,cnbc_a9965821,cnbc_448dff13,cnbc_53b1b82e,cnbc_633d204f,cnbc_855f7571,cnbc_036b526e,cnbc_4986a4e8",True
2024-06-14,16374,16286.0,88.0,0.0054034139751934175,11,"cnbc_4656fba0,cnbc_efb245f6,cnbc_06adefeb,cnbc_a99f6d95,cnbc_f9e5c785,cnbc_48626f28,cnbc_497e3d51,cnbc_972490af,cnbc_5f6f026a,cnbc_405c1cb1,cnbc_c5fd02fe",True
2024-06-19,16368,16374.0,-6.0,-0.00036643459142543056,36,"cnbc_32000b74,cnbc_3ec76086,cnbc_f0be425d,cnbc_ec1399a8,cnbc_d8354b57,cnbc_2e26472e,cnbc_1279efed,cnbc_b1045ffd,cnbc_cbcbaf76,cnbc_3d9c4ee3,cnbc_e6f52f61,cnbc_58eac8d6,cnbc_a9fa50cb,cnbc_90c5c069,cnbc_c2e0197d,cnbc_06fc8123,cnbc_91e8e292,cnbc_7ef6214d,cnbc_32324796,cnbc_765c50f8,cnbc_dbf96adb,cnbc_ef835018,cnbc_8ff47d37,cnbc_a3bedf74,cnbc_ebf136cc,cnbc_746dab4b,cnbc_8396702b,cnbc_f09606b2,cnbc_503e2575,cnbc_da2dae77,cnbc_539ee6e6,cnbc_420ac877,cnbc_4366eb45,cnbc_aebe8c3f,cnbc_edb2fbf4,cnbc_1efe6dc6",True
2024-06-20,16420,16368.0,52.0,0.003176930596285435,9,"cnbc_50750580,cnbc_7968ba8f,cnbc_30898b4a,cnbc_a3f34798,cnbc_5636c20d,cnbc_2fb274f1,cnbc_d8afc826,cnbc_e180e9b7,cnbc_340e8559",True
2024-06-21,16458,16420.0,38.0,0.0023142509135200976,8,"cnbc_44562845,cnbc_af3ebf81,cnbc_c8040697,cnbc_e87631d5,cnbc_4461baf6,cnbc_503c0b7f,cnbc_e52cf749,cnbc_82ae6eb5",True
2024-06-24,16431,16458.0,-27.0,-0.0016405395552314983,13,"cnbc_ac702185,cnbc_1f42ceb3,cnbc_f98ddad9,cnbc_ac59da17,cnbc_37678ae8,cnbc_3d541450,cnbc_2d00d587,cnbc_8c7c56e7,cnbc_059a238b,cnbc_edac8e60,cnbc_f7f5be53,cnbc_5f4d6234,cnbc_d7baae4e",True
2024-06-25,16379,16431.0,-52.0,-0.003164749558760879,8,"cnbc_4a704737,cnbc_c62443ab,cnbc_40da0c18,cnbc_c530071e,cnbc_54ebfaaa,cnbc_0e92d697,cnbc_ae150d2b,cnbc_4cb732c6",True
2024-06-26,16435,16379.0,56.0,0.003419012149703889,15,"cnbc_ca5a4e83,cnbc_2c0a8dbb,cnbc_639844fc,cnbc_17746f04,cnbc_e50c329b,cnbc_b1f41be4,cnbc_59298aff,cnbc_2d02882e,cnbc_56a4fea8,cnbc_0fecfdc2,cnbc_556366d1,cnbc_2e5c517c,cnbc_ff290242,cnbc_fd738a59,cnbc_1c16d686",True
2024-06-27,16421,16435.0,-14.0,-0.0008518405841192577,9,"cnbc_e6abbf5d,cnbc_18f3b7ee,cnbc_85994b89,cnbc_8f7c2c07,cnbc_4d01f1f8,cnbc_d22cbf3c,cnbc_093ee0ee,cnbc_46c93a82,cnbc_c03dfae6",True
2024-06-28,16394,16421.0,-27.0,-0.0016442360392180744,11,"cnbc_fbc2656b,cnbc_94dc3064,cnbc_ca8b023a,cnbc_cfdb05cc,cnbc_b9ab0e17,cnbc_21ea68bb,cnbc_243fd11f,cnbc_4e276ade,cnbc_a0437507,cnbc_847d3aa0,cnbc_a418983a",True
2024-07-01,16355,16394.0,-39.0,-0.0023789191167500304,17,"cnbc_94e0ea95,cnbc_1219b931,cnbc_9762ded0,cnbc_bc4217ae,cnbc_a1dcfb9f,cnbc_03abeca1,cnbc_4b4c937b,cnbc_4fb7357a,cnbc_44c74087,cnbc_c25c7414,cnbc_2cd760d1,cnbc_8c40a8d4,cnbc_c95b0fa8,cnbc_23a37834,cnbc_95699b17,cnbc_7cf6abe2,cnbc_8ddcb52e",True
2024-07-02,16384,16355.0,29.0,0.001773158055640477,3,"cnbc_96e128d8,cnbc_9de17dbe,cnbc_a0fd7db0",True
2024-07-03,16387,16384.0,3.0,0.00018310546875,8,"cnbc_3d41c989,cnbc_c848b07e,cnbc_9f5a1b1e,cnbc_a578704c,cnbc_1785efed,cnbc_fde1d2df,cnbc_fbd60504,cnbc_9c17b8b2",True
2024-07-04,16341,16387.0,-46.0,-0.0028071031915542807,8,"cnbc_4d635117,cnbc_3dce300d,cnbc_7abcb43e,cnbc_72ab9b18,cnbc_4666b20d,cnbc_5be840c2,cnbc_ea0a7a81,cnbc_c504b0ba",True
2024-07-05,16312,16341.0,-29.0,-0.0017746771923382902,8,"cnbc_ce8068f3,cnbc_7a4fecac,cnbc_6f30be30,cnbc_f7f17aa0,cnbc_1ccf2a66,cnbc_469ff4e7,cnbc_bad21525,cnbc_8940a3d7",True
2024-07-08,16265,16312.0,-47.0,-0.0028813143697891124,21,"cnbc_2a8101ef,cnbc_5f3625a8,cnbc_636d610b,cnbc_a957b4a9,cnbc_b27d74ff,cnbc_0efbbfad,cnbc_76f06df0,cnbc_64e736aa,cnbc_8a278e17,cnbc_d48ba7d7,cnbc_34e0e0f0,cnbc_23a3a484,cnbc_7552e991,cnbc_52583893,cnbc_3707fa3c,cnbc_a0acb20a,cnbc_d545fa61,cnbc_a952ad1c,cnbc_011f4eee,cnbc_69f55a7d,cnbc_9dde6c84",True
2024-07-09,16281,16265.0,16.0,0.0009837073470642483,15,"cnbc_69a51e2b,cnbc_d0f770c1,cnbc_50ba3a5f,cnbc_5835b0ab,cnbc_315bfde0,cnbc_9580c753,cnbc_ad51b789,cnbc_548a53c7,cnbc_e21ad86b,cnbc_f8e4beda,cnbc_b164fb3a,cnbc_e319b11a,cnbc_b69943b6,cnbc_d15cacbb,cnbc_c70113d2",True
2024-07-10,16256,16281.0,-25.0,-0.0015355322154658804,8,"cnbc_9aa43bb4,cnbc_c9736fc9,cnbc_77500671,cnbc_d5eb31ec,cnbc_ecff19c7,cnbc_b433604c,cnbc_65e09483,cnbc_8786bd8c",True
2024-07-11,16200,16256.0,-56.0,-0.0034448818897637795,7,"cnbc_28c7d374,cnbc_b8b2c6ba,cnbc_7bca4843,cnbc_8343e45e,cnbc_4ad8fef4,cnbc_2e3fb280,cnbc_78d13232",True
2024-07-12,16154,16200.0,-46.0,-0.002839506172839506,11,"cnbc_19a02140,cnbc_bd0fe4b1,cnbc_da47f512,cnbc_a6acd65b,cnbc_8388b896,cnbc_36d90d89,cnbc_68fda68d,cnbc_1ca9c8c1,cnbc_319de738,cnbc_9ce7fd73,cnbc_9cf642a3",True
2024-07-15,16174,16154.0,20.0,0.001238083446824316,13,"cnbc_156220a7,cnbc_f245a0c5,cnbc_e8ee53d6,cnbc_79a14d4a,cnbc_cdedd51c,cnbc_dbc6291f,cnbc_7b8e316d,cnbc_fa37ee6b,cnbc_102a31f4,cnbc_72df81a6,cnbc_9dbef7f4,cnbc_00328fcc,cnbc_7d3db165",True
2024-07-16,16203,16174.0,29.0,0.0017930011128972426,5,"cnbc_b0eb371b,cnbc_fb7b89bf,cnbc_78229c2b,cnbc_86c2c3a2,cnbc_d3b7c313",True
2024-07-17,16129,16203.0,-74.0,-0.0045670554835524286,4,"cnbc_21e80dd7,cnbc_7cc71806,cnbc_3f9c49a6,cnbc_66f03467",True
2024-07-18,16160,16129.0,31.0,0.001922003844007688,8,"cnbc_db3e7a05,cnbc_f3a60b61,cnbc_73672dce,cnbc_ad772908,cnbc_fe3cbb82,cnbc_7f04f467,cnbc_0e9c58fc,cnbc_9d8adb5a",True
2024-07-19,16199,16160.0,39.0,0.0024133663366336633,16,"cnbc_09e4e944,cnbc_c07ad759,cnbc_c42f3a91,cnbc_f433cf09,cnbc_329716c9,cnbc_5fbc5b1a,cnbc_93fbb559,cnbc_220bd4a4,cnbc_53e2c16f,cnbc_4bc71209,cnbc_2ad57adc,cnbc_d4a24aff,cnbc_ebd0cae3,cnbc_d2387d11,cnbc_be17ee4c,cnbc_2acf7a71",True
2024-07-22,16228,16199.0,29.0,0.0017902339650595716,11,"cnbc_2ed55d19,cnbc_ece2c5b1,cnbc_1a04c434,cnbc_c236f8a9,cnbc_1fdc0c18,cnbc_0ea0b7ab,cnbc_a820ea34,cnbc_e70cb249,cnbc_8fce6d3f,cnbc_6f634891,cnbc_9de60573",True
2024-07-23,16204,16228.0,-24.0,-0.0014789253142716292,6,"cnbc_351ea991,cnbc_2c4ad9ad,cnbc_8abb228d,cnbc_b457b579,cnbc_e2253387,cnbc_2f48bf33",True
2024-07-24,16224,16204.0,20.0,0.0012342631449024932,6,"cnbc_2f205358,cnbc_10297abb,cnbc_7eb43489,cnbc_60fd9cbe,cnbc_298d5e00,cnbc_752e13a2",True
2024-07-25,16268,16224.0,44.0,0.0027120315581854043,9,"cnbc_3f3a1563,cnbc_5b2a8687,cnbc_fc5bca8c,cnbc_3ad08ba2,cnbc_50bac945,cnbc_16bcbf45,cnbc_feac3de6,cnbc_54c4d512,cnbc_1f75c9b4",True
2024-07-26,16294,16268.0,26.0,0.001598229653307106,12,"cnbc_0fd08d78,cnbc_d5294cda,cnbc_7f66b513,cnbc_8397895c,cnbc_0f04d212,cnbc_89ecd592,cnbc_dceef42e,cnbc_b8bed475,cnbc_367fe27e,cnbc_9ddfeaba,cnbc_1c24f468,cnbc_c0d8ca79",True
2024-07-29,16286,16294.0,-8.0,-0.0004909782742113662,9,"cnbc_a1cd520e,cnbc_99771107,cnbc_11e441fd,cnbc_26e9f011,cnbc_8698b27c,cnbc_57350635,cnbc_6b219be9,cnbc_9b116399,cnbc_29261e0a",True
2024-07-30,16320,16286.0,34.0,0.0020876826722338203,5,"cnbc_3696210e,cnbc_8fdbe04b,cnbc_14e014b2,cnbc_1ae638bb,cnbc_05597317",True
2024-07-31,16294,16320.0,-26.0,-0.0015931372549019608,6,"cnbc_7fb52647,cnbc_e3aa3867,cnbc_12a41dda,cnbc_ccc5e9ff,cnbc_4b70ea8c,cnbc_9d165b86",True
2024-08-01,16243,16294.0,-51.0,-0.003129986498097459,9,"cnbc_ca91ed6c,cnbc_4b0a9f5f,cnbc_85d2c8ac,cnbc_fd967df3,cnbc_fe39ef6d,cnbc_1c0c298d,cnbc_a3dfd73d,cnbc_cb3638e4,cnbc_eba1575c",True
2024-08-02,16234,16243.0,-9.0,-0.0005540848365449732,10,"cnbc_40fb1331,cnbc_711b0e8e,cnbc_83e7c387,cnbc_1f6cefb3,cnbc_9dc5a04e,cnbc_ae2b8f5e,cnbc_ec4dda24,cnbc_ccdcf7af,cnbc_eef069e7,cnbc_01922dcf",True
2024-08-05,16154,16234.0,-80.0,-0.004927929037821855,11,"cnbc_8ee60660,cnbc_1f9bf1ac,cnbc_9477f7b0,cnbc_d01aceae,cnbc_913b2e60,cnbc_25327b75,cnbc_37a40dcb,cnbc_62a46f44,cnbc_b6aeaadc,cnbc_dcd2d5be,cnbc_d3c3287e",True
2024-08-06,16183,16154.0,29.0,0.0017952209978952581,6,"cnbc_a67ecd80,cnbc_c9aa0882,cnbc_91097f1a,cnbc_da50b20f,cnbc_bd085f5f,cnbc_466a7c47",True
2024-08-07,16100,16183.0,-83.0,-0.00512883890502379,8,"cnbc_bbde1770,cnbc_ee5fb53e,cnbc_a804386d,cnbc_06bd7390,cnbc_4c7eb99d,cnbc_b79a2a4b,cnbc_0e4a1a26,cnbc_25d6bb98",True
2024-08-08,15952,16100.0,-148.0,-0.009192546583850932,8,"cnbc_5c9d8401,cnbc_452dcf6c,cnbc_a0a21b62,cnbc_6c1875d5,cnbc_6cfcd2d4,cnbc_8a106778,cnbc_ef304b46,cnbc_19810e8a",True
2024-08-09,15914,15952.0,-38.0,-0.002382146439317954,8,"cnbc_1940df3b,cnbc_6398b81a,cnbc_68554ec5,cnbc_c9e1b634,cnbc_c4abdcdc,cnbc_7a4fa262,cnbc_7b94b513,cnbc_42e896af",True
2024-08-12,15963,15914.0,49.0,0.00307904989317582,10,"cnbc_c41732d6,cnbc_ab8e8b28,cnbc_aa3e1c0f,cnbc_8ea5c1ba,cnbc_022553ee,cnbc_563cec17,cnbc_cffbc7cf,cnbc_dd3752fe,cnbc_85adf9a4,cnbc_1ba88924",True
2024-08-13,15885,15963.0,-78.0,-0.004886299567750423,2,"cnbc_86a3f617,cnbc_0d943ad8",True
2024-08-14,15691,15885.0,-194.0,-0.01221277935158955,9,"cnbc_81d70851,cnbc_8dc57150,cnbc_bcaf191a,cnbc_d5f53765,cnbc_683066e3,cnbc_7b9711cc,cnbc_b3a353e1,cnbc_bcdd01c1,cnbc_e75b311d",True
2024-08-15,15687,15691.0,-4.0,-0.0002549232043846791,5,"cnbc_6984936d,cnbc_317cd34a,cnbc_fd20ef79,cnbc_7c039711,cnbc_994bc0cb",True
2024-08-16,15716,15687.0,29.0,0.001848664499266909,10,"cnbc_6115b05f,cnbc_28b39597,cnbc_4026e87d,cnbc_ee00d159,cnbc_c30c0bdc,cnbc_5b1b4c79,cnbc_2c87897a,cnbc_362821e0,cnbc_f79267b6,cnbc_fa9e45fb",True
2024-08-19,15591,15716.0,-125.0,-0.007953677780605753,11,"cnbc_ecdc6bee,cnbc_47782549,cnbc_7bd83d3f,cnbc_5605dc40,cnbc_5b52bd5b,cnbc_1e8bb6ea,cnbc_a85bbebf,cnbc_ac818dea,cnbc_024641c1,cnbc_a7fcffd1,cnbc_040bcfab",True
2024-08-20,15480,15591.0,-111.0,-0.007119492014623821,4,"cnbc_cbb225e5,cnbc_0f2a05b5,cnbc_81f1a825,cnbc_338aed87",True
2024-08-21,15456,15480.0,-24.0,-0.0015503875968992248,7,"cnbc_abc1589e,cnbc_16ee5480,cnbc_2239b972,cnbc_9f4a7a9a,cnbc_9e49ace4,cnbc_b5fc9c9e,cnbc_1570bb53",True
2024-08-22,15579,15456.0,123.0,0.00795807453416149,5,"cnbc_549736c7,cnbc_68465529,cnbc_2299e498,cnbc_cd4d4c32,cnbc_962f13f6",True
2024-08-23,15554,15579.0,-25.0,-0.001604724308363823,6,"cnbc_c1b11fd9,cnbc_68f45887,cnbc_f0f5711b,cnbc_e7ef33d3,cnbc_b39dd975,cnbc_7f1b72df",True
2024-08-26,15380,15554.0,-174.0,-0.011186832969011186,10,"cnbc_612412ce,cnbc_1f8ecea0,cnbc_6536fc6d,cnbc_1289e3a1,cnbc_6d3b60ad,cnbc_93ac7f6b,cnbc_4b9d1d32,cnbc_dd1e4da7,cnbc_f6b7c633,cnbc_6d61315b",True
2024-08-27,15509,15380.0,129.0,0.008387516254876463,7,"cnbc_083f7c5e,cnbc_518af23d,cnbc_c90518e6,cnbc_102b33f1,cnbc_fec1e736,cnbc_9228ae02,cnbc_b5c33b8e",True
2024-08-28,15476,15509.0,-33.0,-0.0021277967631697725,10,"cnbc_86c0f597,cnbc_657d245f,cnbc_102294d7,cnbc_e140210a,cnbc_94bb5a09,cnbc_30ad1118,cnbc_39fd7795,cnbc_fe95ad55,cnbc_ada6c2c8,cnbc_c535721d",True
2024-08-29,15409,15476.0,-67.0,-0.004329284052726803,4,"cnbc_caa04fe5,cnbc_30363cd5,cnbc_0c991d83,cnbc_e49f4486",True
2024-08-30,15473,15409.0,64.0,0.004153416834317606,8,"cnbc_df3c1bce,cnbc_e399ac2a,cnbc_9be9db86,cnbc_098a035b,cnbc_cf9060aa,cnbc_e8eea213,cnbc_141c62ed,cnbc_008c37fe",True
2024-09-02,15536,15473.0,63.0,0.004071608608543915,11,"cnbc_0537bc56,cnbc_7e0277c1,cnbc_214dc831,cnbc_d6cb3669,cnbc_d969b7cb,cnbc_38cf4b29,cnbc_98c82408,cnbc_64b55725,cnbc_c429eae7,cnbc_fa941b59,cnbc_2cd8ccfc",True
2024-09-03,15557,15536.0,21.0,0.0013516992790937178,9,"cnbc_c0a4f955,cnbc_88a45292,cnbc_cdf6f853,cnbc_f7323aa5,cnbc_821e6ce0,cnbc_a09d592b,cnbc_ae422da1,cnbc_cc4f47fc,cnbc_3ef3300b",True
2024-09-04,15490,15557.0,-67.0,-0.004306742945297937,9,"cnbc_26a8b85a,cnbc_6235305a,cnbc_67d5cc0e,cnbc_ac023a76,cnbc_912421a7,cnbc_52516ad9,cnbc_1cd30cca,cnbc_f510f17c,cnbc_bde7c8f2",True
2024-09-05,15410,15490.0,-80.0,-0.005164622336991607,6,"cnbc_5c45231a,cnbc_7f6c5904,cnbc_0b262abf,cnbc_922a6cf7,cnbc_aa2cbb24,cnbc_00da07c8",True
2024-09-06,15372,15410.0,-38.0,-0.002465931213497729,8,"cnbc_1f032231,cnbc_bbd8fb41,cnbc_6dfdc4ce,cnbc_9e196da7,cnbc_01616a46,cnbc_74cd2814,cnbc_9a822fc8,cnbc_710549a7",True
2024-09-09,15446,15372.0,74.0,0.004813947436898257,18,"cnbc_bc1d1ecc,cnbc_0d4274fa,cnbc_6ecf9c9a,cnbc_9bd02e73,cnbc_c650faba,cnbc_c8093cf9,cnbc_f458d7b4,cnbc_3985d960,cnbc_198883bc,cnbc_0f70e32c,cnbc_3f9d9f8c,cnbc_c3dc3529,cnbc_77f1303d,cnbc_3110b4a7,cnbc_3a0e914a,cnbc_a2ff92d7,cnbc_d69e9665,cnbc_0f1312d7",True
2024-09-10,15447,15446.0,1.0,6.474168069403081e-05,6,"cnbc_6264f5a2,cnbc_142bfe41,cnbc_c34bdb85,cnbc_85597adb,cnbc_c0eeb324,cnbc_aafa8fb2",True
2024-09-11,15415,15447.0,-32.0,-0.0020715996633650547,8,"cnbc_008a06be,cnbc_1b37bed2,cnbc_e6943338,cnbc_05e0d41e,cnbc_92303185,cnbc_e718a690,cnbc_9df7e270,cnbc_a57e9c70",True
2024-09-12,15421,15415.0,6.0,0.0003892312682452157,11,"cnbc_b6c39cbd,cnbc_5e197076,cnbc_716016a2,cnbc_20bad2c8,cnbc_dbd6d817,cnbc_d7c02d92,cnbc_d3cd0e74,cnbc_63fb199b,cnbc_11e7fce0,cnbc_dbb7850b,cnbc_0d5d1f5a",True
2024-09-13,15405,15421.0,-16.0,-0.0010375462032293625,10,"cnbc_a9f31cd4,cnbc_e699873d,cnbc_cdf68c68,cnbc_f2fcd26e,cnbc_b850009b,cnbc_e5a10c6d,cnbc_81ea68c4,cnbc_eba86854,cnbc_1a64bbba,cnbc_c1021738",True
2024-09-17,15338,15405.0,-67.0,-0.004349237260629666,26,"cnbc_5a162eb0,cnbc_23a8810e,cnbc_eff61043,cnbc_43a328f1,cnbc_1a134ec0,cnbc_c5079d89,cnbc_74bb5020,cnbc_af1c7fb4,cnbc_7f4e6d5d,cnbc_60f1684c,cnbc_575ccf04,cnbc_200674ee,cnbc_15a72995,cnbc_f8070d67,cnbc_1be00ed7,cnbc_81eba1c8,cnbc_5442ca0e,cnbc_cdfd51c6,cnbc_25558472,cnbc_7ab3b111,cnbc_1328be46,cnbc_d24fafb8,cnbc_43e34bad,cnbc_301a9a53,cnbc_0b507400,cnbc_3daa3106",True
2024-09-18,15350,15338.0,12.0,0.0007823705828660843,6,"cnbc_2df4aa1d,cnbc_a72b7cdd,cnbc_d2f55191,cnbc_ff6223a8,cnbc_ec1a80c4,cnbc_205d07ee",True
2024-09-19,15287,15350.0,-63.0,-0.004104234527687297,12,"cnbc_96ffc4eb,cnbc_811df422,cnbc_5f08e681,cnbc_7bfe3ced,cnbc_49916b26,cnbc_bbeaf83b,cnbc_fcf9838b,cnbc_1d25c4e0,cnbc_fe25d970,cnbc_20712be0,cnbc_f5a0d145,cnbc_09407bba",True
2024-09-20,15100,15287.0,-187.0,-0.012232615948191274,7,"cnbc_f3e29080,cnbc_ab5effef,cnbc_ccb8dc28,cnbc_cff8107c,cnbc_18cc3fdc,cnbc_450600ba,cnbc_3df3a985",True
2024-09-23,15191,15100.0,91.0,0.006026490066225166,14,"cnbc_00ae7204,cnbc_66ce76e1,cnbc_51fd6f84,cnbc_91fa2d24,cnbc_5dcb5b1d,cnbc_ee7fa115,cnbc_9a0e7bce,cnbc_cd95b51c,cnbc_6c2b0732,cnbc_ab8e02df,cnbc_83cea6f8,cnbc_c84cae1f,cnbc_0187ff6a,cnbc_9a86a1e2",True
2024-09-24,15186,15191.0,-5.0,-0.0003291422552827332,7,"cnbc_2dae3ccf,cnbc_74ee4a16,cnbc_14bb7877,cnbc_8a0213ec,cnbc_e476959d,cnbc_e042272f,cnbc_dc11eec0",True
2024-09-25,15092,15186.0,-94.0,-0.006189911760832345,13,"cnbc_0a8b575e,cnbc_0dc4e5f6,cnbc_7aef4d07,cnbc_f14df465,cnbc_c4862e50,cnbc_3f70ddeb,cnbc_286b6357,cnbc_f9825d94,cnbc_8846d7ed,cnbc_c9c721fb,cnbc_91811b41,cnbc_876cc548,cnbc_6e22f331",True
2024-09-26,15171,15092.0,79.0,0.005234561357010337,8,"cnbc_b86ff074,cnbc_1c0859f7,cnbc_1a47b67d,cnbc_1a91928b,cnbc_5d0829c5,cnbc_1bc78fc2,cnbc_aa5ce177,cnbc_133463a2",True
2024-09-27,15138,15171.0,-33.0,-0.002175202689341507,14,"cnbc_1434f7cd,cnbc_71fd7024,cnbc_0ca48ec2,cnbc_4849e2bf,cnbc_967cf209,cnbc_bc5a5c63,cnbc_55a10e7e,cnbc_7b658664,cnbc_6e74a1a6,cnbc_0c1ac7d3,cnbc_8c30b218,cnbc_9b989ffe,cnbc_fd58a17b,cnbc_696e80be",True
2024-09-30,15144,15138.0,6.0,0.00039635354736424893,21,"cnbc_db23b2f8,cnbc_edf63d47,cnbc_3cf575f4,cnbc_238ad486,cnbc_7c5df006,cnbc_6492e3c8,cnbc_a831246b,cnbc_d16a443d,cnbc_a266e98d,cnbc_e664b6c8,cnbc_c0c53ddc,cnbc_a01bb10f,cnbc_24f35686,cnbc_e831dca8,cnbc_75f77c9c,cnbc_af37de6f,cnbc_5711502a,cnbc_695dc470,cnbc_ec306863,cnbc_f75636f7,cnbc_132a86e8",True
2024-10-01,15204,15144.0,60.0,0.003961965134706815,3,"cnbc_2692bfac,cnbc_6c1656c8,cnbc_9bda9cee",True
2024-10-02,15247,15204.0,43.0,0.0028282031044461983,7,"cnbc_22d885f6,cnbc_d5de8b8d,cnbc_98960c2c,cnbc_14be8a5b,cnbc_aa8e9a33,cnbc_06a9eeb9,cnbc_c669f71d",True
2024-10-03,15394,15247.0,147.0,0.00964124089984915,5,"cnbc_900e36b7,cnbc_04e2e8c0,cnbc_095466f8,cnbc_a97d1041,cnbc_be090809",True
2024-10-04,15495,15394.0,101.0,0.006560997791347278,5,"cnbc_bf80375a,cnbc_61bf85bb,cnbc_d439f16b,cnbc_af00d3ef,cnbc_654bc98d",True
2024-10-07,15680,15495.0,185.0,0.011939335269441756,11,"cnbc_c25d5fa6,cnbc_625f9190,cnbc_7dbdf31a,cnbc_939f7c2a,cnbc_4e9c758f,cnbc_c48adafa,cnbc_3b8132ab,cnbc_369d497b,cnbc_c8e0f468,cnbc_b58f32d4,cnbc_99b6cbc8",True
2024-10-08,15671,15680.0,-9.0,-0.0005739795918367347,4,"cnbc_0cbb7f3d,cnbc_b237ab8e,cnbc_81bc43d1,cnbc_7b3f851f",True
2024-10-09,15607,15671.0,-64.0,-0.0040839767723821075,9,"cnbc_2a416789,cnbc_5be8af1d,cnbc_a278d570,cnbc_781a0900,cnbc_8e6440f2,cnbc_817ecbf1,cnbc_ff157d0a,cnbc_626c2fdb,cnbc_13bf0783",True
2024-10-10,15658,15607.0,51.0,0.003267764464663292,10,"cnbc_48efa731,cnbc_96f358fc,cnbc_1a17cd28,cnbc_35c45e14,cnbc_39c8e681,cnbc_13c674cf,cnbc_33878bae,cnbc_d18af604,cnbc_93e6522c,cnbc_75d9d835",True
2024-10-11,15609,15658.0,-49.0,-0.00312939072678503,9,"cnbc_dca7b770,cnbc_0231bdc8,cnbc_c29aaa9b,cnbc_f29a2215,cnbc_420a7842,cnbc_6624404a,cnbc_7bd0ddc1,cnbc_94598851,cnbc_a8df4c33",True
2024-10-14,15581,15609.0,-28.0,-0.0017938368889743098,13,"cnbc_b5b9d527,cnbc_35be3ddb,cnbc_cd544175,cnbc_6b0b5789,cnbc_4a40f59d,cnbc_b0c572b0,cnbc_60d813c1,cnbc_70e85a39,cnbc_0ce4df5f,cnbc_a8066845,cnbc_a98045a6,cnbc_e7fcf7ca,cnbc_16291899",True
2024-10-15,15555,15581.0,-26.0,-0.0016686990565432257,9,"cnbc_602a6bda,cnbc_6dd98416,cnbc_103d4ab3,cnbc_e8a0db6e,cnbc_06ed9de3,cnbc_18ce4f03,cnbc_8dd5511a,cnbc_6fd717c1,cnbc_909fe3e2",True
2024-10-16,15536,15555.0,-19.0,-0.0012214721954355513,7,"cnbc_7dddb79a,cnbc_ecd88695,cnbc_2c39a5f6,cnbc_4eaa49ef,cnbc_3cb122e6,cnbc_92063064,cnbc_555d4f51",True
2024-10-17,15516,15536.0,-20.0,-0.0012873326467559218,9,"cnbc_69bc3df4,cnbc_c306db29,cnbc_1aeba109,cnbc_0455ab3f,cnbc_4cc73fc9,cnbc_b452e44e,cnbc_e3a1bfd7,cnbc_8825386f,cnbc_b85f2607",True
2024-10-18,15466,15516.0,-50.0,-0.003222480020623872,11,"cnbc_feb06534,cnbc_ef5ab110,cnbc_3d3bc0ef,cnbc_63f9ed09,cnbc_0e473309,cnbc_b41a49a2,cnbc_d56f3241,cnbc_e36a0e87,cnbc_51929832,cnbc_42a72a0c,cnbc_5ae7a85d",True
2024-10-21,15465,15466.0,-1.0,-6.46579593948015e-05,12,"cnbc_b6de083e,cnbc_7214fa97,cnbc_210519dd,cnbc_68a5a493,cnbc_d3386821,cnbc_8d2086c7,cnbc_f26c4b19,cnbc_fc99a95f,cnbc_e5b0cdaf,cnbc_a8f9a3e4,cnbc_38530a9e,cnbc_cb8dd869",True
2024-10-22,15560,15465.0,95.0,0.006142903330100227,8,"cnbc_0bedb9d6,cnbc_fd0f8ea8,cnbc_a0e6f7fa,cnbc_d9aad5be,cnbc_47a1eb1a,cnbc_ce6b7721,cnbc_271d2deb,cnbc_d27f8bb1",True
2024-10-23,15620,15560.0,60.0,0.0038560411311053984,5,"cnbc_ee47b808,cnbc_c5c8f7af,cnbc_15387614,cnbc_b0a8e27b,cnbc_daa018d4",True
2024-10-24,15593,15620.0,-27.0,-0.0017285531370038413,14,"cnbc_f8f43590,cnbc_73d8138b,cnbc_b3ea80d0,cnbc_901057fa,cnbc_f7f040dd,cnbc_08d04792,cnbc_793d21f0,cnbc_03d393d9,cnbc_929ed24e,cnbc_708efc51,cnbc_2277750d,cnbc_d704b3b7,cnbc_f30660e4,cnbc_76550ba6",True
2024-10-25,15629,15593.0,36.0,0.0023087282755082407,9,"cnbc_f0904553,cnbc_f63b57fc,cnbc_888e7f19,cnbc_09642026,cnbc_7b7930d4,cnbc_47fd7ba6,cnbc_45d12118,cnbc_0c5d83ce,cnbc_1ed4bb0b",True
2024-10-28,15729,15629.0,100.0,0.006398362019323053,17,"cnbc_83dd1aaf,cnbc_bceeb5c6,cnbc_9c1c4eec,cnbc_a5cefe6c,cnbc_d6bd8897,cnbc_8b5d741a,cnbc_32fd1bfb,cnbc_e9b347a8,cnbc_64156cf5,cnbc_e8944da1,cnbc_a75073b6,cnbc_b509454e,cnbc_565030a0,cnbc_3fb62c1f,cnbc_1a4d8ea7,cnbc_969091de,cnbc_5643d5f2",True
2024-10-29,15760,15729.0,31.0,0.0019708818106681926,5,"cnbc_7bf7dfaf,cnbc_883d8830,cnbc_a70f1f2e,cnbc_f5d3cdab,cnbc_84232ed3",True
2024-10-30,15732,15760.0,-28.0,-0.0017766497461928934,7,"cnbc_a47352ce,cnbc_afc9e456,cnbc_5a1b0ca7,cnbc_2253ecf3,cnbc_f503f81e,cnbc_0b04a255,cnbc_fe532c48",True
2024-10-31,15705,15732.0,-27.0,-0.0017162471395881006,7,"cnbc_80cdab78,cnbc_8a81eb98,cnbc_a29e4a2e,cnbc_5dbb1e85,cnbc_84c1a251,cnbc_f02a9198,cnbc_15b9aadb",True
2024-11-01,15723,15705.0,18.0,0.001146131805157593,6,"cnbc_ab43ad90,cnbc_211759d2,cnbc_55c4ef70,cnbc_ec51ab25,cnbc_709738c1,cnbc_addbc9ab",True
2024-11-04,15751,15723.0,28.0,0.001780830630286841,15,"cnbc_ec8b681f,cnbc_349f60be,cnbc_16501839,cnbc_2239543c,cnbc_a81adde1,cnbc_80fdc5b2,cnbc_0b269e93,cnbc_9ef4a445,cnbc_b6e3ec2b,cnbc_c9a454c1,cnbc_ad079230,cnbc_32fda882,cnbc_d3fb82c6,cnbc_13074144,cnbc_5f2974d6",True
2024-11-05,15766,15751.0,15.0,0.0009523204875880897,6,"cnbc_69766429,cnbc_5cc23a4a,cnbc_6d477a8a,cnbc_02840d8e,cnbc_01ca0a1d,cnbc_03d743de",True
2024-11-06,15840,15766.0,74.0,0.004693644551566662,8,"cnbc_5f50fe6b,cnbc_17c3d836,cnbc_b1ad8c4b,cnbc_d04158dd,cnbc_aa8fbacf,cnbc_6d5aa66a,cnbc_7a785cdf,cnbc_67659ac7",True
2024-11-07,15767,15840.0,-73.0,-0.004608585858585859,11,"cnbc_f3dcc334,cnbc_006a9b07,cnbc_f34ca6a3,cnbc_76075046,cnbc_7791af7d,cnbc_31a3afdc,cnbc_56fc3bab,cnbc_1bbde146,cnbc_d30404ba,cnbc_49892255,cnbc_4ae02593",True
2024-11-08,15671,15767.0,-96.0,-0.00608866620156022,14,"cnbc_9b204051,cnbc_1316fc91,cnbc_eb331c4d,cnbc_17a6b443,cnbc_1594901b,cnbc_f91ff750,cnbc_e204508f,cnbc_0b6b5992,cnbc_9f0fa252,cnbc_bd224a15,cnbc_c406c259,cnbc_3c5246ff,cnbc_ec2a766f,cnbc_26d69bde",True
2024-11-11,15677,15671.0,6.0,0.0003828728224108225,5,"cnbc_b9ecb01c,cnbc_1e82708d,cnbc_d02f1a19,cnbc_55b67bdb,cnbc_6cab5f7f",True
2024-11-12,15771,15677.0,94.0,0.005996045161701856,5,"cnbc_a86217a2,cnbc_026ddc18,cnbc_6ea21833,cnbc_fb5bfd25,cnbc_614c31aa",True
2024-11-13,15782,15771.0,11.0,0.0006974827214507641,8,"cnbc_4dea89a8,cnbc_0388bff6,cnbc_bf7a4347,cnbc_66779f4d,cnbc_88c70e56,cnbc_c5c56015,cnbc_cabe4f4f,cnbc_911bf3a2",True
2024-11-14,15873,15782.0,91.0,0.005766062602965404,12,"cnbc_86fca092,cnbc_9f74ef65,cnbc_90540ecc,cnbc_541aa677,cnbc_59b1d257,cnbc_ed75732a,cnbc_7d6fd2ed,cnbc_b80cd5da,cnbc_c6d7542d,cnbc_fff6b69e,cnbc_a60044af,cnbc_74cf3885",True
2024-11-15,15888,15873.0,15.0,0.000945000945000945,6,"cnbc_76f1d538,cnbc_d882cb3e,cnbc_2d244884,cnbc_acd5e8a9,cnbc_a5e88de0,cnbc_bb8bb933",True
2024-11-18,15848,15888.0,-40.0,-0.0025176233635448137,17,"cnbc_edad213f,cnbc_4f1d2acd,cnbc_6416515b,cnbc_3f5cdfe2,cnbc_085095b1,cnbc_b99e5616,cnbc_567e297e,cnbc_bead5494,cnbc_b59e8bfa,cnbc_42c61e02,cnbc_6c046fba,cnbc_c4bc141b,cnbc_5b0d42f6,cnbc_a1a12851,cnbc_8a0c77eb,cnbc_1ea8cf3a,cnbc_6f7895c1",True
2024-11-19,15816,15848.0,-32.0,-0.0020191822311963654,8,"cnbc_ed824e53,cnbc_86b4eaad,cnbc_ef6352a4,cnbc_a26be02b,cnbc_3c95e537,cnbc_144e3a4f,cnbc_31e39e87,cnbc_74d3f978",True
2024-11-20,15858,15816.0,42.0,0.002655538694992413,7,"cnbc_fc285225,cnbc_d0f1d6a0,cnbc_afde2e0b,cnbc_25fd4f4e,cnbc_3e25bbb6,cnbc_fff0a553,cnbc_7e522fc4",True
2024-11-21,15942,15858.0,84.0,0.0052970109723798715,10,"cnbc_129762e4,cnbc_1344600c,cnbc_65c0ebcb,cnbc_5d36ac91,cnbc_d03760d6,cnbc_dc7b9967,cnbc_7e9b4c8c,cnbc_c39065a6,cnbc_6cb22af5,cnbc_61b1c82a",True
2024-11-22,15911,15942.0,-31.0,-0.001944548990089073,4,"cnbc_f441de99,cnbc_4c7e7c01,cnbc_d930a9ed,cnbc_8934b4b2",True
2024-11-25,15864,15911.0,-47.0,-0.00295393124253661,6,"cnbc_ba29ffef,cnbc_33c4028b,cnbc_b478c761,cnbc_fdf9418e,cnbc_ec51c102,cnbc_72972e82",True
2024-11-26,15930,15864.0,66.0,0.00416036308623298,7,"cnbc_0abf852d,cnbc_9e42db35,cnbc_1fd55b72,cnbc_11e422e4,cnbc_63dd875f,cnbc_8b5357a4,cnbc_a66509fa",True
2024-11-28,15864,15930.0,-66.0,-0.004143126177024482,10,"cnbc_8df5fc07,cnbc_e02257d4,cnbc_2c2d46c1,cnbc_9459f2ec,cnbc_62344601,cnbc_2f95416d,cnbc_a92fd0ed,cnbc_7d572e3f,cnbc_658cc2d7,cnbc_e6948106",True
2024-11-29,15856,15864.0,-8.0,-0.0005042864346949068,6,"cnbc_f08c0a04,cnbc_711a8b0f,cnbc_90efec98,cnbc_68052fe2,cnbc_07b6b2f5,cnbc_e8033965",True
2024-12-02,15905,15856.0,49.0,0.0030903128153380423,20,"cnbc_f9ee8023,cnbc_65d18452,cnbc_31476779,cnbc_7a1dd104,cnbc_4bbb6f34,cnbc_1dd66d0a,cnbc_b441d70b,cnbc_111bec7c,cnbc_72ce2cb8,cnbc_474c3a97,cnbc_a1c21a50,cnbc_7aa56b67,cnbc_61da9f5e,cnbc_6d615dd0,cnbc_c5cf7766,cnbc_ee077b8e,cnbc_e21d3f32,cnbc_9a6cd817,cnbc_1f5048ac,cnbc_89b08e6c",True
2024-12-03,15950,15905.0,45.0,0.0028292989625903803,7,"cnbc_525e78fc,cnbc_ce202bd1,cnbc_8513e9bd,cnbc_bacffe73,cnbc_30eef078,cnbc_1adb002c,cnbc_e3af9ddf",True
2024-12-04,15957,15950.0,7.0,0.00043887147335423197,8,"cnbc_d98bbf4c,cnbc_cea8ed26,cnbc_619269c7,cnbc_5bce033a,cnbc_e2a95f89,cnbc_9f6f44dc,cnbc_3390c979,cnbc_2ab35bc0",True
2024-12-05,15892,15957.0,-65.0,-0.004073447389860249,8,"cnbc_762365c8,cnbc_f47251b1,cnbc_4128d969,cnbc_770b1334,cnbc_84a99766,cnbc_2ee5d031,cnbc_c6bc73a5,cnbc_f2688a86",True
2024-12-06,15848,15892.0,-44.0,-0.0027686886483765417,12,"cnbc_f524fd7f,cnbc_0a447b23,cnbc_4a04777e,cnbc_282fd08a,cnbc_32c8cc5e,cnbc_194cb2e5,cnbc_3d58db1f,cnbc_12fdab9f,cnbc_59e38a20,cnbc_c5bd1933,cnbc_962e17a7,cnbc_5d26efde",True
2024-12-09,15861,15848.0,13.0,0.0008202927814235235,16,"cnbc_d11007d0,cnbc_2e0b96bf,cnbc_c237b79f,cnbc_5b05eca8,cnbc_316c9af3,cnbc_c69a276c,cnbc_a0b175b1,cnbc_9a9fd482,cnbc_902b3aec,cnbc_1707b350,cnbc_aa0d5b5e,cnbc_ad6dec68,cnbc_341aa13c,cnbc_3c2cce97,cnbc_71f94e1a,cnbc_81906cb0",True
2024-12-10,15874,15861.0,13.0,0.0008196204526826808,6,"cnbc_749f6f3e,cnbc_414c157e,cnbc_a9b48893,cnbc_067e25aa,cnbc_967c994e,cnbc_c63bec26",True
2024-12-11,15905,15874.0,31.0,0.0019528789215068666,6,"cnbc_3a1861c3,cnbc_1b90e6a9,cnbc_f15d530d,cnbc_1d401d9b,cnbc_15a29e45,cnbc_3004c0f7",True
2024-12-12,15939,15905.0,34.0,0.002137692549512732,8,"cnbc_184aa74a,cnbc_9500e504,cnbc_1ef2d687,cnbc_cc2ed57f,cnbc_69f8b989,cnbc_fd922d22,cnbc_b339c4ba,cnbc_32e78f8c",True
2024-12-13,15987,15939.0,48.0,0.0030114812723508375,3,"cnbc_a41a2360,cnbc_481ab946,cnbc_0645f2fb",True
2024-12-16,16019,15987.0,32.0,0.0020016263213861263,15,"cnbc_455417f6,cnbc_6ca3c9c7,cnbc_b5c85e8a,cnbc_c0692a1e,cnbc_0e3a48ce,cnbc_d3bc05d0,cnbc_ad2e5fc9,cnbc_a46bd42e,cnbc_222fbc13,cnbc_c2ac2dbf,cnbc_138833a5,cnbc_641414fb,cnbc_20cee6f8,cnbc_cebfdacf,cnbc_718eac14",True
2024-12-17,16050,16019.0,31.0,0.0019352019476871216,7,"cnbc_c96fb10e,cnbc_154ec15d,cnbc_1e71db20,cnbc_463ce231,cnbc_30190f07,cnbc_88836df5,cnbc_57aad94d",True
2024-12-18,16100,16050.0,50.0,0.003115264797507788,8,"cnbc_dfc8ac45,cnbc_e686a9f1,cnbc_622b80b3,cnbc_ebfcf98d,cnbc_71f2d94f,cnbc_5c811974,cnbc_58534139,cnbc_29173580",True
2024-12-19,16277,16100.0,177.0,0.010993788819875776,3,"cnbc_10370098,cnbc_37acb89d,cnbc_e1379403",True
2024-12-20,16270,16277.0,-7.0,-0.00043005467838053694,3,"cnbc_6f82f4a2,cnbc_1b3e9802,cnbc_f48921a6",True
2024-12-23,16159,16270.0,-111.0,-0.006822372464658881,12,"cnbc_6347858e,cnbc_09a9285b,cnbc_1ee617d0,cnbc_80ca0133,cnbc_88eca7a0,cnbc_255979aa,cnbc_05fa4d29,cnbc_9ed2cd81,cnbc_32a29355,cnbc_19d6e624,cnbc_cf5f18f4,cnbc_67d88e81",True
2024-12-24,16208,16159.0,49.0,0.003032365864224271,5,"cnbc_43c5bb89,cnbc_bee29de5,cnbc_f58de09a,cnbc_d8a6cf77,cnbc_ba80cb4c",True
2024-12-27,16251,16208.0,43.0,0.002653010858835143,9,"cnbc_6af8baa7,cnbc_4713d2f4,cnbc_b0801c22,cnbc_f6d3d1d7,cnbc_f64b98ef,cnbc_5dd910ec,cnbc_09307954,cnbc_ef5142fc,cnbc_38e1abc9",True
2024-12-30,16162,16251.0,-89.0,-0.005476586056242693,9,"cnbc_bcc31d88,cnbc_f16b1f78,cnbc_db1afd10,cnbc_9716f177,cnbc_ae63dd28,cnbc_54f07709,cnbc_c290acd3,cnbc_dcb829a0,cnbc_7179caf9",True
2024-12-31,16157,16162.0,-5.0,-0.0003093676525182527,6,"cnbc_8bab9075,cnbc_2b7efdb7,cnbc_374ada17,cnbc_590290fe,cnbc_8b5b28a3,cnbc_36a3c39f",True
2025-01-02,16236,16157.0,79.0,0.004889521569598316,4,"cnbc_48337fc7,cnbc_1d857390,cnbc_50b221e7,cnbc_90b17281",True
2025-01-03,16217,16236.0,-19.0,-0.001170238975117024,8,"cnbc_ec5f4eea,cnbc_c89d8e5a,cnbc_db76f475,cnbc_89e51dfd,cnbc_e537f879,cnbc_54fd6f10,cnbc_36508036,cnbc_8fa25257",True
2025-01-06,16193,16217.0,-24.0,-0.001479928470123944,11,"cnbc_85b6787b,cnbc_72a793c9,cnbc_366ea2de,cnbc_16dc97ae,cnbc_c94f8215,cnbc_a06272e7,cnbc_859fdc34,cnbc_e5a42e9b,cnbc_fb067be6,cnbc_6f93f8dd,cnbc_9b160fce",True
2025-01-07,16169,16193.0,-24.0,-0.0014821219045266472,7,"cnbc_f049d430,cnbc_31a2d5ea,cnbc_ebd7dd9d,cnbc_97737347,cnbc_66e87885,cnbc_8c9398a3,cnbc_724609d4",True
2025-01-08,16201,16169.0,32.0,0.001979095800606098,6,"cnbc_73590218,cnbc_ded89b45,cnbc_14c6f400,cnbc_5acb6236,cnbc_9f4bac91,cnbc_1306d774",True
2025-01-09,16238,16201.0,37.0,0.0022838096413801616,10,"cnbc_aa0ea475,cnbc_91218012,cnbc_ea8c10e4,cnbc_eeaa64a2,cnbc_51eb2b74,cnbc_36ae572c,cnbc_aa820a8d,cnbc_bbb01c34,cnbc_d409277b,cnbc_edc461e0",True
2025-01-10,16194,16238.0,-44.0,-0.0027096933119842345,7,"cnbc_1708b0dc,cnbc_bf79179b,cnbc_71c0a4ec,cnbc_12ca0996,cnbc_20e8e7cb,cnbc_e6ab0059,cnbc_a151289f",True
2025-01-13,16281,16194.0,87.0,0.005372360133382734,16,"cnbc_1143cc8a,cnbc_0cd8acbc,cnbc_8a4515a4,cnbc_5cfeb4e7,cnbc_b793f43f,cnbc_6234afd5,cnbc_13e13f56,cnbc_d5725778,cnbc_180e0bbb,cnbc_189636ec,cnbc_b8a9e77d,cnbc_750f6dee,cnbc_86f6330e,cnbc_cda73cc6,cnbc_b8f11841,cnbc_c61fef4e",True
2025-01-14,16265,16281.0,-16.0,-0.0009827406178981636,5,"cnbc_c43ea982,cnbc_3194ebb1,cnbc_d4559d99,cnbc_ff0644ea,cnbc_4fb49cef",True
2025-01-15,16311,16265.0,46.0,0.0028281586228097143,9,"cnbc_8476be5e,cnbc_346dd69f,cnbc_641f58f8,cnbc_ddb1e300,cnbc_a77d3b85,cnbc_182796f8,cnbc_ccd1f083,cnbc_91a6fc05,cnbc_6144b17a",True
2025-01-16,16378,16311.0,67.0,0.004107657409110416,13,"cnbc_53979e97,cnbc_84b91049,cnbc_e4d87206,cnbc_d346a1e6,cnbc_12ea9124,cnbc_0232790a,cnbc_735dc508,cnbc_c52a6626,cnbc_2061b4f6,cnbc_83efc713,cnbc_5a04d4f5,cnbc_e0a1bac9,cnbc_472b27b4",True
2025-01-17,16373,16378.0,-5.0,-0.0003052875809012089,8,"cnbc_c88b35cf,cnbc_f7d1e7ef,cnbc_c2a31763,cnbc_51051da5,cnbc_fec03741,cnbc_f596caa9,cnbc_40eac9b2,cnbc_d61b14d6",True
2025-01-20,16372,16373.0,-1.0,-6.107616197398156e-05,19,"cnbc_b354bf91,cnbc_26e94246,cnbc_760e88ef,cnbc_c15f527f,cnbc_f96d99fe,cnbc_b885ab25,cnbc_ab4f16f6,cnbc_63058260,cnbc_97f64f89,cnbc_d438d7a0,cnbc_f7301df1,cnbc_bd4f01e1,cnbc_c6273b18,cnbc_8be9fd2d,cnbc_cc8d85bb,cnbc_b593c03e,cnbc_ae73b4f7,cnbc_9b2ba85b,cnbc_4c1ff21e",True
2025-01-21,16331,16372.0,-41.0,-0.0025042755924749574,7,"cnbc_5bffdf0c,cnbc_9a769825,cnbc_ce35a570,cnbc_795e2c24,cnbc_64f4da9e,cnbc_837807d4,cnbc_9f1a748e",True
2025-01-22,16327,16331.0,-4.0,-0.00024493294960504564,5,"cnbc_c7b5c5cb,cnbc_f5912f7c,cnbc_65df7e06,cnbc_904c0937,cnbc_efe73b21",True
2025-01-23,16276,16327.0,-51.0,-0.0031236601947694006,19,"cnbc_9d9529a6,cnbc_f7ab1b5a,cnbc_7c945360,cnbc_c88c3da3,cnbc_ebbc7f1d,cnbc_e18d0f8a,cnbc_3a8bcbaa,cnbc_94709391,cnbc_2fc42528,cnbc_2b62c17a,cnbc_7b40a5af,cnbc_fc8f6058,cnbc_62fde5b3,cnbc_7a23c3fb,cnbc_22a76114,cnbc_1f504325,cnbc_1d0d7331,cnbc_3ccfaf32,cnbc_36f3cc31",True
2025-01-24,16200,16276.0,-76.0,-0.004669451953797002,10,"cnbc_d2ccc0f5,cnbc_33ea055b,cnbc_be3dae04,cnbc_cf7eebe4,cnbc_ff484dda,cnbc_61079548,cnbc_f16a6e59,cnbc_93880f25,cnbc_48ca9c0f,cnbc_bdb1f344",True
2025-01-30,16259,16200.0,59.0,0.0036419753086419752,44,"cnbc_a4b2c7a4,cnbc_b58a003e,cnbc_06b3cab4,cnbc_1c85b55d,cnbc_8997c6b1,cnbc_cc69817a,cnbc_3624bd25,cnbc_c1d1c28d,cnbc_69bb73f7,cnbc_bf3f7ab2,cnbc_ee37a72e,cnbc_e8f72534,cnbc_c9ff1334,cnbc_32eced54,cnbc_07474913,cnbc_9ff21960,cnbc_c6914ac7,cnbc_c6181878,cnbc_bef8245b,cnbc_97939223,cnbc_24dff9be,cnbc_f29e18a2,cnbc_a0869ddb,cnbc_15d59552,cnbc_ab3f61fc,cnbc_c77bcaef,cnbc_88d8ba32,cnbc_01c0c9ee,cnbc_edebf287,cnbc_922d6520,cnbc_f6fc18d6,cnbc_c2844d2c,cnbc_f5e601ec,cnbc_d05b11dc,cnbc_6cbbc7f8,cnbc_3a1688be,cnbc_4d389f77,cnbc_082f1911,cnbc_dfb91697,cnbc_492568a9,cnbc_9601bfa0,cnbc_62ba47fa,cnbc_2713deb9,cnbc_3030d863",True
2025-01-31,16312,16259.0,53.0,0.0032597330709145706,13,"cnbc_b21df8d7,cnbc_641fa179,cnbc_ff5d8666,cnbc_e8dac887,cnbc_9af1f7ec,cnbc_8d4e65b7,cnbc_08460282,cnbc_956c1e0f,cnbc_451ebd4f,cnbc_3b3c9bbd,cnbc_0b0fa45e,cnbc_3a13c580,cnbc_6048f5c3",True
2025-02-03,16453,16312.0,141.0,0.008643943109367338,25,"cnbc_a049e54b,cnbc_bf285247,cnbc_4bb5ee0c,cnbc_ba8df45d,cnbc_fed66bb2,cnbc_f8e749b3,cnbc_2454c044,cnbc_de5a7f86,cnbc_24348f7d,cnbc_eea19fd8,cnbc_dea16a7a,cnbc_9354c9c1,cnbc_73cfc2b5,cnbc_5f105dbb,cnbc_084ccdb2,cnbc_32b70a4d,cnbc_a146bc91,cnbc_cb6c1eee,cnbc_7e7c61b0,cnbc_4781cc6e,cnbc_6c03e712,cnbc_bf3237e4,cnbc_bcde8059,cnbc_233eee40,cnbc_bbdf47f8",True
2025-02-04,16365,16453.0,-88.0,-0.005348568650094207,15,"cnbc_f16bc87b,cnbc_dfd4621d,cnbc_33bb0e76,cnbc_c3449bb1,cnbc_28704cb3,cnbc_b2c8d968,cnbc_51291965,cnbc_27d9c3aa,cnbc_dcc5d327,cnbc_a24f8cff,cnbc_4019cb52,cnbc_fad81c82,cnbc_cd0f9231,cnbc_24693143,cnbc_881ffea1",True
2025-02-05,16308,16365.0,-57.0,-0.0034830430797433546,13,"cnbc_447e2f7a,cnbc_2d702274,cnbc_e7200252,cnbc_82071b20,cnbc_821e587e,cnbc_eadbe329,cnbc_baeec3a2,cnbc_d14017d7,cnbc_de2d996d,cnbc_6ca0904e,cnbc_c7a59219,cnbc_954747ca,cnbc_087f66fc",True
2025-02-06,16330,16308.0,22.0,0.0013490311503556536,13,"cnbc_2a8fa537,cnbc_6032e269,cnbc_3d396b74,cnbc_5979fd8b,cnbc_166d282c,cnbc_3581c9d7,cnbc_6590c63a,cnbc_72bd14a3,cnbc_c0fc6bf6,cnbc_6c13a07d,cnbc_e4b7c615,cnbc_01092a94,cnbc_531e51ac",True
2025-02-07,16325,16330.0,-5.0,-0.0003061849357011635,13,"cnbc_e5771bca,cnbc_afaf0a87,cnbc_71940cb9,cnbc_0cbfbdf9,cnbc_fd44a442,cnbc_31fe1866,cnbc_24d9e458,cnbc_f0918bd8,cnbc_23d044b1,cnbc_14aa3c73,cnbc_67fdd251,cnbc_6e84c4c1,cnbc_1e50e631",True
2025-02-10,16350,16325.0,25.0,0.0015313935681470138,17,"cnbc_ee587e4a,cnbc_6c27455b,cnbc_e5f380f4,cnbc_d2ccda9f,cnbc_9e8d0ff7,cnbc_8efbce07,cnbc_d00208b4,cnbc_0f18e5e0,cnbc_5e471dcf,cnbc_18780ac6,cnbc_cb27f14b,cnbc_21378224,cnbc_dc18fd2d,cnbc_0c23d635,cnbc_962dab4b,cnbc_7e900337,cnbc_272434ec",True
2025-02-11,16380,16350.0,30.0,0.001834862385321101,6,"cnbc_f56ab3b0,cnbc_2903d22d,cnbc_dc8b625e,cnbc_04f7df20,cnbc_9a0bc066,cnbc_f158096a",True
2025-02-12,16364,16380.0,-16.0,-0.0009768009768009768,14,"cnbc_6e6940f4,cnbc_20f908a4,cnbc_4e22649c,cnbc_c2db93d2,cnbc_66493b4e,cnbc_48a1b825,cnbc_7b27a53b,cnbc_99e8a2a1,cnbc_119266a4,cnbc_f9fa9269,cnbc_827433af,cnbc_f2fd8a73,cnbc_adb64510,cnbc_e430a707",True
2025-02-13,16365,16364.0,1.0,6.11097531165974e-05,9,"cnbc_4b0a3b8c,cnbc_3a43497d,cnbc_0f961f81,cnbc_518f716b,cnbc_736ca334,cnbc_575f3fb0,cnbc_f7aa784c,cnbc_a035cfc5,cnbc_e96b31c1",True
2025-02-14,16285,16365.0,-80.0,-0.00488848151542927,8,"cnbc_28e01a0b,cnbc_b100cff4,cnbc_55cb17b5,cnbc_44ee5c7f,cnbc_221dc63e,cnbc_cf35d1ef,cnbc_cbc57b6c,cnbc_b95361c6",True
2025-02-17,16208,16285.0,-77.0,-0.004728277556033159,23,"cnbc_efe33709,cnbc_0dc2635d,cnbc_be137dab,cnbc_bf69a5c3,cnbc_df8a9c21,cnbc_5cb0ac8d,cnbc_fccd3a8b,cnbc_84facb9f,cnbc_bee496ac,cnbc_468bb38c,cnbc_176208ec,cnbc_3c0b6378,cnbc_05e2f86a,cnbc_92ea364e,cnbc_9a740c86,cnbc_601b4973,cnbc_9f79a8d7,cnbc_6ea9db14,cnbc_2e91fff8,cnbc_e4addf84,cnbc_0f9ba334,cnbc_4fad2992,cnbc_562bb3b4",True
2025-02-18,16275,16208.0,67.0,0.004133761105626851,6,"cnbc_402539a6,cnbc_30c2b120,cnbc_b305064a,cnbc_05012d6f,cnbc_2c2b29a3,cnbc_2a7bf8a6",True
2025-02-19,16357,16275.0,82.0,0.0050384024577572965,9,"cnbc_48f27b44,cnbc_f95a7317,cnbc_d072b2ad,cnbc_5f0eed00,cnbc_3286468b,cnbc_14f04d23,cnbc_2dc48add,cnbc_bd270119,cnbc_3a4141cd",True
2025-02-20,16344,16357.0,-13.0,-0.0007947667665219784,6,"cnbc_f6890d4f,cnbc_6ba4b127,cnbc_7b82af4a,cnbc_2daf0bc8,cnbc_71206e57,cnbc_c880a4a1",True
2025-02-21,16300,16344.0,-44.0,-0.0026921194322075378,9,"cnbc_155870d8,cnbc_98a53548,cnbc_fa83aee5,cnbc_ba56a517,cnbc_f9517dec,cnbc_ec9fddbd,cnbc_8d6b07f5,cnbc_14290cfb,cnbc_d97b000f",True
2025-02-24,16303,16300.0,3.0,0.00018404907975460124,21,"cnbc_741cbe71,cnbc_5fe65de0,cnbc_234e4555,cnbc_9fa2e27a,cnbc_cf5e6382,cnbc_1866e20f,cnbc_084f0f43,cnbc_18144864,cnbc_3c7ac3b2,cnbc_26f3c9db,cnbc_0c787642,cnbc_d9c90c2f,cnbc_1727d2fd,cnbc_b761acac,cnbc_f9ecfd96,cnbc_b6e16e63,cnbc_567c027e,cnbc_3242cbae,cnbc_2d36bc46,cnbc_71ebe2ed,cnbc_4f144745",True
2025-02-25,16316,16303.0,13.0,0.0007973992516714715,8,"cnbc_5732f946,cnbc_6774cee4,cnbc_f0502cb6,cnbc_bb3760ad,cnbc_e384e3cd,cnbc_787ce299,cnbc_cea7cb10,cnbc_6543b711",True
2025-02-26,16387,16316.0,71.0,0.004351556754106398,3,"cnbc_6df208c1,cnbc_72673e48,cnbc_c05709cb",True
2025-02-27,16431,16387.0,44.0,0.0026850552267040947,5,"cnbc_f3a7998a,cnbc_0baf98b6,cnbc_6ee75df8,cnbc_72b6a712,cnbc_45de4f07",True
2025-02-28,16575,16431.0,144.0,0.008763921855030126,7,"cnbc_3ca50248,cnbc_c7f0358b,cnbc_c2d45a0c,cnbc_82389537,cnbc_4fa2100a,cnbc_a1aef8fb,cnbc_f6be837e",True
2025-03-03,16506,16575.0,-69.0,-0.00416289592760181,25,"cnbc_557caa4c,cnbc_2498ac55,cnbc_c7a1f302,cnbc_4252ca33,cnbc_75233b5a,cnbc_a6d7b05b,cnbc_bf4a21ee,cnbc_d5c1032a,cnbc_78b355b4,cnbc_21e7d9f4,cnbc_0c1c0718,cnbc_1e04bf2f,cnbc_2bfa7645,cnbc_d7f002a7,cnbc_475a109a,cnbc_0f17ef80,cnbc_dcf9a61d,cnbc_8ac13995,cnbc_c41f0dde,cnbc_e90a2505,cnbc_d1f1e473,cnbc_902ad9a8,cnbc_d143574d,cnbc_4702c2e6,cnbc_5ac2616c",True
2025-03-04,16443,16506.0,-63.0,-0.003816793893129771,7,"cnbc_62bd2e73,cnbc_a62dceaa,cnbc_fab4458e,cnbc_596e82bb,cnbc_087fef02,cnbc_3dd5775c,cnbc_78345280",True
2025-03-05,16371,16443.0,-72.0,-0.004378762999452655,13,"cnbc_b3cd880e,cnbc_32127caf,cnbc_4a06afa8,cnbc_0ce2b90c,cnbc_e4898c26,cnbc_998a0618,cnbc_147fabec,cnbc_e86ee22b,cnbc_34d9ff9a,cnbc_be25d5dc,cnbc_a5117954,cnbc_07cb0b26,cnbc_f3288b78",True
2025-03-06,16315,16371.0,-56.0,-0.0034206829149105123,19,"cnbc_56aa9c4e,cnbc_0316fdaf,cnbc_a80aa411,cnbc_85f4ca0f,cnbc_cfaaf2ae,cnbc_d3e5e03f,cnbc_65535fdd,cnbc_caece31b,cnbc_b818a754,cnbc_7750e033,cnbc_8d2e7d55,cnbc_b1f96356,cnbc_458695fa,cnbc_a57dc22c,cnbc_cdf0028e,cnbc_176177ce,cnbc_35216e7d,cnbc_231bbf23,cnbc_7fbf5acb",True
2025-03-07,16336,16315.0,21.0,0.0012871590560833588,14,"cnbc_a557c9ba,cnbc_226c0b0c,cnbc_8ea07d79,cnbc_e162c5a2,cnbc_ea67e22d,cnbc_e8d06f47,cnbc_2cff28f3,cnbc_4c1b9a53,cnbc_fc4322eb,cnbc_45adac66,cnbc_8a4f9094,cnbc_d24a14ea,cnbc_13fc9e9d,cnbc_8948f791",True
2025-03-10,16326,16336.0,-10.0,-0.0006121449559255632,17,"cnbc_6c7080dd,cnbc_4a916b9b,cnbc_6ae5f624,cnbc_69bb0ec3,cnbc_d2df294c,cnbc_5f93fa3c,cnbc_1f9e4862,cnbc_3eb68bd2,cnbc_75f3e5dd,cnbc_8ce76911,cnbc_5611e2c7,cnbc_f6f61739,cnbc_8ce36c65,cnbc_0b3857d7,cnbc_4b6ea0f7,cnbc_bdea420b,cnbc_3cea5125",True
2025-03-11,16430,16326.0,104.0,0.006370207031728531,6,"cnbc_4bdf3696,cnbc_701e773f,cnbc_234262e8,cnbc_e5c3fcb8,cnbc_f8e661a1,cnbc_7420e557",True
2025-03-12,16453,16430.0,23.0,0.001399878271454656,17,"cnbc_1710affc,cnbc_826a694b,cnbc_0af4282a,cnbc_052dc76b,cnbc_00cab569,cnbc_f4dbb0dd,cnbc_b5417010,cnbc_f55c37df,cnbc_985d29af,cnbc_140f33a9,cnbc_153d8bff,cnbc_44827948,cnbc_a55524cb,cnbc_670d2ae1,cnbc_39be2e02,cnbc_4fb20e6b,cnbc_41c7db60",True
2025-03-13,16428,16453.0,-25.0,-0.0015194797301404,13,"cnbc_7a751aac,cnbc_a779b7d3,cnbc_b0d5bebc,cnbc_b76c2002,cnbc_128d8684,cnbc_d6701652,cnbc_277aa3aa,cnbc_f50c7f2f,cnbc_ebde9c76,cnbc_6be6acc6,cnbc_a4a4963b,cnbc_4bde11e5,cnbc_94ec3f45",True
2025-03-14,16392,16428.0,-36.0,-0.002191380569758948,16,"cnbc_0e5dc1cd,cnbc_beff1557,cnbc_28250da0,cnbc_e0e253b9,cnbc_5c1dc56d,cnbc_d5c3bd0b,cnbc_577129b6,cnbc_8dd7e148,cnbc_0aaa3ad7,cnbc_fea64160,cnbc_62162eaf,cnbc_a0709678,cnbc_e9da193f,cnbc_bd9086cb,cnbc_bdf0b190,cnbc_68a8b661",True
2025-03-17,16379,16392.0,-13.0,-0.0007930697901415325,23,"cnbc_216c9442,cnbc_5cdeda6d,cnbc_6d594c9e,cnbc_f6eeba41,cnbc_551d3649,cnbc_d8716d03,cnbc_2beceded,cnbc_d356dc83,cnbc_1d6ec041,cnbc_06da19d7,cnbc_585e1e2f,cnbc_098239ef,cnbc_d3bbe29b,cnbc_07dba9ee,cnbc_1898d959,cnbc_338144d1,cnbc_0b2ef0ff,cnbc_50d0ce27,cnbc_0c1240c1,cnbc_a1f70bdf,cnbc_eb597652,cnbc_bcdc7bf7,cnbc_0f9b22d6",True
2025-03-18,16432,16379.0,53.0,0.003235850784541181,8,"cnbc_7894925a,cnbc_e3149460,cnbc_04bf2fdf,cnbc_4cc7e027,cnbc_58aa8637,cnbc_604a38e0,cnbc_a83fbccd,cnbc_ab1bc2e2",True
2025-03-19,16528,16432.0,96.0,0.005842259006815969,10,"cnbc_64779372,cnbc_00a652ff,cnbc_be0768a8,cnbc_162b0fbe,cnbc_1d825837,cnbc_f1b3e00a,cnbc_32f67528,cnbc_e089c163,cnbc_c6b17814,cnbc_ba8d2b5a",True
2025-03-20,16481,16528.0,-47.0,-0.0028436592449177156,9,"cnbc_a36cef68,cnbc_6aea807c,cnbc_24fa6cb7,cnbc_65b9af2c,cnbc_fa4461fd,cnbc_c9b135c8,cnbc_5ab6290f,cnbc_e4e86657,cnbc_6de4bc88",True
2025-03-21,16501,16481.0,20.0,0.0012135185971725016,6,"cnbc_ff2d6b97,cnbc_c085f296,cnbc_25d84eed,cnbc_17b19266,cnbc_4301c7f1,cnbc_2ed26eda",True
2025-03-24,16561,16501.0,60.0,0.0036361432640446036,16,"cnbc_d8cfe801,cnbc_632f6ec1,cnbc_3b2d372e,cnbc_5ff0e8c5,cnbc_6de6d855,cnbc_e89dc957,cnbc_4a8119d5,cnbc_4eda3c88,cnbc_cf75e5e9,cnbc_08935023,cnbc_456651c6,cnbc_48a9aacc,cnbc_e47d181a,cnbc_19cb5ce0,cnbc_fbc29e0d,cnbc_b0b7ed60",True
2025-03-25,16622,16561.0,61.0,0.003683352454561923,7,"cnbc_6e796185,cnbc_b083d7f2,cnbc_af155daf,cnbc_62275e9a,cnbc_ddc735e8,cnbc_a0d78daf,cnbc_90be81a3",True
2025-03-26,16588,16622.0,-34.0,-0.0020454818914691373,11,"cnbc_731fa362,cnbc_b0377ab0,cnbc_07c52d17,cnbc_fc6aebf2,cnbc_f73bf79f,cnbc_e37f87ee,cnbc_5155bf8f,cnbc_6c1ee5b4,cnbc_cd98d844,cnbc_7dc65086,cnbc_9c81ae9a",True
2025-03-27,16566,16588.0,-22.0,-0.001326259946949602,11,"cnbc_0a841eb5,cnbc_cd4e81e6,cnbc_e816647f,cnbc_a4289294,cnbc_33fdbf23,cnbc_459df0d9,cnbc_45f741e9,cnbc_207ffa7a,cnbc_d5266791,cnbc_7690b7ce,cnbc_4a75fd07",True
2025-04-08,16849,16566.0,283.0,0.01708318242182784,133,"cnbc_1968b250,cnbc_0802f683,cnbc_f99ea479,cnbc_eee91c9a,cnbc_93ac99f5,cnbc_6102cd3c,cnbc_27710945,cnbc_7d9839db,cnbc_e9832a41,cnbc_928304e5,cnbc_2e0672f0,cnbc_081663b1,cnbc_59941dd2,cnbc_61fead72,cnbc_f0e69c6e,cnbc_4198c7ef,cnbc_575fd2b4,cnbc_eedc21ae,cnbc_2658d67c,cnbc_26f7cab7,cnbc_f6dc8cd0,cnbc_01f695ec,cnbc_f7dc3784,cnbc_b7bcf35c,cnbc_06a1ca8f,cnbc_f8aff3b7,cnbc_924b2ffb,cnbc_2c74916b,cnbc_3fc1228d,cnbc_7111eab5,cnbc_42ea2bc1,cnbc_b2e00ea3,cnbc_eee7bfef,cnbc_4357da4a,cnbc_6d39f3d8,cnbc_7cc3ec5e,cnbc_55cacf88,cnbc_9119ae09,cnbc_182591f9,cnbc_e3880bb8,cnbc_56e908e1,cnbc_3904b306,cnbc_397e96b8,cnbc_e00475fd,cnbc_e2c22698,cnbc_c305af42,cnbc_724d88b8,cnbc_b0ccec1a,cnbc_a430f10d,cnbc_4944ae1b,cnbc_45409d94,cnbc_7bc64dc5,cnbc_f7ba2f13,cnbc_543bfa7c,cnbc_ac413a27,cnbc_f9cb0b83,cnbc_ad0fd567,cnbc_257bc16d,cnbc_e7eb84fa,cnbc_caf7c3bc,cnbc_732455cc,cnbc_529c0307,cnbc_02787757,cnbc_9034e1dd,cnbc_cf8ec3d3,cnbc_6cbc8d18,cnbc_8b1ec836,cnbc_35aa3b2a,cnbc_18b63765,cnbc_f824a6a2,cnbc_ac5bcb7e,cnbc_e5e5f1c8,cnbc_c3e245bb,cnbc_c9f29b90,cnbc_300db945,cnbc_d20338b3,cnbc_b33c0c9a,cnbc_f18076cc,cnbc_8000ec76,cnbc_ed7fe13d,cnbc_1eb01684,cnbc_b90a43b3,cnbc_e0f6c09c,cnbc_f264685a,cnbc_8915b8ab,cnbc_6fde2b53,cnbc_6beafbb8,cnbc_137c8ea5,cnbc_afbd2d83,cnbc_1e8fc287,cnbc_460b48cb,cnbc_a7f4ec8d,cnbc_d586d7e2,cnbc_1f77a8bb,cnbc_18509e5a,cnbc_b00e3559,cnbc_f8d091f4,cnbc_6ed5e98b,cnbc_e0dfd439,cnbc_86abbb33,cnbc_01b3b877,cnbc_4525abb2,cnbc_7020857f,cnbc_6e2660b3,cnbc_9ad900dd,cnbc_0866aff6,cnbc_5bbfc8bd,cnbc_51cff190,cnbc_00725172,cnbc_0a2fe56c,cnbc_84490e61,cnbc_559837b3,cnbc_94718700,cnbc_d1278af1,cnbc_25c2b527,cnbc_a4e57121,cnbc_33453249,cnbc_97a1750d,cnbc_e87f458c,cnbc_05072d5b,cnbc_2bde618f,cnbc_95b22fdd,cnbc_51ccc70a,cnbc_e7cb1518,cnbc_2aa5866a,cnbc_d51d544f,cnbc_f27fb2a3,cnbc_08e83236,cnbc_399de3e2,cnbc_5af62097,cnbc_6458faf0,cnbc_e3aaa786,cnbc_96fdea62",True
2025-04-09,16943,16849.0,94.0,0.0055789661107484125,11,"cnbc_91798e75,cnbc_7fa1ed97,cnbc_ce18e8fa,cnbc_f355dcc8,cnbc_dcb8edec,cnbc_c6f217c9,cnbc_b8b84e8a,cnbc_a8f17fe3,cnbc_86da216d,cnbc_a5171cef,cnbc_ad1c8aad",True
2025-04-10,16779,16943.0,-164.0,-0.009679513663459836,19,"cnbc_4b00c85d,cnbc_33e2a584,cnbc_9e468780,cnbc_d47a7ce0,cnbc_bdd02163,cnbc_d003882d,cnbc_d39121d3,cnbc_bb1d754e,cnbc_241f67b1,cnbc_4710c944,cnbc_43eee20a,cnbc_265953e5,cnbc_ef9cc01c,cnbc_4be4b764,cnbc_aff89a85,cnbc_f2c7b37c,cnbc_a3f2d907,cnbc_0e2c1101,cnbc_dc89c147",True
2025-04-11,16805,16779.0,26.0,0.0015495559926098099,12,"cnbc_afcbf3f1,cnbc_e9d9e946,cnbc_c5a2085e,cnbc_3629c29d,cnbc_0910c707,cnbc_20fd1083,cnbc_13508349,cnbc_3bf941a9,cnbc_b8b5267e,cnbc_3fb01b53,cnbc_58fc0b65,cnbc_f07edf34",True
2025-04-14,16773,16805.0,-32.0,-0.0019041951800059507,32,"cnbc_c5f2c14f,cnbc_826ca767,cnbc_8ee8a49c,cnbc_2f798c82,cnbc_7ba111eb,cnbc_464f9c7b,cnbc_8df9d097,cnbc_ac433fba,cnbc_ce4bc049,cnbc_a71fb5d5,cnbc_067f7c40,cnbc_e2ce170e,cnbc_6aff1f8c,cnbc_65178bfa,cnbc_8d3e74d2,cnbc_edea0443,cnbc_97ac974b,cnbc_5f528edf,cnbc_3fed4d37,cnbc_1e685777,cnbc_84c5d47b,cnbc_fedccf35,cnbc_37c08a8c,cnbc_9419fb31,cnbc_1b85fade,cnbc_6513a501,cnbc_53a0aa6b,cnbc_a39f320e,cnbc_2aea2537,cnbc_8cbc7309,cnbc_b57af832,cnbc_98c3beee",True
2025-04-15,16815,16773.0,42.0,0.002504024324807727,9,"cnbc_3745045c,cnbc_f961b565,cnbc_e1addbe4,cnbc_e199cb5b,cnbc_3d020b76,cnbc_12e497fb,cnbc_10bec333,cnbc_baf083a6,cnbc_b6af7bc8",True
2025-04-16,16845,16815.0,30.0,0.001784121320249777,10,"cnbc_e86eff79,cnbc_fc8210d0,cnbc_44f963e7,cnbc_f0e8042f,cnbc_187acc64,cnbc_b8c3f4e1,cnbc_0058fa10,cnbc_5067ac7f,cnbc_5ac43bee,cnbc_773c17b0",True
2025-04-17,16833,16845.0,-12.0,-0.0007123775601068567,20,"cnbc_6b88517f,cnbc_5f4062f8,cnbc_ed7005e9,cnbc_c2971071,cnbc_aaa28ea8,cnbc_3a3a385e,cnbc_c621b97f,cnbc_b8973be6,cnbc_e4087c5e,cnbc_24b2fc48,cnbc_3faac327,cnbc_469ef10b,cnbc_00bf6f38,cnbc_f1862b56,cnbc_e1e40220,cnbc_86a1eb64,cnbc_9faa9461,cnbc_38120fdf,cnbc_33a7783f,cnbc_1eaaf6b1",True
2025-04-21,16808,16833.0,-25.0,-0.001485177924315333,25,"cnbc_a1aa7be3,cnbc_856b4594,cnbc_e73082f2,cnbc_983114fa,cnbc_84b2cfed,cnbc_dd76e539,cnbc_4b7b1370,cnbc_b33d2faa,cnbc_6099a3e7,cnbc_0ea88662,cnbc_e24367e5,cnbc_6b9a5daa,cnbc_eac5f6cd,cnbc_997625e5,cnbc_8656aa16,cnbc_39ce758c,cnbc_25a0b914,cnbc_487d6894,cnbc_1d7739b7,cnbc_a03364a1,cnbc_7f4b26b5,cnbc_bbaede5b,cnbc_944e7faa,cnbc_8625ae24,cnbc_3dc94030",True
2025-04-22,16862,16808.0,54.0,0.0032127558305568775,6,"cnbc_11a2e911,cnbc_3882a852,cnbc_f55d172e,cnbc_16992944,cnbc_542f1dc0,cnbc_3b9511d2",True
2025-04-23,16880,16862.0,18.0,0.001067489028584984,6,"cnbc_6e88b3b2,cnbc_e6aef8ca,cnbc_68b14081,cnbc_a72d9a72,cnbc_d5f2bccd,cnbc_d525f5c6",True
2025-04-24,16884,16880.0,4.0,0.00023696682464454977,11,"cnbc_83ede224,cnbc_b929ad8d,cnbc_5d7cf70e,cnbc_0b83c881,cnbc_615276ba,cnbc_80777120,cnbc_923e2884,cnbc_5b849143,cnbc_e13d6909,cnbc_02e3f0d1,cnbc_526e4e70",True
2025-04-25,16829,16884.0,-55.0,-0.003257521914238332,18,"cnbc_8f4d4f17,cnbc_8d55327a,cnbc_4437edde,cnbc_7f0fa3c5,cnbc_48dd109d,cnbc_9eb08cfe,cnbc_9dcc05e7,cnbc_67a3044f,cnbc_8c6354b8,cnbc_a3d621f0,cnbc_6708ae5b,cnbc_9f8b8be2,cnbc_906971a6,cnbc_e4d7aaa2,cnbc_2a0741e1,cnbc_3993c25f,cnbc_ff2b66ce,cnbc_fae2e98e",True
2025-04-28,16862,16829.0,33.0,0.0019609008259551964,22,"cnbc_eb8945a8,cnbc_2393e67a,cnbc_aedc485f,cnbc_8c299c00,cnbc_da365ce1,cnbc_7df7026c,cnbc_51e6f1f3,cnbc_173f4b2c,cnbc_8d369287,cnbc_1f7ac7ef,cnbc_69daf2ce,cnbc_2b23a7eb,cnbc_0359677b,cnbc_d233119f,cnbc_e605d08b,cnbc_4d6867ca,cnbc_7202f5f3,cnbc_bbd481f0,cnbc_56325a43,cnbc_713f984c,cnbc_199b9a91,cnbc_9b11dad8",True
2025-04-29,16787,16862.0,-75.0,-0.004447870952437433,9,"cnbc_ec6a1a7b,cnbc_ff32f5ba,cnbc_4acd171e,cnbc_c8138c31,cnbc_db6d4a87,cnbc_a41407c5,cnbc_b91187a6,cnbc_2b560806,cnbc_f67023f7",True
2025-04-30,16679,16787.0,-108.0,-0.006433549770655865,11,"cnbc_1e56d0b7,cnbc_d5a38575,cnbc_e3fa6750,cnbc_d5b09d55,cnbc_c5132082,cnbc_db7025c4,cnbc_1897a5b1,cnbc_c32129bd,cnbc_fca1605e,cnbc_9fb93e76,cnbc_476c7b84",True
2025-05-02,16493,16679.0,-186.0,-0.011151747706697045,21,"cnbc_92d6e2c1,cnbc_0334bdfc,cnbc_b5654fe5,cnbc_4dcf7e92,cnbc_3d123023,cnbc_6ee63647,cnbc_e17a9424,cnbc_2b9f7506,cnbc_a77c766c,cnbc_d633d09d,cnbc_1baec993,cnbc_db3a8218,cnbc_c4240bbb,cnbc_1b0515ca,cnbc_7aa3cea3,cnbc_066b8e5e,cnbc_8d75b567,cnbc_22e194b6,cnbc_87c56dca,cnbc_14dabdbf,cnbc_a1ab4646",True
2025-05-05,16421,16493.0,-72.0,-0.004365488389013521,17,"cnbc_e8f43208,cnbc_1d5a3b25,cnbc_aad77b89,cnbc_ac07d8d0,cnbc_e61e4dd3,cnbc_123fb152,cnbc_b811bafa,cnbc_00184f21,cnbc_840cd5ae,cnbc_655b557f,cnbc_ff09dceb,cnbc_df1a4f17,cnbc_f55c4dd0,cnbc_e46ab105,cnbc_851511ff,cnbc_a29edd32,cnbc_7406b3d3",True
2025-05-06,16472,16421.0,51.0,0.003105779185189696,7,"cnbc_b2ec053b,cnbc_811f7c72,cnbc_56333ae9,cnbc_1b29c452,cnbc_11ea095f,cnbc_b13fe966,cnbc_ebbd2ed4",True
2025-05-07,16533,16472.0,61.0,0.0037032540067994174,12,"cnbc_f85ee7a2,cnbc_03806f57,cnbc_30aa5809,cnbc_8b5e8439,cnbc_d9fb1dfd,cnbc_f3b57d4e,cnbc_e2bab6f9,cnbc_c0c991fe,cnbc_1be162ff,cnbc_642c4d48,cnbc_0137a159,cnbc_9e135db3",True
2025-05-08,16497,16533.0,-36.0,-0.002177463255307567,10,"cnbc_2c75dd62,cnbc_187b97ba,cnbc_9c8ad5e1,cnbc_f4e340d0,cnbc_d63fb298,cnbc_c6e5100f,cnbc_2b9c1e3a,cnbc_7ef77503,cnbc_f217dd3f,cnbc_c284a6f6",True
2025-05-09,16532,16497.0,35.0,0.0021215978662787174,17,"cnbc_ba09028f,cnbc_dcaa59de,cnbc_3c97c0f0,cnbc_ce3b6b92,cnbc_257fc9f8,cnbc_c301e60d,cnbc_102ce042,cnbc_71573640,cnbc_1d56a4c4,cnbc_96ef41c1,cnbc_5623e2ae,cnbc_4b286a4e,cnbc_92a8848c,cnbc_65bf083b,cnbc_3dce1c52,cnbc_66ecd4fd,cnbc_c0733eee",True
2025-05-14,16568,16532.0,36.0,0.0021775949673360755,50,"cnbc_60d1e3ca,cnbc_372d1fb5,cnbc_e45adc61,cnbc_ee641453,cnbc_00261885,cnbc_d6e66420,cnbc_e61fc2b9,cnbc_e6e29a47,cnbc_14bacb52,cnbc_388fc6d4,cnbc_690b0ff3,cnbc_f2f9070d,cnbc_ccd5e922,cnbc_a2ad5838,cnbc_91517358,cnbc_0d502e84,cnbc_c525bce4,cnbc_ffa2096c,cnbc_a6c0e824,cnbc_674c77a5,cnbc_0e1a259d,cnbc_bb57ba1f,cnbc_dd5b626e,cnbc_a154a253,cnbc_e7318e2f,cnbc_57967790,cnbc_349d4e69,cnbc_0bb144fa,cnbc_ac7d7b0e,cnbc_b6bb52fd,cnbc_fd1e849f,cnbc_093efaac,cnbc_6cd725a7,cnbc_47b3ebd8,cnbc_d6649524,cnbc_f9bbc09f,cnbc_c375ffb3,cnbc_8780a584,cnbc_a0901465,cnbc_24f36300,cnbc_e2c505ad,cnbc_78962d31,cnbc_0201146d,cnbc_db8bd953,cnbc_0c209f38,cnbc_b512c89f,cnbc_8ef4c326,cnbc_25b785d5,cnbc_2fa60064,cnbc_2196c2bd",True
2025-05-15,16535,16568.0,-33.0,-0.0019917914051183,6,"cnbc_2b66fff4,cnbc_b337b814,cnbc_383abcfc,cnbc_4a69d854,cnbc_604e4451,cnbc_51f17c8b",True
2025-05-16,16424,16535.0,-111.0,-0.006713032960387058,15,"cnbc_6be45eea,cnbc_ce1d6147,cnbc_e3e1f595,cnbc_9f22175a,cnbc_2fd4b5bd,cnbc_354997a7,cnbc_d16a69ce,cnbc_fcbbe86f,cnbc_8e204c81,cnbc_fc0aba7e,cnbc_ba8340b6,cnbc_397bed33,cnbc_a8daf37a,cnbc_2ea4ada0,cnbc_f9113033",True
2025-05-19,16455,16424.0,31.0,0.001887481734047735,16,"cnbc_57323c96,cnbc_79b68b7b,cnbc_6d7eebde,cnbc_8165c1b6,cnbc_477adcf6,cnbc_29d7dcd6,cnbc_d529e2fd,cnbc_c088576b,cnbc_bfcffc18,cnbc_87ebc795,cnbc_3753e98f,cnbc_467679d7,cnbc_7577b765,cnbc_a1e203fe,cnbc_888d77eb,cnbc_f36a5927",True
2025-05-20,16406,16455.0,-49.0,-0.002977818292312367,5,"cnbc_a1d8f007,cnbc_5301afa1,cnbc_f37666f8,cnbc_1f78cc96,cnbc_d792617a",True
2025-05-21,16413,16406.0,7.0,0.00042667316835304155,6,"cnbc_b20a7501,cnbc_8f50cba9,cnbc_0bc0d4c4,cnbc_af501e29,cnbc_30931626,cnbc_ca71c70a",True
2025-05-22,16313,16413.0,-100.0,-0.006092731371473831,7,"cnbc_a15562b0,cnbc_b101d7a1,cnbc_97a4db7e,cnbc_a14105d1,cnbc_b46c1108,cnbc_6c1da3bb,cnbc_174c1cee",True
2025-05-23,16289,16313.0,-24.0,-0.001471219272972476,9,"cnbc_377cc069,cnbc_866d612d,cnbc_4a6467dc,cnbc_7c0937b4,cnbc_1a37dca5,cnbc_5d7068ee,cnbc_fbb0e214,cnbc_247c6b54,cnbc_4d3bfcd7",True
2025-05-26,16207,16289.0,-82.0,-0.005034072073178218,22,"cnbc_12a69bbf,cnbc_80204792,cnbc_bc314f90,cnbc_5cdcaffd,cnbc_74be7249,cnbc_28fd787c,cnbc_f2017796,cnbc_957a914b,cnbc_a87b00df,cnbc_81576c3c,cnbc_cd4873ff,cnbc_ae25b5a5,cnbc_3c31a972,cnbc_abc02f3d,cnbc_fdb7095a,cnbc_e99b13fc,cnbc_0b985ec8,cnbc_a650ceec,cnbc_57147bdd,cnbc_956748cf,cnbc_fd3136db,cnbc_8ba2a16d",True
2025-05-27,16255,16207.0,48.0,0.0029616832232985746,7,"cnbc_8c47d053,cnbc_fa150133,cnbc_0b56a92b,cnbc_11d6fb55,cnbc_048aeb3c,cnbc_19ec486f,cnbc_90214b4c",True
2025-05-28,16300,16255.0,45.0,0.0027683789603199014,5,"cnbc_104a0999,cnbc_9a71b28b,cnbc_4b5a726e,cnbc_33e0cf94,cnbc_8231c2e2",True
2025-06-02,16297,16300.0,-3.0,-0.00018404907975460124,47,"cnbc_eb90e10b,cnbc_bcad4bf1,cnbc_e89fcea6,cnbc_423b352d,cnbc_87e6513e,cnbc_e3bd4f74,cnbc_58d6d712,cnbc_1e95ac7b,cnbc_b16bd8d5,cnbc_d207a49a,cnbc_2e59cf23,cnbc_8f2ac6ae,cnbc_9e7ada55,cnbc_34d21fd2,cnbc_3dc58a37,cnbc_a3dafbbd,cnbc_ad80e516,cnbc_f347039b,cnbc_fa940aa0,cnbc_57aa9f41,cnbc_dece9db0,cnbc_a4bf2db1,cnbc_53df589a,cnbc_11ed37fe,cnbc_8f90f8da,cnbc_7b7962a7,cnbc_e192cd77,cnbc_3c106926,cnbc_fa0c1629,cnbc_f705b498,cnbc_ac741305,cnbc_3854318e,cnbc_a107f978,cnbc_3569bb57,cnbc_6fa19567,cnbc_064cc988,cnbc_00fc8004,cnbc_e31de6fe,cnbc_1916d006,cnbc_0a9b9552,cnbc_97035464,cnbc_4898450e,cnbc_6ea0abbd,cnbc_6ffd467a,cnbc_3a82fcfd,cnbc_3967fcbe,cnbc_c1005f8f",True
2025-06-03,16288,16297.0,-9.0,-0.000552248880161993,10,"cnbc_de0504f1,cnbc_5a4b27ef,cnbc_11ae3a9f,cnbc_e5beba03,cnbc_fea92762,cnbc_2e59edd6,cnbc_66d3f069,cnbc_65d2bbee,cnbc_54de9caf,cnbc_22a2fa8d",True
2025-06-04,16305,16288.0,17.0,0.001043713163064833,5,"cnbc_1b398407,cnbc_76822519,cnbc_590c18fa,cnbc_9de7ab10,cnbc_e67788e1",True
2025-06-05,16277,16305.0,-28.0,-0.0017172646427476234,9,"cnbc_7cb447f3,cnbc_7431d5e5,cnbc_54c3eea8,cnbc_c0819264,cnbc_8a38a5dc,cnbc_c434a01a,cnbc_c83c3ac7,cnbc_3e562095,cnbc_2ac40e5f",True
2025-06-10,16276,16277.0,-1.0,-6.1436382625791e-05,40,"cnbc_b06f1079,cnbc_515c9391,cnbc_1ad714f4,cnbc_18e2b542,cnbc_34a0d291,cnbc_6770865c,cnbc_20c897b3,cnbc_cdd1ca27,cnbc_ef909eb8,cnbc_f379c14a,cnbc_4454e271,cnbc_7ef14697,cnbc_e62226b6,cnbc_553eb716,cnbc_e1aefcdf,cnbc_949741be,cnbc_62760dd2,cnbc_ca77ca64,cnbc_14dc3621,cnbc_acbf1681,cnbc_9808a62e,cnbc_ab5b5608,cnbc_e6381b06,cnbc_b95edd6d,cnbc_0ae1093e,cnbc_12f6a94a,cnbc_65e964e7,cnbc_faf28b25,cnbc_9d844118,cnbc_219b5505,cnbc_1e52956a,cnbc_25d51d8e,cnbc_80c4873f,cnbc_0b0b79ee,cnbc_e87ef7ef,cnbc_3894602b,cnbc_5c327e54,cnbc_3cbc6136,cnbc_1069265c,cnbc_0b40d654",True
2025-06-11,16265,16276.0,-11.0,-0.0006758417301548292,13,"cnbc_e42f9038,cnbc_b7ade88c,cnbc_897b5b16,cnbc_70712002,cnbc_61f3c24e,cnbc_aa95050a,cnbc_74529ac9,cnbc_b632aa16,cnbc_9f8d5c4e,cnbc_4e969313,cnbc_1719f9cd,cnbc_17b63fb4,cnbc_7bd2dacc",True
2025-06-12,16237,16265.0,-28.0,-0.0017214878573624346,13,"cnbc_4923feb7,cnbc_3b8703f1,cnbc_de547631,cnbc_7fa773d7,cnbc_73157157,cnbc_5bf041ae,cnbc_f5a4bf9b,cnbc_1b4235f7,cnbc_6942120d,cnbc_2947bbf3,cnbc_19f65f4a,cnbc_202a4187,cnbc_ddcc5b6d",True
2025-06-13,16293,16237.0,56.0,0.0034489129765350743,16,"cnbc_37f1fa7f,cnbc_b2c0364a,cnbc_d31eeb6a,cnbc_822276ad,cnbc_44a81c30,cnbc_dfd93981,cnbc_859018ed,cnbc_c3d1997a,cnbc_bbd34664,cnbc_468fde5c,cnbc_e94aafff,cnbc_9c95ea1a,cnbc_e27b59b2,cnbc_8ff9deba,cnbc_f6a301fb,cnbc_d6688953",True
2025-06-16,16296,16293.0,3.0,0.00018412815319462345,26,"cnbc_506caa2d,cnbc_a8f59272,cnbc_da03a7ce,cnbc_42a1a0b3,cnbc_90130b16,cnbc_1e0cbd81,cnbc_13d006c5,cnbc_4821105b,cnbc_fb42847d,cnbc_6d7045fd,cnbc_6655cc5c,cnbc_b0dadf84,cnbc_a67b3ba3,cnbc_409a10e6,cnbc_9158f7be,cnbc_640c942e,cnbc_64e0ca90,cnbc_1e25d37e,cnbc_52e8e9d1,cnbc_7fc6a613,cnbc_4d78fa9f,cnbc_d2a2b1c1,cnbc_757bb925,cnbc_161b82ae,cnbc_9f8ddf38,cnbc_5e5d583a",True
2025-06-17,16281,16296.0,-15.0,-0.0009204712812960235,14,"cnbc_991dc514,cnbc_afdd9749,cnbc_857734b8,cnbc_7c21359a,cnbc_48e76aaf,cnbc_b4e7da5e,cnbc_6b39e206,cnbc_d1333806,cnbc_5cc79a4e,cnbc_8258835d,cnbc_8900abab,cnbc_a89d3661,cnbc_2b490131,cnbc_aa7b66a4",True
2025-06-18,16319,16281.0,38.0,0.002334008967508138,12,"cnbc_50fcbdac,cnbc_5f48fd68,cnbc_671e3afc,cnbc_79b5c7e4,cnbc_a7146b00,cnbc_b377ef56,cnbc_648b2cfb,cnbc_1a7cf438,cnbc_05bea174,cnbc_07a37279,cnbc_14dba076,cnbc_74df2980",True
2025-06-19,16378,16319.0,59.0,0.003615417611373246,13,"cnbc_4756dac4,cnbc_e5cbf969,cnbc_860cbadc,cnbc_f4e769fe,cnbc_27e28959,cnbc_70e2c814,cnbc_d39e82fb,cnbc_e4ff71f7,cnbc_ae1d06c2,cnbc_962da1f0,cnbc_987d7b4b,cnbc_189aba65,cnbc_48dc22cb",True
2025-06-20,16399,16378.0,21.0,0.0012822078397850775,11,"cnbc_cfa27d69,cnbc_f9a82524,cnbc_71734381,cnbc_38badfdc,cnbc_31533974,cnbc_d3ea5f26,cnbc_f49ad650,cnbc_ac468631,cnbc_b133aef6,cnbc_f6009315,cnbc_e0d9239b",True
2025-06-23,16484,16399.0,85.0,0.005183242880663455,28,"cnbc_59ee2d52,cnbc_8fd125da,cnbc_ab4332e6,cnbc_21506b32,cnbc_3c38041b,cnbc_7d51eebf,cnbc_37af4f7b,cnbc_4baf5085,cnbc_8fb1e2a8,cnbc_2476bb9c,cnbc_b98b4041,cnbc_cc576fab,cnbc_1780d3a5,cnbc_e7ae7b4e,cnbc_97bd6d8d,cnbc_61176065,cnbc_9691e899,cnbc_a33db858,cnbc_4d89fb43,cnbc_2e18ef8e,cnbc_059d1dff,cnbc_57b84a90,cnbc_583d9b54,cnbc_767230e6,cnbc_1a8391c1,cnbc_c902024a,cnbc_48ba6d04,cnbc_4915b339",True
2025-06-24,16370,16484.0,-114.0,-0.0069157971366173255,18,"cnbc_cf70c561,cnbc_eda6cbd7,cnbc_958d543b,cnbc_df47170f,cnbc_aa746679,cnbc_e6c30099,cnbc_fa264783,cnbc_1b9d5757,cnbc_dba39973,cnbc_dc89cbfd,cnbc_c9cd68d8,cnbc_f20e3783,cnbc_8da41922,cnbc_d7ddee12,cnbc_ebc94724,cnbc_9f90cdda,cnbc_d5e2e647,cnbc_93fed7c8",True
2025-06-25,16292,16370.0,-78.0,-0.004764813683567502,12,"cnbc_2142dbeb,cnbc_b8dd25e1,cnbc_d6610ec1,cnbc_c6116662,cnbc_9ab49b9e,cnbc_e94481b9,cnbc_be6dce69,cnbc_eb61fd2e,cnbc_060258dd,cnbc_ee2f8701,cnbc_24e3203a,cnbc_97e3cdd1",True
2025-06-26,16233,16292.0,-59.0,-0.0036214092806285294,18,"cnbc_4e2ca541,cnbc_c360450a,cnbc_606e2a56,cnbc_128974f2,cnbc_2711fe8b,cnbc_9f1684b8,cnbc_f1f124ce,cnbc_23c3603c,cnbc_ffa88043,cnbc_36b906d1,cnbc_f1ce3441,cnbc_c4dd0cc0,cnbc_fdac0d2b,cnbc_ae65d691,cnbc_7389db79,cnbc_db967392,cnbc_d0c6f67c,cnbc_601cb551",True
2025-06-30,16231,16233.0,-2.0,-0.00012320581531448285,29,"cnbc_c178d796,cnbc_9bf7293e,cnbc_80b2f466,cnbc_fbc193f4,cnbc_da148743,cnbc_7a11d9ce,cnbc_318aa45b,cnbc_a6099f39,cnbc_76baa277,cnbc_62f4c181,cnbc_602fca53,cnbc_e607bf72,cnbc_2e6eb286,cnbc_23d3b6ee,cnbc_8af83b32,cnbc_8c441d40,cnbc_cb7ac837,cnbc_0f26fa03,cnbc_87cb68c3,cnbc_86e0e7e0,cnbc_1686cfaf,cnbc_8e29ea38,cnbc_7e7b5b77,cnbc_0245f539,cnbc_24950cb1,cnbc_9d68d9f4,cnbc_d39c5763,cnbc_0170230f,cnbc_db4d9690",True
2025-07-01,16192,16231.0,-39.0,-0.0024028094387283593,3,"cnbc_3701d523,cnbc_e5cbb156,cnbc_3858b1df",True
2025-07-02,16236,16192.0,44.0,0.002717391304347826,4,"cnbc_85341d01,cnbc_df74cd1e,cnbc_2abd913c,cnbc_5ac4d11d",True
2025-07-03,16209,16236.0,-27.0,-0.0016629711751662971,9,"cnbc_233c84b5,cnbc_3e3d1238,cnbc_dfcf5f60,cnbc_58c67bb3,cnbc_8152e9f9,cnbc_d1b4f4f5,cnbc_f5da9f73,cnbc_976a6e2e,cnbc_620f2dd8",True
2025-07-04,16204,16209.0,-5.0,-0.0003084706027515578,8,"cnbc_e29c165c,cnbc_0a2e5695,cnbc_68f3866e,cnbc_3edd9e3a,cnbc_7f4ae1e0,cnbc_b05017ad,cnbc_92a9b1fd,cnbc_42584ffb",True
2025-07-07,16237,16204.0,33.0,0.0020365341890891137,9,"cnbc_6ec5932f,cnbc_9b06b0ec,cnbc_357ff6cf,cnbc_e2816855,cnbc_755b423a,cnbc_cf81741d,cnbc_322c8002,cnbc_4c934547,cnbc_dce74e62",True
2025-07-08,16238,16237.0,1.0,6.158773172384061e-05,9,"cnbc_b904f3f6,cnbc_f68e57f3,cnbc_8b076ac2,cnbc_8f999a68,cnbc_4600d483,cnbc_ff651551,cnbc_dcc52167,cnbc_dcddb225,cnbc_06551ec5",True
2025-07-09,16254,16238.0,16.0,0.0009853430225397217,7,"cnbc_dd9f4486,cnbc_21caad2b,cnbc_743bfdaf,cnbc_525db6d3,cnbc_ee58a7ab,cnbc_fd247143,cnbc_5cb04ce4",True
2025-07-10,16220,16254.0,-34.0,-0.002091792789467208,11,"cnbc_71ca2b0a,cnbc_4203a849,cnbc_5e994f02,cnbc_ae8c4890,cnbc_d60e0b77,cnbc_9ee42568,cnbc_c1e954e4,cnbc_ca7fda43,cnbc_70567595,cnbc_1dd9a672,cnbc_fb7bff68",True
2025-07-11,16221,16220.0,1.0,6.165228113440197e-05,9,"cnbc_facdc32f,cnbc_085c6dd9,cnbc_23b9e693,cnbc_500eb007,cnbc_28499400,cnbc_36eb0205,cnbc_d632cc5c,cnbc_cb8fe68c,cnbc_ceb00f68",True
2025-07-14,16247,16221.0,26.0,0.0016028604894889342,17,"cnbc_1c4946eb,cnbc_b2587d37,cnbc_3c811711,cnbc_069139fe,cnbc_be25cac7,cnbc_47fbb9c2,cnbc_f73f096d,cnbc_bda91fe7,cnbc_1a5499a5,cnbc_e4625f85,cnbc_2e0eb035,cnbc_81b096c7,cnbc_34c72e9c,cnbc_c476784a,cnbc_6205093c,cnbc_b8c93e22,cnbc_12bd15d9",True
2025-07-15,16281,16247.0,34.0,0.002092694035821998,9,"cnbc_1d4064f8,cnbc_c8516333,cnbc_d52a9f8f,cnbc_0839eb0b,cnbc_3779d9a1,cnbc_56e9c98b,cnbc_05eef4fa,cnbc_8595efbb,cnbc_fb846125",True
2025-07-16,16288,16281.0,7.0,0.00042994902033044653,10,"cnbc_59d02882,cnbc_cc8f7d70,cnbc_9b66e257,cnbc_ff2b2aca,cnbc_683cb445,cnbc_40754aa7,cnbc_b0fbe2f5,cnbc_40eb0100,cnbc_3a32fec0,cnbc_29eae0a4",True
2025-07-17,16329,16288.0,41.0,0.0025171905697445973,11,"cnbc_00f3dc0d,cnbc_344c5f7c,cnbc_c8d4da80,cnbc_d07cfafe,cnbc_45c531af,cnbc_ad054155,cnbc_f7fa230c,cnbc_6b6fa0c7,cnbc_8abdbab7,cnbc_c594f9b8,cnbc_57d6e25a",True
2025-07-18,16301,16329.0,-28.0,-0.0017147406454773716,7,"cnbc_a7e46b68,cnbc_4d86c1b3,cnbc_fb608992,cnbc_f40faff9,cnbc_7561720e,cnbc_8096d8e3,cnbc_06c97126",True
2025-07-21,16330,16301.0,29.0,0.0017790319612293725,15,"cnbc_dcc48de3,cnbc_e7411531,cnbc_425a3455,cnbc_0179ca13,cnbc_41b44c38,cnbc_3754ac76,cnbc_e09f7ae7,cnbc_3ad9cb65,cnbc_1a2b7d2f,cnbc_7ed03453,cnbc_58890d46,cnbc_7f0055bf,cnbc_93fbcadf,cnbc_8b89eb3f,cnbc_1d43039d",True
2025-07-22,16307,16330.0,-23.0,-0.0014084507042253522,12,"cnbc_c5cccbb4,cnbc_7c98d9ea,cnbc_2c36021c,cnbc_6351e43c,cnbc_6404c1ce,cnbc_4e4a8745,cnbc_4795538b,cnbc_f2f1c506,cnbc_91c82ea2,cnbc_7d50ff38,cnbc_0f5f751b,cnbc_cdef2495",True
2025-07-23,16298,16307.0,-9.0,-0.0005519102226037898,11,"cnbc_c68e3758,cnbc_e1781050,cnbc_31bdc836,cnbc_de478d6c,cnbc_04b92651,cnbc_e584947e,cnbc_b22bc0c6,cnbc_d7152a54,cnbc_710ec6cd,cnbc_2c701a25,cnbc_5d793f18",True
2025-07-24,16283,16298.0,-15.0,-0.0009203583261749908,11,"cnbc_bad48c8f,cnbc_f5d24150,cnbc_48988e46,cnbc_6f673087,cnbc_0985c3fa,cnbc_8d6ef995,cnbc_1a90bdc9,cnbc_4d86e3c8,cnbc_eb3fe2ef,cnbc_90ac123f,cnbc_b5dd3bf0",True
2025-07-25,16325,16283.0,42.0,0.0025793772646318246,13,"cnbc_bd36ec27,cnbc_b02a0e1e,cnbc_6131f34d,cnbc_8e9e1daf,cnbc_8608b282,cnbc_5ee1630b,cnbc_e386b909,cnbc_c73efdad,cnbc_42bf68d8,cnbc_3546d734,cnbc_8d2d2589,cnbc_e295d47b,cnbc_0d967bf7",True
2025-07-28,16341,16325.0,16.0,0.0009800918836140888,24,"cnbc_d41cd908,cnbc_be4bc4b8,cnbc_44e54bc4,cnbc_8a81eb7d,cnbc_46a616da,cnbc_8b1932d7,cnbc_70c62b0f,cnbc_3823b57a,cnbc_d0fc0414,cnbc_d82a7f5a,cnbc_078a203d,cnbc_8bf97048,cnbc_5945fb41,cnbc_7b332229,cnbc_44303237,cnbc_eed087a5,cnbc_fdb65a47,cnbc_6f1cd0be,cnbc_7dbac481,cnbc_c6903ed9,cnbc_6f51715a,cnbc_654a061f,cnbc_57f91b1f,cnbc_0f592473",True
2025-07-29,16399,16341.0,58.0,0.0035493543846765803,10,"cnbc_3a489a3a,cnbc_04feb486,cnbc_0b222d26,cnbc_76391e6e,cnbc_cb712d7a,cnbc_33b0dfc2,cnbc_14fcba93,cnbc_5030492b,cnbc_028f172b,cnbc_70968692",True
2025-07-30,16387,16399.0,-12.0,-0.0007317519360936643,13,"cnbc_575d4525,cnbc_be9aa67f,cnbc_a22b8ebf,cnbc_ba576a88,cnbc_e24124eb,cnbc_0a85079f,cnbc_b397662b,cnbc_cdbc4ac5,cnbc_c6f15655,cnbc_740a3bac,cnbc_4251ada4,cnbc_c9a615bc,cnbc_00285fd6",True
2025-07-31,16459,16387.0,72.0,0.004393726734606701,10,"cnbc_7649bdb4,cnbc_ebc28795,cnbc_3e984665,cnbc_b4fc21ec,cnbc_702f8565,cnbc_8846cc6e,cnbc_3aac6195,cnbc_979deb2c,cnbc_84b34e79,cnbc_e9cfa8c4",True
2025-08-01,16494,16459.0,35.0,0.002126496141928428,16,"cnbc_381ca3a4,cnbc_eb01e0c9,cnbc_c2818b03,cnbc_3700a99f,cnbc_75aa2f64,cnbc_0be37752,cnbc_c3f37ac9,cnbc_94e393ca,cnbc_7a216442,cnbc_55f28f8d,cnbc_1cd1d553,cnbc_72e9d447,cnbc_b7c9b4d8,cnbc_1b6e35ff,cnbc_90f5ee9f,cnbc_0388ac38",True
2025-08-04,16388,16494.0,-106.0,-0.006426579362192313,14,"cnbc_44666069,cnbc_3f9a90f8,cnbc_d9ba0dc8,cnbc_00ac981c,cnbc_5f0c79d2,cnbc_08c67e0d,cnbc_b328d6e8,cnbc_271d2b7a,cnbc_ff86aae0,cnbc_f823fc9d,cnbc_08c65c03,cnbc_7b137e22,cnbc_8a92d777,cnbc_90920e49",True
2025-08-05,16388,16388.0,0.0,0.0,7,"cnbc_78335a31,cnbc_ea299963,cnbc_02d0e47c,cnbc_0f6538c4,cnbc_8e39bc04,cnbc_90523f5e,cnbc_9ecdf80f",True
2025-08-06,16379,16388.0,-9.0,-0.000549182328533073,11,"cnbc_a6c61541,cnbc_27e69dc8,cnbc_426ad2ce,cnbc_8ccf4815,cnbc_f97b51a2,cnbc_b643ab7c,cnbc_3f1bdc51,cnbc_84a9d51e,cnbc_931285de,cnbc_6f5a0df5,cnbc_5a394a08",True
2025-08-07,16312,16379.0,-67.0,-0.004090603821967153,11,"cnbc_0c62eec6,cnbc_654124d2,cnbc_d237d29f,cnbc_1ddda1c8,cnbc_57f93a8f,cnbc_6efe9d58,cnbc_e27e67d8,cnbc_c8d0c6de,cnbc_aa7605fc,cnbc_23523c30,cnbc_6c02e208",True
2025-08-08,16299,16312.0,-13.0,-0.0007969592937714566,22,"cnbc_672f6e0a,cnbc_afa0b28c,cnbc_6fe4a8fc,cnbc_5c1d1360,cnbc_e491c959,cnbc_c66b36ed,cnbc_bc5c21af,cnbc_f49446c7,cnbc_248a9ac0,cnbc_8f287341,cnbc_a46aff9d,cnbc_652649d6,cnbc_2ca7f729,cnbc_1174f50c,cnbc_8e2b7d69,cnbc_0ea349bb,cnbc_945e48b4,cnbc_aec06a79,cnbc_5d2e6dc3,cnbc_32578119,cnbc_958c154b,cnbc_c59f429b",True
2025-08-11,16253,16299.0,-46.0,-0.0028222590342965826,21,"cnbc_b6b6d2cb,cnbc_84e322f5,cnbc_3f8f8c06,cnbc_0d5fae39,cnbc_bba2650e,cnbc_801dca7f,cnbc_9cc0eea3,cnbc_867e8123,cnbc_a5183aae,cnbc_aa1c2a08,cnbc_5d8ab5f1,cnbc_ef28fbb7,cnbc_a12fd423,cnbc_f7c05805,cnbc_e4389a4f,cnbc_f91724d1,cnbc_0113f06f,cnbc_61421b83,cnbc_6ae0dd19,cnbc_b1c730c7,cnbc_765c0a90",True
2025-08-12,16298,16253.0,45.0,0.0027687196209930476,8,"cnbc_fe0c9622,cnbc_d0feafbe,cnbc_dafd87f5,cnbc_18b2b5a5,cnbc_64512186,cnbc_01f18f76,cnbc_7586b0cd,cnbc_2b01944c",True
2025-08-13,16237,16298.0,-61.0,-0.0037427905264449625,10,"cnbc_d7539d05,cnbc_ba3a790e,cnbc_36e319d3,cnbc_92b363e7,cnbc_3b06802c,cnbc_d6101cc8,cnbc_d7fcb5eb,cnbc_51480af5,cnbc_09846ecb,cnbc_12aa390e",True
2025-08-14,16109,16237.0,-128.0,-0.007883229660651598,13,"cnbc_14c84209,cnbc_049e5ae7,cnbc_1ab647f9,cnbc_3659d2f2,cnbc_8917098b,cnbc_3ade31ae,cnbc_3c580cfc,cnbc_3ac973ff,cnbc_c86bb9af,cnbc_bc992ccf,cnbc_bee9fbf9,cnbc_58c5ada2,cnbc_6f4f5e35",True
2025-08-15,16162,16109.0,53.0,0.0032900862871686636,6,"cnbc_24803328,cnbc_96b67d7f,cnbc_3e61900f,cnbc_61b7f2f3,cnbc_6a2acad5,cnbc_7aa6d1f3",True
2025-08-19,16241,16162.0,79.0,0.004888008909788392,27,"cnbc_a7ecb5e9,cnbc_37d534e5,cnbc_f9cf19a3,cnbc_ed6894e0,cnbc_07099a24,cnbc_3c35512b,cnbc_be3895d8,cnbc_d1cfa36e,cnbc_0f9b93ef,cnbc_4b6c2270,cnbc_181f730d,cnbc_0a7fbcb6,cnbc_bf27699c,cnbc_95ea6750,cnbc_8585791b,cnbc_fd2e1472,cnbc_81dfb770,cnbc_ee966611,cnbc_de849a21,cnbc_6d48f821,cnbc_0b325382,cnbc_5bc4a722,cnbc_bafd15ac,cnbc_10638e22,cnbc_ee0470cd,cnbc_b519d023,cnbc_a26cb83f",True
2025-08-20,16291,16241.0,50.0,0.003078628163290438,11,"cnbc_78a4d2ea,cnbc_51722c8a,cnbc_e6c29de3,cnbc_c5dc8ba2,cnbc_181ebd83,cnbc_965e8782,cnbc_a77b1f66,cnbc_33603a1e,cnbc_cfb4e74a,cnbc_a467eafd,cnbc_946ff40e",True
2025-08-21,16283,16291.0,-8.0,-0.0004910686882327666,9,"cnbc_e904d6a6,cnbc_a499490b,cnbc_c5da1061,cnbc_d0e82c23,cnbc_efae1a73,cnbc_366270fb,cnbc_e6685ac3,cnbc_169b10c3,cnbc_819dc592",True
2025-08-22,16340,16283.0,57.0,0.003500583430571762,8,"cnbc_0da5f755,cnbc_f6055d26,cnbc_0de9c131,cnbc_9a8d3d10,cnbc_b75ae730,cnbc_aaefcf48,cnbc_258b55b9,cnbc_925ae7ef",True
2025-08-25,16255,16340.0,-85.0,-0.005201958384332925,17,"cnbc_06d3608f,cnbc_6aae9ff6,cnbc_c6b39f32,cnbc_3eb6c216,cnbc_d4a48f4d,cnbc_c657bd6e,cnbc_90a79bbb,cnbc_6f6bf062,cnbc_28ce5280,cnbc_c32c9b15,cnbc_95f15cda,cnbc_daeb8320,cnbc_0d0a5846,cnbc_9a77deb9,cnbc_04d4bfea,cnbc_e6fccc0b,cnbc_d5fef15c",True
2025-08-26,16277,16255.0,22.0,0.0013534297139341741,6,"cnbc_2440784b,cnbc_3ef7bb11,cnbc_28f8376c,cnbc_5727b6a7,cnbc_a3fcc320,cnbc_6955c015",True
2025-08-27,16355,16277.0,78.0,0.004792037844811698,7,"cnbc_d17f8315,cnbc_0adf6de1,cnbc_2750eb94,cnbc_59ea033b,cnbc_7b7dee1b,cnbc_2320cbf0,cnbc_4b938dc3",True
2025-08-28,16356,16355.0,1.0,6.114338122898196e-05,5,"cnbc_b7fd9659,cnbc_e98bcf1c,cnbc_2334f161,cnbc_67bc092b,cnbc_4f952a95",True
2025-08-29,16461,16356.0,105.0,0.006419662509170946,6,"cnbc_03ad8a42,cnbc_75592abe,cnbc_44deb361,cnbc_ff357501,cnbc_040f028d,cnbc_d8784a57",True
2025-09-01,16463,16461.0,2.0,0.00012149930137901708,14,"cnbc_8efca40d,cnbc_509485a7,cnbc_6b409aed,cnbc_31249ca2,cnbc_39a369a5,cnbc_7249800e,cnbc_e0026504,cnbc_b8cb0be0,cnbc_0ea0a021,cnbc_bab987ea,cnbc_04c0a1be,cnbc_51f26df9,cnbc_9b86e8b4,cnbc_bad1f97e",True
2025-09-02,16418,16463.0,-45.0,-0.0027334021745732857,11,"cnbc_16b4a39a,cnbc_2b7cdbbf,cnbc_bbcd8561,cnbc_ab3e32c5,cnbc_f4c92981,cnbc_2da2c896,cnbc_c59d3ac6,cnbc_686faf16,cnbc_514763b1,cnbc_c64cca32,cnbc_9ae0cea7",True
2025-09-03,16424,16418.0,6.0,0.00036545255207698867,10,"cnbc_a74aaac0,cnbc_a37f5943,cnbc_4b81ea08,cnbc_257dc50a,cnbc_809e0ffa,cnbc_b165f235,cnbc_2d1f5c7b,cnbc_742a9bb2,cnbc_b836df2b,cnbc_28311c01",True
2025-09-04,16438,16424.0,14.0,0.0008524111056989771,10,"cnbc_8fafddb5,cnbc_93cadb76,cnbc_10fe8754,cnbc_547a3e85,cnbc_918a89b8,cnbc_f7e7ad41,cnbc_bb36ac92,cnbc_90157ea1,cnbc_8ccac09d,cnbc_e30eede1",True
2025-09-08,16348,16438.0,-90.0,-0.005475118627570264,26,"cnbc_15a508d9,cnbc_dc69a6f2,cnbc_515b76ab,cnbc_0d97a957,cnbc_894951a7,cnbc_a6b89613,cnbc_e5a5658c,cnbc_ec4d4018,cnbc_ebf43e28,cnbc_a8813b03,cnbc_777958d4,cnbc_fdd90515,cnbc_f0eb751e,cnbc_c2047d3c,cnbc_066c73b4,cnbc_99a10057,cnbc_294aa132,cnbc_b1154712,cnbc_5f763f32,cnbc_fa9f3cf9,cnbc_ea4cbe3d,cnbc_9f3ff7c1,cnbc_fd60b301,cnbc_f1ba1126,cnbc_932bc360,cnbc_01011722",True
2025-09-09,16462,16348.0,114.0,0.006973330070956692,7,"cnbc_05829493,cnbc_c920362d,cnbc_c54f8b37,cnbc_4dbfa3ab,cnbc_f638d067,cnbc_48a8293b,cnbc_64ab159e",True
2025-09-10,16457,16462.0,-5.0,-0.0003037298019681691,12,"cnbc_35082df1,cnbc_0a91998d,cnbc_0ec3ccd2,cnbc_4545d825,cnbc_dc2870fc,cnbc_1e7c01bc,cnbc_88eece23,cnbc_a442ea05,cnbc_8cd1f144,cnbc_51525c80,cnbc_31d05a61,cnbc_d7f64c58",True
2025-09-11,16468,16457.0,11.0,0.0006684085799355897,12,"cnbc_b42294d8,cnbc_de5e4478,cnbc_5476496b,cnbc_9299bb0c,cnbc_254cee57,cnbc_884ee0cd,cnbc_beb71483,cnbc_75e78cf3,cnbc_934088c9,cnbc_bbfff0ae,cnbc_006b886c,cnbc_3a4d1373",True
2025-09-12,16391,16468.0,-77.0,-0.004675734758319164,9,"cnbc_ce418484,cnbc_d58a69f2,cnbc_f87dcd35,cnbc_6c4f76e8,cnbc_67cedc91,cnbc_92e24105,cnbc_dd752987,cnbc_2d79e091,cnbc_489d6718",True
2025-09-15,16405,16391.0,14.0,0.0008541272649624794,15,"cnbc_6c78f6a7,cnbc_0672235b,cnbc_4a78dd1f,cnbc_e4ccd197,cnbc_af2a9979,cnbc_02947a4e,cnbc_92b3a32d,cnbc_07bd570c,cnbc_95b8bd3d,cnbc_930fb5a5,cnbc_1b65d656,cnbc_fce4bd4f,cnbc_28247be6,cnbc_50905df9,cnbc_283e8316",True
2025-09-16,16385,16405.0,-20.0,-0.0012191405059433099,6,"cnbc_fcd503a5,cnbc_51992b1e,cnbc_b6e5a443,cnbc_eafb3f60,cnbc_b98208bd,cnbc_2f3828cf",True
2025-09-17,16430,16385.0,45.0,0.00274641440341776,7,"cnbc_118179c4,cnbc_a3c974f8,cnbc_15c46ade,cnbc_ef0b7c69,cnbc_93193a0a,cnbc_edcfc2a3,cnbc_814935a3",True
2025-09-18,16498,16430.0,68.0,0.004138770541692027,9,"cnbc_7f8f6f6e,cnbc_23700b46,cnbc_c1a32801,cnbc_f71c02e8,cnbc_513d773a,cnbc_3af8a4fe,cnbc_4d60070b,cnbc_f4e968f9,cnbc_6b077e04",True
2025-09-19,16578,16498.0,80.0,0.004849072614862408,8,"cnbc_bdc72a48,cnbc_ed2ef756,cnbc_01eff3ad,cnbc_e0ca775e,cnbc_088e8a28,cnbc_e9f57432,cnbc_43363f95,cnbc_0b013947",True
2025-09-22,16607,16578.0,29.0,0.001749306309566896,12,"cnbc_cc81c817,cnbc_41af668b,cnbc_ec285a41,cnbc_344121f5,cnbc_ea429419,cnbc_69e41f3c,cnbc_eefbeac8,cnbc_6862e7a9,cnbc_a987c4d7,cnbc_52110432,cnbc_23883766,cnbc_b01a5980",True
2025-09-23,16636,16607.0,29.0,0.0017462515806587584,7,"cnbc_4da006ad,cnbc_79298907,cnbc_0fead6d9,cnbc_f76a07b1,cnbc_b0cf1201,cnbc_1fafe51d,cnbc_2efab847",True
2025-09-24,16680,16636.0,44.0,0.002644866554460207,6,"cnbc_7c44bc29,cnbc_67485089,cnbc_df8712b2,cnbc_cba5d024,cnbc_4b42e347,cnbc_8a02afd8",True
2025-09-25,16752,16680.0,72.0,0.004316546762589928,4,"cnbc_bdcda926,cnbc_3e4728bf,cnbc_c59be29a,cnbc_4f3b30bf",True
2025-09-26,16775,16752.0,23.0,0.0013729703915950334,7,"cnbc_3a4b9552,cnbc_73c63d34,cnbc_31a91ca2,cnbc_ac101801,cnbc_1a043c3b,cnbc_d73d57ee,cnbc_5587672d",True
2025-09-29,16680,16775.0,-95.0,-0.005663189269746647,15,"cnbc_1c810d97,cnbc_ac7f05fe,cnbc_8cff529b,cnbc_1a5bff4e,cnbc_d4cb34a2,cnbc_9dc7584d,cnbc_a4168700,cnbc_3e4e01cc,cnbc_89f9f760,cnbc_7937aef1,cnbc_417b3fae,cnbc_209ee02c,cnbc_dd145012,cnbc_03d891d0,cnbc_bfbb6856",True
2025-09-30,16692,16680.0,12.0,0.0007194244604316547,8,"cnbc_1fed7bf5,cnbc_1cdc2dde,cnbc_1368b782,cnbc_165a63e5,cnbc_526eb7ad,cnbc_caafc606,cnbc_b7603392,cnbc_e0c4ab25",True
2025-10-01,16680,16692.0,-12.0,-0.0007189072609633358,3,"cnbc_46e5f9e4,cnbc_d1a0673e,cnbc_95fca951",True
2025-10-02,16612,16680.0,-68.0,-0.00407673860911271,10,"cnbc_68792c56,cnbc_c1e76bcb,cnbc_c84596d0,cnbc_4b8a6e68,cnbc_d0dad14c,cnbc_06dec3ab,cnbc_413dd649,cnbc_1fccff07,cnbc_2aad2aa4,cnbc_d378fd0b",True
2025-10-03,16611,16612.0,-1.0,-6.019744762822056e-05,7,"cnbc_36e1ee0e,cnbc_cf63fe22,cnbc_8f76d1b2,cnbc_6c4c62d6,cnbc_643524bf,cnbc_c4691012,cnbc_e2ad0137",True
2025-10-06,16598,16611.0,-13.0,-0.0007826139305279634,17,"cnbc_ea2bf72c,cnbc_e96228fd,cnbc_52c9c25f,cnbc_30c1fcdb,cnbc_aac5149c,cnbc_d967c40d,cnbc_739dc0fa,cnbc_72b3a848,cnbc_cbd24e49,cnbc_963e8fe7,cnbc_a76d5d7e,cnbc_bd0bd011,cnbc_203fcc62,cnbc_d2d0b49d,cnbc_930566fa,cnbc_560525ff,cnbc_b0b556ae",True
2025-10-07,16560,16598.0,-38.0,-0.002289432461742379,6,"cnbc_11dc905c,cnbc_010c5436,cnbc_9ecda5a0,cnbc_bdddd7c2,cnbc_75ef93cb,cnbc_d69a1085",True
2025-10-08,16606,16560.0,46.0,0.002777777777777778,8,"cnbc_40bc47ca,cnbc_9b40d966,cnbc_5da3cd08,cnbc_885e8d31,cnbc_65b6c17f,cnbc_095c09c1,cnbc_8c85bfc6,cnbc_f9be1078",True
2025-10-09,16534,16606.0,-72.0,-0.004335782247380465,7,"cnbc_e4b8988c,cnbc_0991a45e,cnbc_c66575b0,cnbc_3ae48a49,cnbc_bd52b802,cnbc_8c979f9a,cnbc_37efe00c",True
2025-10-10,16585,16534.0,51.0,0.0030845530422160396,13,"cnbc_82cf8d46,cnbc_cce0e3b5,cnbc_ee9e56e3,cnbc_228475ca,cnbc_b2408ba2,cnbc_8daaccaf,cnbc_54a9bdfb,cnbc_f6e37f29,cnbc_fa9abe0b,cnbc_18901c98,cnbc_5c2f1e85,cnbc_5b04cd8e,cnbc_6787ab6e",True
2025-10-13,16580,16585.0,-5.0,-0.00030147723846849563,32,"cnbc_f74fd5b2,cnbc_7f8559d7,cnbc_353e5eda,cnbc_27d07923,cnbc_0327e5e5,cnbc_4f9b3ce6,cnbc_412028cd,cnbc_8da73df2,cnbc_bbd115cd,cnbc_f6affea6,cnbc_4de31a3b,cnbc_01fa47f2,cnbc_c67854b6,cnbc_606a6474,cnbc_05f80000,cnbc_1e1d9252,cnbc_f3bc5335,cnbc_07f01940,cnbc_3958cd1e,cnbc_6b6c97fe,cnbc_d4562ead,cnbc_855b9faa,cnbc_3fe4763e,cnbc_f1750119,cnbc_dfe7e3eb,cnbc_5433315a,cnbc_4ef8bad3,cnbc_f66909ac,cnbc_32e56bc7,cnbc_26549739,cnbc_472e5659,cnbc_a564bd7d",True
2025-10-14,16577,16580.0,-3.0,-0.00018094089264173704,11,"cnbc_d389ec69,cnbc_0dcf3b50,cnbc_0c1f74c2,cnbc_9ed87ace,cnbc_3a20482c,cnbc_208884cb,cnbc_65248d7f,cnbc_adfefa2d,cnbc_e088b04e,cnbc_f52ed092,cnbc_4209fc17",True
2025-10-15,16577,16577.0,0.0,0.0,9,"cnbc_e9bf5ba1,cnbc_075ff581,cnbc_4b37f7ad,cnbc_ec2db61e,cnbc_ee67f2c8,cnbc_eebd5d19,cnbc_cbe76588,cnbc_b73e36f6,cnbc_8b1a3d38",True
2025-10-16,16580,16577.0,3.0,0.00018097363817337275,11,"cnbc_324530d1,cnbc_3c13f56b,cnbc_5e7ac6f2,cnbc_6610142f,cnbc_81aa46f3,cnbc_d4af82e2,cnbc_c45f30f4,cnbc_45cdd9b2,cnbc_2eef84af,cnbc_c2f9e56c,cnbc_25e25363",True
2025-10-17,16590,16580.0,10.0,0.0006031363088057901,12,"cnbc_db64fdec,cnbc_495a9a50,cnbc_26228af7,cnbc_c1dd21a9,cnbc_bc309576,cnbc_fea8e030,cnbc_7a7ff653,cnbc_54dcc13b,cnbc_e8ea7f1d,cnbc_0075acc3,cnbc_cdd89392,cnbc_1d5422cf",True
2025-10-20,16585,16590.0,-5.0,-0.0003013863773357444,18,"cnbc_d119f99f,cnbc_6dbff963,cnbc_b3089e29,cnbc_b6e9aa01,cnbc_502bc08f,cnbc_9e51c99f,cnbc_2552bbe9,cnbc_fa73ff9b,cnbc_629b14a9,cnbc_62bf70fa,cnbc_31dab7b1,cnbc_a15d155a,cnbc_cec01b6b,cnbc_986ba528,cnbc_7316e8f4,cnbc_8a0769cb,cnbc_52502d36,cnbc_f7ae2faf",True
2025-10-21,16589,16585.0,4.0,0.0002411817907747965,8,"cnbc_6e026ec6,cnbc_9cb804c4,cnbc_5a3d97ba,cnbc_bfeef8e0,cnbc_4b77f8ab,cnbc_9436a2de,cnbc_2c7b9f9c,cnbc_41f6ff4a",True
2025-10-22,16617,16589.0,28.0,0.0016878654530110314,4,"cnbc_2cc599fa,cnbc_e7e45def,cnbc_503370b1,cnbc_3cb51aec",True
2025-10-23,16645,16617.0,28.0,0.001685021363663718,8,"cnbc_d87f8e9a,cnbc_028a6055,cnbc_9b5679a7,cnbc_b9aacb35,cnbc_ebb83b69,cnbc_68918cdd,cnbc_f64d5e86,cnbc_b98723d0",True
2025-10-24,16630,16645.0,-15.0,-0.0009011715229798738,17,"cnbc_68294ee6,cnbc_c1ac0091,cnbc_2582dc67,cnbc_dab03422,cnbc_004e0925,cnbc_8d3b1479,cnbc_13399971,cnbc_b2caa91e,cnbc_1b077042,cnbc_a506e794,cnbc_305d5840,cnbc_79550ee8,cnbc_65c4f7aa,cnbc_eb87c425,cnbc_98627143,cnbc_b11cb3c6,cnbc_718e9469",True
2025-10-27,16628,16630.0,-2.0,-0.00012026458208057727,17,"cnbc_4bffa20f,cnbc_150846e8,cnbc_6ff13077,cnbc_df91c26a,cnbc_c711de97,cnbc_29d3fac6,cnbc_d6ed608a,cnbc_ecf4d559,cnbc_bcb9c246,cnbc_07d9a8a3,cnbc_65a2a948,cnbc_85dca79d,cnbc_59ee4d6b,cnbc_950b07f6,cnbc_2e940a01,cnbc_f2d92ecc,cnbc_b088f7ff",True
2025-10-28,16622,16628.0,-6.0,-0.00036083714216983404,4,"cnbc_b29374c7,cnbc_3e1934fb,cnbc_929682a2,cnbc_0ea0f775",True
2025-10-29,16631,16622.0,9.0,0.0005414510889183011,4,"cnbc_192a8f27,cnbc_8b42f80c,cnbc_ecdf134b,cnbc_74c95d79",True
2025-10-30,16640,16631.0,9.0,0.0005411580782875353,10,"cnbc_48cf4ffc,cnbc_a72377d5,cnbc_9e47c5e0,cnbc_13a5f199,cnbc_cf931cfc,cnbc_51c31acc,cnbc_54f6116a,cnbc_18500cb0,cnbc_60f25583,cnbc_433ffab6",True
2025-10-31,16625,16640.0,-15.0,-0.0009014423076923077,12,"cnbc_94c3fefd,cnbc_15125f1d,cnbc_3abe9c88,cnbc_cd719b92,cnbc_91429089,cnbc_e913edcd,cnbc_c7ad51ef,cnbc_44b0a17a,cnbc_75fd715c,cnbc_fdbd1d9c,cnbc_dba8902f,cnbc_c0594d90",True
2025-11-03,16664,16625.0,39.0,0.002345864661654135,19,"cnbc_2432c59d,cnbc_05d1271e,cnbc_4254d7a0,cnbc_a04e40ef,cnbc_75181fcb,cnbc_59fcac57,cnbc_32da5237,cnbc_bb9ce05c,cnbc_35c8dc2f,cnbc_9faf02cc,cnbc_b02d6fcf,cnbc_dae4da09,cnbc_dd2c5c2a,cnbc_fa697b1b,cnbc_15bdee44,cnbc_e49bc575,cnbc_5a49e3ca,cnbc_8f3a4e54,cnbc_e3fc5317",True
2025-11-04,16724,16664.0,60.0,0.003600576092174748,10,"cnbc_608c7599,cnbc_fed57cc5,cnbc_6a7d17e8,cnbc_b074c19a,cnbc_d67c4554,cnbc_49a3055f,cnbc_dbc92877,cnbc_2f73174a,cnbc_e407f72a,cnbc_008a5e3f",True
2025-11-05,16729,16724.0,5.0,0.000298971537909591,3,"cnbc_d452ae48,cnbc_5c66e14f,cnbc_c87def16",True
2025-11-06,16707,16729.0,-22.0,-0.0013150815948353158,8,"cnbc_47fab97b,cnbc_e5380dfe,cnbc_239e1cad,cnbc_10ab299b,cnbc_8d60beb9,cnbc_45d10468,cnbc_d4e6047b,cnbc_d80c8cd9",True
2025-11-07,16704,16707.0,-3.0,-0.0001795654516071108,8,"cnbc_b336b960,cnbc_eb1734ef,cnbc_971571e4,cnbc_96327ef2,cnbc_2bd617b8,cnbc_3b3dfbef,cnbc_3d3828ef,cnbc_0a238c44",True
2025-11-10,16666,16704.0,-38.0,-0.002274904214559387,12,"cnbc_607f9a29,cnbc_ee4446a1,cnbc_b2557235,cnbc_1f28f969,cnbc_0aa35103,cnbc_f08d40bd,cnbc_5001b594,cnbc_ac694c8e,cnbc_a5b8b169,cnbc_59867e78,cnbc_c3240582,cnbc_74ebfbdb",True
2025-11-11,16698,16666.0,32.0,0.0019200768030721229,8,"cnbc_19bc828d,cnbc_02a5aab7,cnbc_4db082b8,cnbc_3f2a4d91,cnbc_56e41a15,cnbc_8d70319c,cnbc_251b2555,cnbc_9e725b52",True
2025-11-12,16722,16698.0,24.0,0.001437297879985627,10,"cnbc_888f8560,cnbc_d040538b,cnbc_25414d73,cnbc_fe9b256c,cnbc_7e4b899f,cnbc_9083f25a,cnbc_87e67e41,cnbc_8e518e14,cnbc_0bfe405d,cnbc_a6a6948f",True
2025-11-13,16732,16722.0,10.0,0.000598014591556034,4,"cnbc_27e45ee6,cnbc_617b3777,cnbc_17eb4896,cnbc_d0481b86",True
2025-11-14,16710,16732.0,-22.0,-0.0013148458044465695,8,"cnbc_3ab38747,cnbc_964330a1,cnbc_8e06c604,cnbc_c5446534,cnbc_eb958b06,cnbc_a125b9f0,cnbc_a3d8b81b,cnbc_2f7d7065",True
2025-11-17,16734,16710.0,24.0,0.001436265709156194,12,"cnbc_0529579d,cnbc_48e47093,cnbc_ef4a3ebf,cnbc_5455ccff,cnbc_3a733ff3,cnbc_0c1ef156,cnbc_50eada75,cnbc_1023a9c6,cnbc_1f1996de,cnbc_dca716e7,cnbc_96f990e3,cnbc_55069a1e",True
2025-11-18,16760,16734.0,26.0,0.0015537229592446516,8,"cnbc_7cc84efb,cnbc_65ea906c,cnbc_fe41c746,cnbc_95df0d47,cnbc_3d957d12,cnbc_a73c6d76,cnbc_8346e4cc,cnbc_e913a490",True
2025-11-19,16732,16760.0,-28.0,-0.0016706443914081145,7,"cnbc_5af26595,cnbc_d9c112c4,cnbc_82ead9bd,cnbc_223addbc,cnbc_dd01db74,cnbc_beccfc4d,cnbc_1380e9a3",True
2025-11-20,16742,16732.0,10.0,0.0005976571838393497,7,"cnbc_bbfbe6f6,cnbc_2067f08a,cnbc_af3aadf6,cnbc_3a19d470,cnbc_f164272f,cnbc_78f716a0,cnbc_1757f006",True
2025-11-21,16719,16742.0,-23.0,-0.001373790467088759,6,"cnbc_38e71053,cnbc_fb2330e6,cnbc_33ba988a,cnbc_2a79990b,cnbc_de243239,cnbc_b46b8493",True
2025-11-24,16709,16719.0,-10.0,-0.0005981218972426581,16,"cnbc_930b06e8,cnbc_84bb4acd,cnbc_7c3dd914,cnbc_9cc6437d,cnbc_b2f21721,cnbc_db639a40,cnbc_615b8968,cnbc_6843d656,cnbc_7875318f,cnbc_70f3e5fa,cnbc_0137531a,cnbc_7e5b23da,cnbc_c864b038,cnbc_d10a4424,cnbc_168fd61a,cnbc_9c958165",True
2025-11-25,16667,16709.0,-42.0,-0.0025136154168412233,4,"cnbc_8574a63d,cnbc_fc873bcc,cnbc_186b37ae,cnbc_6e7af5b9",True
2025-11-26,16673,16667.0,6.0,0.0003599928001439971,5,"cnbc_06888398,cnbc_acab65cc,cnbc_6a0691ed,cnbc_869a3fa0,cnbc_38f6afda",True
2025-11-27,16644,16673.0,-29.0,-0.001739339051160559,7,"cnbc_84f81857,cnbc_295890d2,cnbc_c13ceeee,cnbc_461df4e7,cnbc_fe75e7ca,cnbc_363d0f70,cnbc_62616312",True
2025-11-28,16661,16644.0,17.0,0.0010213890891612593,4,"cnbc_1440996a,cnbc_cf887d38,cnbc_910bb1d7,cnbc_22dc1a72",True
2025-12-01,16668,16661.0,7.0,0.0004201428485685133,12,"cnbc_90f6487c,cnbc_bf00596d,cnbc_91c7e290,cnbc_eb80ec34,cnbc_43206395,cnbc_ffb68862,cnbc_6013893b,cnbc_4d2900a4,cnbc_9238c1f3,cnbc_46f65bdf,cnbc_c9939498,cnbc_00735517",True
2025-12-02,16632,16668.0,-36.0,-0.0021598272138228943,2,"cnbc_ac4cb61c,cnbc_dca48ec0",True
2025-12-03,16632,16632.0,0.0,0.0,4,"cnbc_31ea6844,cnbc_45eb3b74,cnbc_f862b545,cnbc_b040900b",True
2025-12-04,16646,16632.0,14.0,0.0008417508417508417,9,"cnbc_381a3439,cnbc_47a24a4a,cnbc_c2092356,cnbc_165aac7c,cnbc_03f1391a,cnbc_9950cf7e,cnbc_4623f03f,cnbc_339877b2,cnbc_d8fa713f",True
2025-12-05,16655,16646.0,9.0,0.0005406704313348552,8,"cnbc_b8581313,cnbc_5017d056,cnbc_40542f3b,cnbc_cc7456b2,cnbc_09a49502,cnbc_a9b154fd,cnbc_57fdb660,cnbc_ac5fd003",True
2025-12-08,16688,16655.0,33.0,0.0019813869708796158,11,"cnbc_12175c05,cnbc_08c3143d,cnbc_2ca8fd3a,cnbc_4b3b915e,cnbc_bb52c096,cnbc_de8665f2,cnbc_e5e2f6ec,cnbc_13276502,cnbc_ff6c68b9,cnbc_f449fc79,cnbc_d332a6ba",True
2025-12-09,16677,16688.0,-11.0,-0.0006591562799616491,6,"cnbc_aa121b3c,cnbc_08d86ffb,cnbc_52088315,cnbc_f68b9d0a,cnbc_22ee6960,cnbc_99a28005",True
2025-12-10,16688,16677.0,11.0,0.000659591053546801,13,"cnbc_58d77f18,cnbc_b0d23ebd,cnbc_534ddd57,cnbc_6613c636,cnbc_3b6fc803,cnbc_b5b49578,cnbc_6d267707,cnbc_7c0ab717,cnbc_71a9df13,cnbc_8b43944d,cnbc_9d1f8f9c,cnbc_be8a82d3,cnbc_c2627e57",True
2025-12-11,16668,16688.0,-20.0,-0.0011984659635666348,10,"cnbc_208c556a,cnbc_a272319f,cnbc_d93483fc,cnbc_47c0d7d5,cnbc_29ecec20,cnbc_7d4e8609,cnbc_6c4636ea,cnbc_b8d3900c,cnbc_e59941e0,cnbc_77bcb8c2",True
2025-12-12,16652,16668.0,-16.0,-0.0009599232061435085,7,"cnbc_48cf65d7,cnbc_1f982dc3,cnbc_d974b46c,cnbc_f4dd3d88,cnbc_7f634034,cnbc_5a645dfe,cnbc_e1761896",True
2025-12-15,16669,16652.0,17.0,0.0010208983905837137,14,"cnbc_4d3f87cc,cnbc_c55f4845,cnbc_d8f43a4f,cnbc_3bfc7dd3,cnbc_6a230ecd,cnbc_c2e4eadf,cnbc_a54bdaff,cnbc_6135d558,cnbc_f8e60067,cnbc_5a27256a,cnbc_501e3421,cnbc_4b424fe8,cnbc_4877ee23,cnbc_3e9d249e",True
2025-12-16,16693,16669.0,24.0,0.0014397984282200492,5,"cnbc_0b77d002,cnbc_7f6d34b9,cnbc_e394da18,cnbc_8309c1a9,cnbc_f24a1f51",True
2025-12-17,16698,16693.0,5.0,0.00029952674773857304,7,"cnbc_65fcd953,cnbc_c50a8f07,cnbc_0147ad65,cnbc_506ed64b,cnbc_1b66f442,cnbc_ba9de9ac,cnbc_b73076af",True
2025-12-18,16722,16698.0,24.0,0.001437297879985627,5,"cnbc_06c1ad20,cnbc_d80672e1,cnbc_0295794d,cnbc_3dd01019,cnbc_a0380abf",True
2025-12-19,16735,16722.0,13.0,0.0007774189690228442,8,"cnbc_416d251c,cnbc_7d804f54,cnbc_8c05160c,cnbc_b06bdfce,cnbc_f495bef5,cnbc_0f697d85,cnbc_804ab2e3,cnbc_519d8c0e",True
2025-12-22,16773,16735.0,38.0,0.002270690170301763,11,"cnbc_0804938d,cnbc_82f60755,cnbc_8c12ee5d,cnbc_c0c96a34,cnbc_e45c235a,cnbc_c2a2ca88,cnbc_09b18fcd,cnbc_408e7ffd,cnbc_50bf3e69,cnbc_e2f3616c,cnbc_fc973164",True
2025-12-23,16790,16773.0,17.0,0.001013533655279318,3,"cnbc_6a075593,cnbc_7e4a626b,cnbc_12b8ddfa",True
2025-12-24,16767,16790.0,-23.0,-0.0013698630136986301,7,"cnbc_8ec93167,cnbc_5d29ba91,cnbc_fdf8991f,cnbc_716112a5,cnbc_7c7d0961,cnbc_22d5a283,cnbc_6f1dddfb",True
2025-12-29,16788,16767.0,21.0,0.0012524601896582574,20,"cnbc_95213af6,cnbc_a8f2591c,cnbc_173c55fb,cnbc_b28d7eb4,cnbc_83d877a3,cnbc_a4dde494,cnbc_823156a1,cnbc_705d1b59,cnbc_a71b081c,cnbc_51aab551,cnbc_5730b7cb,cnbc_c1912538,cnbc_6027e8f2,cnbc_16dbc9c3,cnbc_86a0ded7,cnbc_f0f388e1,cnbc_8f7dcea8,cnbc_4c49b5b2,cnbc_b79651a8,cnbc_beb4f48d",True
2025-12-30,16782,16788.0,-6.0,-0.00035739814152966406,5,"cnbc_4e2ea116,cnbc_6697eb1d,cnbc_ab702c0f,cnbc_c895a54c,cnbc_cbb585f2",True
2025-12-31,16720,16782.0,-62.0,-0.0036944345131688715,6,"cnbc_ebff7575,cnbc_09ac1b31,cnbc_7934a08d,cnbc_bcbe6df7,cnbc_9ebfc61c,cnbc_c129a38d",True
2026-01-02,16725,16720.0,5.0,0.0002990430622009569,9,"cnbc_4e03853c,cnbc_28c5e754,cnbc_ec521a84,cnbc_6c7d2895,cnbc_816a8e7b,cnbc_a21e5a26,cnbc_57da572f,cnbc_03e99b25,cnbc_b5ea4334",True
2026-01-05,16748,16725.0,23.0,0.001375186846038864,21,"cnbc_543c565b,cnbc_166fd626,cnbc_232163af,cnbc_03c743dd,cnbc_67353ede,cnbc_02ab3118,cnbc_88d176d6,cnbc_84bf6329,cnbc_b8f1deef,cnbc_8bcf9294,cnbc_948819dc,cnbc_c943afce,cnbc_f8f55ab2,cnbc_cd31612e,cnbc_84a19b34,cnbc_07d4151d,cnbc_5f5af96a,cnbc_2d86630c,cnbc_d92117e2,cnbc_92016d05,cnbc_f5962765",True
2026-01-06,16762,16748.0,14.0,0.0008359207069500836,15,"cnbc_a623d916,cnbc_0dfa56d7,cnbc_4b00d560,cnbc_84d66cdb,cnbc_14217044,cnbc_4dedefe4,cnbc_d173b2a3,cnbc_ae75fe07,cnbc_dbb94b90,cnbc_ff9edde4,cnbc_68714017,cnbc_b43f3955,cnbc_bf5ab6fd,cnbc_13242402,cnbc_9028f476",True
2026-01-07,16785,16762.0,23.0,0.001372151294594917,4,"cnbc_9d3e8f3c,cnbc_1fbdf621,cnbc_47fa7d6d,cnbc_4c9267ac",True
2026-01-08,16801,16785.0,16.0,0.0009532320524277629,17,"cnbc_f851dc53,cnbc_b1258992,cnbc_d30baebb,cnbc_c90633da,cnbc_2f057ef8,cnbc_69a457f8,cnbc_bb0d0d66,cnbc_01940e8c,cnbc_65b8dc2d,cnbc_25587620,cnbc_49b21fc8,cnbc_5445b7af,cnbc_861e5b82,cnbc_7fd6072b,cnbc_e7c6ea3e,cnbc_1f52bbd2,cnbc_9782b5fd",True
2026-01-09,16834,16801.0,33.0,0.001964168799476222,14,"cnbc_1557863c,cnbc_60da78ca,cnbc_4b0aa2b7,cnbc_7a7dafe3,cnbc_69f70d5e,cnbc_e3cedd0f,cnbc_91d23b64,cnbc_24908c61,cnbc_6a5727ff,cnbc_a5f4e187,cnbc_01ea97b8,cnbc_d2560ded,cnbc_7d7c20c1,cnbc_40227da5",True
2026-01-12,16853,16834.0,19.0,0.001128668171557562,24,"cnbc_fc55cfca,cnbc_2db685df,cnbc_172356b4,cnbc_31273934,cnbc_aca8bc42,cnbc_f79311fe,cnbc_2e237f58,cnbc_03a308da,cnbc_6baeeca3,cnbc_714f0b2b,cnbc_2f388125,cnbc_4ef62221,cnbc_16a90dc7,cnbc_9859ce4f,cnbc_9bf75951,cnbc_1949020f,cnbc_4a86dceb,cnbc_9cf26be3,cnbc_ea2a7841,cnbc_50ca2ff6,cnbc_278adf08,cnbc_7d5013ad,cnbc_4e936a52,cnbc_d6878334",True
2026-01-13,16875,16853.0,22.0,0.0013054055657746395,10,"cnbc_fcfe3f9b,cnbc_d6d02654,cnbc_b8408b56,cnbc_d38358d6,cnbc_6695ab22,cnbc_f7c7b3ff,cnbc_9403773a,cnbc_4ebc3544,cnbc_eff3d6af,cnbc_80f6e472",True
2026-01-14,16871,16875.0,-4.0,-0.00023703703703703704,10,"cnbc_b9672320,cnbc_f2ce8cdb,cnbc_962098af,cnbc_bea17655,cnbc_fb647ac0,cnbc_5356972b,cnbc_6cf20ab3,cnbc_082408c3,cnbc_226b06df,cnbc_311082b6",True
2026-01-15,16880,16871.0,9.0,0.0005334597830596882,14,"cnbc_07ecc848,cnbc_9b2c161a,cnbc_7b461d0d,cnbc_9b7896f7,cnbc_2a35684b,cnbc_c8dc477d,cnbc_a6f485b2,cnbc_2d788728,cnbc_2a4c0ca6,cnbc_82e16c0f,cnbc_701ae879,cnbc_c857af3e,cnbc_bf177f0f,cnbc_3df6c4ec",True
2026-01-19,16935,16880.0,55.0,0.003258293838862559,27,"cnbc_cd27300c,cnbc_f2ae9b21,cnbc_d83b0374,cnbc_f9cf08a3,cnbc_e5e84fbc,cnbc_e4aeb3bd,cnbc_000b8f35,cnbc_d532af5a,cnbc_9671e111,cnbc_889e5b90,cnbc_9973d208,cnbc_472bea9c,cnbc_5046c64c,cnbc_d0cb2687,cnbc_24d2671c,cnbc_ad37ac44,cnbc_bc1beb9f,cnbc_219390e3,cnbc_7c3130ab,cnbc_c8a497c7,cnbc_21803038,cnbc_a0488ca6,cnbc_1e04445f,cnbc_36fa82c6,cnbc_89a62921,cnbc_760863f6,cnbc_0387112f",True
2026-01-20,16981,16935.0,46.0,0.0027162680838500146,13,"cnbc_f03272fb,cnbc_b5a7f9ba,cnbc_da140f3b,cnbc_00cbb006,cnbc_889d592e,cnbc_65c75364,cnbc_d8926df6,cnbc_e40aca5f,cnbc_c9b23f4d,cnbc_63a8924a,cnbc_42496993,cnbc_23f0ebed,cnbc_c3329cb9",True
2026-01-21,16963,16981.0,-18.0,-0.0010600082445085684,13,"cnbc_f5863626,cnbc_d13f853e,cnbc_9d161395,cnbc_c555eba8,cnbc_e5299205,cnbc_298f9207,cnbc_f0ce617c,cnbc_8d2477bf,cnbc_aa852158,cnbc_41ef7949,cnbc_0addbb60,cnbc_9dbd9103,cnbc_8e93075d",True
2026-01-22,16902,16963.0,-61.0,-0.00359606201733184,14,"cnbc_1f102ab9,cnbc_159f1883,cnbc_2e22980d,cnbc_ae68f077,cnbc_cd122fd9,cnbc_aaeef7ca,cnbc_8d8cb57b,cnbc_fce0047e,cnbc_e8d3dc1b,cnbc_a83a1364,cnbc_14a5c565,cnbc_5e2056a9,cnbc_6d07663e,cnbc_e6cd6122",True
2026-01-23,16838,16902.0,-64.0,-0.0037865341379718378,16,"cnbc_f984d835,cnbc_fe272429,cnbc_41946db6,cnbc_4606c312,cnbc_2ac660f9,cnbc_a51a36ed,cnbc_a7b7bbe3,cnbc_779fc288,cnbc_76c300ed,cnbc_5c94c81c,cnbc_d2edb7da,cnbc_5c9deafc,cnbc_a599e821,cnbc_b23dd240,cnbc_74fccb5c,cnbc_b0431a85",True
2026-01-26,16779,16838.0,-59.0,-0.003503979094904383,17,"cnbc_ca7214d3,cnbc_bd31851c,cnbc_cc527172,cnbc_a9bd662a,cnbc_c280db3b,cnbc_3fbc6fe1,cnbc_f6eb4a61,cnbc_c4185d64,cnbc_db69ab64,cnbc_f370ab5f,cnbc_fee39055,cnbc_96384655,cnbc_2dbb1028,cnbc_1ad6cfaa,cnbc_06761e2d,cnbc_7adf3cb3,cnbc_ac77d7ee",True
2026-01-27,16801,16779.0,22.0,0.0013111627629775315,4,"cnbc_a7002d1c,cnbc_571e47d8,cnbc_6f9e2315,cnbc_a9d83b4c",True
2026-01-28,16723,16801.0,-78.0,-0.004642580798761979,11,"cnbc_6e77fe2d,cnbc_6c02eaca,cnbc_51edad88,cnbc_4c2b9425,cnbc_f4e543ef,cnbc_acc048f8,cnbc_5f662656,cnbc_9ed86f66,cnbc_e49775ec,cnbc_18e42c33,cnbc_8a77a78e",True
2026-01-29,16786,16723.0,63.0,0.0037672666387609877,13,"cnbc_254aed49,cnbc_edd6e0c3,cnbc_a124c43b,cnbc_4f95e496,cnbc_4fda03e9,cnbc_55e07cc9,cnbc_bba2900d,cnbc_c81a39c0,cnbc_ed2e6e6d,cnbc_253927de,cnbc_e16dd04d,cnbc_1e9e85f6,cnbc_63e30806",True
2026-01-30,16796,16786.0,10.0,0.0005957345406886692,7,"cnbc_bbf1c7cb,cnbc_fd921e52,cnbc_7f7fab48,cnbc_00a8ef72,cnbc_5faa5613,cnbc_68bca1a0,cnbc_97697161",True
2026-02-02,16800,16796.0,4.0,0.00023815194093831864,11,"cnbc_618faf96,cnbc_f3e96cc8,cnbc_b6756c4c,cnbc_906c0816,cnbc_a396eda1,cnbc_b27cf87e,cnbc_c081a3c6,cnbc_e3f4a80b,cnbc_1411badb,cnbc_430931bc,cnbc_ded30a56",True
2026-02-03,16777,16800.0,-23.0,-0.0013690476190476191,5,"cnbc_eb5ff319,cnbc_a98f491b,cnbc_c1688dfd,cnbc_03fd2611,cnbc_4df0e73a",True
2026-02-04,16775,16777.0,-2.0,-0.00011921082434285033,10,"cnbc_5ff6ef75,cnbc_5041d8bc,cnbc_f044eb8e,cnbc_72978d71,cnbc_46b95748,cnbc_c468790a,cnbc_394c12ec,cnbc_117ce887,cnbc_58cf50e3,cnbc_2d8bfdd7",True
2026-02-05,16826,16775.0,51.0,0.0030402384500745156,6,"cnbc_85a7c40d,cnbc_e417ec9c,cnbc_1ca780c0,cnbc_f1b9f5a9,cnbc_0b0a1177,cnbc_4c36f600",True
2026-02-06,16887,16826.0,61.0,0.003625341733032212,10,"cnbc_47d25ccc,cnbc_c27fc9a6,cnbc_612c23ea,cnbc_75e25430,cnbc_48557425,cnbc_434a538a,cnbc_d15eebad,cnbc_89d37dd4,cnbc_e0e78268,cnbc_27a84712",True
2026-02-09,16838,16887.0,-49.0,-0.002901640315035234,20,"cnbc_25cdadb4,cnbc_e93bf4c7,cnbc_1a87d9c8,cnbc_476f80c3,cnbc_4c970227,cnbc_627e32f4,cnbc_925772ab,cnbc_f5d5d2b5,cnbc_00423b16,cnbc_4de1cbdb,cnbc_8b43d134,cnbc_360bc1d2,cnbc_45bcf299,cnbc_7ee81d06,cnbc_af595ac8,cnbc_a1aaa535,cnbc_0edbd986,cnbc_1b8e9eb7,cnbc_e19b930c,cnbc_13168c26",True
2026-02-10,16799,16838.0,-39.0,-0.002316189571207982,6,"cnbc_5a86bf3c,cnbc_4673cd3b,cnbc_07401af4,cnbc_c1139b68,cnbc_98650a0d,cnbc_0ba4e7df",True
2026-02-11,16781,16799.0,-18.0,-0.0010714923507351628,6,"cnbc_838aa688,cnbc_a8ec8ea0,cnbc_7977d0c7,cnbc_a4422830,cnbc_525e5bf9,cnbc_694360d4",True
2026-02-12,16826,16781.0,45.0,0.0026816041952207855,8,"cnbc_ecb04c37,cnbc_f3cd03ce,cnbc_6019c8db,cnbc_ccf4f2be,cnbc_5f6161f2,cnbc_01785da3,cnbc_e73c7162,cnbc_d052728a",True
2026-02-13,16844,16826.0,18.0,0.0010697729704029478,12,"cnbc_3d1f7a44,cnbc_ff521a78,cnbc_cfe9dfeb,cnbc_f8d8edaf,cnbc_c0c0ecdf,cnbc_9261fa44,cnbc_cd8f9cc5,cnbc_16c61114,cnbc_58d1e8d0,cnbc_138325e3,cnbc_920ffb4d,cnbc_599c22df",True
2026-02-18,16884,16844.0,40.0,0.0023747328425552127,24,"cnbc_22ebe75d,cnbc_7171c049,cnbc_82dcb5dd,cnbc_bcaa31dd,cnbc_ff31ed11,cnbc_17d1d43b,cnbc_de8fc63f,cnbc_5836b77c,cnbc_eaadc64f,cnbc_fa9f4b8d,cnbc_2caecd6e,cnbc_72c2ed78,cnbc_1fa13f8b,cnbc_a8cd729a,cnbc_e7bd735f,cnbc_b1f5efe1,cnbc_09fdd175,cnbc_f33bdb41,cnbc_b5eb572d,cnbc_8607932c,cnbc_69aeb7c1,cnbc_03b5347d,cnbc_623315f9,cnbc_381f0eb6",True
2026-02-19,16925,16884.0,41.0,0.002428334517886757,7,"cnbc_d6afb8ed,cnbc_1c7f5391,cnbc_33f316a5,cnbc_da0316a2,cnbc_7a1e962b,cnbc_2c548465,cnbc_54dbc750",True
2026-02-20,16885,16925.0,-40.0,-0.002363367799113737,10,"cnbc_51651c64,cnbc_ecac989e,cnbc_62a0f445,cnbc_6b5935a2,cnbc_e79ad2b4,cnbc_475ff937,cnbc_3a6501dd,cnbc_a113b90b,cnbc_e61218e5,cnbc_9a61f17e",True
2026-02-23,16818,16885.0,-67.0,-0.003968018951732307,25,"cnbc_3afee7ca,cnbc_2bdcfa4a,cnbc_4d1eb4c8,cnbc_60251a91,cnbc_aea099b7,cnbc_4f0dc592,cnbc_69cbcbc7,cnbc_fc46a7b8,cnbc_6bfc36cc,cnbc_d145d920,cnbc_3095fb37,cnbc_87d2e5d1,cnbc_c8c39609,cnbc_607cd555,cnbc_1dba6745,cnbc_f78daaa6,cnbc_c358c5fb,cnbc_769f5bde,cnbc_ad2871fa,cnbc_1d6cb5a4,cnbc_033e7d55,cnbc_7abad3a9,cnbc_12c7085a,cnbc_c9ff4ed9,cnbc_1a4ff668",True
2026-02-24,16830,16818.0,12.0,0.0007135212272565109,14,"cnbc_e9a84ea4,cnbc_bd60c588,cnbc_9f2a17c1,cnbc_972b94d0,cnbc_fe2ff3eb,cnbc_8821490b,cnbc_51195ebd,cnbc_5f0d274d,cnbc_a983563e,cnbc_87cbe632,cnbc_11fbc037,cnbc_c63e57b6,cnbc_6b16591b,cnbc_c44f3b58",True
2026-02-25,16813,16830.0,-17.0,-0.00101010101010101,12,"cnbc_53186bdd,cnbc_9e23cad1,cnbc_d860a61d,cnbc_d2d66707,cnbc_d3f6edad,cnbc_6f31dc84,cnbc_a7b23643,cnbc_7c0e8394,cnbc_39e5c445,cnbc_49fd8764,cnbc_42b545cd,cnbc_04f3844a",True
2026-02-26,16758,16813.0,-55.0,-0.0032712781776006662,11,"cnbc_b2265928,cnbc_ae20305d,cnbc_a26a5c7c,cnbc_b6204a76,cnbc_55f235f6,cnbc_32ff3625,cnbc_02a1c114,cnbc_5325282b,cnbc_7a5392f9,cnbc_fe663744,cnbc_544661db",True
2026-02-27,16779,16758.0,21.0,0.0012531328320802004,11,"cnbc_8fb70318,cnbc_58dcef61,cnbc_618e736f,cnbc_7f0b671e,cnbc_c704b102,cnbc_4e24bb5d,cnbc_33975b30,cnbc_ca3b2c9e,cnbc_df946097,cnbc_93fa0307,cnbc_04296bcf",True
2026-03-02,16848,16779.0,69.0,0.004112283211156803,21,"cnbc_9ca0e797,cnbc_7147440b,cnbc_892698b5,cnbc_e2d5fa7f,cnbc_48105d4d,cnbc_2168bdd6,cnbc_ff11bf2b,cnbc_b880fff4,cnbc_10dfb00d,cnbc_283c8e66,cnbc_dd43b6a4,cnbc_db986817,cnbc_d0cf1647,cnbc_b6d119ef,cnbc_dcdba270,cnbc_33914bb6,cnbc_3c31adab,cnbc_c4e76b2a,cnbc_7448fef4,cnbc_9edd27c7,cnbc_11347470",True
2026-03-03,16870,16848.0,22.0,0.0013057929724596391,16,"cnbc_ac8352ca,cnbc_77579cea,cnbc_a95d11da,cnbc_ce3f5f7e,cnbc_cc4fd9fa,cnbc_aa9c2c4f,cnbc_2fc7b534,cnbc_17493e92,cnbc_417bc704,cnbc_98c061e5,cnbc_f9d882ce,cnbc_9faee23d,cnbc_62c1b795,cnbc_1057179c,cnbc_02ca1b6d,cnbc_a2751534",True
2026-03-04,16911,16870.0,41.0,0.0024303497332542976,16,"cnbc_1b08bc8e,cnbc_6084c9ee,cnbc_1f752ec1,cnbc_09efb826,cnbc_e03c5e25,cnbc_884b1941,cnbc_22dd2707,cnbc_4c06aa78,cnbc_caa17b28,cnbc_0b44bc1b,cnbc_ad16fd65,cnbc_f2d3a334,cnbc_1da7eabf,cnbc_07b23df1,cnbc_3ecb8259,cnbc_746e4a0c",True
2026-03-05,16886,16911.0,-25.0,-0.0014783277156880138,17,"cnbc_270376d1,cnbc_b1e0cd9b,cnbc_1f765b78,cnbc_d90ae246,cnbc_ebf3e392,cnbc_0822c4da,cnbc_31f15b8e,cnbc_2cd4fd75,cnbc_585ad612,cnbc_4dfced3d,cnbc_53d7fc51,cnbc_70485f02,cnbc_37152bb2,cnbc_12b1867b,cnbc_8721766d,cnbc_17e1a61c,cnbc_1d48fefa",True
2026-03-06,16919,16886.0,33.0,0.00195428165344072,22,"cnbc_17c7c3ef,cnbc_3274d831,cnbc_7a648f35,cnbc_40cf3685,cnbc_64733bfe,cnbc_1d85f369,cnbc_3d93d4e3,cnbc_80b477ae,cnbc_bf4b536e,cnbc_4ea6f4ff,cnbc_4177828d,cnbc_a31b24aa,cnbc_41251566,cnbc_5f05a55a,cnbc_4d7e2569,cnbc_4faa3fdb,cnbc_e856008b,cnbc_c1e273b3,cnbc_ed52292b,cnbc_cae4af58,cnbc_6766625f,cnbc_0ad1e834",True
2026-03-09,16974,16919.0,55.0,0.0032507831432117737,31,"cnbc_9af79693,cnbc_fae700c7,cnbc_71647709,cnbc_2f169aa3,cnbc_0c7e7b22,cnbc_ae83ec25,cnbc_43f4dec1,cnbc_91dd84a3,cnbc_be950ee8,cnbc_44c0f2dc,cnbc_74460534,cnbc_751abdf8,cnbc_21b660cb,cnbc_d26935cb,cnbc_eef00114,cnbc_32859f83,cnbc_fad1c98b,cnbc_0b5d8367,cnbc_19a06c55,cnbc_1d33e7b6,cnbc_4a801c88,cnbc_2c21a2ab,cnbc_2ba10f37,cnbc_84675e57,cnbc_d63c6094,cnbc_66448d0f,cnbc_ef9c9c69,cnbc_dc1d32db,cnbc_911308d5,cnbc_e9aa23c3,cnbc_04721f47",True
2026-03-10,16879,16974.0,-95.0,-0.0055967950983857664,18,"cnbc_3238aba6,cnbc_620cfbc1,cnbc_5082a65b,cnbc_affedee6,cnbc_2c40bc9a,cnbc_73b32f86,cnbc_ce91bd39,cnbc_61d66db6,cnbc_6e407dba,cnbc_eabbcbf2,cnbc_7a14b87d,cnbc_ef69a1c2,cnbc_04cf719a,cnbc_1ca1ee83,cnbc_e8867350,cnbc_213946dd,cnbc_a8750a14,cnbc_97fafddf",True
2026-03-11,16867,16879.0,-12.0,-0.0007109425913857456,19,"cnbc_cf041f6d,cnbc_4da7620a,cnbc_7cbb6de5,cnbc_6245713b,cnbc_72ff7df4,cnbc_7a4d0988,cnbc_37bca63f,cnbc_580bca7e,cnbc_0457410c,cnbc_5164a8a6,cnbc_27fd629e,cnbc_074902b3,cnbc_a23a50bb,cnbc_de6c7316,cnbc_aa43baa2,cnbc_aa55decc,cnbc_611df343,cnbc_1dde72f9,cnbc_2a729e96",True
2026-03-12,16899,16867.0,32.0,0.0018971957075947115,13,"cnbc_f43c98c3,cnbc_2e27d31d,cnbc_22315b35,cnbc_6a9d286f,cnbc_51c4bed6,cnbc_9a183302,cnbc_111757b0,cnbc_d32383a8,cnbc_a7adb6ce,cnbc_6418fb8b,cnbc_4faa250e,cnbc_9cff2947,cnbc_48f306db",True
2026-03-13,16934,16899.0,35.0,0.0020711284691401857,25,"cnbc_0bbdfca2,cnbc_1f4c7715,cnbc_9832ead7,cnbc_bc6a8207,cnbc_e30468be,cnbc_dcc256f9,cnbc_8153de99,cnbc_0c2305cc,cnbc_cb1a61dc,cnbc_045a9e1d,cnbc_96ff3989,cnbc_04e6ddfe,cnbc_03a15c2d,cnbc_a15ae38e,cnbc_c84c35e5,cnbc_09804960,cnbc_e0886134,cnbc_e772be0b,cnbc_3f886512,cnbc_f7232d9e,cnbc_71675db3,cnbc_fa41855b,cnbc_4a350681,cnbc_53301c57,cnbc_31ca7e57",True
2026-03-16,16990,16934.0,56.0,0.0033069564190386204,30,"cnbc_0c52455e,cnbc_ce020889,cnbc_453e2d3d,cnbc_bf8ab2cc,cnbc_38c7e960,cnbc_2f902ee5,cnbc_cbb12ba7,cnbc_59e58839,cnbc_12f86e00,cnbc_1dd826c8,cnbc_9897270a,cnbc_993bfa48,cnbc_8546efd4,cnbc_431a114f,cnbc_3e63bade,cnbc_dcc93e54,cnbc_1c043e12,cnbc_ae725436,cnbc_4c294ffa,cnbc_568abcc6,cnbc_c615e13f,cnbc_678dc281,cnbc_aa2aab12,cnbc_c0272f78,cnbc_06a60e00,cnbc_943c6aae,cnbc_e259a99f,cnbc_3cdf832d,cnbc_bcf4d3db,cnbc_f1d21eda",True
2026-03-17,16982,16990.0,-8.0,-0.00047086521483225425,14,"cnbc_1c5e03a3,cnbc_93f26f75,cnbc_e0cee377,cnbc_7c8b277d,cnbc_9767b895,cnbc_90239e10,cnbc_9b8448e6,cnbc_32b75220,cnbc_9402d135,cnbc_601bb1a3,cnbc_b51f3e07,cnbc_a692dd8a,cnbc_28481490,cnbc_c3b27411",True
2026-03-25,16905,16982.0,-77.0,-0.004534212695795548,76,"cnbc_d10b7f43,cnbc_e2c25939,cnbc_21263ae6,cnbc_1067ac03,cnbc_d7a00c17,cnbc_6d94a896,cnbc_ba17d150,cnbc_e785660b,cnbc_c9b76a46,cnbc_6a73eabf,cnbc_4e82f2c5,cnbc_f0e72e81,cnbc_6bb9adc3,cnbc_ca716789,cnbc_5793ceae,cnbc_5b5ce50f,cnbc_4b8a9a7b,cnbc_f3d3e346,cnbc_dd8f429e,cnbc_ddeacdc1,cnbc_48cad26f,cnbc_215cf7d9,cnbc_a3762af6,cnbc_65f94f96,cnbc_76f9cc02,cnbc_7ef2d0c5,cnbc_8dc71f5f,cnbc_66685e3a,cnbc_1384e096,cnbc_fb376910,cnbc_71d772fa,cnbc_64ccab19,cnbc_38d90890,cnbc_9af06d70,cnbc_1868d398,cnbc_675d36eb,cnbc_516ea431,cnbc_34ab83d8,cnbc_e138de0b,cnbc_59015748,cnbc_37a5047b,cnbc_fe7c7500,cnbc_33d29665,cnbc_b8bdaf44,cnbc_40e78bcb,cnbc_5217fd95,cnbc_8217e97b,cnbc_b4aa8b4f,cnbc_6d3eb9d9,cnbc_474a29bb,cnbc_a0ce1833,cnbc_97b5159c,cnbc_e0ee4bca,cnbc_44d586ee,cnbc_21ca6ca1,cnbc_48ec50fc,cnbc_3f4d38e1,cnbc_e9b9d6f7,cnbc_1de8e849,cnbc_ed4a6d89,cnbc_c260bc25,cnbc_c660bccd,cnbc_60b487a0,cnbc_9c20933e,cnbc_77aa3e2a,cnbc_93e74d0f,cnbc_72ca4dcc,cnbc_ce3b1c45,cnbc_e41124f2,cnbc_4dae3560,cnbc_0113672c,cnbc_9cb3949d,cnbc_53210cbc,cnbc_ab7f5f51,cnbc_497dd1d8,cnbc_99f5d983",True
2026-03-26,16903,16905.0,-2.0,-0.00011830819284235433,15,"cnbc_62459995,cnbc_b223728e,cnbc_8bad8f19,cnbc_b0e37111,cnbc_0e746c3d,cnbc_fcd92928,cnbc_87d76b09,cnbc_f832154f,cnbc_b0906a37,cnbc_01a8ea0e,cnbc_57273208,cnbc_f855147c,cnbc_615ec36a,cnbc_c47cb08f,cnbc_dbcaee7d",True
2026-03-27,16957,16903.0,54.0,0.003194699165828551,20,"cnbc_7f694c92,cnbc_3e99ce20,cnbc_18280391,cnbc_7dfea5fb,cnbc_88b93a70,cnbc_3f8017bf,cnbc_7a82583c,cnbc_3068ddb8,cnbc_3110f152,cnbc_9e6116fe,cnbc_0b7822b8,cnbc_abd085b3,cnbc_37b1028d,cnbc_0d485ffe,cnbc_347ab9df,cnbc_d9f4a54a,cnbc_4f51c227,cnbc_50d8a691,cnbc_fc841efb,cnbc_3d7d0042",True
2026-03-30,16993,16957.0,36.0,0.0021230170431090407,28,"cnbc_8005de75,cnbc_d68c3f10,cnbc_c750840a,cnbc_4597f3f0,cnbc_a898b207,cnbc_06638522,cnbc_e3df8d4b,cnbc_c72c0271,cnbc_ef7a4ab1,cnbc_84e9c145,cnbc_b4d34f34,cnbc_0d7f0a00,cnbc_ee0e4382,cnbc_16350649,cnbc_dc01a1f6,cnbc_0a76df84,cnbc_4acb3329,cnbc_76ff4308,cnbc_daf16d38,cnbc_c05c3df2,cnbc_5fe6e533,cnbc_8101043f,cnbc_1e013d7a,cnbc_52b24368,cnbc_305c7fd2,cnbc_6a34c650,cnbc_ef2bfb80,cnbc_e81717a3",True
2026-03-31,16999,16993.0,6.0,0.0003530865650561996,8,"cnbc_e307c53d,cnbc_b5060944,cnbc_d8d06857,cnbc_144e6c5e,cnbc_369ada06,cnbc_a08ae66c,cnbc_969978a6,cnbc_e7c14c33",True
2026-04-01,17002,16999.0,3.0,0.0001764809694687923,19,"cnbc_51a13bc9,cnbc_db247eef,cnbc_21355bf9,cnbc_921af869,cnbc_d8c315ff,cnbc_6142ba4c,cnbc_30aaf885,cnbc_8f1ceb1d,cnbc_95739a66,cnbc_0fe888c9,cnbc_53726c00,cnbc_7a1fd96d,cnbc_7216d0f5,cnbc_e7c4409b,cnbc_93e94f9d,cnbc_c2fdadaa,cnbc_11367eae,cnbc_62f7f344,cnbc_508c97bb",True
2026-04-02,17015,17002.0,13.0,0.0007646159275379367,10,"cnbc_2e8f9e5d,cnbc_b4645264,cnbc_48718d6a,cnbc_635212d1,cnbc_8683ca41,cnbc_25910754,cnbc_a74106ac,cnbc_a84d3a22,cnbc_ff4223ec,cnbc_3c9724f6",True
2026-04-06,17037,17015.0,22.0,0.0012929767851895385,27,"cnbc_82f21cf7,cnbc_2a08d1e1,cnbc_6a88bca7,cnbc_a9ca8189,cnbc_acf2de93,cnbc_ee9391d4,cnbc_baa267c1,cnbc_b1ceb74b,cnbc_b897cb2e,cnbc_7a8a5786,cnbc_7e1261cc,cnbc_b58c0714,cnbc_32bd0725,cnbc_3cb9872e,cnbc_f7da8cc7,cnbc_742de513,cnbc_671a555f,cnbc_972938d7,cnbc_5416d572,cnbc_d802cf41,cnbc_5e46ba1a,cnbc_f8aada64,cnbc_0e78698c,cnbc_657761ef,cnbc_bc0757e9,cnbc_07a6247b,cnbc_501e80f2",True
2026-04-07,17092,17037.0,55.0,0.003228267887538886,8,"cnbc_8d789645,cnbc_37dbd757,cnbc_f0d0c979,cnbc_de45ee35,cnbc_e70b785c,cnbc_21e6e126,cnbc_42786672,cnbc_81c2eca9",True
2026-04-08,17009,17092.0,-83.0,-0.004856073016615961,17,"cnbc_cd4d427e,cnbc_dd90eace,cnbc_895399ba,cnbc_bc4f1147,cnbc_f6276b5d,cnbc_3e78c983,cnbc_e066728b,cnbc_55602dbe,cnbc_77493d16,cnbc_9eca6a26,cnbc_167f48f9,cnbc_45cbb925,cnbc_27e11738,cnbc_de148282,cnbc_8ae4c0ae,cnbc_61cd9e21,cnbc_02df8705",True
2026-04-09,17082,17009.0,73.0,0.004291845493562232,19,"cnbc_bd3c8ac9,cnbc_3316af65,cnbc_f74e05cd,cnbc_0cbb7bcd,cnbc_046098c5,cnbc_4057990e,cnbc_88ac257e,cnbc_9a4449b4,cnbc_524543a0,cnbc_ee481a72,cnbc_ad36418f,cnbc_597baed4,cnbc_636df1cd,cnbc_55b130ad,cnbc_a2807dba,cnbc_71153a1d,cnbc_d0c45964,cnbc_2b5833b2,cnbc_904805b3",True
2026-04-10,17112,17082.0,30.0,0.0017562346329469617,20,"cnbc_23810a9a,cnbc_90258c71,cnbc_4ed114cf,cnbc_6aeb88ba,cnbc_fe3ffbbc,cnbc_7b25fe23,cnbc_9a2fbd23,cnbc_de75972d,cnbc_5196d554,cnbc_55f10378,cnbc_bc0284c1,cnbc_00a09578,cnbc_8fbc6364,cnbc_df803167,cnbc_0a62797f,cnbc_5e27a636,cnbc_7c2c7b6f,cnbc_bd12bc77,cnbc_195eeeca,cnbc_d97de592",True
2026-04-13,17122,17112.0,10.0,0.0005843852267414679,31,"cnbc_d3c97b52,cnbc_22ce5601,cnbc_882b4d69,cnbc_cace7ffc,cnbc_db697a85,cnbc_35365079,cnbc_9b7650a4,cnbc_1a91eb91,cnbc_60754d41,cnbc_28573500,cnbc_0b99f737,cnbc_2848e6f1,cnbc_8b217bc4,cnbc_71cefd2e,cnbc_069feb4f,cnbc_4dc1397c,cnbc_34e3f22c,cnbc_71b745bb,cnbc_abf6c4c7,cnbc_76b3eacc,cnbc_94950f25,cnbc_30cc31b7,cnbc_efdedc3f,cnbc_a907eb88,cnbc_f63e2277,cnbc_2390dd0f,cnbc_669be59f,cnbc_c2375587,cnbc_ae5d7a9e,cnbc_d28f512e,cnbc_67ac0b6c",True
2026-04-14,17135,17122.0,13.0,0.0007592570961336292,11,"cnbc_2970dc77,cnbc_d51f5c30,cnbc_c976ab81,cnbc_1aed1da6,cnbc_df0f198e,cnbc_bd0b74f6,cnbc_cc800c24,cnbc_c2b5ae74,cnbc_0225698b,cnbc_3517eee0,cnbc_a8d4d1c8",True
2026-04-15,17141,17135.0,6.0,0.00035016049022468633,16,"cnbc_e11a81a9,cnbc_aa9a700c,cnbc_69e72a96,cnbc_88d229e4,cnbc_e1e6223e,cnbc_9d3b5dcc,cnbc_0ee8b702,cnbc_9b3a67a5,cnbc_cfeaec4b,cnbc_1691b69a,cnbc_0c11b5af,cnbc_944e55bc,cnbc_f1321232,cnbc_d32cb267,cnbc_c9f34b7b,cnbc_59aa6d1a",True
2026-04-16,17142,17141.0,1.0,5.833965346245843e-05,13,"cnbc_af77c119,cnbc_f55cb41f,cnbc_39bc49a1,cnbc_196ad5ee,cnbc_79d4ba91,cnbc_d384d0a3,cnbc_b25979f5,cnbc_e2c21366,cnbc_9a89b5ed,cnbc_882e3658,cnbc_92d76753,cnbc_13b570da,cnbc_0ec8b376",True
2026-04-17,17189,17142.0,47.0,0.0027418037568545093,17,"cnbc_18a2dabc,cnbc_9a58660e,cnbc_cdc4ecab,cnbc_e0c4ad25,cnbc_a2915a92,cnbc_3d73b34d,cnbc_9f69e8d3,cnbc_5a8c841d,cnbc_41415544,cnbc_20c5f76f,cnbc_1df80345,cnbc_a340911c,cnbc_1b0e3e3f,cnbc_c9fd8463,cnbc_4f2c5ba0,cnbc_81024bcb,cnbc_f7204906",True
2026-04-20,17176,17189.0,-13.0,-0.0007562976322066438,22,"cnbc_5e776fd0,cnbc_3827c36a,cnbc_18a65c98,cnbc_ff8cfd42,cnbc_713342c5,cnbc_43d29aaa,cnbc_c4a1178f,cnbc_8c447ec3,cnbc_f56516c3,cnbc_8b16d72d,cnbc_d0174fb1,cnbc_05ab1ed8,cnbc_398300be,cnbc_b7642998,cnbc_6c4a5bec,cnbc_d59d7dae,cnbc_a37a835a,cnbc_9ede13ce,cnbc_028b4356,cnbc_5f20d93b,cnbc_ddc0391b,cnbc_864ae05e",True
2026-04-21,17142,17176.0,-34.0,-0.0019795062878435027,10,"cnbc_980b4090,cnbc_f3da7585,cnbc_c331617f,cnbc_6acc9262,cnbc_50e41aa3,cnbc_fd32234b,cnbc_a526682f,cnbc_6c0b42e2,cnbc_912147ac,cnbc_972ddfc9",True
2026-04-22,17179,17142.0,37.0,0.0021584412553961032,18,"cnbc_a235f5fb,cnbc_be4b843f,cnbc_62577918,cnbc_edb71eb8,cnbc_87901363,cnbc_a58b22eb,cnbc_1a0a9b9b,cnbc_539eca6e,cnbc_c6eeb9b9,cnbc_47ef5adc,cnbc_af05166f,cnbc_3c8c0d9e,cnbc_fb0be7d8,cnbc_c2d5fd98,cnbc_b10fcd11,cnbc_eb6ed346,cnbc_3129faf8,cnbc_de8f6dc2",True
2026-04-23,17308,17179.0,129.0,0.007509168170440654,15,"cnbc_fd016d2a,cnbc_1bbc168f,cnbc_68f26ebf,cnbc_0d85eea0,cnbc_86f8a8a8,cnbc_e720592f,cnbc_0fccc15d,cnbc_9b5d3937,cnbc_30c1478a,cnbc_13bcb15d,cnbc_ef5a3a04,cnbc_50df762e,cnbc_8dc4e333,cnbc_e059cd18,cnbc_becfba49",True
2026-04-24,17278,17308.0,-30.0,-0.0017333025190663276,18,"cnbc_cfafc431,cnbc_9f254aae,cnbc_c8664c7d,cnbc_552035ad,cnbc_a6567bde,cnbc_22bcc733,cnbc_2ab05bb3,cnbc_3b0b870c,cnbc_b8e7ff3b,cnbc_d11db5b3,cnbc_78885707,cnbc_791acd17,cnbc_f757c92a,cnbc_60c8791d,cnbc_e80fa897,cnbc_eba93415,cnbc_5f0abbde,cnbc_780338f8",True
2026-04-27,17227,17278.0,-51.0,-0.0029517305243662462,23,"cnbc_cdd0399f,cnbc_99aca77d,cnbc_f84b92ab,cnbc_150b644b,cnbc_4907890d,cnbc_8ce6ae3d,cnbc_d8bdd1a6,cnbc_3afaff8e,cnbc_e2afb8f1,cnbc_c1666697,cnbc_74338d3f,cnbc_9e140ba5,cnbc_35a8f243,cnbc_414b8b06,cnbc_2bea8b26,cnbc_2091b162,cnbc_70ea4927,cnbc_ef9e683e,cnbc_c3250898,cnbc_c00327be,cnbc_daa5a4cc,cnbc_f778c92d,cnbc_db12fb6d",True
2026-04-28,17245,17227.0,18.0,0.0010448714227665873,10,"cnbc_d8147728,cnbc_500f3454,cnbc_333e3dfc,cnbc_16fe7e61,cnbc_e369bb73,cnbc_935ccbe0,cnbc_9e9de1c3,cnbc_259f409a,cnbc_48ab73b6,cnbc_576b2448",True
2026-04-29,17324,17245.0,79.0,0.004581037982023775,11,"cnbc_f4e802be,cnbc_98a7d313,cnbc_c38f0da5,cnbc_611d2418,cnbc_e3a51bf8,cnbc_cf01ae75,cnbc_e81de250,cnbc_a5bdf844,cnbc_808a6b7d,cnbc_fdbe6ac5,cnbc_c1c87947",True
2026-04-30,17378,17324.0,54.0,0.003117063033941353,10,"cnbc_ecad5634,cnbc_b8f7e610,cnbc_000164c5,cnbc_5bfe5579,cnbc_3be26b11,cnbc_3bd0499a,cnbc_ab3b8ada,cnbc_faba7e29,cnbc_e95d98f4,cnbc_e9ce1586",True
2026-05-04,17368,17378.0,-10.0,-0.0005754402117619979,29,"cnbc_b012632a,cnbc_f44b96c2,cnbc_a116b51d,cnbc_4bdeab28,cnbc_02d0b134,cnbc_eac6303b,cnbc_f4b4176f,cnbc_cba9617c,cnbc_dba1d9ef,cnbc_ae27da10,cnbc_6494012f,cnbc_f4e6ac95,cnbc_4e4997b6,cnbc_7b78b1bc,cnbc_a3817cdb,cnbc_a30403e0,cnbc_5b07fcd1,cnbc_493c35df,cnbc_254a43ca,cnbc_7a3c3c7d,cnbc_8ae2426e,cnbc_5969c171,cnbc_939cde13,cnbc_4c2c3457,cnbc_7c136db7,cnbc_4d10b80b,cnbc_01b602d1,cnbc_c6da767d,cnbc_d7a0f222",True
2026-05-05,17425,17368.0,57.0,0.0032818977429755875,6,"cnbc_214d55f2,cnbc_d86c960c,cnbc_4ad86ec2,cnbc_55472bd8,cnbc_9baea859,cnbc_4a7ae8a7",True
2026-05-06,17405,17425.0,-20.0,-0.0011477761836441894,11,"cnbc_7166a520,cnbc_b40e7b54,cnbc_be086faa,cnbc_d743d7ae,cnbc_3c35159f,cnbc_d2b2249e,cnbc_18edcaac,cnbc_7356bbf7,cnbc_3d2519e9,cnbc_139ac31d,cnbc_cde61c7e",True
2026-05-07,17362,17405.0,-43.0,-0.002470554438379776,12,"cnbc_0bdc0adf,cnbc_40b5b9e6,cnbc_b0d44ef2,cnbc_3c1f4ee2,cnbc_450f4944,cnbc_7c07604e,cnbc_16af82c8,cnbc_893267c6,cnbc_cbded00c,cnbc_2bc1c8d3,cnbc_c68e3429,cnbc_a60533af",True
2026-05-08,17375,17362.0,13.0,0.0007487616634028338,7,"cnbc_cdea9b5f,cnbc_7439ab4a,cnbc_f5cff739,cnbc_b64e4957,cnbc_33b807e8,cnbc_21172d5e,cnbc_e8d21b66",True
2026-05-11,17415,17375.0,40.0,0.002302158273381295,14,"cnbc_70a676b2,cnbc_206ec9d8,cnbc_fee41271,cnbc_03719811,cnbc_c99a0fba,cnbc_37db2449,cnbc_7e987739,cnbc_88ac2446,cnbc_55110e8a,cnbc_f65ef677,cnbc_b5fe6d22,cnbc_7b6a0954,cnbc_d73e187d,cnbc_583d8c48",True
2026-05-12,17514,17415.0,99.0,0.005684754521963824,8,"cnbc_82c1a05c,cnbc_10a80357,cnbc_e7320f44,cnbc_9107e3c4,cnbc_cd1d496b,cnbc_38eb6dd9,cnbc_5af771cc,cnbc_7066808b",True
2026-05-13,17496,17514.0,-18.0,-0.0010277492291880781,15,"cnbc_35d189cf,cnbc_163e72ac,cnbc_9f802eb8,cnbc_7ac85cff,cnbc_fef95281,cnbc_b381476b,cnbc_0bfc570c,cnbc_0248487f,cnbc_997677c8,cnbc_e009df0e,cnbc_7c1cd467,cnbc_9be9146e,cnbc_f3e5e827,cnbc_6eafd6c4,cnbc_399312ee",True
2026-05-18,17666,17496.0,170.0,0.009716506630086877,63,"cnbc_7d2d172e,cnbc_8244abe2,cnbc_21649b3e,cnbc_3cd23d1f,cnbc_6d9aec70,cnbc_68390fc0,cnbc_ded987e2,cnbc_a11cf2c8,cnbc_6e17fd95,cnbc_90e5c082,cnbc_c22e9df7,cnbc_f8aff60e,cnbc_43e1f56b,cnbc_c445fa6b,cnbc_d1af2a84,cnbc_4c966b08,cnbc_9ba53a5e,cnbc_ce6c5494,cnbc_59a5608e,cnbc_114a7fa9,cnbc_1ab8aec2,cnbc_8f1f0868,cnbc_4bb0e1ec,cnbc_791181ce,cnbc_84f3f495,cnbc_98679e4f,cnbc_95ef0bef,cnbc_9e51f558,cnbc_6bc8a8fb,cnbc_d24cbed6,cnbc_bc07894a,cnbc_afe06527,cnbc_be78eb3c,cnbc_68a63efc,cnbc_55c1258c,cnbc_91a1e5a5,cnbc_347e8b8b,cnbc_608cc99e,cnbc_330f8f2c,cnbc_de560601,cnbc_3a933789,cnbc_d6d68ea7,cnbc_3e0720bb,cnbc_a65fa985,cnbc_4f0a7f3e,cnbc_2d463e9d,cnbc_37272cee,cnbc_d99bbe98,cnbc_45c55a00,cnbc_421f6d66,cnbc_b0497dd2,cnbc_838d4e96,cnbc_b7688b8a,cnbc_fa8dfca2,cnbc_0650384f,cnbc_4e514f64,cnbc_6bbcbe64,cnbc_f51add5a,cnbc_f3de85d0,cnbc_7e3f3303,cnbc_d47d5383,cnbc_9a166be1,cnbc_936822b1",True
2026-05-19,17719,17666.0,53.0,0.003000113211819314,6,"cnbc_ce11d2ab,cnbc_4bee6076,cnbc_4a588619,cnbc_0d48865c,cnbc_2b8a8eaf,cnbc_2d823e2a",True
2026-05-20,17685,17719.0,-34.0,-0.0019188441785653817,13,"cnbc_15963549,cnbc_fa55c49f,cnbc_48e4fef9,cnbc_1442834c,cnbc_bfa69c58,cnbc_9a4b532c,cnbc_2beabee4,cnbc_8ca7a1d6,cnbc_4594a32b,cnbc_351747da,cnbc_fbe2400a,cnbc_75e6daf2,cnbc_a420c350",True
2026-05-21,17673,17685.0,-12.0,-0.0006785411365564037,19,"cnbc_288a9b05,cnbc_d08a471f,cnbc_44878df7,cnbc_5ca29fea,cnbc_dfcf64c9,cnbc_03e07c50,cnbc_4b5674ed,cnbc_c748f9f6,cnbc_aff8c281,cnbc_61ec067a,cnbc_725388a4,cnbc_aeae4dd4,cnbc_d67a4859,cnbc_f41fc2aa,cnbc_b4882c74,cnbc_ec7eb93c,cnbc_2e59f2fd,cnbc_690d4fd6,cnbc_3771d983",True
2026-05-22,17717,17673.0,44.0,0.002489673513268828,11,"cnbc_17392fe1,cnbc_abe5d0a1,cnbc_de8917c2,cnbc_87822168,cnbc_ca51bea0,cnbc_f0bbaa11,cnbc_8b158027,cnbc_97b86b46,cnbc_cb2c8bc3,cnbc_b03a2699,cnbc_32445986",True
2026-05-25,17743,17717.0,26.0,0.0014675170739967263,22,"cnbc_ec7bb3c9,cnbc_11eead48,cnbc_fe8da49e,cnbc_ad088180,cnbc_adca3a80,cnbc_e22d46df,cnbc_af67219b,cnbc_3bb53015,cnbc_d1a26277,cnbc_75fedd8e,cnbc_bf5494d1,cnbc_ae5f957e,cnbc_d9a8869b,cnbc_bcb2aaec,cnbc_9cb5e428,cnbc_49574a2d,cnbc_04ecae45,cnbc_04ffa4e2,cnbc_20932cc8,cnbc_f76360f5,cnbc_9e809aad,cnbc_9cc45d39",True
2026-05-26,17789,17743.0,46.0,0.0025925717184241675,5,"cnbc_f2e1c084,cnbc_cfe06fc8,cnbc_67e1b199,cnbc_d032b238,cnbc_de9bba8f",True
2026-05-29,17883,17789.0,94.0,0.005284164371240655,35,"cnbc_e2631979,cnbc_267c5721,cnbc_385c7823,cnbc_da5c550d,cnbc_d859b135,cnbc_365f7881,cnbc_85d733ef,cnbc_5b9c4aac,cnbc_4942e201,cnbc_b3e528a2,cnbc_86dcce35,cnbc_91fc5664,cnbc_85ad613c,cnbc_2a08f065,cnbc_5772af1b,cnbc_998d0353,cnbc_e1504ccd,cnbc_e226c331,cnbc_74404242,cnbc_03c2f4fc,cnbc_7292128a,cnbc_d3b000e4,cnbc_77ef2db3,cnbc_b14783dd,cnbc_28f6ddc1,cnbc_35da6959,cnbc_2ad8b53b,cnbc_9801df44,cnbc_6c79813e,cnbc_c0026c1d,cnbc_895d35b1,cnbc_f873222e,cnbc_508454d8,cnbc_ab9ef7ae,cnbc_19762215",True
2026-06-02,17863,17883.0,-20.0,-0.001118380584913046,37,"cnbc_1fce6c7c,cnbc_d83d2fbd,cnbc_c4ad0f9d,cnbc_b9cc6449,cnbc_220358b9,cnbc_caad9876,cnbc_f1bc2a19,cnbc_d946afd9,cnbc_dda12182,cnbc_d11e64ed,cnbc_1fb80c65,cnbc_ad7a1ae9,cnbc_5b6812e6,cnbc_b4a79a43,cnbc_31d6a9b9,cnbc_12e3e4c1,cnbc_57e8d66b,cnbc_b6639906,cnbc_477a21fc,cnbc_84008384,cnbc_6eadb185,cnbc_91196ad2,cnbc_0a3ab2dd,cnbc_15550bd2,cnbc_9d55f1bd,cnbc_729f2a24,cnbc_b3e9f5ae,cnbc_a7716ddc,cnbc_65d0d1bd,cnbc_0d3e3430,cnbc_8d3d279c,cnbc_d8f0bac4,cnbc_338264fa,cnbc_a0e51b93,cnbc_1152055d,cnbc_ea2b5b2d,cnbc_9746769d",True
2026-06-03,17931,17863.0,68.0,0.003806751385545541,7,"cnbc_44c87617,cnbc_7c87d145,cnbc_b4c21b36,cnbc_b6c10d24,cnbc_ca850851,cnbc_a97995d1,cnbc_1835b966",True
2026-06-04,18039,17931.0,108.0,0.006023088505939435,10,"cnbc_8ad53eb3,cnbc_5692080f,cnbc_8e4835b4,cnbc_b9c7f2b3,cnbc_af325764,cnbc_d7fd6e0b,cnbc_4b558895,cnbc_fb341af6,cnbc_06785796,cnbc_2a235784",True
2026-06-05,18039,18039.0,0.0,0.0,9,"cnbc_ad3804ae,cnbc_f73167fc,cnbc_e418e15b,cnbc_1b029972,cnbc_09f22b0e,cnbc_d0fd38db,cnbc_c689ac31,cnbc_912c99d9,cnbc_64e89439",True
2026-06-08,18171,18039.0,132.0,0.007317478795942125,17,"cnbc_f2904ef2,cnbc_a48e6eab,cnbc_d95b55b5,cnbc_10dd8b64,cnbc_503794ec,cnbc_d411d012,cnbc_65415148,cnbc_07e091c4,cnbc_21efb5dd,cnbc_c3783d21,cnbc_9af9a41d,cnbc_be06ed66,cnbc_69bc9643,cnbc_1466ee50,cnbc_55f4d6c5,cnbc_ad635e25,cnbc_8e295175",True
2026-06-09,18141,18171.0,-30.0,-0.001650982334489021,7,"cnbc_2273cd0d,cnbc_dce5592d,cnbc_c89a944b,cnbc_7e88e396,cnbc_1bea73ec,cnbc_ec3a752e,cnbc_f6037526",True
2026-06-10,17971,18141.0,-170.0,-0.009371037980265697,15,"cnbc_eda2f1d7,cnbc_ed315cda,cnbc_34786c8e,cnbc_d88e3dc3,cnbc_2c3afe78,cnbc_b8a99cbb,cnbc_f12f2ee8,cnbc_d8f5521f,cnbc_65fdeb42,cnbc_b1300ac9,cnbc_a77e2a8c,cnbc_67cf110b,cnbc_64a4e9cf,cnbc_6d36ef97,cnbc_83eda59f",True
2026-06-11,17981,17971.0,10.0,0.0005564520616548885,10,"cnbc_b70b4b4d,cnbc_c7177cce,cnbc_6bb40694,cnbc_cfb41875,cnbc_4e2eac5a,cnbc_10b0850c,cnbc_9f7b11b2,cnbc_60249214,cnbc_3059a0f3,cnbc_49343b18",True
2026-06-12,17921,17981.0,-60.0,-0.0033368555697680887,13,"cnbc_70cc5550,cnbc_1c780741,cnbc_a9b7e097,cnbc_74267f45,cnbc_71fab53b,cnbc_a5b30b9a,cnbc_5b702496,cnbc_06a7aaf6,cnbc_99660ecd,cnbc_62d1d72f,cnbc_27ea80ad,cnbc_9559e8b6,cnbc_b5b28145",True
2026-06-15,17719,17921.0,-202.0,-0.011271692427877908,20,"cnbc_ebf5b414,cnbc_e3057a6c,cnbc_1929cbb2,cnbc_d30e2b92,cnbc_d6424d6a,cnbc_c9914f77,cnbc_7a7fab49,cnbc_81d01224,cnbc_31cf7125,cnbc_f20a1dde,cnbc_3c4cad21,cnbc_abfea599,cnbc_b9b8876e,cnbc_9ab6c10f,cnbc_dc0942d0,cnbc_889f6eac,cnbc_46d84346,cnbc_155d0f46,cnbc_a100e112,cnbc_de2164b5",True
2026-06-17,17753,17719.0,34.0,0.0019188441785653817,17,"cnbc_1153762a,cnbc_bfb360eb,cnbc_540ab487,cnbc_3dc750c1,cnbc_46a93690,cnbc_a3c478ec,cnbc_35ddf842,cnbc_164d5e08,cnbc_317fb884,cnbc_8c3a8dee,cnbc_3d8fd910,cnbc_36cb1c57,cnbc_64752b21,cnbc_4187c09e,cnbc_ab6bd4a8,cnbc_774c4e6c,cnbc_bf40546e",True
2026-06-18,17826,17753.0,73.0,0.00411198107362136,12,"cnbc_174fd2aa,cnbc_9eb232ee,cnbc_c147b2af,cnbc_cdd5321d,cnbc_0015d315,cnbc_008d3036,cnbc_b8cabfb4,cnbc_32b2bc51,cnbc_c7efa244,cnbc_4f035419,cnbc_87649df0,cnbc_79482ffa",True
2026-06-19,17826,17826.0,0.0,0.0,15,"cnbc_d1f5f024,cnbc_30816bb8,cnbc_ba9154d7,cnbc_41af3b31,cnbc_b0fb0c26,cnbc_5af9f348,cnbc_3cf67ec2,cnbc_e5b645d7,cnbc_da419a8d,cnbc_4e0835f8,cnbc_65929594,cnbc_09cc5d84,cnbc_8322c2f2,cnbc_7f5ca8ee,cnbc_4e369f35",True
2026-06-22,17819,17826.0,-7.0,-0.0003926848423650847,13,"cnbc_b9bf15b4,cnbc_7bd6dbbe,cnbc_15609673,cnbc_5622d65f,cnbc_46764c8d,cnbc_072b5ace,cnbc_a7114ee7,cnbc_274b31c0,cnbc_58290e33,cnbc_96297ad9,cnbc_7e4b56fa,cnbc_3aa2d9d0,cnbc_25c1bfa5",True
2026-06-23,17868,17819.0,49.0,0.0027498737302878947,11,"cnbc_861584da,cnbc_845e7547,cnbc_cf87340e,cnbc_a45aa61b,cnbc_50afd20c,cnbc_0f6cecd9,cnbc_ebd971a1,cnbc_1ddee78c,cnbc_7153c526,cnbc_140b5f10,cnbc_77bc9198",True
2026-06-24,17955,17868.0,87.0,0.004869039623908664,9,"cnbc_8053362a,cnbc_eec8c7af,cnbc_d2a2871c,cnbc_c665571d,cnbc_c92b86e1,cnbc_c640ea0c,cnbc_3a7558d5,cnbc_6d9358a4,cnbc_50a02d93",True
2026-06-25,17942,17955.0,-13.0,-0.0007240323029796714,10,"cnbc_5173b4b8,cnbc_38ab68dc,cnbc_79b8b813,cnbc_b7513f9f,cnbc_2c685f17,cnbc_a4e6580f,cnbc_e7ddb267,cnbc_688ed4b9,cnbc_e2ccaa5c,cnbc_04d2d6a2",True
2026-06-26,17962,17942.0,20.0,0.0011147029316687102,13,"cnbc_fea8d5b3,cnbc_bc59fbdd,cnbc_54373237,cnbc_d5ec62d9,cnbc_7bbe8659,cnbc_b1b9cfb6,cnbc_8f1a1c72,cnbc_52791de6,cnbc_ebc196c6,cnbc_328dce67,cnbc_240af707,cnbc_e05fa66e,cnbc_a3d3f4c4",True
2026-06-29,17856,17962.0,-106.0,-0.005901347288720633,17,"cnbc_448ee93d,cnbc_5ba19fdf,cnbc_7554f7a4,cnbc_cc889a26,cnbc_4f3de386,cnbc_f8e4247f,cnbc_d04a8f25,cnbc_475b314e,cnbc_f1102a63,cnbc_9435e954,cnbc_b91f0d76,cnbc_7e3c7795,cnbc_ef107528,cnbc_13de2ad8,cnbc_c91dfd4a,cnbc_823ed81e,cnbc_a088ccd4",True
2026-06-30,17899,17856.0,43.0,0.0024081541218637995,6,"cnbc_9448c337,cnbc_48f68fa7,cnbc_29a0f1dd,cnbc_4ca0a423,cnbc_17737bb7,cnbc_ddacf47d",True
2026-07-01,17961,17899.0,62.0,0.0034638806637242304,9,"cnbc_09658722,cnbc_7df163d8,cnbc_0d5c6af7,cnbc_961f0a46,cnbc_1b14c37c,cnbc_86510d38,cnbc_accb7820,cnbc_98d97099,cnbc_063a751a",True
2026-07-02,17994,17961.0,33.0,0.001837314180724904,10,"cnbc_d7a6ae4d,cnbc_d48bcf7a,cnbc_8b29e7b0,cnbc_25ba7aec,cnbc_42885977,cnbc_2ee1a3bf,cnbc_7eff30b4,cnbc_9202d378,cnbc_cce31639,cnbc_1d503262",True
2026-07-03,17960,17994.0,-34.0,-0.001889518728465044,11,"cnbc_db0b2ea3,cnbc_c1531580,cnbc_dc5b6d32,cnbc_228dcc8c,cnbc_3b1486ad,cnbc_1dfc9f18,cnbc_968cb99f,cnbc_befd92ac,cnbc_9acc8df6,cnbc_6aa7a5fc,cnbc_c9e3a811",True
2026-07-06,17999,17960.0,39.0,0.0021714922048997774,10,"cnbc_16ea3cc6,cnbc_0e88ee65,cnbc_2bee465c,cnbc_2ed46c9f,cnbc_bd8fc80c,cnbc_a6388fc9,cnbc_ae53140b,cnbc_b839a306,cnbc_84821aeb,cnbc_f2faa0cb",True
2026-07-07,17988,17999.0,-11.0,-0.0006111450636146452,10,"cnbc_741c3c1e,cnbc_606d4bdd,cnbc_e533c36a,cnbc_b1efde8a,cnbc_589d8fb6,cnbc_06ef4543,cnbc_e15de068,cnbc_b8848957,cnbc_baa236bc,cnbc_9fbf1c78",True
2026-07-08,18005,17988.0,17.0,0.0009450744941071825,12,"cnbc_36d052fa,cnbc_2949f81f,cnbc_0fdff7c8,cnbc_39f80786,cnbc_d2e7ac8d,cnbc_7c488e42,cnbc_53089dca,cnbc_cd58243b,cnbc_d937b07a,cnbc_6eee1fe1,cnbc_465d8a4e,cnbc_92da332a",True
2026-07-09,18090,18005.0,85.0,0.004720910858094974,16,"cnbc_6957673d,cnbc_84776302,cnbc_19d6b590,cnbc_252aa713,cnbc_601dbf57,cnbc_585c498e,cnbc_4aa4bb7c,cnbc_e2c1c930,cnbc_3b529c07,cnbc_c8889bf6,cnbc_c1e7b4f9,cnbc_d464e7fe,cnbc_aa22a12a,cnbc_ab62e01a,cnbc_4cad6089,cnbc_f2cbb329",True
2026-07-10,18069,18090.0,-21.0,-0.0011608623548922056,8,"cnbc_c04ca1d7,cnbc_adef6201,cnbc_c5b392f3,cnbc_b7c06596,cnbc_33a28fb4,cnbc_140c1969,cnbc_636c4fea,cnbc_1992292a",True
2026-07-13,18131,18069.0,62.0,0.0034312911616580883,13,"cnbc_0e8df028,cnbc_afecdbf6,cnbc_4c388d23,cnbc_67262c5e,cnbc_f8512a9b,cnbc_d00d5b6b,cnbc_252af162,cnbc_d17d778b,cnbc_f1ab95c7,cnbc_9ba974ef,cnbc_a187cca1,cnbc_cdbcd8f4,cnbc_de164bdc",True
2026-07-14,18099,18131.0,-32.0,-0.0017649329877006232,6,"cnbc_eb714f00,cnbc_371be56d,cnbc_0af5544b,cnbc_d4f1102e,cnbc_a38e42c8,cnbc_c5d1dc02",True
2026-07-15,18064,18099.0,-35.0,-0.0019338084977070557,12,"cnbc_97ab1f70,cnbc_814c77e9,cnbc_e0d65c79,cnbc_67ffa80e,cnbc_5f2b62c9,cnbc_8ef97dc2,cnbc_3f0a1ea0,cnbc_4a9b722c,cnbc_11559192,cnbc_08a0617e,cnbc_f4517b6f,cnbc_8e7039c0",True
2026-07-16,18041,18064.0,-23.0,-0.0012732506643046944,7,"cnbc_1bfa8255,cnbc_23f5c3b4,cnbc_8eadf9bc,cnbc_fc680cb6,cnbc_c3f4d922,cnbc_0abb9065,cnbc_7f4464ee",True
2026-07-17,17944,18041.0,-97.0,-0.005376642093010365,8,"cnbc_12cc0f22,cnbc_35b13935,cnbc_a29a4ecc,cnbc_764aa815,cnbc_f943350f,cnbc_2238c05a,cnbc_36ffd9a2,cnbc_abe12a8c",True
2026-07-20,17976,17944.0,32.0,0.0017833259028087382,18,"cnbc_8dbe9f4b,cnbc_84f2a248,cnbc_2de9f2dd,cnbc_40cd1228,cnbc_58c8055a,cnbc_0fbeb562,cnbc_4ae0c5b0,cnbc_eeaa575f,cnbc_4e14e173,cnbc_76b4c466,cnbc_c69dbcc6,cnbc_415a3d35,cnbc_e8374fa6,cnbc_fbd560d5,cnbc_4a502114,cnbc_7891964b,cnbc_792aac3c,cnbc_a0a73219",True
2026-07-21,17909,17976.0,-67.0,-0.003727191811303961,11,"cnbc_68a85dcd,cnbc_688d2a69,cnbc_f4699db2,cnbc_943ee720,cnbc_2d48558c,cnbc_538bbabd,cnbc_a32cf8f0,cnbc_1dca609c,cnbc_6f3cf89e,cnbc_77fc042e,cnbc_898e7c61",True
2026-07-22,17909,17909.0,0.0,0.0,16,"cnbc_b7d723a4,cnbc_341d7d4c,cnbc_e8f05fd4,cnbc_53b8495d,cnbc_70dc3fb9,cnbc_6c5ca621,cnbc_57079e44,cnbc_92fbebc1,cnbc_b577b452,cnbc_5d03e5e9,cnbc_67dfc8b0,cnbc_1fdbf41f,cnbc_954960ac,cnbc_4538f161,cnbc_3b6c0f9e,cnbc_b95847b2",True
2026-07-23,17915,17909.0,6.0,0.00033502708135574295,13,"cnbc_69408f1b,cnbc_30f8aacd,cnbc_8fd3b924,cnbc_3ab68eaa,cnbc_902ecc17,cnbc_a0a3703c,cnbc_946ef8bf,cnbc_cb1cf5ee,cnbc_f22f7c51,cnbc_36ec51b2,cnbc_2e3eaeb5,cnbc_044ec1db,cnbc_d8473d49",True
2026-07-24,17973,17915.0,58.0,0.003237510466089869,15,"cnbc_88635e14,cnbc_0aa66bfc,cnbc_e9882c55,cnbc_b1dbc00b,cnbc_bcd5918c,cnbc_18cf6373,cnbc_25c58161,cnbc_12acd91a,cnbc_c88777d8,cnbc_f8c80fa3,cnbc_ef8359d6,cnbc_c51a40b7,cnbc_16e7a014,cnbc_0ca9f2c9,cnbc_60d00197",True
2026-07-27,17995,17973.0,22.0,0.0012240583096867522,26,"cnbc_4f43fc7c,cnbc_a9647a06,cnbc_3c186f0d,cnbc_4b66b046,cnbc_1e371faa,cnbc_ff22a159,cnbc_62fb75b3,cnbc_e1105770,cnbc_5affc36e,cnbc_dff678d6,cnbc_1111a458,cnbc_01a02141,cnbc_7b2a4f2c,cnbc_31ccd2bf,cnbc_0825ddd6,cnbc_4f09d0f7,cnbc_6521980c,cnbc_bc55d1bd,cnbc_099cbd30,cnbc_35676614,cnbc_24ddfbef,cnbc_476c22ac,cnbc_faac2c6d,cnbc_585e8921,cnbc_fa432664,cnbc_268b9c58",True
2026-07-28,18088,17995.0,93.0,0.005168102250625173,9,"cnbc_ae0ff78f,cnbc_b353bae0,cnbc_3f1d9b66,cnbc_3ca4c6b5,cnbc_690c2255,cnbc_30e3c306,cnbc_c31749e1,cnbc_5a07d1be,cnbc_eebc5799",True
2026-07-29,18087,18088.0,-1.0,-5.528527200353826e-05,8,"cnbc_b90bbd62,cnbc_901e5889,cnbc_a3367d15,cnbc_c6e7579c,cnbc_0fc0acf5,cnbc_c792ad6f,cnbc_a9e77b08,cnbc_5f3b9d81",True
2026-07-30,18078,18087.0,-9.0,-0.0004975949577044286,8,"cnbc_53fedc3b,cnbc_402cde1b,cnbc_6633dff1,cnbc_3f5462f8,cnbc_9fe8e5b7,cnbc_d4b53345,cnbc_a1efd938,cnbc_e1c8d109",True
2026-07-31,18058,18078.0,-20.0,-0.0011063170704723973,5,"cnbc_1021056b,cnbc_1ab19590,cnbc_3cf75a48,cnbc_9a6788e4,cnbc_7276d0a0",True
2026-08-03,17991,18058.0,-67.0,-0.0037102669177096026,23,"cnbc_9eff0a34,cnbc_5260b6a8,cnbc_c7880b6d,cnbc_e002512c,cnbc_da4dc0f4,cnbc_767c70ab,cnbc_ee078986,cnbc_ace5f653,cnbc_a970a904,cnbc_46243600,cnbc_98e1f51e,cnbc_3b2bfd2b,cnbc_e169266c,cnbc_19c03dc6,cnbc_1b76862f,cnbc_8cffde56,cnbc_0e5447f7,cnbc_8cbe6732,cnbc_4f1df525,cnbc_0007280e,cnbc_b32d8a84,cnbc_723d01c1,cnbc_bebab1e5",True
2026-08-04,18037,17991.0,46.0,0.0025568339725418263,11,"cnbc_5abd8357,cnbc_1aaba445,cnbc_4329ae8e,cnbc_0ced7ec3,cnbc_2f3e79b9,cnbc_f955fde6,cnbc_0d3a90d1,cnbc_538b7f12,cnbc_70d92ff9,cnbc_c3f4ed45,cnbc_f7ee4957",True
2026-08-05,17937,18037.0,-100.0,-0.005544159228253035,13,"cnbc_ee81e023,cnbc_fcb54351,cnbc_4d63a846,cnbc_507e2ae0,cnbc_b8551470,cnbc_e81a4ced,cnbc_5298c501,cnbc_8449f451,cnbc_d34958d1,cnbc_4d6422a2,cnbc_93e1e34b,cnbc_141df83b,cnbc_71b35a03",True
2026-08-06,17919,17937.0,-18.0,-0.0010035122930255895,8,"cnbc_3a619326,cnbc_34942fa4,cnbc_dc75c9a3,cnbc_295cca66,cnbc_e3969f3a,cnbc_7b6309f7,cnbc_241e0f6b,cnbc_4061d265",True
2026-08-07,17913,17919.0,-6.0,-0.0003348401138456387,9,"cnbc_5a5dcee6,cnbc_d81a3275,cnbc_56d5cb6d,cnbc_210ce061,cnbc_19fa3e96,cnbc_62501614,cnbc_d4efd470,cnbc_a32c54a9,cnbc_52741b57",True
2026-08-10,17795,17913.0,-118.0,-0.006587394629598615,20,"cnbc_98bc1e87,cnbc_1b2f062d,cnbc_7d20e347,cnbc_5a6e7954,cnbc_eb49feee,cnbc_f582768a,cnbc_b793348d,cnbc_1bb2f5ff,cnbc_3bbb8845,cnbc_7c55172c,cnbc_9aa262cd,cnbc_e0d9a038,cnbc_c7156994,cnbc_58d1c189,cnbc_73592a32,cnbc_ac6d67ab,cnbc_af005f54,cnbc_8d0dffa8,cnbc_0daef492,cnbc_41339e90",True
2026-08-11,17824,17795.0,29.0,0.0016296712559707783,8,"cnbc_d2e62ed9,cnbc_150d58d4,cnbc_79706250,cnbc_8ccd366f,cnbc_8441e09a,cnbc_a957abac,cnbc_c587bfc6,cnbc_8a2d9500",True
2026-08-12,17876,17824.0,52.0,0.0029174147217235187,9,"cnbc_bd783a6c,cnbc_bc321496,cnbc_1df90fde,cnbc_a6da1a36,cnbc_36906cfa,cnbc_307b4890,cnbc_37c1db7c,cnbc_24b0e8dd,cnbc_3281e30c",True
2026-08-13,17882,17876.0,6.0,0.0003356455582904453,4,"cnbc_9bcbf193,cnbc_ab74175f,cnbc_9b2eed93,cnbc_677aa094",True
2026-08-14,17836,17882.0,-46.0,-0.0025724191924840624,7,"cnbc_1c5cb6e9,cnbc_2f433a03,cnbc_7c598fab,cnbc_bb1d4fe4,cnbc_75abed3f,cnbc_158decab,cnbc_39c6494e",True
2026-08-18,17856,17836.0,20.0,0.001121327651939897,24,"cnbc_391c409b,cnbc_c75bd382,cnbc_0f9ee2bc,cnbc_971b2e86,cnbc_ee50f927,cnbc_266189ac,cnbc_6bec3b7e,cnbc_41383a3a,cnbc_ccde2f48,cnbc_24c31e8b,cnbc_d9c2fb18,cnbc_03518306,cnbc_55bae2b9,cnbc_2fd02e73,cnbc_dac7face,cnbc_c14b9aab,cnbc_ecb8d45d,cnbc_efb11149,cnbc_fd48d2fe,cnbc_ccc535f4,cnbc_092690d6,cnbc_f42a1e44,cnbc_8b86bdd5,cnbc_765fbc55",True
2026-08-19,17844,17856.0,-12.0,-0.0006720430107526882,7,"cnbc_abbcb12c,cnbc_9b81a3a3,cnbc_5140a081,cnbc_293ae3cf,cnbc_2b8411d7,cnbc_a39e31d6,cnbc_d88f1107",True
2026-08-20,17779,17844.0,-65.0,-0.0036426810132257344,14,"cnbc_0f9f5721,cnbc_a281c4c4,cnbc_ff71ad1d,cnbc_6a0d5c85,cnbc_39810a51,cnbc_b67eb76c,cnbc_e011e9c4,cnbc_173d1a1b,cnbc_44809792,cnbc_4bb1a63d,cnbc_db3fe212,cnbc_e421683f,cnbc_110b8464,cnbc_0846080b",True
2026-08-21,17705,17779.0,-74.0,-0.004162213847797964,8,"cnbc_cec8f282,cnbc_f2c6d813,cnbc_2e4bd34a,cnbc_5139b108,cnbc_c40dc4cb,cnbc_a139a2a7,cnbc_c4308568,cnbc_13b31d9c",True
2026-08-24,17703,17705.0,-2.0,-0.00011296243998870376,15,"cnbc_2e728d18,cnbc_13f9d36c,cnbc_6f54f0ac,cnbc_4f30cbf7,cnbc_1f6134c8,cnbc_98f91481,cnbc_1db7bb23,cnbc_0068d9b0,cnbc_ab5acf18,cnbc_00388987,cnbc_15754727,cnbc_0f863be2,cnbc_33129da4,cnbc_8874d002,cnbc_5c851904",True
2026-08-26,17717,17703.0,14.0,0.0007908264136022143,21,"cnbc_d8e925d9,cnbc_354e1c2a,cnbc_6fb2b6b6,cnbc_ca2f3af2,cnbc_f1438fa3,cnbc_e55242c8,cnbc_21495a9a,cnbc_f669d483,cnbc_115118d4,cnbc_747f062a,cnbc_fcbc16d8,cnbc_032a45ff,cnbc_446cf687,cnbc_2db256c8,cnbc_aebd9662,cnbc_e83ea43e,cnbc_fb1754aa,cnbc_1997cc13,cnbc_9272e876,cnbc_d0d688d6,cnbc_50c4f7f2",True
2026-08-27,17762,17717.0,45.0,0.002539933397302026,7,"cnbc_52b6d586,cnbc_95bfb2c6,cnbc_3930cc3d,cnbc_dde32685,cnbc_7a13967a,cnbc_7b4a0033,cnbc_050d4f3d",True
2026-08-28,17703,17762.0,-59.0,-0.0033216980069811957,6,"cnbc_b278dfbe,cnbc_3fca0938,cnbc_0725e721,cnbc_0c80565e,cnbc_0fc1739f,cnbc_8b496b69",True
2026-08-31,17746,17703.0,43.0,0.00242896684177823,19,"cnbc_e8b89a77,cnbc_660f76ac,cnbc_2fe4c479,cnbc_04e7446f,cnbc_d8ef6335,cnbc_e31ef85d,cnbc_9512a677,cnbc_8f573ceb,cnbc_b33904f0,cnbc_a083faef,cnbc_10dd5b44,cnbc_3ad5d188,cnbc_99b53b80,cnbc_42b199fa,cnbc_8f85c8d6,cnbc_6e399366,cnbc_db214c27,cnbc_cd5720fb,cnbc_f28fbe2f",True
2026-09-01,17727,17746.0,-19.0,-0.0010706638115631692,11,"cnbc_633f50af,cnbc_12b7d24e,cnbc_2a59393e,cnbc_abfe904c,cnbc_78ec2caa,cnbc_fbad0081,cnbc_28fa3561,cnbc_af93082a,cnbc_2283fd9d,cnbc_68769314,cnbc_057c4579",True
